gas_param,client_name,runtime_ms,pvalue,conf_int_low,conf_int_high,test_name,target_opcode,model_coef_name,source_label,glue_adjustment,rsquared,rsquared_adj,param_account_mode,param_existing_slots,param_opcode,new_gas_decimal,new_gas_rounded,poor_fit,is_winner,selected_test,selected_opcode,selected_model_coef_name
COLD_STORAGE_ACCESS,besu,0.016223492896211413,0.001,0.015877351965045722,0.016597521017365294,test_sload_bloated,SLOAD,target_coef,presets[cold_storage_sload],0.0,0.988274326218475,0.988153442983614,,False,,1216.761967215856,1217,False,False,test_sload_bloated,SLOAD,target_coef
COLD_STORAGE_ACCESS,besu,0.016082622421863913,0.001,0.015763687150384727,0.016397995131647056,test_sload_bloated,SLOAD,target_coef,presets[cold_storage_sload],0.0,0.9894220293106603,0.9893129780664403,,True,,1206.1966816397935,1207,False,False,test_sload_bloated,SLOAD,target_coef
COLD_STORAGE_ACCESS,besu,0.01650297994869443,0.001,0.015313678848094661,0.017740275551081607,test_sstore_bloated,SSTORE,target_coef,presets[cold_storage_sstore_access],0.0,0.8346258526677819,0.8329209645509549,,False,,1237.7234961520821,1238,False,False,test_sstore_bloated,SSTORE,target_coef
COLD_STORAGE_ACCESS,besu,0.017740192429364157,0.001,0.016486413724186678,0.019094380470861108,test_sstore_bloated,SSTORE,target_coef,presets[cold_storage_sstore_access],0.0,0.822116259025099,0.8202824060253577,,True,,1330.5144322023118,1331,False,True,test_sstore_bloated,SSTORE,target_coef
COLD_STORAGE_ACCESS,erigon,0.006437310900400264,0.001,0.006319479306795611,0.006549879924633855,test_sload_bloated,SLOAD,target_coef,presets[cold_storage_sload],0.0,0.9949394193179003,0.9948439366635211,,False,,482.7983175300198,483,False,False,test_sload_bloated,SLOAD,target_coef
COLD_STORAGE_ACCESS,erigon,0.006288024643147851,0.001,0.006212001178459259,0.0063311258428338756,test_sload_bloated,SLOAD,target_coef,presets[cold_storage_sload],0.0,0.9947479401595055,0.9946488446908169,,True,,471.6018482360888,472,False,False,test_sload_bloated,SLOAD,target_coef
COLD_STORAGE_ACCESS,erigon,0.006577485740402396,0.001,0.006439653030976052,0.006681609228319699,test_sstore_bloated,SSTORE,target_coef,presets[cold_storage_sstore_access],0.0,0.9928651243067345,0.9927305040106351,,False,,493.3114305301797,494,False,True,test_sstore_bloated,SSTORE,target_coef
COLD_STORAGE_ACCESS,erigon,0.006377997840062208,0.001,0.0062406773862001864,0.0064182809626168215,test_sstore_bloated,SSTORE,target_coef,presets[cold_storage_sstore_access],0.0,0.9940005192695538,0.9938873215199228,,True,,478.3498380046656,479,False,False,test_sstore_bloated,SSTORE,target_coef
COLD_STORAGE_ACCESS,ethrex,0.008524232601278181,0.001,0.008248821285766055,0.008612041824200478,test_sload_bloated,SLOAD,target_coef,presets[cold_storage_sload],0.0,0.9774845566577732,0.9771843507465435,,False,,639.3174450958636,640,False,False,test_sload_bloated,SLOAD,target_coef
COLD_STORAGE_ACCESS,ethrex,0.013190806819862188,0.001,0.013067439339803654,0.013301158588566363,test_sload_bloated,SLOAD,target_coef,presets[cold_storage_sload],0.0,0.9864258162937739,0.9862448271776909,,True,,989.3105114896641,990,False,True,test_sload_bloated,SLOAD,target_coef
COLD_STORAGE_ACCESS,ethrex,0.008409464529078965,0.001,0.00829162176688238,0.008522791534050339,test_sstore_bloated,SSTORE,target_coef,presets[cold_storage_sstore_access],0.0,0.968826529992756,0.9684108837259927,,False,,630.7098396809223,631,False,False,test_sstore_bloated,SSTORE,target_coef
COLD_STORAGE_ACCESS,ethrex,0.013058718860443356,0.001,0.012927239029372407,0.013190975896528742,test_sstore_bloated,SSTORE,target_coef,presets[cold_storage_sstore_access],0.0,0.985782447485574,0.9855928801187149,,True,,979.4039145332516,980,False,False,test_sstore_bloated,SSTORE,target_coef
COLD_STORAGE_ACCESS,geth,0.021721677788519023,0.001,0.020886251166140294,0.022455645914941216,test_sload_bloated,SLOAD,target_coef,presets[cold_storage_sload],0.0,0.9722556763260635,0.9719330679112502,,False,,1629.1258341389266,1630,False,False,test_sload_bloated,SLOAD,target_coef
COLD_STORAGE_ACCESS,geth,0.02069441314613775,0.001,0.0199353702086162,0.021411267030825274,test_sload_bloated,SLOAD,target_coef,presets[cold_storage_sload],0.0,0.9745279902874274,0.9742318041279789,,True,,1552.0809859603312,1553,False,False,test_sload_bloated,SLOAD,target_coef
COLD_STORAGE_ACCESS,geth,0.0217821034604164,0.001,0.020992038542143193,0.022493156764223574,test_sstore_bloated,SSTORE,target_coef,presets[cold_storage_sstore_access],0.0,0.9747023456350069,0.974408186863321,,False,,1633.6577595312299,1634,False,True,test_sstore_bloated,SSTORE,target_coef
COLD_STORAGE_ACCESS,geth,0.02075787096953344,0.001,0.01998806021982274,0.02148747304049708,test_sstore_bloated,SSTORE,target_coef,presets[cold_storage_sstore_access],0.0,0.9776268624061156,0.977366709643396,,True,,1556.8403227150081,1557,False,False,test_sstore_bloated,SSTORE,target_coef
COLD_STORAGE_ACCESS,nethermind,0.00861309957631067,0.001,0.008305311166448549,0.008906022763537922,test_sload_bloated,SLOAD,target_coef,presets[cold_storage_sload],0.0,0.9833612103407169,0.9830472709131832,,False,,645.9824682233003,646,False,False,test_sload_bloated,SLOAD,target_coef
COLD_STORAGE_ACCESS,nethermind,0.008799651196460955,0.001,0.008481222871049176,0.009118062567782437,test_sload_bloated,SLOAD,target_coef,presets[cold_storage_sload],0.0,0.9850437464928795,0.984761553030481,,True,,659.9738397345716,660,False,False,test_sload_bloated,SLOAD,target_coef
COLD_STORAGE_ACCESS,nethermind,0.008742240752144552,0.001,0.008344219803772715,0.009141323176711888,test_sstore_bloated,SSTORE,target_coef,presets[cold_storage_sstore_access],0.0,0.9699821161310023,0.9694157409636627,,False,,655.6680564108414,656,False,False,test_sstore_bloated,SSTORE,target_coef
COLD_STORAGE_ACCESS,nethermind,0.00896919643807858,0.001,0.008713344807177927,0.009246140775219697,test_sstore_bloated,SSTORE,target_coef,presets[cold_storage_sstore_access],0.0,0.9838303052407983,0.983525216660436,,True,,672.6897328558936,673,False,True,test_sstore_bloated,SSTORE,target_coef
COLD_STORAGE_ACCESS,reth,0.004068597767248713,0.001,0.003951225079466856,0.004190306250551579,test_sload_bloated,SLOAD,target_coef,presets[cold_storage_sload],0.0,0.9780709890968399,0.9777786022847977,,False,,305.1448325436534,306,False,False,test_sload_bloated,SLOAD,target_coef
COLD_STORAGE_ACCESS,reth,0.004047228215290759,0.001,0.003908330831593589,0.004175017435914964,test_sload_bloated,SLOAD,target_coef,presets[cold_storage_sload],0.0,0.9814321213275243,0.9811845496118913,,True,,303.5421161468069,304,False,False,test_sload_bloated,SLOAD,target_coef
COLD_STORAGE_ACCESS,reth,0.004128130528256543,0.001,0.0040117845823268525,0.004245774510873785,test_sstore_bloated,SSTORE,target_coef,presets[cold_storage_sstore_access],0.0,0.9877290241652672,0.9875654111541374,,False,,309.60978961924076,310,False,False,test_sstore_bloated,SSTORE,target_coef
COLD_STORAGE_ACCESS,reth,0.0041443643410347675,0.001,0.004012991060272474,0.004264749991769956,test_sstore_bloated,SSTORE,target_coef,presets[cold_storage_sstore_access],0.0,0.9801325941808607,0.9798676954366056,,True,,310.82732557760755,311,False,True,test_sstore_bloated,SSTORE,target_coef
COLD_STORAGE_WRITE,besu,0.13644398841938968,0.001,0.12903017395895722,0.1431853682211382,test_sstore_bloated,SSTORE,target_coef,presets[cold_storage_sstore_write],0.0,0.9352718679763636,0.934604567646223,,False,,10233.299131454225,10234,False,True,test_sstore_bloated,SSTORE,target_coef
COLD_STORAGE_WRITE,besu,0.09320456752583738,0.001,0.09057709641651104,0.09596824810922862,test_sstore_bloated,SSTORE,target_coef,presets[cold_storage_sstore_write],0.0,0.9768866541564991,0.9766483722405868,,True,,6990.342564437803,6991,False,False,test_sstore_bloated,SSTORE,target_coef
COLD_STORAGE_WRITE,erigon,0.22802386691330054,0.001,0.22397285781839807,0.2319087680894952,test_sstore_bloated,SSTORE,target_coef,presets[cold_storage_sstore_write],0.0,0.9959502263160975,0.9958738154918729,,False,,17101.79001849754,17102,False,True,test_sstore_bloated,SSTORE,target_coef
COLD_STORAGE_WRITE,erigon,0.14005052532908926,0.001,0.13694963975475716,0.14321648522991642,test_sstore_bloated,SSTORE,target_coef,presets[cold_storage_sstore_write],0.0,0.9942354582036403,0.9941266932640864,,True,,10503.789399681695,10504,False,False,test_sstore_bloated,SSTORE,target_coef
COLD_STORAGE_WRITE,ethrex,0.0,1.0,0.0,0.0,test_sstore_bloated,SSTORE,target_coef,presets[cold_storage_sstore_write],0.0,0.0,-0.01333333333333342,,False,,0.0,0,True,False,test_sstore_bloated,SSTORE,target_coef
COLD_STORAGE_WRITE,ethrex,0.00914028686368658,0.001,0.005768494880837529,0.011741708323075545,test_sstore_bloated,SSTORE,target_coef,presets[cold_storage_sstore_write],0.0,0.21407066633238925,0.20359160855015446,,True,,685.5215147764935,686,True,True,test_sstore_bloated,SSTORE,target_coef
COLD_STORAGE_WRITE,geth,0.13805574742565077,0.001,0.1268581528420089,0.14796668323095788,test_sstore_bloated,SSTORE,target_coef,presets[cold_storage_sstore_write],0.0,0.8759386016341506,0.8744960272345477,,False,,10354.181056923808,10355,False,True,test_sstore_bloated,SSTORE,target_coef
COLD_STORAGE_WRITE,geth,0.09204910874807254,0.001,0.0903407230635311,0.09378476688797685,test_sstore_bloated,SSTORE,target_coef,presets[cold_storage_sstore_write],0.0,0.9927902823440155,0.9927064484177831,,True,,6903.6831561054405,6904,False,False,test_sstore_bloated,SSTORE,target_coef
COLD_STORAGE_WRITE,nethermind,0.07467482746026698,0.001,0.07104521740431845,0.07793198996334373,test_sstore_bloated,SSTORE,target_coef,presets[cold_storage_sstore_write],0.0,0.9637724883533243,0.9630889503977267,,False,,5600.612059520023,5601,False,True,test_sstore_bloated,SSTORE,target_coef
COLD_STORAGE_WRITE,nethermind,0.059313151643923555,0.001,0.057482954127815816,0.06112117672824059,test_sstore_bloated,SSTORE,target_coef,presets[cold_storage_sstore_write],0.0,0.9835279424966582,0.9832171489588593,,True,,4448.486373294267,4449,False,False,test_sstore_bloated,SSTORE,target_coef
COLD_STORAGE_WRITE,reth,0.04119111144353946,0.001,0.03875702791181559,0.04372741587590744,test_sstore_bloated,SSTORE,target_coef,presets[cold_storage_sstore_write],0.0,0.918467127469916,0.9173800225028482,,False,,3089.3333582654595,3090,False,True,test_sstore_bloated,SSTORE,target_coef
COLD_STORAGE_WRITE,reth,0.027493425295371462,0.001,0.02674426087364662,0.02831727210461989,test_sstore_bloated,SSTORE,target_coef,presets[cold_storage_sstore_write],0.0,0.985363204002123,0.9851680467221513,,True,,2062.00689715286,2063,False,False,test_sstore_bloated,SSTORE,target_coef
WARM_ACCESS,besu,9.094438817988532e-05,0.001,7.460629795167525e-05,0.00010770353573606274,test_ext_account_query_warm,BALANCE,target_coef,presets[warm_account_access],0.0,0.4662149776711668,0.46071203929664284,,,BALANCE,6.820829113491399,7,True,False,test_ext_account_query_warm,BALANCE,target_coef
WARM_ACCESS,besu,0.0004112906309697168,0.001,0.00035285741889566304,0.0004692724996869515,test_ext_account_query_warm,CALL,target_coef,presets[warm_account_access],0.0,0.6796757830707807,0.6763734715560465,,,CALL,30.84679732272876,31,False,False,test_ext_account_query_warm,CALL,target_coef
WARM_ACCESS,besu,0.0004493435606672355,0.001,0.0003974795783236134,0.0005053535555880871,test_ext_account_query_warm,CALLCODE,target_coef,presets[warm_account_access],0.0,0.7591593952692394,0.7566765024369635,,,CALLCODE,33.700767050042664,34,False,True,test_ext_account_query_warm,CALLCODE,target_coef
WARM_ACCESS,besu,0.0004023293156790976,0.001,0.0003614871427904002,0.00044279531430066146,test_ext_account_query_warm,DELEGATECALL,target_coef,presets[warm_account_access],0.0,0.7975640446688672,0.7954770760572061,,,DELEGATECALL,30.17469867593232,31,False,False,test_ext_account_query_warm,DELEGATECALL,target_coef
WARM_ACCESS,besu,7.293246294449953e-05,0.001,5.523600782778372e-05,8.872855298569258e-05,test_ext_account_query_warm,EXTCODEHASH,target_coef,presets[warm_account_access],0.0,0.3835628526025989,0.37720783046448136,,,EXTCODEHASH,5.469934720837465,6,True,False,test_ext_account_query_warm,EXTCODEHASH,target_coef
WARM_ACCESS,besu,0.00010048092849182012,0.001,5.47132147571921e-05,0.0001406443824857502,test_ext_account_query_warm,EXTCODESIZE,target_coef,presets[warm_account_access],0.0,0.18169003023000485,0.17325384497464402,,,EXTCODESIZE,7.536069636886509,8,True,False,test_ext_account_query_warm,EXTCODESIZE,target_coef
WARM_ACCESS,besu,0.0003953670244595955,0.001,0.0003408843531139574,0.0004441376168832815,test_ext_account_query_warm,STATICCALL,target_coef,presets[warm_account_access],0.0,0.7089252279208828,0.7059244570747063,,,STATICCALL,29.652526834469665,30,False,False,test_ext_account_query_warm,STATICCALL,target_coef
WARM_ACCESS,besu,6.27030850811714e-05,0.001,4.97473924943459e-05,7.613053065054134e-05,test_sload_same_key_benchmark,SLOAD,target_coef,presets[warm_storage_access_sload],0.0,0.28696074043982,0.2833227850339006,,,,4.702731381087855,5,True,False,test_sload_same_key_benchmark,SLOAD,target_coef
WARM_ACCESS,erigon,4.599598001612415e-05,0.001,3.402528806727675e-05,5.511686553345407e-05,test_ext_account_query_warm,BALANCE,target_coef,presets[warm_account_access],0.0,0.5453185713103141,0.5367396764293766,,,BALANCE,3.4496985012093115,4,False,False,test_ext_account_query_warm,BALANCE,target_coef
WARM_ACCESS,erigon,0.00030717198934703053,0.001,0.00020851312563730515,0.00034998395195507656,test_ext_account_query_warm,CALL,target_coef,presets[warm_account_access],0.0,0.4750922876871828,0.4651883685869409,,,CALL,23.03789920102729,24,True,False,test_ext_account_query_warm,CALL,target_coef
WARM_ACCESS,erigon,0.00010248496931208301,0.001,7.941399616470854e-05,0.00012161517739511423,test_ext_account_query_warm,CALLCODE,target_coef,presets[warm_account_access],0.0,0.6391306333410334,0.6323217773663359,,,CALLCODE,7.686372698406226,8,False,False,test_ext_account_query_warm,CALLCODE,target_coef
WARM_ACCESS,erigon,0.00010466759915785893,0.001,8.540381855853765e-05,0.00012074571840318196,test_ext_account_query_warm,DELEGATECALL,target_coef,presets[warm_account_access],0.0,0.6673034618669125,0.6610261686945901,,,DELEGATECALL,7.85006993683942,8,False,True,test_ext_account_query_warm,DELEGATECALL,target_coef
WARM_ACCESS,erigon,0.0002900092065966389,0.001,0.00016690244840938788,0.00033720417586259734,test_ext_account_query_warm,EXTCODEHASH,target_coef,presets[warm_account_access],0.0,0.30884817779279705,0.29580757737379326,,,EXTCODEHASH,21.75069049474792,22,True,False,test_ext_account_query_warm,EXTCODEHASH,target_coef
WARM_ACCESS,erigon,4.027887224776539e-05,0.001,3.011640610415604e-05,4.939886868954111e-05,test_ext_account_query_warm,EXTCODESIZE,target_coef,presets[warm_account_access],0.0,0.5454189169462315,0.5368419153791792,,,EXTCODESIZE,3.0209154185824043,4,False,False,test_ext_account_query_warm,EXTCODESIZE,target_coef
WARM_ACCESS,erigon,0.0002984758386261489,0.001,0.00019135175257154372,0.0003478210004142172,test_ext_account_query_warm,STATICCALL,target_coef,presets[warm_account_access],0.0,0.38757989950418514,0.37602480326841503,,,STATICCALL,22.38568789696117,23,True,False,test_ext_account_query_warm,STATICCALL,target_coef
WARM_ACCESS,erigon,4.799594158487119e-05,0.001,4.0804753962173576e-05,5.433903464952907e-05,test_sload_same_key_benchmark,SLOAD,target_coef,presets[warm_storage_access_sload],0.0,0.6360253577776522,0.6326552222015194,,,,3.5996956188653395,4,False,False,test_sload_same_key_benchmark,SLOAD,target_coef
WARM_ACCESS,ethrex,1.6955033065961816e-05,0.001,1.5083538090105311e-05,1.878315419309445e-05,test_ext_account_query_warm,BALANCE,target_coef,presets[warm_account_access],0.0,0.7453858098137208,0.7419909539445704,,,BALANCE,1.271627479947136,2,False,False,test_ext_account_query_warm,BALANCE,target_coef
WARM_ACCESS,ethrex,0.00010005778541608308,0.001,9.543554664644219e-05,0.00010545420062830445,test_ext_account_query_warm,CALL,target_coef,presets[warm_account_access],0.0,0.9486201846664027,0.9479351204619548,,,CALL,7.504333906206231,8,False,False,test_ext_account_query_warm,CALL,target_coef
WARM_ACCESS,ethrex,0.00010083878471250426,0.001,9.54680941861953e-05,0.0001064182937041911,test_ext_account_query_warm,CALLCODE,target_coef,presets[warm_account_access],0.0,0.9508272974655928,0.9501716614318008,,,CALLCODE,7.56290885343782,8,False,True,test_ext_account_query_warm,CALLCODE,target_coef
WARM_ACCESS,ethrex,9.88495180776222e-05,0.001,9.231558398223392e-05,0.00010552685204931463,test_ext_account_query_warm,DELEGATECALL,target_coef,presets[warm_account_access],0.0,0.9365454386734791,0.9356993778557922,,,DELEGATECALL,7.413713855821665,8,False,False,test_ext_account_query_warm,DELEGATECALL,target_coef
WARM_ACCESS,ethrex,1.4344899100604632e-05,0.001,1.235381904416384e-05,1.6413203513785024e-05,test_ext_account_query_warm,EXTCODEHASH,target_coef,presets[warm_account_access],0.0,0.7452440155486355,0.7418472690892839,,,EXTCODEHASH,1.0758674325453474,2,False,False,test_ext_account_query_warm,EXTCODEHASH,target_coef
WARM_ACCESS,ethrex,1.6566737533262822e-05,0.001,1.4481261137113289e-05,1.8769796974751428e-05,test_ext_account_query_warm,EXTCODESIZE,target_coef,presets[warm_account_access],0.0,0.7041563670918451,0.7002117853197365,,,EXTCODESIZE,1.2425053149947116,2,False,False,test_ext_account_query_warm,EXTCODESIZE,target_coef
WARM_ACCESS,ethrex,9.587290998512174e-05,0.001,8.993403717265582e-05,0.00010145787263148975,test_ext_account_query_warm,STATICCALL,target_coef,presets[warm_account_access],0.0,0.9335720591205328,0.9326863532421399,,,STATICCALL,7.190468248884131,8,False,False,test_ext_account_query_warm,STATICCALL,target_coef
WARM_ACCESS,ethrex,2.375182673447336e-05,0.001,2.1955478709735567e-05,2.5687243080770563e-05,test_sload_same_key_benchmark,SLOAD,target_coef,presets[warm_storage_access_sload],0.0,0.785787058127073,0.7843777624568563,,,,1.781387005085502,2,False,False,test_sload_same_key_benchmark,SLOAD,target_coef
WARM_ACCESS,geth,1.9955210852965233e-05,0.001,1.6315145505488133e-05,2.3534717648930704e-05,test_ext_account_query_warm,BALANCE,target_coef,presets[warm_account_access],0.0,0.6445931043315533,0.6404604660098272,,,BALANCE,1.4966408139723923,2,False,False,test_ext_account_query_warm,BALANCE,target_coef
WARM_ACCESS,geth,0.00014276270977887126,0.001,0.00013549322576684303,0.00015007283884707745,test_ext_account_query_warm,CALL,target_coef,presets[warm_account_access],0.0,0.9536904528950022,0.9531519697891302,,,CALL,10.707203233415344,11,False,False,test_ext_account_query_warm,CALL,target_coef
WARM_ACCESS,geth,0.00017992881554784105,0.001,0.00016959548698191292,0.0001906271510584289,test_ext_account_query_warm,CALLCODE,target_coef,presets[warm_account_access],0.0,0.9401061855949835,0.9394097458925996,,,CALLCODE,13.494661166088079,14,False,False,test_ext_account_query_warm,CALLCODE,target_coef
WARM_ACCESS,geth,0.00015420438596229678,0.001,0.00014681870659472967,0.00016166272881731005,test_ext_account_query_warm,DELEGATECALL,target_coef,presets[warm_account_access],0.0,0.9442781096046979,0.9436301806466131,,,DELEGATECALL,11.565328947172258,12,False,False,test_ext_account_query_warm,DELEGATECALL,target_coef
WARM_ACCESS,geth,3.788975561712136e-05,0.001,3.496318525492452e-05,4.100505967205519e-05,test_ext_account_query_warm,EXTCODEHASH,target_coef,presets[warm_account_access],0.0,0.8772943709248453,0.8758675612844365,,,EXTCODEHASH,2.841731671284102,3,False,False,test_ext_account_query_warm,EXTCODEHASH,target_coef
WARM_ACCESS,geth,1.5102345598043159e-06,0.311,0.0,8.24873800464367e-06,test_ext_account_query_warm,EXTCODESIZE,target_coef,presets[warm_account_access],0.0,0.0018622101109876388,-0.009744043259814816,,,EXTCODESIZE,0.11326759198532368,1,True,False,test_ext_account_query_warm,EXTCODESIZE,target_coef
WARM_ACCESS,geth,0.00018621946119443385,0.001,0.000176732850706195,0.00019702687611452616,test_ext_account_query_warm,STATICCALL,target_coef,presets[warm_account_access],0.0,0.9496467489237177,0.949061246004226,,,STATICCALL,13.966459589582538,14,False,True,test_ext_account_query_warm,STATICCALL,target_coef
WARM_ACCESS,geth,4.677059105115405e-05,0.001,4.5120648045712146e-05,4.832750108219784e-05,test_sload_same_key_benchmark,SLOAD,target_coef,presets[warm_storage_access_sload],0.0,0.9323657542539199,0.9319770516921608,,,,3.507794328836554,4,False,False,test_sload_same_key_benchmark,SLOAD,target_coef
WARM_ACCESS,nethermind,0.00015286971108277383,0.001,0.00012774356405410712,0.00018233703301779387,test_ext_account_query_warm,BALANCE,target_coef,presets[warm_account_access],0.0,0.7210744916643217,0.7158117462240259,,,BALANCE,11.465228331208039,12,False,False,test_ext_account_query_warm,BALANCE,target_coef
WARM_ACCESS,nethermind,0.0003485496421047318,0.001,0.00030659188654744726,0.00038727473576961223,test_ext_account_query_warm,CALL,target_coef,presets[warm_account_access],0.0,0.862031219275608,0.8594280347336384,,,CALL,26.141223157854885,27,False,False,test_ext_account_query_warm,CALL,target_coef
WARM_ACCESS,nethermind,0.00019165925060157644,0.001,0.00016884742201634748,0.0002158449951244218,test_ext_account_query_warm,CALLCODE,target_coef,presets[warm_account_access],0.0,0.7978781618128514,0.7940645422244146,,,CALLCODE,14.374443795118234,15,False,False,test_ext_account_query_warm,CALLCODE,target_coef
WARM_ACCESS,nethermind,0.0004683072042543697,0.001,0.0004250767505009297,0.0005111149595404872,test_ext_account_query_warm,DELEGATECALL,target_coef,presets[warm_account_access],0.0,0.904776418339654,0.902979746987572,,,DELEGATECALL,35.12304031907773,36,False,True,test_ext_account_query_warm,DELEGATECALL,target_coef
WARM_ACCESS,nethermind,0.00023627239915637288,0.001,0.0002133825242699406,0.000263450441697795,test_ext_account_query_warm,EXTCODEHASH,target_coef,presets[warm_account_access],0.0,0.8815572737323848,0.8793225053122411,,,EXTCODEHASH,17.720429936727967,18,False,False,test_ext_account_query_warm,EXTCODEHASH,target_coef
WARM_ACCESS,nethermind,0.00024489640328001836,0.001,0.00021533747030327317,0.0002814616810560103,test_ext_account_query_warm,EXTCODESIZE,target_coef,presets[warm_account_access],0.0,0.7675619426536948,0.7631763189301797,,,EXTCODESIZE,18.367230246001377,19,False,False,test_ext_account_query_warm,EXTCODESIZE,target_coef
WARM_ACCESS,nethermind,0.00036971420035793477,0.001,0.0003444600416231829,0.0003971396229702942,test_ext_account_query_warm,STATICCALL,target_coef,presets[warm_account_access],0.0,0.921515970789392,0.9200351400495692,,,STATICCALL,27.728565026845107,28,False,False,test_ext_account_query_warm,STATICCALL,target_coef
WARM_ACCESS,nethermind,0.0001302804378797432,0.001,0.00010871522452979794,0.00015489517108622296,test_sload_same_key_benchmark,SLOAD,target_coef,presets[warm_storage_access_sload],0.0,0.598642382796809,0.5949261085634461,,,,9.771032840980741,10,False,False,test_sload_same_key_benchmark,SLOAD,target_coef
WARM_ACCESS,reth,1.214988038674413e-05,0.001,1.0137603836493175e-05,1.4514355467048365e-05,test_ext_account_query_warm,BALANCE,target_coef,presets[warm_account_access],0.0,0.6037528781141214,0.598469583155643,,,BALANCE,0.9112410290058097,1,False,False,test_ext_account_query_warm,BALANCE,target_coef
WARM_ACCESS,reth,5.84942794494174e-05,0.001,5.46945292968573e-05,6.203402012560891e-05,test_ext_account_query_warm,CALL,target_coef,presets[warm_account_access],0.0,0.9367697534894728,0.9359266835359991,,,CALL,4.387070958706305,5,False,True,test_ext_account_query_warm,CALL,target_coef
WARM_ACCESS,reth,5.661727867396067e-05,0.001,5.288634153818467e-05,6.038263023065215e-05,test_ext_account_query_warm,CALLCODE,target_coef,presets[warm_account_access],0.0,0.9166781328777869,0.9155671746494907,,,CALLCODE,4.24629590054705,5,False,False,test_ext_account_query_warm,CALLCODE,target_coef
WARM_ACCESS,reth,5.1770900472452456e-05,0.001,4.800260888609235e-05,5.51180664294742e-05,test_ext_account_query_warm,DELEGATECALL,target_coef,presets[warm_account_access],0.0,0.9164313046425554,0.9153170553711228,,,DELEGATECALL,3.8828175354339343,4,False,False,test_ext_account_query_warm,DELEGATECALL,target_coef
WARM_ACCESS,reth,1.4961127873702493e-05,0.001,1.2388900153231858e-05,1.7818527156938027e-05,test_ext_account_query_warm,EXTCODEHASH,target_coef,presets[warm_account_access],0.0,0.49976545388494975,0.4930956599367491,,,EXTCODEHASH,1.1220845905276868,2,True,False,test_ext_account_query_warm,EXTCODEHASH,target_coef
WARM_ACCESS,reth,7.76291463125394e-06,0.001,4.645880139756186e-06,1.0744750040562008e-05,test_ext_account_query_warm,EXTCODESIZE,target_coef,presets[warm_account_access],0.0,0.21769855621513723,0.20726787029800575,,,EXTCODESIZE,0.5822185973440456,1,True,False,test_ext_account_query_warm,EXTCODESIZE,target_coef
WARM_ACCESS,reth,5.293842968853934e-05,0.001,4.890614135198781e-05,5.6915705273220663e-05,test_ext_account_query_warm,STATICCALL,target_coef,presets[warm_account_access],0.0,0.8975369046581467,0.8961707300535887,,,STATICCALL,3.9703822266404503,4,False,False,test_ext_account_query_warm,STATICCALL,target_coef
WARM_ACCESS,reth,7.853312404558746e-06,0.001,6.537159727204045e-06,9.150325621199567e-06,test_sload_same_key_benchmark,SLOAD,target_coef,presets[warm_storage_access_sload],0.0,0.5025772943273734,0.49930477652689564,,,,0.5889984303419059,1,False,False,test_sload_same_key_benchmark,SLOAD,target_coef
COLD_ACCOUNT_NOCODE_ACCESS,besu,0.03164241088002977,0.001,0.029658833076958237,0.03385422564892476,test_account_access,BALANCE,target_coef,presets[cold_account_nocode_access],0.0,0.8918004981692788,0.8906850393875188,AccountMode.EXISTING_EOA,,BALANCE,2373.1808160022324,2374,False,False,test_account_access,BALANCE,target_coef
COLD_ACCOUNT_NOCODE_ACCESS,besu,0.031013950770834017,0.001,0.029026231956060234,0.033081382767775655,test_account_access,BALANCE,target_coef,presets[cold_account_nocode_access],0.0,0.9074491937531121,0.9064950617299483,AccountMode.NON_EXISTING_ACCOUNT,,BALANCE,2326.046307812551,2327,False,False,test_account_access,BALANCE,target_coef
COLD_ACCOUNT_NOCODE_ACCESS,besu,0.032843946789203445,0.001,0.03057754872233711,0.035107519963201606,test_account_access,CALL,target_coef,presets[cold_account_nocode_access],0.0,0.8985807852985813,0.8975352263841337,AccountMode.EXISTING_EOA,,CALL,2463.2960091902587,2464,False,False,test_account_access,CALL,target_coef
COLD_ACCOUNT_NOCODE_ACCESS,besu,0.032934094935948614,0.001,0.030816381646159026,0.03529058050712344,test_account_access,CALL,target_coef,presets[cold_account_nocode_access],0.0,0.8950897839115629,0.8940082352920945,AccountMode.NON_EXISTING_ACCOUNT,,CALL,2470.057120196146,2471,False,False,test_account_access,CALL,target_coef
COLD_ACCOUNT_NOCODE_ACCESS,besu,0.032794862919462146,0.001,0.030510394445400928,0.03502875221965421,test_account_access,CALLCODE,target_coef,presets[cold_account_nocode_access],0.0,0.8923224426897822,0.8912123647793676,AccountMode.EXISTING_EOA,,CALLCODE,2459.6147189596613,2460,False,False,test_account_access,CALLCODE,target_coef
COLD_ACCOUNT_NOCODE_ACCESS,besu,0.032228112941617405,0.001,0.030227541853707712,0.034060180711374344,test_account_access,CALLCODE,target_coef,presets[cold_account_nocode_access],0.0,0.9101481287539409,0.9092218208029507,AccountMode.NON_EXISTING_ACCOUNT,,CALLCODE,2417.1084706213055,2418,False,False,test_account_access,CALLCODE,target_coef
COLD_ACCOUNT_NOCODE_ACCESS,besu,0.03309493555708972,0.001,0.030932563872249276,0.035189744174528303,test_account_access,DELEGATECALL,target_coef,presets[cold_account_nocode_access],0.0,0.9021833705174869,0.9011749516568424,AccountMode.EXISTING_EOA,,DELEGATECALL,2482.120166781729,2483,False,False,test_account_access,DELEGATECALL,target_coef
COLD_ACCOUNT_NOCODE_ACCESS,besu,0.03231183729478607,0.001,0.0302286703823627,0.03450251097624183,test_account_access,DELEGATECALL,target_coef,presets[cold_account_nocode_access],0.0,0.9023150757602227,0.9013080146855859,AccountMode.NON_EXISTING_ACCOUNT,,DELEGATECALL,2423.387797108955,2424,False,False,test_account_access,DELEGATECALL,target_coef
COLD_ACCOUNT_NOCODE_ACCESS,besu,0.03141338172899778,0.001,0.029345849628775976,0.03344993497102521,test_account_access,EXTCODECOPY,target_coef,presets[cold_account_nocode_access],0.0,0.8867679846728999,0.885600644308703,AccountMode.EXISTING_EOA,,EXTCODECOPY,2356.0036296748335,2357,False,False,test_account_access,EXTCODECOPY,target_coef
COLD_ACCOUNT_NOCODE_ACCESS,besu,0.03152534255370198,0.001,0.02951995857245939,0.033554231228602724,test_account_access,EXTCODECOPY,target_coef,presets[cold_account_nocode_access],0.0,0.9058910146841104,0.9049208189592043,AccountMode.NON_EXISTING_ACCOUNT,,EXTCODECOPY,2364.400691527648,2365,False,False,test_account_access,EXTCODECOPY,target_coef
COLD_ACCOUNT_NOCODE_ACCESS,besu,0.03130158851419732,0.001,0.02928796044382324,0.03317864573038396,test_account_access,EXTCODEHASH,target_coef,presets[cold_account_nocode_access],0.0,0.8912133348187985,0.8900918228066211,AccountMode.EXISTING_EOA,,EXTCODEHASH,2347.619138564799,2348,False,False,test_account_access,EXTCODEHASH,target_coef
COLD_ACCOUNT_NOCODE_ACCESS,besu,0.031037833212116908,0.001,0.02924001710501713,0.03305371727411922,test_account_access,EXTCODEHASH,target_coef,presets[cold_account_nocode_access],0.0,0.90823895057755,0.9072929603773185,AccountMode.NON_EXISTING_ACCOUNT,,EXTCODEHASH,2327.837490908768,2328,False,False,test_account_access,EXTCODEHASH,target_coef
COLD_ACCOUNT_NOCODE_ACCESS,besu,0.03169682842824208,0.001,0.02952529714693007,0.03381669988001088,test_account_access,EXTCODESIZE,target_coef,presets[cold_account_nocode_access],0.0,0.8903667743885776,0.8892365349492846,AccountMode.EXISTING_EOA,,EXTCODESIZE,2377.262132118156,2378,False,False,test_account_access,EXTCODESIZE,target_coef
COLD_ACCOUNT_NOCODE_ACCESS,besu,0.030921948917092375,0.001,0.028925224135621576,0.03279833940417705,test_account_access,EXTCODESIZE,target_coef,presets[cold_account_nocode_access],0.0,0.896240404573758,0.895170718022972,AccountMode.NON_EXISTING_ACCOUNT,,EXTCODESIZE,2319.1461687819283,2320,False,False,test_account_access,EXTCODESIZE,target_coef
COLD_ACCOUNT_NOCODE_ACCESS,besu,0.03283319870737659,0.001,0.03075814768421154,0.03507384001594846,test_account_access,STATICCALL,target_coef,presets[cold_account_nocode_access],0.0,0.8984593592552388,0.8974125485259113,AccountMode.EXISTING_EOA,,STATICCALL,2462.4899030532442,2463,False,False,test_account_access,STATICCALL,target_coef
COLD_ACCOUNT_NOCODE_ACCESS,besu,0.03367669855961915,0.001,0.03147435653570673,0.036050772207429235,test_account_access,STATICCALL,target_coef,presets[cold_account_nocode_access],0.0,0.893456315511075,0.8923579270111891,AccountMode.NON_EXISTING_ACCOUNT,,STATICCALL,2525.752391971436,2526,False,True,test_account_access,STATICCALL,target_coef
COLD_ACCOUNT_NOCODE_ACCESS,erigon,0.009398565251195926,0.001,0.009190907948944246,0.009537835489021642,test_account_access,BALANCE,target_coef,presets[cold_account_nocode_access],0.0,0.9710498579047736,0.9705036288086373,AccountMode.EXISTING_EOA,,BALANCE,704.8923938396945,705,False,False,test_account_access,BALANCE,target_coef
COLD_ACCOUNT_NOCODE_ACCESS,erigon,0.008302868194711379,0.001,0.008241906518221253,0.008355652695552334,test_account_access,BALANCE,target_coef,presets[cold_account_nocode_access],0.0,0.9940778873534757,0.993966149379013,AccountMode.NON_EXISTING_ACCOUNT,,BALANCE,622.7151146033534,623,False,False,test_account_access,BALANCE,target_coef
COLD_ACCOUNT_NOCODE_ACCESS,erigon,0.0103702400579419,0.001,0.009634284234507885,0.010621342325353996,test_account_access,CALL,target_coef,presets[cold_account_nocode_access],0.0,0.9322211942000052,0.9309423488075524,AccountMode.EXISTING_EOA,,CALL,777.7680043456426,778,False,False,test_account_access,CALL,target_coef
COLD_ACCOUNT_NOCODE_ACCESS,erigon,0.009159204500050089,0.001,0.008977909902323016,0.009280577629644323,test_account_access,CALL,target_coef,presets[cold_account_nocode_access],0.0,0.9767496366452613,0.9763109505442285,AccountMode.NON_EXISTING_ACCOUNT,,CALL,686.9403375037566,687,False,False,test_account_access,CALL,target_coef
COLD_ACCOUNT_NOCODE_ACCESS,erigon,0.009483094232909512,0.001,0.008943027584124241,0.009669507880555211,test_account_access,CALLCODE,target_coef,presets[cold_account_nocode_access],0.0,0.9503716630427224,0.9494352793265473,AccountMode.EXISTING_EOA,,CALLCODE,711.2320674682134,712,False,False,test_account_access,CALLCODE,target_coef
COLD_ACCOUNT_NOCODE_ACCESS,erigon,0.008414875831177627,0.001,0.008345522786450168,0.008479190080732281,test_account_access,CALLCODE,target_coef,presets[cold_account_nocode_access],0.0,0.9918465794486855,0.9916927413250758,AccountMode.NON_EXISTING_ACCOUNT,,CALLCODE,631.115687338322,632,False,False,test_account_access,CALLCODE,target_coef
COLD_ACCOUNT_NOCODE_ACCESS,erigon,0.009524480144593304,0.001,0.009275979382299794,0.009676881743434338,test_account_access,DELEGATECALL,target_coef,presets[cold_account_nocode_access],0.0,0.9619020077581477,0.9611831777158486,AccountMode.EXISTING_EOA,,DELEGATECALL,714.3360108444979,715,False,False,test_account_access,DELEGATECALL,target_coef
COLD_ACCOUNT_NOCODE_ACCESS,erigon,0.008433667706313121,0.001,0.008344600462678537,0.008510634897037404,test_account_access,DELEGATECALL,target_coef,presets[cold_account_nocode_access],0.0,0.990020638208984,0.9898323483638705,AccountMode.NON_EXISTING_ACCOUNT,,DELEGATECALL,632.525077973484,633,False,False,test_account_access,DELEGATECALL,target_coef
COLD_ACCOUNT_NOCODE_ACCESS,erigon,0.009257385254184673,0.001,0.008772990741542062,0.009444776717496613,test_account_access,EXTCODECOPY,target_coef,presets[cold_account_nocode_access],0.0,0.95352543578396,0.952648557213846,AccountMode.EXISTING_EOA,,EXTCODECOPY,694.3038940638505,695,False,False,test_account_access,EXTCODECOPY,target_coef
COLD_ACCOUNT_NOCODE_ACCESS,erigon,0.008183002771067246,0.001,0.00810616294221514,0.008247549690541168,test_account_access,EXTCODECOPY,target_coef,presets[cold_account_nocode_access],0.0,0.99155224272253,0.9913928510757852,AccountMode.NON_EXISTING_ACCOUNT,,EXTCODECOPY,613.7252078300435,614,False,False,test_account_access,EXTCODECOPY,target_coef
COLD_ACCOUNT_NOCODE_ACCESS,erigon,0.009052002442653641,0.001,0.008972824986047359,0.009122861263158004,test_account_access,EXTCODEHASH,target_coef,presets[cold_account_nocode_access],0.0,0.9930516923393845,0.9929205921948446,AccountMode.EXISTING_EOA,,EXTCODEHASH,678.9001831990231,679,False,False,test_account_access,EXTCODEHASH,target_coef
COLD_ACCOUNT_NOCODE_ACCESS,erigon,0.008042975581246475,0.001,0.007989147000280283,0.008089820934153308,test_account_access,EXTCODEHASH,target_coef,presets[cold_account_nocode_access],0.0,0.9953036871622604,0.9952150774860766,AccountMode.NON_EXISTING_ACCOUNT,,EXTCODEHASH,603.2231685934856,604,False,False,test_account_access,EXTCODEHASH,target_coef
COLD_ACCOUNT_NOCODE_ACCESS,erigon,0.009219395040968048,0.001,0.008699006179092491,0.009395902817814402,test_account_access,EXTCODESIZE,target_coef,presets[cold_account_nocode_access],0.0,0.9546140644792875,0.9537577260732364,AccountMode.EXISTING_EOA,,EXTCODESIZE,691.4546280726036,692,False,False,test_account_access,EXTCODESIZE,target_coef
COLD_ACCOUNT_NOCODE_ACCESS,erigon,0.008149408826776077,0.001,0.008089675083596573,0.00820993760535292,test_account_access,EXTCODESIZE,target_coef,presets[cold_account_nocode_access],0.0,0.9933788716468066,0.9932539446967463,AccountMode.NON_EXISTING_ACCOUNT,,EXTCODESIZE,611.2056620082058,612,False,False,test_account_access,EXTCODESIZE,target_coef
COLD_ACCOUNT_NOCODE_ACCESS,erigon,0.009719955841591927,0.001,0.009234217162828533,0.009888841980458989,test_account_access,STATICCALL,target_coef,presets[cold_account_nocode_access],0.0,0.9642303966754575,0.9635554984995227,AccountMode.EXISTING_EOA,,STATICCALL,728.9966881193944,729,False,False,test_account_access,STATICCALL,target_coef
COLD_ACCOUNT_NOCODE_ACCESS,erigon,0.1055876562223323,0.001,0.1035750972259545,0.10777933868976583,test_account_access,STATICCALL,target_coef,presets[cold_account_nocode_access],0.0,0.9943872633317938,0.9942813626399409,AccountMode.NON_EXISTING_ACCOUNT,,STATICCALL,7919.074216674922,7920,False,True,test_account_access,STATICCALL,target_coef
COLD_ACCOUNT_NOCODE_ACCESS,ethrex,0.01829664805703726,0.001,0.017638461881860405,0.019018697985245053,test_account_access,BALANCE,target_coef,presets[cold_account_nocode_access],0.0,0.9808504233381048,0.9805950956492795,AccountMode.EXISTING_EOA,,BALANCE,1372.2486042777946,1373,False,False,test_account_access,BALANCE,target_coef
COLD_ACCOUNT_NOCODE_ACCESS,ethrex,0.0024080793206681774,0.001,0.0022936686798656508,0.002524092646650892,test_account_access,BALANCE,target_coef,presets[cold_account_nocode_access],0.0,0.9554519223479271,0.9548579479792327,AccountMode.NON_EXISTING_ACCOUNT,,BALANCE,180.6059490501133,181,False,False,test_account_access,BALANCE,target_coef
COLD_ACCOUNT_NOCODE_ACCESS,ethrex,0.018431111502403934,0.001,0.01775871901263453,0.019083789219557393,test_account_access,CALL,target_coef,presets[cold_account_nocode_access],0.0,0.9814816558428161,0.981234744587387,AccountMode.EXISTING_EOA,,CALL,1382.333362680295,1383,False,False,test_account_access,CALL,target_coef
COLD_ACCOUNT_NOCODE_ACCESS,ethrex,0.0025203522479331354,0.001,0.002403845932126577,0.0026471515967488707,test_account_access,CALL,target_coef,presets[cold_account_nocode_access],0.0,0.959858926536277,0.9593237122234274,AccountMode.NON_EXISTING_ACCOUNT,,CALL,189.02641859498516,190,False,False,test_account_access,CALL,target_coef
COLD_ACCOUNT_NOCODE_ACCESS,ethrex,0.01833191795396497,0.001,0.017640162174796154,0.01900194057946243,test_account_access,CALLCODE,target_coef,presets[cold_account_nocode_access],0.0,0.9804423145681666,0.9801815454290754,AccountMode.EXISTING_EOA,,CALLCODE,1374.8938465473727,1375,False,False,test_account_access,CALLCODE,target_coef
COLD_ACCOUNT_NOCODE_ACCESS,ethrex,0.0025565772849079106,0.001,0.0024186830522488923,0.0026887296819113823,test_account_access,CALLCODE,target_coef,presets[cold_account_nocode_access],0.0,0.9595806999213833,0.959041775920335,AccountMode.NON_EXISTING_ACCOUNT,,CALLCODE,191.7432963680933,192,False,False,test_account_access,CALLCODE,target_coef
COLD_ACCOUNT_NOCODE_ACCESS,ethrex,0.018347418704538276,0.001,0.017698607739340493,0.01903069191631164,test_account_access,DELEGATECALL,target_coef,presets[cold_account_nocode_access],0.0,0.9805444075750488,0.9802849996760494,AccountMode.EXISTING_EOA,,DELEGATECALL,1376.0564028403708,1377,False,False,test_account_access,DELEGATECALL,target_coef
COLD_ACCOUNT_NOCODE_ACCESS,ethrex,0.0025285467823447493,0.001,0.0024212197666779386,0.0026430380445418298,test_account_access,DELEGATECALL,target_coef,presets[cold_account_nocode_access],0.0,0.9648636314778916,0.9643951465642634,AccountMode.NON_EXISTING_ACCOUNT,,DELEGATECALL,189.6410086758562,190,False,False,test_account_access,DELEGATECALL,target_coef
COLD_ACCOUNT_NOCODE_ACCESS,ethrex,0.018281180783207125,0.001,0.017649371934062255,0.018884606289180834,test_account_access,EXTCODECOPY,target_coef,presets[cold_account_nocode_access],0.0,0.9819697310460301,0.9817293274599772,AccountMode.EXISTING_EOA,,EXTCODECOPY,1371.0885587405344,1372,False,False,test_account_access,EXTCODECOPY,target_coef
COLD_ACCOUNT_NOCODE_ACCESS,ethrex,0.0024608432914856406,0.001,0.0023199029625786795,0.00260498310213783,test_account_access,EXTCODECOPY,target_coef,presets[cold_account_nocode_access],0.0,0.9486012868214064,0.9479159706456919,AccountMode.NON_EXISTING_ACCOUNT,,EXTCODECOPY,184.56324686142304,185,False,False,test_account_access,EXTCODECOPY,target_coef
COLD_ACCOUNT_NOCODE_ACCESS,ethrex,0.01821141375187784,0.001,0.017598284371456094,0.01889049525808969,test_account_access,EXTCODEHASH,target_coef,presets[cold_account_nocode_access],0.0,0.9806882062772866,0.9804307156943171,AccountMode.EXISTING_EOA,,EXTCODEHASH,1365.856031390838,1366,False,False,test_account_access,EXTCODEHASH,target_coef
COLD_ACCOUNT_NOCODE_ACCESS,ethrex,0.0024159144801819436,0.001,0.002315189496773177,0.0025239171199736817,test_account_access,EXTCODEHASH,target_coef,presets[cold_account_nocode_access],0.0,0.963168627376498,0.9626775424081846,AccountMode.NON_EXISTING_ACCOUNT,,EXTCODEHASH,181.19358601364578,182,False,False,test_account_access,EXTCODEHASH,target_coef
COLD_ACCOUNT_NOCODE_ACCESS,ethrex,0.01826363268814968,0.001,0.017610615961056317,0.018976295087519735,test_account_access,EXTCODESIZE,target_coef,presets[cold_account_nocode_access],0.0,0.9808104632220099,0.9805546027316367,AccountMode.EXISTING_EOA,,EXTCODESIZE,1369.7724516112262,1370,False,False,test_account_access,EXTCODESIZE,target_coef
COLD_ACCOUNT_NOCODE_ACCESS,ethrex,0.0023976538010389023,0.001,0.0022652481811948127,0.002557619437150484,test_account_access,EXTCODESIZE,target_coef,presets[cold_account_nocode_access],0.0,0.9461873851664832,0.9454698836353695,AccountMode.NON_EXISTING_ACCOUNT,,EXTCODESIZE,179.82403507791767,180,False,False,test_account_access,EXTCODESIZE,target_coef
COLD_ACCOUNT_NOCODE_ACCESS,ethrex,0.01847200770238352,0.001,0.01774637990163733,0.019130568791375625,test_account_access,STATICCALL,target_coef,presets[cold_account_nocode_access],0.0,0.9811279832548258,0.9808763563648901,AccountMode.EXISTING_EOA,,STATICCALL,1385.400577678764,1386,False,True,test_account_access,STATICCALL,target_coef
COLD_ACCOUNT_NOCODE_ACCESS,ethrex,0.00255305844269338,0.001,0.0024207740853543934,0.0026802921338940117,test_account_access,STATICCALL,target_coef,presets[cold_account_nocode_access],0.0,0.9645248403525799,0.9640518382239477,AccountMode.NON_EXISTING_ACCOUNT,,STATICCALL,191.47938320200353,192,False,False,test_account_access,STATICCALL,target_coef
COLD_ACCOUNT_NOCODE_ACCESS,geth,0.020807171269164284,0.001,0.02051354610398417,0.021082420512596033,test_account_access,BALANCE,target_coef,presets[cold_account_nocode_access],0.0,0.9963948512962447,0.9963529309624801,AccountMode.EXISTING_EOA,,BALANCE,1560.5378451873214,1561,False,False,test_account_access,BALANCE,target_coef
COLD_ACCOUNT_NOCODE_ACCESS,geth,0.02010088274924175,0.001,0.019860290067260398,0.020332111755911517,test_account_access,BALANCE,target_coef,presets[cold_account_nocode_access],0.0,0.996647712190481,0.9966087320996726,AccountMode.NON_EXISTING_ACCOUNT,,BALANCE,1507.5662061931312,1508,False,False,test_account_access,BALANCE,target_coef
COLD_ACCOUNT_NOCODE_ACCESS,geth,0.021013854372122717,0.001,0.020664139482582722,0.02135730265640281,test_account_access,CALL,target_coef,presets[cold_account_nocode_access],0.0,0.9946893679357058,0.9946276164000745,AccountMode.EXISTING_EOA,,CALL,1576.0390779092038,1577,False,False,test_account_access,CALL,target_coef
COLD_ACCOUNT_NOCODE_ACCESS,geth,0.020927949498769444,0.001,0.020670718889633486,0.021219204839638316,test_account_access,CALL,target_coef,presets[cold_account_nocode_access],0.0,0.9961571498075966,0.9961124655030338,AccountMode.NON_EXISTING_ACCOUNT,,CALL,1569.5962124077082,1570,False,False,test_account_access,CALL,target_coef
COLD_ACCOUNT_NOCODE_ACCESS,geth,0.02105216403304405,0.001,0.020749921718477376,0.021414426066548177,test_account_access,CALLCODE,target_coef,presets[cold_account_nocode_access],0.0,0.9951225813416238,0.9950658671711775,AccountMode.EXISTING_EOA,,CALLCODE,1578.9123024783037,1579,False,False,test_account_access,CALLCODE,target_coef
COLD_ACCOUNT_NOCODE_ACCESS,geth,0.02125984061573938,0.001,0.02098256615530675,0.021540931857347997,test_account_access,CALLCODE,target_coef,presets[cold_account_nocode_access],0.0,0.9961773825140814,0.9961329334735475,AccountMode.NON_EXISTING_ACCOUNT,,CALLCODE,1594.4880461804537,1595,False,False,test_account_access,CALLCODE,target_coef
COLD_ACCOUNT_NOCODE_ACCESS,geth,0.021115611084336162,0.001,0.02080858890972336,0.021396595651291546,test_account_access,DELEGATECALL,target_coef,presets[cold_account_nocode_access],0.0,0.9959011985446924,0.995853538062654,AccountMode.EXISTING_EOA,,DELEGATECALL,1583.6708313252122,1584,False,False,test_account_access,DELEGATECALL,target_coef
COLD_ACCOUNT_NOCODE_ACCESS,geth,0.02129931282245143,0.001,0.02101170186628934,0.02160323355968872,test_account_access,DELEGATECALL,target_coef,presets[cold_account_nocode_access],0.0,0.9956507537707007,0.9956001811401274,AccountMode.NON_EXISTING_ACCOUNT,,DELEGATECALL,1597.4484616838572,1598,False,False,test_account_access,DELEGATECALL,target_coef
COLD_ACCOUNT_NOCODE_ACCESS,geth,0.021387619585441466,0.001,0.021076059960308438,0.0217241193297438,test_account_access,EXTCODECOPY,target_coef,presets[cold_account_nocode_access],0.0,0.9950375983014328,0.9949798959561006,AccountMode.EXISTING_EOA,,EXTCODECOPY,1604.0714689081099,1605,False,True,test_account_access,EXTCODECOPY,target_coef
COLD_ACCOUNT_NOCODE_ACCESS,geth,0.02054285286145817,0.001,0.020269523921101686,0.020795339515195698,test_account_access,EXTCODECOPY,target_coef,presets[cold_account_nocode_access],0.0,0.9963829671466574,0.9963409086251069,AccountMode.NON_EXISTING_ACCOUNT,,EXTCODECOPY,1540.7139646093626,1541,False,False,test_account_access,EXTCODECOPY,target_coef
COLD_ACCOUNT_NOCODE_ACCESS,geth,0.02061991425769194,0.001,0.020324671288202072,0.02091195309047126,test_account_access,EXTCODEHASH,target_coef,presets[cold_account_nocode_access],0.0,0.9958143691940606,0.9957656990684102,AccountMode.EXISTING_EOA,,EXTCODEHASH,1546.4935693268956,1547,False,False,test_account_access,EXTCODEHASH,target_coef
COLD_ACCOUNT_NOCODE_ACCESS,geth,0.02004860971039142,0.001,0.019763656879933773,0.020327343466612625,test_account_access,EXTCODEHASH,target_coef,presets[cold_account_nocode_access],0.0,0.9960810524823908,0.9960354833252093,AccountMode.NON_EXISTING_ACCOUNT,,EXTCODEHASH,1503.6457282793567,1504,False,False,test_account_access,EXTCODEHASH,target_coef
COLD_ACCOUNT_NOCODE_ACCESS,geth,0.020818439592869442,0.001,0.02060017721356258,0.021042193631556058,test_account_access,EXTCODESIZE,target_coef,presets[cold_account_nocode_access],0.0,0.9968735371685474,0.996837182949577,AccountMode.EXISTING_EOA,,EXTCODESIZE,1561.3829694652081,1562,False,False,test_account_access,EXTCODESIZE,target_coef
COLD_ACCOUNT_NOCODE_ACCESS,geth,0.02015456943366803,0.001,0.019908250863314488,0.02040332806762738,test_account_access,EXTCODESIZE,target_coef,presets[cold_account_nocode_access],0.0,0.9966774519018978,0.9966388176216874,AccountMode.NON_EXISTING_ACCOUNT,,EXTCODESIZE,1511.5927075251022,1512,False,False,test_account_access,EXTCODESIZE,target_coef
COLD_ACCOUNT_NOCODE_ACCESS,geth,0.020961232320764106,0.001,0.02070285934086975,0.021236944786332083,test_account_access,STATICCALL,target_coef,presets[cold_account_nocode_access],0.0,0.9966403245332506,0.9966012585394511,AccountMode.EXISTING_EOA,,STATICCALL,1572.0924240573079,1573,False,False,test_account_access,STATICCALL,target_coef
COLD_ACCOUNT_NOCODE_ACCESS,geth,0.02132702470924918,0.001,0.020985417556836646,0.02165650897191404,test_account_access,STATICCALL,target_coef,presets[cold_account_nocode_access],0.0,0.9950773917496103,0.9950201521187918,AccountMode.NON_EXISTING_ACCOUNT,,STATICCALL,1599.5268531936883,1600,False,False,test_account_access,STATICCALL,target_coef
COLD_ACCOUNT_NOCODE_ACCESS,nethermind,0.010385370058092327,0.001,0.010021803256821801,0.010738231388288777,test_account_access,BALANCE,target_coef,presets[cold_account_nocode_access],0.0,0.9830425361157528,0.9827225839669934,AccountMode.EXISTING_EOA,,BALANCE,778.9027543569246,779,False,False,test_account_access,BALANCE,target_coef
COLD_ACCOUNT_NOCODE_ACCESS,nethermind,0.010065454609112448,0.001,0.009684325272433252,0.010439162408267528,test_account_access,BALANCE,target_coef,presets[cold_account_nocode_access],0.0,0.9813689001828734,0.9810173699976446,AccountMode.NON_EXISTING_ACCOUNT,,BALANCE,754.9090956834336,755,False,False,test_account_access,BALANCE,target_coef
COLD_ACCOUNT_NOCODE_ACCESS,nethermind,0.01064493712970938,0.001,0.010325134186393565,0.010997537280540216,test_account_access,CALL,target_coef,presets[cold_account_nocode_access],0.0,0.9860929267353,0.9858305291265321,AccountMode.EXISTING_EOA,,CALL,798.3702847282035,799,False,False,test_account_access,CALL,target_coef
COLD_ACCOUNT_NOCODE_ACCESS,nethermind,0.01075067185401409,0.001,0.010429238320127883,0.011041249013017078,test_account_access,CALL,target_coef,presets[cold_account_nocode_access],0.0,0.9871498494344008,0.9869073937633517,AccountMode.NON_EXISTING_ACCOUNT,,CALL,806.3003890510569,807,False,False,test_account_access,CALL,target_coef
COLD_ACCOUNT_NOCODE_ACCESS,nethermind,0.010666524373606429,0.001,0.010337457402110303,0.010987822208915957,test_account_access,CALLCODE,target_coef,presets[cold_account_nocode_access],0.0,0.9857506790418341,0.9854818239294159,AccountMode.EXISTING_EOA,,CALLCODE,799.9893280204822,800,False,False,test_account_access,CALLCODE,target_coef
COLD_ACCOUNT_NOCODE_ACCESS,nethermind,0.010533209809989036,0.001,0.010221006784082878,0.01086257957359435,test_account_access,CALLCODE,target_coef,presets[cold_account_nocode_access],0.0,0.9854210039890321,0.9851459285925988,AccountMode.NON_EXISTING_ACCOUNT,,CALLCODE,789.9907357491776,790,False,False,test_account_access,CALLCODE,target_coef
COLD_ACCOUNT_NOCODE_ACCESS,nethermind,0.010435837536274119,0.001,0.010072410054572802,0.010868641426615734,test_account_access,DELEGATECALL,target_coef,presets[cold_account_nocode_access],0.0,0.9795855299021734,0.9792003512210823,AccountMode.EXISTING_EOA,,DELEGATECALL,782.687815220559,783,False,False,test_account_access,DELEGATECALL,target_coef
COLD_ACCOUNT_NOCODE_ACCESS,nethermind,0.010546777823191673,0.001,0.010137203481200984,0.010961139020580673,test_account_access,DELEGATECALL,target_coef,presets[cold_account_nocode_access],0.0,0.9793557861831953,0.9789662727149537,AccountMode.NON_EXISTING_ACCOUNT,,DELEGATECALL,791.0083367393755,792,False,False,test_account_access,DELEGATECALL,target_coef
COLD_ACCOUNT_NOCODE_ACCESS,nethermind,0.010513273741088224,0.001,0.01017295955881185,0.010840506282225505,test_account_access,EXTCODECOPY,target_coef,presets[cold_account_nocode_access],0.0,0.9870005450979046,0.9867552723639028,AccountMode.EXISTING_EOA,,EXTCODECOPY,788.4955305816168,789,False,False,test_account_access,EXTCODECOPY,target_coef
COLD_ACCOUNT_NOCODE_ACCESS,nethermind,0.010246238062779607,0.001,0.009917183618080224,0.010571356039080016,test_account_access,EXTCODECOPY,target_coef,presets[cold_account_nocode_access],0.0,0.9804140486582894,0.980044502406559,AccountMode.NON_EXISTING_ACCOUNT,,EXTCODECOPY,768.4678547084706,769,False,False,test_account_access,EXTCODECOPY,target_coef
COLD_ACCOUNT_NOCODE_ACCESS,nethermind,0.010231516741238358,0.001,0.009809986166299911,0.010704674071535868,test_account_access,EXTCODEHASH,target_coef,presets[cold_account_nocode_access],0.0,0.9813590470236018,0.9810073309297075,AccountMode.EXISTING_EOA,,EXTCODEHASH,767.3637555928769,768,False,False,test_account_access,EXTCODEHASH,target_coef
COLD_ACCOUNT_NOCODE_ACCESS,nethermind,0.010423817633171411,0.001,0.010074337668689726,0.010839157803833448,test_account_access,EXTCODEHASH,target_coef,presets[cold_account_nocode_access],0.0,0.9831540439008065,0.9828361956725199,AccountMode.NON_EXISTING_ACCOUNT,,EXTCODEHASH,781.7863224878558,782,False,False,test_account_access,EXTCODEHASH,target_coef
COLD_ACCOUNT_NOCODE_ACCESS,nethermind,0.010297621812934804,0.001,0.010009330387305252,0.010633988155199161,test_account_access,EXTCODESIZE,target_coef,presets[cold_account_nocode_access],0.0,0.9834918424804198,0.983180367810239,AccountMode.EXISTING_EOA,,EXTCODESIZE,772.3216359701103,773,False,False,test_account_access,EXTCODESIZE,target_coef
COLD_ACCOUNT_NOCODE_ACCESS,nethermind,0.010359242929257162,0.001,0.010057423886910112,0.010710032181186845,test_account_access,EXTCODESIZE,target_coef,presets[cold_account_nocode_access],0.0,0.9880726456677287,0.9878476012463651,AccountMode.NON_EXISTING_ACCOUNT,,EXTCODESIZE,776.9432196942872,777,False,False,test_account_access,EXTCODESIZE,target_coef
COLD_ACCOUNT_NOCODE_ACCESS,nethermind,0.011064506142263036,0.001,0.010752767306862495,0.011425837076279439,test_account_access,STATICCALL,target_coef,presets[cold_account_nocode_access],0.0,0.9802564808053728,0.9798839615752855,AccountMode.EXISTING_EOA,,STATICCALL,829.8379606697277,830,False,True,test_account_access,STATICCALL,target_coef
COLD_ACCOUNT_NOCODE_ACCESS,nethermind,0.010970708429003872,0.001,0.010645693676643909,0.01128348700922439,test_account_access,STATICCALL,target_coef,presets[cold_account_nocode_access],0.0,0.9824244489975061,0.9820928348276478,AccountMode.NON_EXISTING_ACCOUNT,,STATICCALL,822.8031321752903,823,False,False,test_account_access,STATICCALL,target_coef
COLD_ACCOUNT_NOCODE_ACCESS,reth,0.004558348902902627,0.001,0.00442878691606417,0.004695629107256097,test_account_access,BALANCE,target_coef,presets[cold_account_nocode_access],0.0,0.9843265070371852,0.9841175271310143,AccountMode.EXISTING_EOA,,BALANCE,341.87616771769706,342,False,False,test_account_access,BALANCE,target_coef
COLD_ACCOUNT_NOCODE_ACCESS,reth,0.0044758224211810015,0.001,0.0043046711195552385,0.004634792638771971,test_account_access,BALANCE,target_coef,presets[cold_account_nocode_access],0.0,0.9738599875206186,0.9735114540208936,AccountMode.NON_EXISTING_ACCOUNT,,BALANCE,335.68668158857514,336,False,False,test_account_access,BALANCE,target_coef
COLD_ACCOUNT_NOCODE_ACCESS,reth,0.004835960873810415,0.001,0.004686170483339374,0.0050006797184615785,test_account_access,CALL,target_coef,presets[cold_account_nocode_access],0.0,0.9791609895766117,0.9788831361042999,AccountMode.EXISTING_EOA,,CALL,362.69706553578106,363,False,True,test_account_access,CALL,target_coef
COLD_ACCOUNT_NOCODE_ACCESS,reth,0.004617849788012909,0.001,0.004455164532750666,0.0047927823709424874,test_account_access,CALL,target_coef,presets[cold_account_nocode_access],0.0,0.9759073332016475,0.9755860976443361,AccountMode.NON_EXISTING_ACCOUNT,,CALL,346.33873410096817,347,False,False,test_account_access,CALL,target_coef
COLD_ACCOUNT_NOCODE_ACCESS,reth,0.004656804076481455,0.001,0.0044788752424909095,0.004851815824435783,test_account_access,CALLCODE,target_coef,presets[cold_account_nocode_access],0.0,0.9724656569420047,0.9720985323678981,AccountMode.EXISTING_EOA,,CALLCODE,349.26030573610916,350,False,False,test_account_access,CALLCODE,target_coef
COLD_ACCOUNT_NOCODE_ACCESS,reth,0.004269206443958138,0.001,0.004096452576892346,0.004437164136457794,test_account_access,CALLCODE,target_coef,presets[cold_account_nocode_access],0.0,0.9739618568348289,0.9736146815926267,AccountMode.NON_EXISTING_ACCOUNT,,CALLCODE,320.19048329686035,321,False,False,test_account_access,CALLCODE,target_coef
COLD_ACCOUNT_NOCODE_ACCESS,reth,0.004682279227976925,0.001,0.004535715457265232,0.004826835370898993,test_account_access,DELEGATECALL,target_coef,presets[cold_account_nocode_access],0.0,0.9829746426915481,0.9827476379274354,AccountMode.EXISTING_EOA,,DELEGATECALL,351.17094209826934,352,False,False,test_account_access,DELEGATECALL,target_coef
COLD_ACCOUNT_NOCODE_ACCESS,reth,0.004582537263517861,0.001,0.004423158726960298,0.004754373660494341,test_account_access,DELEGATECALL,target_coef,presets[cold_account_nocode_access],0.0,0.9784192045424013,0.9781314606029666,AccountMode.NON_EXISTING_ACCOUNT,,DELEGATECALL,343.69029476383963,344,False,False,test_account_access,DELEGATECALL,target_coef
COLD_ACCOUNT_NOCODE_ACCESS,reth,0.004668784087365947,0.001,0.004516939614767395,0.004829134528831098,test_account_access,EXTCODECOPY,target_coef,presets[cold_account_nocode_access],0.0,0.9758786684208848,0.9755570506664966,AccountMode.EXISTING_EOA,,EXTCODECOPY,350.15880655244604,351,False,False,test_account_access,EXTCODECOPY,target_coef
COLD_ACCOUNT_NOCODE_ACCESS,reth,0.004576124661865383,0.001,0.004427118591199199,0.0047237301478380645,test_account_access,EXTCODECOPY,target_coef,presets[cold_account_nocode_access],0.0,0.9800568027749149,0.9797908934785804,AccountMode.NON_EXISTING_ACCOUNT,,EXTCODECOPY,343.2093496399037,344,False,False,test_account_access,EXTCODECOPY,target_coef
COLD_ACCOUNT_NOCODE_ACCESS,reth,0.004581922774190733,0.001,0.004462542656715451,0.004713869744380969,test_account_access,EXTCODEHASH,target_coef,presets[cold_account_nocode_access],0.0,0.977544010241298,0.9772445970445153,AccountMode.EXISTING_EOA,,EXTCODEHASH,343.64420806430496,344,False,False,test_account_access,EXTCODEHASH,target_coef
COLD_ACCOUNT_NOCODE_ACCESS,reth,0.004461368552501906,0.001,0.004331803102953403,0.004579883468348293,test_account_access,EXTCODEHASH,target_coef,presets[cold_account_nocode_access],0.0,0.985784555741694,0.9855950164849165,AccountMode.NON_EXISTING_ACCOUNT,,EXTCODEHASH,334.60264143764294,335,False,False,test_account_access,EXTCODEHASH,target_coef
COLD_ACCOUNT_NOCODE_ACCESS,reth,0.004632479264454407,0.001,0.004490924567588221,0.004770184237362361,test_account_access,EXTCODESIZE,target_coef,presets[cold_account_nocode_access],0.0,0.9769825281490969,0.9766756285244182,AccountMode.EXISTING_EOA,,EXTCODESIZE,347.43594483408054,348,False,False,test_account_access,EXTCODESIZE,target_coef
COLD_ACCOUNT_NOCODE_ACCESS,reth,0.004385679508821391,0.001,0.004223635615208236,0.004535221385657127,test_account_access,EXTCODESIZE,target_coef,presets[cold_account_nocode_access],0.0,0.9793803202198731,0.979105391156138,AccountMode.NON_EXISTING_ACCOUNT,,EXTCODESIZE,328.9259631616044,329,False,False,test_account_access,EXTCODESIZE,target_coef
COLD_ACCOUNT_NOCODE_ACCESS,reth,0.004747648795906555,0.001,0.004630029726301315,0.0048716746189124355,test_account_access,STATICCALL,target_coef,presets[cold_account_nocode_access],0.0,0.9838275198331466,0.9836118867642553,AccountMode.EXISTING_EOA,,STATICCALL,356.07365969299167,357,False,False,test_account_access,STATICCALL,target_coef
COLD_ACCOUNT_NOCODE_ACCESS,reth,0.004607927903816091,0.001,0.004480440552759363,0.004739314743320557,test_account_access,STATICCALL,target_coef,presets[cold_account_nocode_access],0.0,0.9806572123526671,0.9803993085173693,AccountMode.NON_EXISTING_ACCOUNT,,STATICCALL,345.5945927862068,346,False,False,test_account_access,STATICCALL,target_coef
COLD_ACCOUNT_NOCODE_WRITE,besu,0.11514082900680613,0.001,0.11023159081962965,0.11982930732784562,test_account_access,CALL,target_coef,presets[cold_account_nocode_write],0.0,0.9623283632679082,0.9619399958789175,AccountMode.EXISTING_EOA,,CALL,8635.562175510458,8636,False,False,test_account_access,CALL,target_coef
COLD_ACCOUNT_NOCODE_WRITE,besu,0.17582379428046613,0.001,0.15804725894570312,0.193270876667597,test_account_access,CALL,target_coef,presets[cold_account_nocode_write],0.0,0.8520359810414414,0.8505105787841367,AccountMode.NON_EXISTING_ACCOUNT,,CALL,13186.784571034961,13187,False,True,test_account_access,CALL,target_coef
COLD_ACCOUNT_NOCODE_WRITE,besu,0.037430174273801436,0.001,0.0334491542633158,0.041027939372643214,test_account_access,CALLCODE,target_coef,presets[cold_account_nocode_write],0.0,0.7932456397869688,0.79111415153735,AccountMode.EXISTING_EOA,,CALLCODE,2807.2630705351075,2808,False,False,test_account_access,CALLCODE,target_coef
COLD_ACCOUNT_NOCODE_WRITE,besu,0.03710195542863983,0.001,0.03312612156811175,0.04028269326170362,test_account_access,CALLCODE,target_coef,presets[cold_account_nocode_write],0.0,0.8046530788100178,0.8026391930245541,AccountMode.NON_EXISTING_ACCOUNT,,CALLCODE,2782.6466571479873,2783,False,False,test_account_access,CALLCODE,target_coef
COLD_ACCOUNT_NOCODE_WRITE,erigon,0.14643596040249102,0.001,0.1418343044191586,0.1504482925848329,test_account_access,CALL,target_coef,presets[cold_account_nocode_write],0.0,0.9846072713266535,0.9843168424837602,AccountMode.EXISTING_EOA,,CALL,10982.697030186826,10983,False,False,test_account_access,CALL,target_coef
COLD_ACCOUNT_NOCODE_WRITE,erigon,0.27228310175279513,0.001,0.2649671894640882,0.279039652335958,test_account_access,CALL,target_coef,presets[cold_account_nocode_write],0.0,0.9931289207834705,0.992999277779385,AccountMode.NON_EXISTING_ACCOUNT,,CALL,20421.232631459636,20422,False,True,test_account_access,CALL,target_coef
COLD_ACCOUNT_NOCODE_WRITE,erigon,0.008701245507782143,0.001,0.008066253376762816,0.009186792757792238,test_account_access,CALLCODE,target_coef,presets[cold_account_nocode_write],0.0,0.9435722215909604,0.9425075465266389,AccountMode.EXISTING_EOA,,CALLCODE,652.5934130836606,653,False,False,test_account_access,CALLCODE,target_coef
COLD_ACCOUNT_NOCODE_WRITE,erigon,0.007828426556749403,0.001,0.007416823953052073,0.008293024527666327,test_account_access,CALLCODE,target_coef,presets[cold_account_nocode_write],0.0,0.968110361542126,0.967508670250468,AccountMode.NON_EXISTING_ACCOUNT,,CALLCODE,587.1319917562053,588,False,False,test_account_access,CALLCODE,target_coef
COLD_ACCOUNT_NOCODE_WRITE,ethrex,0.03626049908627202,0.001,0.03575180818160343,0.03677473186473804,test_account_access,CALL,target_coef,presets[cold_account_nocode_write],0.0,0.9958554560457495,0.9958001954596929,AccountMode.EXISTING_EOA,,CALL,2719.5374314704018,2720,False,False,test_account_access,CALL,target_coef
COLD_ACCOUNT_NOCODE_WRITE,ethrex,0.05195820572132522,0.001,0.046272462068288014,0.057353115310873864,test_account_access,CALL,target_coef,presets[cold_account_nocode_write],0.0,0.8463822568388584,0.8443340202633765,AccountMode.NON_EXISTING_ACCOUNT,,CALL,3896.865429099392,3897,False,True,test_account_access,CALL,target_coef
COLD_ACCOUNT_NOCODE_WRITE,ethrex,0.018693475333695357,0.001,0.01793425098612703,0.01943456802218039,test_account_access,CALLCODE,target_coef,presets[cold_account_nocode_write],0.0,0.9777779715720739,0.9774816778597015,AccountMode.EXISTING_EOA,,CALLCODE,1402.0106500271518,1403,False,False,test_account_access,CALLCODE,target_coef
COLD_ACCOUNT_NOCODE_WRITE,ethrex,0.0026550566873364758,0.001,0.0023547720865385977,0.0029841044463961514,test_account_access,CALLCODE,target_coef,presets[cold_account_nocode_write],0.0,0.7516313050066457,0.7483197224067343,AccountMode.NON_EXISTING_ACCOUNT,,CALLCODE,199.12925155023567,200,False,False,test_account_access,CALLCODE,target_coef
COLD_ACCOUNT_NOCODE_WRITE,geth,0.10284838648700181,0.001,0.10143806934533987,0.10418890879875392,test_account_access,CALL,target_coef,presets[cold_account_nocode_write],0.0,0.996558643932359,0.9965186281641306,AccountMode.EXISTING_EOA,,CALL,7713.6289865251365,7714,False,False,test_account_access,CALL,target_coef
COLD_ACCOUNT_NOCODE_WRITE,geth,0.1572020293026052,0.001,0.15181476565986765,0.16224676704303434,test_account_access,CALL,target_coef,presets[cold_account_nocode_write],0.0,0.9811132640875291,0.9808936508792445,AccountMode.NON_EXISTING_ACCOUNT,,CALL,11790.152197695392,11791,False,True,test_account_access,CALL,target_coef
COLD_ACCOUNT_NOCODE_WRITE,geth,0.031485378935179664,0.001,0.030751477436653275,0.03221834806964442,test_account_access,CALLCODE,target_coef,presets[cold_account_nocode_write],0.0,0.9874599532152765,0.9873141387177797,AccountMode.EXISTING_EOA,,CALLCODE,2361.403420138475,2362,False,False,test_account_access,CALLCODE,target_coef
COLD_ACCOUNT_NOCODE_WRITE,geth,0.03149941179817973,0.001,0.030964479317542832,0.03208927068989065,test_account_access,CALLCODE,target_coef,presets[cold_account_nocode_write],0.0,0.993614176735206,0.9935399229763131,AccountMode.NON_EXISTING_ACCOUNT,,CALLCODE,2362.4558848634797,2363,False,False,test_account_access,CALLCODE,target_coef
COLD_ACCOUNT_NOCODE_WRITE,nethermind,0.06688669023481622,0.001,0.06400278039586353,0.06990856305606177,test_account_access,CALL,target_coef,presets[cold_account_nocode_write],0.0,0.9771189246235962,0.9766872062202678,AccountMode.EXISTING_EOA,,CALL,5016.501767611217,5017,False,False,test_account_access,CALL,target_coef
COLD_ACCOUNT_NOCODE_WRITE,nethermind,0.10011379311683415,0.001,0.09222090350587395,0.10928426157226419,test_account_access,CALL,target_coef,presets[cold_account_nocode_write],0.0,0.9222600335347522,0.9207932417146532,AccountMode.NON_EXISTING_ACCOUNT,,CALL,7508.534483762562,7509,False,True,test_account_access,CALL,target_coef
COLD_ACCOUNT_NOCODE_WRITE,nethermind,0.014234329730737417,0.001,0.01347009870764659,0.014975476615415909,test_account_access,CALLCODE,target_coef,presets[cold_account_nocode_write],0.0,0.9690334782266316,0.9684492042309076,AccountMode.EXISTING_EOA,,CALLCODE,1067.5747298053063,1068,False,False,test_account_access,CALLCODE,target_coef
COLD_ACCOUNT_NOCODE_WRITE,nethermind,0.013420899357542562,0.001,0.012731088309357735,0.014120893495122471,test_account_access,CALLCODE,target_coef,presets[cold_account_nocode_write],0.0,0.9668519074742473,0.9662264717662142,AccountMode.NON_EXISTING_ACCOUNT,,CALLCODE,1006.5674518156922,1007,False,False,test_account_access,CALLCODE,target_coef
COLD_ACCOUNT_NOCODE_WRITE,reth,0.035736250410970415,0.001,0.03491839194544723,0.03667349714949274,test_account_access,CALL,target_coef,presets[cold_account_nocode_write],0.0,0.9883893142324932,0.9882345050889264,AccountMode.EXISTING_EOA,,CALL,2680.218780822781,2681,False,False,test_account_access,CALL,target_coef
COLD_ACCOUNT_NOCODE_WRITE,reth,0.05352375617091542,0.001,0.04774178091915959,0.058941966983126245,test_account_access,CALL,target_coef,presets[cold_account_nocode_write],0.0,0.8000325045311187,0.7973662712582004,AccountMode.NON_EXISTING_ACCOUNT,,CALL,4014.2817128186566,4015,False,True,test_account_access,CALL,target_coef
COLD_ACCOUNT_NOCODE_WRITE,reth,0.006515729705059744,0.001,0.006142804922877301,0.006873170074438297,test_account_access,CALLCODE,target_coef,presets[cold_account_nocode_write],0.0,0.9450424940861487,0.9443097273406307,AccountMode.EXISTING_EOA,,CALLCODE,488.67972787948077,489,False,False,test_account_access,CALLCODE,target_coef
COLD_ACCOUNT_NOCODE_WRITE,reth,0.0064896339014927015,0.001,0.006126540939373055,0.006874800582417645,test_account_access,CALLCODE,target_coef,presets[cold_account_nocode_write],0.0,0.950675386243154,0.950017724726396,AccountMode.NON_EXISTING_ACCOUNT,,CALLCODE,486.72254261195263,487,False,False,test_account_access,CALLCODE,target_coef
COLD_ACCOUNT_CODE_ACCESS,besu,0.04409692509215062,0.001,0.04082808163087488,0.04731822287236258,test_account_access,BALANCE,target_coef,models.custom[0],0.0,0.891489993052887,0.8903713331874529,AccountMode.EXISTING_CONTRACT_DIFF_MAX,,BALANCE,3307.269381911297,3308,False,False,test_account_access,BALANCE,target_coef
COLD_ACCOUNT_CODE_ACCESS,besu,0.026199206711520314,0.001,0.02402997067173837,0.028598625483223193,test_account_access,BALANCE,target_coef,models.custom[0],0.0,0.825067015409303,0.8232635825784711,AccountMode.EXISTING_CONTRACT_MINIMAL,,BALANCE,1964.9405033640235,1965,False,False,test_account_access,BALANCE,target_coef
COLD_ACCOUNT_CODE_ACCESS,besu,0.02612287888788367,0.001,0.023723404200057238,0.028491409890146157,test_account_access,BALANCE,target_coef,models.custom[0],0.0,0.8245989272971068,0.8227906688156337,AccountMode.EXISTING_CONTRACT_SAME_MAX,,BALANCE,1959.2159165912753,1960,False,False,test_account_access,BALANCE,target_coef
COLD_ACCOUNT_CODE_ACCESS,besu,0.031013950770834017,0.001,0.029026231956060234,0.033081382767775655,test_account_access,BALANCE,target_coef,models.custom[0],0.0,0.9074491937531121,0.9064950617299483,AccountMode.NON_EXISTING_ACCOUNT,,BALANCE,2326.046307812551,2327,False,False,test_account_access,BALANCE,target_coef
COLD_ACCOUNT_CODE_ACCESS,besu,0.046777643321146686,0.001,0.04354100881321538,0.050055392738893,test_account_access,CALL,target_coef,models.custom[0],0.0,0.8839526674116501,0.882756303158162,AccountMode.EXISTING_CONTRACT_DIFF_MAX,,CALL,3508.3232490860014,3509,False,True,test_account_access,CALL,target_coef
COLD_ACCOUNT_CODE_ACCESS,besu,0.027174902014513856,0.001,0.025147069047377978,0.029396635046861918,test_account_access,CALL,target_coef,models.custom[0],0.0,0.844310860505929,0.8427058178307323,AccountMode.EXISTING_CONTRACT_MINIMAL,,CALL,2038.1176510885393,2039,False,False,test_account_access,CALL,target_coef
COLD_ACCOUNT_CODE_ACCESS,besu,0.027222014896008007,0.001,0.02501802290466773,0.029392329891398967,test_account_access,CALL,target_coef,models.custom[0],0.0,0.8433399401218602,0.841724887958168,AccountMode.EXISTING_CONTRACT_SAME_MAX,,CALL,2041.6511172006005,2042,False,False,test_account_access,CALL,target_coef
COLD_ACCOUNT_CODE_ACCESS,besu,0.032934094935948614,0.001,0.030816381646159026,0.03529058050712344,test_account_access,CALL,target_coef,models.custom[0],0.0,0.8950897839115629,0.8940082352920945,AccountMode.NON_EXISTING_ACCOUNT,,CALL,2470.057120196146,2471,False,False,test_account_access,CALL,target_coef
COLD_ACCOUNT_CODE_ACCESS,besu,0.046136062714857075,0.001,0.04260316479141368,0.04951308121991854,test_account_access,CALLCODE,target_coef,models.custom[0],0.0,0.8816968259260016,0.8804772055747233,AccountMode.EXISTING_CONTRACT_DIFF_MAX,,CALLCODE,3460.2047036142803,3461,False,False,test_account_access,CALLCODE,target_coef
COLD_ACCOUNT_CODE_ACCESS,besu,0.02749028711002888,0.001,0.025101817266236635,0.02989717652486082,test_account_access,CALLCODE,target_coef,models.custom[0],0.0,0.8272760079728537,0.8254953482612337,AccountMode.EXISTING_CONTRACT_MINIMAL,,CALLCODE,2061.771533252166,2062,False,False,test_account_access,CALLCODE,target_coef
COLD_ACCOUNT_CODE_ACCESS,besu,0.027589570156454187,0.001,0.02516164690583867,0.029930493694972957,test_account_access,CALLCODE,target_coef,models.custom[0],0.0,0.8233829585844722,0.821562164343075,AccountMode.EXISTING_CONTRACT_SAME_MAX,,CALLCODE,2069.217761734064,2070,False,False,test_account_access,CALLCODE,target_coef
COLD_ACCOUNT_CODE_ACCESS,besu,0.032228112941617405,0.001,0.030227541853707712,0.034060180711374344,test_account_access,CALLCODE,target_coef,models.custom[0],0.0,0.9101481287539409,0.9092218208029507,AccountMode.NON_EXISTING_ACCOUNT,,CALLCODE,2417.1084706213055,2418,False,False,test_account_access,CALLCODE,target_coef
COLD_ACCOUNT_CODE_ACCESS,besu,0.04585854347267252,0.001,0.04232703390176585,0.04936834065710807,test_account_access,DELEGATECALL,target_coef,models.custom[0],0.0,0.8659823082952129,0.8646006826075348,AccountMode.EXISTING_CONTRACT_DIFF_MAX,,DELEGATECALL,3439.390760450439,3440,False,False,test_account_access,DELEGATECALL,target_coef
COLD_ACCOUNT_CODE_ACCESS,besu,0.027598703418262274,0.001,0.025084865346764292,0.03036535748157582,test_account_access,DELEGATECALL,target_coef,models.custom[0],0.0,0.8235457451514623,0.8217266291220959,AccountMode.EXISTING_CONTRACT_MINIMAL,,DELEGATECALL,2069.9027563696704,2070,False,False,test_account_access,DELEGATECALL,target_coef
COLD_ACCOUNT_CODE_ACCESS,besu,0.027660382612384276,0.001,0.025216382137987745,0.03055397933270084,test_account_access,DELEGATECALL,target_coef,models.custom[0],0.0,0.8089213318301866,0.8069514486531781,AccountMode.EXISTING_CONTRACT_SAME_MAX,,DELEGATECALL,2074.5286959288205,2075,False,False,test_account_access,DELEGATECALL,target_coef
COLD_ACCOUNT_CODE_ACCESS,besu,0.03231183729478607,0.001,0.0302286703823627,0.03450251097624183,test_account_access,DELEGATECALL,target_coef,models.custom[0],0.0,0.9023150757602227,0.9013080146855859,AccountMode.NON_EXISTING_ACCOUNT,,DELEGATECALL,2423.387797108955,2424,False,False,test_account_access,DELEGATECALL,target_coef
COLD_ACCOUNT_CODE_ACCESS,besu,0.045368921189950166,0.001,0.04210755978464681,0.04857107569507692,test_account_access,EXTCODECOPY,target_coef,models.custom[0],0.0,0.8801309303146154,0.8788951667096114,AccountMode.EXISTING_CONTRACT_DIFF_MAX,,EXTCODECOPY,3402.6690892462625,3403,False,False,test_account_access,EXTCODECOPY,target_coef
COLD_ACCOUNT_CODE_ACCESS,besu,0.026255286751179826,0.001,0.02384420711998366,0.028532391226188447,test_account_access,EXTCODECOPY,target_coef,models.custom[0],0.0,0.8211656196406215,0.8193219662348548,AccountMode.EXISTING_CONTRACT_MINIMAL,,EXTCODECOPY,1969.146506338487,1970,False,False,test_account_access,EXTCODECOPY,target_coef
COLD_ACCOUNT_CODE_ACCESS,besu,0.02661704544001252,0.001,0.024045349933636804,0.029247609190824322,test_account_access,EXTCODECOPY,target_coef,models.custom[0],0.0,0.8069247923401214,0.8049343262817721,AccountMode.EXISTING_CONTRACT_SAME_MAX,,EXTCODECOPY,1996.2784080009387,1997,False,False,test_account_access,EXTCODECOPY,target_coef
COLD_ACCOUNT_CODE_ACCESS,besu,0.03152534255370198,0.001,0.02951995857245939,0.033554231228602724,test_account_access,EXTCODECOPY,target_coef,models.custom[0],0.0,0.9058910146841104,0.9049208189592043,AccountMode.NON_EXISTING_ACCOUNT,,EXTCODECOPY,2364.400691527648,2365,False,False,test_account_access,EXTCODECOPY,target_coef
COLD_ACCOUNT_CODE_ACCESS,besu,0.04404539476213199,0.001,0.040609211326742084,0.046983372183704304,test_account_access,EXTCODEHASH,target_coef,models.custom[0],0.0,0.8850958552307067,0.8839112764186521,AccountMode.EXISTING_CONTRACT_DIFF_MAX,,EXTCODEHASH,3303.4046071598996,3304,False,False,test_account_access,EXTCODEHASH,target_coef
COLD_ACCOUNT_CODE_ACCESS,besu,0.02613273055486577,0.001,0.023619023308490052,0.028510263541491825,test_account_access,EXTCODEHASH,target_coef,models.custom[0],0.0,0.8156653052542849,0.8137649475764941,AccountMode.EXISTING_CONTRACT_MINIMAL,,EXTCODEHASH,1959.954791614933,1960,False,False,test_account_access,EXTCODEHASH,target_coef
COLD_ACCOUNT_CODE_ACCESS,besu,0.025579983274590126,0.001,0.02331223686895554,0.02803569920871213,test_account_access,EXTCODEHASH,target_coef,models.custom[0],0.0,0.8162212923526772,0.8143266665006429,AccountMode.EXISTING_CONTRACT_SAME_MAX,,EXTCODEHASH,1918.4987455942594,1919,False,False,test_account_access,EXTCODEHASH,target_coef
COLD_ACCOUNT_CODE_ACCESS,besu,0.031037833212116908,0.001,0.02924001710501713,0.03305371727411922,test_account_access,EXTCODEHASH,target_coef,models.custom[0],0.0,0.90823895057755,0.9072929603773185,AccountMode.NON_EXISTING_ACCOUNT,,EXTCODEHASH,2327.837490908768,2328,False,False,test_account_access,EXTCODEHASH,target_coef
COLD_ACCOUNT_CODE_ACCESS,besu,0.044211822461953675,0.001,0.04106452988247677,0.047446545231944935,test_account_access,EXTCODESIZE,target_coef,models.custom[0],0.0,0.8892937647695043,0.8881524633753755,AccountMode.EXISTING_CONTRACT_DIFF_MAX,,EXTCODESIZE,3315.8866846465253,3316,False,False,test_account_access,EXTCODESIZE,target_coef
COLD_ACCOUNT_CODE_ACCESS,besu,0.025945979795389703,0.001,0.023546992780296414,0.02832779315053185,test_account_access,EXTCODESIZE,target_coef,models.custom[0],0.0,0.8235908613437684,0.8217722104297867,AccountMode.EXISTING_CONTRACT_MINIMAL,,EXTCODESIZE,1945.9484846542277,1946,False,False,test_account_access,EXTCODESIZE,target_coef
COLD_ACCOUNT_CODE_ACCESS,besu,0.026083628850837384,0.001,0.023684458027134033,0.028424703691302945,test_account_access,EXTCODESIZE,target_coef,models.custom[0],0.0,0.8165633324110861,0.814672232745221,AccountMode.EXISTING_CONTRACT_SAME_MAX,,EXTCODESIZE,1956.272163812804,1957,False,False,test_account_access,EXTCODESIZE,target_coef
COLD_ACCOUNT_CODE_ACCESS,besu,0.030921948917092375,0.001,0.028925224135621576,0.03279833940417705,test_account_access,EXTCODESIZE,target_coef,models.custom[0],0.0,0.896240404573758,0.895170718022972,AccountMode.NON_EXISTING_ACCOUNT,,EXTCODESIZE,2319.1461687819283,2320,False,False,test_account_access,EXTCODESIZE,target_coef
COLD_ACCOUNT_CODE_ACCESS,besu,0.04653094968535067,0.001,0.04322631935771803,0.049912164514479024,test_account_access,STATICCALL,target_coef,models.custom[0],0.0,0.8853301067828359,0.8841479429352362,AccountMode.EXISTING_CONTRACT_DIFF_MAX,,STATICCALL,3489.8212264013,3490,False,False,test_account_access,STATICCALL,target_coef
COLD_ACCOUNT_CODE_ACCESS,besu,0.026459690085763796,0.001,0.024125485163270573,0.028754421089565232,test_account_access,STATICCALL,target_coef,models.custom[0],0.0,0.8357185057953874,0.8340248821437934,AccountMode.EXISTING_CONTRACT_MINIMAL,,STATICCALL,1984.476756432285,1985,False,False,test_account_access,STATICCALL,target_coef
COLD_ACCOUNT_CODE_ACCESS,besu,0.027081015864748658,0.001,0.024948236490582917,0.029408059160348863,test_account_access,STATICCALL,target_coef,models.custom[0],0.0,0.8306721464223856,0.8289264984473587,AccountMode.EXISTING_CONTRACT_SAME_MAX,,STATICCALL,2031.0761898561493,2032,False,False,test_account_access,STATICCALL,target_coef
COLD_ACCOUNT_CODE_ACCESS,besu,0.03367669855961915,0.001,0.03147435653570673,0.036050772207429235,test_account_access,STATICCALL,target_coef,models.custom[0],0.0,0.893456315511075,0.8923579270111891,AccountMode.NON_EXISTING_ACCOUNT,,STATICCALL,2525.752391971436,2526,False,False,test_account_access,STATICCALL,target_coef
COLD_ACCOUNT_CODE_ACCESS,erigon,0.024825264287321937,0.001,0.02314783961564193,0.026231494423861457,test_account_access,BALANCE,target_coef,models.custom[0],0.0,0.942319134493228,0.9412308162761192,AccountMode.EXISTING_CONTRACT_DIFF_MAX,,BALANCE,1861.8948215491453,1862,False,False,test_account_access,BALANCE,target_coef
COLD_ACCOUNT_CODE_ACCESS,erigon,0.023855288380593236,0.001,0.022187428622157234,0.02516993621480534,test_account_access,BALANCE,target_coef,models.custom[0],0.0,0.9408921686457689,0.9397769265447456,AccountMode.EXISTING_CONTRACT_MINIMAL,,BALANCE,1789.1466285444926,1790,False,False,test_account_access,BALANCE,target_coef
COLD_ACCOUNT_CODE_ACCESS,erigon,0.024014309451981422,0.001,0.022416323906878248,0.02532694694638435,test_account_access,BALANCE,target_coef,models.custom[0],0.0,0.9408776833851236,0.9397621679772957,AccountMode.EXISTING_CONTRACT_SAME_MAX,,BALANCE,1801.0732088986067,1802,False,False,test_account_access,BALANCE,target_coef
COLD_ACCOUNT_CODE_ACCESS,erigon,0.008302868194711379,0.001,0.008241906518221253,0.008355652695552334,test_account_access,BALANCE,target_coef,models.custom[0],0.0,0.9940778873534757,0.993966149379013,AccountMode.NON_EXISTING_ACCOUNT,,BALANCE,622.7151146033534,623,False,False,test_account_access,BALANCE,target_coef
COLD_ACCOUNT_CODE_ACCESS,erigon,0.14710723101876422,0.001,0.13338903837824667,0.15830968060384742,test_account_access,CALL,target_coef,models.custom[0],0.0,0.8984448508533414,0.8965287159637818,AccountMode.EXISTING_CONTRACT_DIFF_MAX,,CALL,11033.042326407318,11034,False,True,test_account_access,CALL,target_coef
COLD_ACCOUNT_CODE_ACCESS,erigon,0.02494707734015296,0.001,0.023322075506694604,0.02636822498100585,test_account_access,CALL,target_coef,models.custom[0],0.0,0.9418397019437698,0.9407423378295012,AccountMode.EXISTING_CONTRACT_MINIMAL,,CALL,1871.0308005114719,1872,False,False,test_account_access,CALL,target_coef
COLD_ACCOUNT_CODE_ACCESS,erigon,0.027075502259497636,0.001,0.023126771742286285,0.03126533743502195,test_account_access,CALL,target_coef,models.custom[0],0.0,0.7683932422744539,0.7640233034494436,AccountMode.EXISTING_CONTRACT_SAME_MAX,,CALL,2030.6626694623228,2031,False,False,test_account_access,CALL,target_coef
COLD_ACCOUNT_CODE_ACCESS,erigon,0.009159204500050089,0.001,0.008977909902323016,0.009280577629644323,test_account_access,CALL,target_coef,models.custom[0],0.0,0.9767496366452613,0.9763109505442285,AccountMode.NON_EXISTING_ACCOUNT,,CALL,686.9403375037566,687,False,False,test_account_access,CALL,target_coef
COLD_ACCOUNT_CODE_ACCESS,erigon,0.14653694253722988,0.001,0.1348667620710677,0.15802338699070698,test_account_access,CALLCODE,target_coef,models.custom[0],0.0,0.8988815169664411,0.8969736210601476,AccountMode.EXISTING_CONTRACT_DIFF_MAX,,CALLCODE,10990.270690292242,10991,False,False,test_account_access,CALLCODE,target_coef
COLD_ACCOUNT_CODE_ACCESS,erigon,0.024464505492972154,0.001,0.02272185194120668,0.025781180220401576,test_account_access,CALLCODE,target_coef,models.custom[0],0.0,0.9415704873566157,0.9404680437218349,AccountMode.EXISTING_CONTRACT_MINIMAL,,CALLCODE,1834.8379119729116,1835,False,False,test_account_access,CALLCODE,target_coef
COLD_ACCOUNT_CODE_ACCESS,erigon,0.02637977150218141,0.001,0.022114970693535102,0.030427909833228992,test_account_access,CALLCODE,target_coef,models.custom[0],0.0,0.7455841493859053,0.7407838503177149,AccountMode.EXISTING_CONTRACT_SAME_MAX,,CALLCODE,1978.4828626636058,1979,False,False,test_account_access,CALLCODE,target_coef
COLD_ACCOUNT_CODE_ACCESS,erigon,0.008414875831177627,0.001,0.008345522786450168,0.008479190080732281,test_account_access,CALLCODE,target_coef,models.custom[0],0.0,0.9918465794486855,0.9916927413250758,AccountMode.NON_EXISTING_ACCOUNT,,CALLCODE,631.115687338322,632,False,False,test_account_access,CALLCODE,target_coef
COLD_ACCOUNT_CODE_ACCESS,erigon,0.14684187208795213,0.001,0.13235067218905627,0.15789276829103957,test_account_access,DELEGATECALL,target_coef,models.custom[0],0.0,0.8999253964803812,0.8980371964139733,AccountMode.EXISTING_CONTRACT_DIFF_MAX,,DELEGATECALL,11013.140406596409,11014,False,False,test_account_access,DELEGATECALL,target_coef
COLD_ACCOUNT_CODE_ACCESS,erigon,0.02431912108835268,0.001,0.022683623944503087,0.02561985598529567,test_account_access,DELEGATECALL,target_coef,models.custom[0],0.0,0.9404728922969936,0.9393497393214651,AccountMode.EXISTING_CONTRACT_MINIMAL,,DELEGATECALL,1823.934081626451,1824,False,False,test_account_access,DELEGATECALL,target_coef
COLD_ACCOUNT_CODE_ACCESS,erigon,0.0265232686133342,0.001,0.02238796267941353,0.031056474746404328,test_account_access,DELEGATECALL,target_coef,models.custom[0],0.0,0.7460994850680229,0.7413089093145894,AccountMode.EXISTING_CONTRACT_SAME_MAX,,DELEGATECALL,1989.245146000065,1990,False,False,test_account_access,DELEGATECALL,target_coef
COLD_ACCOUNT_CODE_ACCESS,erigon,0.008433667706313121,0.001,0.008344600462678537,0.008510634897037404,test_account_access,DELEGATECALL,target_coef,models.custom[0],0.0,0.990020638208984,0.9898323483638705,AccountMode.NON_EXISTING_ACCOUNT,,DELEGATECALL,632.525077973484,633,False,False,test_account_access,DELEGATECALL,target_coef
COLD_ACCOUNT_CODE_ACCESS,erigon,0.1440267663861838,0.001,0.13201476675485005,0.15464405547730575,test_account_access,EXTCODECOPY,target_coef,models.custom[0],0.0,0.9129738014665049,0.9113317977205899,AccountMode.EXISTING_CONTRACT_DIFF_MAX,,EXTCODECOPY,10802.007478963786,10803,False,False,test_account_access,EXTCODECOPY,target_coef
COLD_ACCOUNT_CODE_ACCESS,erigon,0.024195650557444486,0.001,0.022584149729312074,0.025577269593574377,test_account_access,EXTCODECOPY,target_coef,models.custom[0],0.0,0.936373333497481,0.935172830355924,AccountMode.EXISTING_CONTRACT_MINIMAL,,EXTCODECOPY,1814.6737918083365,1815,False,False,test_account_access,EXTCODECOPY,target_coef
COLD_ACCOUNT_CODE_ACCESS,erigon,0.024170394005341735,0.001,0.02270057193958769,0.02566563500413959,test_account_access,EXTCODECOPY,target_coef,models.custom[0],0.0,0.9396163562726298,0.9384770422400379,AccountMode.EXISTING_CONTRACT_SAME_MAX,,EXTCODECOPY,1812.7795504006301,1813,False,False,test_account_access,EXTCODECOPY,target_coef
COLD_ACCOUNT_CODE_ACCESS,erigon,0.008183002771067246,0.001,0.00810616294221514,0.008247549690541168,test_account_access,EXTCODECOPY,target_coef,models.custom[0],0.0,0.99155224272253,0.9913928510757852,AccountMode.NON_EXISTING_ACCOUNT,,EXTCODECOPY,613.7252078300435,614,False,False,test_account_access,EXTCODECOPY,target_coef
COLD_ACCOUNT_CODE_ACCESS,erigon,0.024376620514720705,0.001,0.022744298348674412,0.025729538932449895,test_account_access,EXTCODEHASH,target_coef,models.custom[0],0.0,0.9425422246657188,0.9414581156971474,AccountMode.EXISTING_CONTRACT_DIFF_MAX,,EXTCODEHASH,1828.246538604053,1829,False,False,test_account_access,EXTCODEHASH,target_coef
COLD_ACCOUNT_CODE_ACCESS,erigon,0.023790303434795938,0.001,0.022189265321073272,0.025051899872946783,test_account_access,EXTCODEHASH,target_coef,models.custom[0],0.0,0.9428694781384723,0.9417915437637265,AccountMode.EXISTING_CONTRACT_MINIMAL,,EXTCODEHASH,1784.2727576096954,1785,False,False,test_account_access,EXTCODEHASH,target_coef
COLD_ACCOUNT_CODE_ACCESS,erigon,0.023630714307623785,0.001,0.02206711613533627,0.024984493009733193,test_account_access,EXTCODEHASH,target_coef,models.custom[0],0.0,0.9401107250242378,0.9389807387039404,AccountMode.EXISTING_CONTRACT_SAME_MAX,,EXTCODEHASH,1772.3035730717838,1773,False,False,test_account_access,EXTCODEHASH,target_coef
COLD_ACCOUNT_CODE_ACCESS,erigon,0.008042975581246475,0.001,0.007989147000280283,0.008089820934153308,test_account_access,EXTCODEHASH,target_coef,models.custom[0],0.0,0.9953036871622604,0.9952150774860766,AccountMode.NON_EXISTING_ACCOUNT,,EXTCODEHASH,603.2231685934856,604,False,False,test_account_access,EXTCODEHASH,target_coef
COLD_ACCOUNT_CODE_ACCESS,erigon,0.14354953288843683,0.001,0.13128872087931492,0.15466329936689702,test_account_access,EXTCODESIZE,target_coef,models.custom[0],0.0,0.9107159341693927,0.9090313291537209,AccountMode.EXISTING_CONTRACT_DIFF_MAX,,EXTCODESIZE,10766.214966632762,10767,False,False,test_account_access,EXTCODESIZE,target_coef
COLD_ACCOUNT_CODE_ACCESS,erigon,0.024206103275289544,0.001,0.02242157089326404,0.025658962334426362,test_account_access,EXTCODESIZE,target_coef,models.custom[0],0.0,0.9368641775819052,0.9356729356494884,AccountMode.EXISTING_CONTRACT_MINIMAL,,EXTCODESIZE,1815.457745646716,1816,False,False,test_account_access,EXTCODESIZE,target_coef
COLD_ACCOUNT_CODE_ACCESS,erigon,0.02408405396041112,0.001,0.02251959742605081,0.025500092438470096,test_account_access,EXTCODESIZE,target_coef,models.custom[0],0.0,0.937522282096819,0.9363434572307212,AccountMode.EXISTING_CONTRACT_SAME_MAX,,EXTCODESIZE,1806.304047030834,1807,False,False,test_account_access,EXTCODESIZE,target_coef
COLD_ACCOUNT_CODE_ACCESS,erigon,0.008149408826776077,0.001,0.008089675083596573,0.00820993760535292,test_account_access,EXTCODESIZE,target_coef,models.custom[0],0.0,0.9933788716468066,0.9932539446967463,AccountMode.NON_EXISTING_ACCOUNT,,EXTCODESIZE,611.2056620082058,612,False,False,test_account_access,EXTCODESIZE,target_coef
COLD_ACCOUNT_CODE_ACCESS,erigon,0.1466547913572325,0.001,0.1328735534743403,0.15762231684803282,test_account_access,STATICCALL,target_coef,models.custom[0],0.0,0.8992644337646335,0.8973637627035889,AccountMode.EXISTING_CONTRACT_DIFF_MAX,,STATICCALL,10999.109351792438,11000,False,False,test_account_access,STATICCALL,target_coef
COLD_ACCOUNT_CODE_ACCESS,erigon,0.02454133419880626,0.001,0.022874167999980044,0.025878937578153738,test_account_access,STATICCALL,target_coef,models.custom[0],0.0,0.9411647349300692,0.9400546355891272,AccountMode.EXISTING_CONTRACT_MINIMAL,,STATICCALL,1840.6000649104697,1841,False,False,test_account_access,STATICCALL,target_coef
COLD_ACCOUNT_CODE_ACCESS,erigon,0.02654356951098627,0.001,0.02207943640957876,0.03051960800506807,test_account_access,STATICCALL,target_coef,models.custom[0],0.0,0.7444298769967296,0.739607799204215,AccountMode.EXISTING_CONTRACT_SAME_MAX,,STATICCALL,1990.7677133239704,1991,False,False,test_account_access,STATICCALL,target_coef
COLD_ACCOUNT_CODE_ACCESS,erigon,0.1055876562223323,0.001,0.1035750972259545,0.10777933868976583,test_account_access,STATICCALL,target_coef,models.custom[0],0.0,0.9943872633317938,0.9942813626399409,AccountMode.NON_EXISTING_ACCOUNT,,STATICCALL,7919.074216674922,7920,False,False,test_account_access,STATICCALL,target_coef
COLD_ACCOUNT_CODE_ACCESS,ethrex,0.0185394726860263,0.001,0.01784824098553518,0.019176981217320258,test_account_access,BALANCE,target_coef,models.custom[0],0.0,0.980995919060521,0.9807425313146613,AccountMode.EXISTING_CONTRACT_DIFF_MAX,,BALANCE,1390.4604514519724,1391,False,False,test_account_access,BALANCE,target_coef
COLD_ACCOUNT_CODE_ACCESS,ethrex,0.018612011421216334,0.001,0.01796171936508708,0.01928561350166898,test_account_access,BALANCE,target_coef,models.custom[0],0.0,0.9816010368829748,0.9813557173747478,AccountMode.EXISTING_CONTRACT_MINIMAL,,BALANCE,1395.9008565912252,1396,False,False,test_account_access,BALANCE,target_coef
COLD_ACCOUNT_CODE_ACCESS,ethrex,0.01863841697581143,0.001,0.0179908385759603,0.01925141623973773,test_account_access,BALANCE,target_coef,models.custom[0],0.0,0.9814621397103109,0.9812149682397817,AccountMode.EXISTING_CONTRACT_SAME_MAX,,BALANCE,1397.881273185857,1398,False,False,test_account_access,BALANCE,target_coef
COLD_ACCOUNT_CODE_ACCESS,ethrex,0.0024080793206681774,0.001,0.0022936686798656508,0.002524092646650892,test_account_access,BALANCE,target_coef,models.custom[0],0.0,0.9554519223479271,0.9548579479792327,AccountMode.NON_EXISTING_ACCOUNT,,BALANCE,180.6059490501133,181,False,False,test_account_access,BALANCE,target_coef
COLD_ACCOUNT_CODE_ACCESS,ethrex,0.10066237091920605,0.001,0.09941373566591466,0.10177255295840339,test_account_access,CALL,target_coef,models.custom[0],0.0,0.9969123893353361,0.9968712211931405,AccountMode.EXISTING_CONTRACT_DIFF_MAX,,CALL,7549.677818940453,7550,False,False,test_account_access,CALL,target_coef
COLD_ACCOUNT_CODE_ACCESS,ethrex,0.018879600742229167,0.001,0.018264443892991783,0.019532326313388894,test_account_access,CALL,target_coef,models.custom[0],0.0,0.9828005410658932,0.9825712149467718,AccountMode.EXISTING_CONTRACT_MINIMAL,,CALL,1415.9700556671876,1416,False,False,test_account_access,CALL,target_coef
COLD_ACCOUNT_CODE_ACCESS,ethrex,0.018738220905345833,0.001,0.01812118962330255,0.019393050003125148,test_account_access,CALL,target_coef,models.custom[0],0.0,0.9805900791884592,0.9803312802443053,AccountMode.EXISTING_CONTRACT_SAME_MAX,,CALL,1405.3665679009375,1406,False,False,test_account_access,CALL,target_coef
COLD_ACCOUNT_CODE_ACCESS,ethrex,0.0025203522479331354,0.001,0.002403845932126577,0.0026471515967488707,test_account_access,CALL,target_coef,models.custom[0],0.0,0.959858926536277,0.9593237122234274,AccountMode.NON_EXISTING_ACCOUNT,,CALL,189.02641859498516,190,False,False,test_account_access,CALL,target_coef
COLD_ACCOUNT_CODE_ACCESS,ethrex,0.1007922844230804,0.001,0.0996181948145315,0.10194078742432557,test_account_access,CALLCODE,target_coef,models.custom[0],0.0,0.9976749578101155,0.9976439572475837,AccountMode.EXISTING_CONTRACT_DIFF_MAX,,CALLCODE,7559.42133173103,7560,False,False,test_account_access,CALLCODE,target_coef
COLD_ACCOUNT_CODE_ACCESS,ethrex,0.01884600331153819,0.001,0.018212607932502834,0.019540401587541424,test_account_access,CALLCODE,target_coef,models.custom[0],0.0,0.9819461151171994,0.9817053966520954,AccountMode.EXISTING_CONTRACT_MINIMAL,,CALLCODE,1413.4502483653644,1414,False,False,test_account_access,CALLCODE,target_coef
COLD_ACCOUNT_CODE_ACCESS,ethrex,0.018805910158568476,0.001,0.01804840914772466,0.019491235340351316,test_account_access,CALLCODE,target_coef,models.custom[0],0.0,0.9802187225202993,0.9799549721539033,AccountMode.EXISTING_CONTRACT_SAME_MAX,,CALLCODE,1410.4432618926357,1411,False,False,test_account_access,CALLCODE,target_coef
COLD_ACCOUNT_CODE_ACCESS,ethrex,0.0025565772849079106,0.001,0.0024186830522488923,0.0026887296819113823,test_account_access,CALLCODE,target_coef,models.custom[0],0.0,0.9595806999213833,0.959041775920335,AccountMode.NON_EXISTING_ACCOUNT,,CALLCODE,191.7432963680933,192,False,False,test_account_access,CALLCODE,target_coef
COLD_ACCOUNT_CODE_ACCESS,ethrex,0.10101946672622296,0.001,0.09975540928610079,0.102111927922029,test_account_access,DELEGATECALL,target_coef,models.custom[0],0.0,0.997130136022716,0.9970918711696856,AccountMode.EXISTING_CONTRACT_DIFF_MAX,,DELEGATECALL,7576.460004466722,7577,False,False,test_account_access,DELEGATECALL,target_coef
COLD_ACCOUNT_CODE_ACCESS,ethrex,0.01875223005072387,0.001,0.018148411961466375,0.019408113375798022,test_account_access,DELEGATECALL,target_coef,models.custom[0],0.0,0.9823324023560227,0.9820968343874363,AccountMode.EXISTING_CONTRACT_MINIMAL,,DELEGATECALL,1406.4172538042903,1407,False,False,test_account_access,DELEGATECALL,target_coef
COLD_ACCOUNT_CODE_ACCESS,ethrex,0.018827370175090317,0.001,0.01814933904058174,0.019504106419234946,test_account_access,DELEGATECALL,target_coef,models.custom[0],0.0,0.9806483682721373,0.9803903465157658,AccountMode.EXISTING_CONTRACT_SAME_MAX,,DELEGATECALL,1412.0527631317739,1413,False,False,test_account_access,DELEGATECALL,target_coef
COLD_ACCOUNT_CODE_ACCESS,ethrex,0.0025285467823447493,0.001,0.0024212197666779386,0.0026430380445418298,test_account_access,DELEGATECALL,target_coef,models.custom[0],0.0,0.9648636314778916,0.9643951465642634,AccountMode.NON_EXISTING_ACCOUNT,,DELEGATECALL,189.6410086758562,190,False,False,test_account_access,DELEGATECALL,target_coef
COLD_ACCOUNT_CODE_ACCESS,ethrex,0.10104204815397949,0.001,0.10002940417679904,0.1020089159706375,test_account_access,EXTCODECOPY,target_coef,models.custom[0],0.0,0.9980012978793342,0.9979746485177253,AccountMode.EXISTING_CONTRACT_DIFF_MAX,,EXTCODECOPY,7578.153611548462,7579,False,False,test_account_access,EXTCODECOPY,target_coef
COLD_ACCOUNT_CODE_ACCESS,ethrex,0.018726063233930133,0.001,0.018070925455159245,0.01940161250043005,test_account_access,EXTCODECOPY,target_coef,models.custom[0],0.0,0.980918077927236,0.9806636522995991,AccountMode.EXISTING_CONTRACT_MINIMAL,,EXTCODECOPY,1404.45474254476,1405,False,False,test_account_access,EXTCODECOPY,target_coef
COLD_ACCOUNT_CODE_ACCESS,ethrex,0.018623332402977644,0.001,0.01795923411164961,0.019315081842260867,test_account_access,EXTCODECOPY,target_coef,models.custom[0],0.0,0.9814559511599376,0.9812086971754034,AccountMode.EXISTING_CONTRACT_SAME_MAX,,EXTCODECOPY,1396.7499302233232,1397,False,False,test_account_access,EXTCODECOPY,target_coef
COLD_ACCOUNT_CODE_ACCESS,ethrex,0.0024608432914856406,0.001,0.0023199029625786795,0.00260498310213783,test_account_access,EXTCODECOPY,target_coef,models.custom[0],0.0,0.9486012868214064,0.9479159706456919,AccountMode.NON_EXISTING_ACCOUNT,,EXTCODECOPY,184.56324686142304,185,False,False,test_account_access,EXTCODECOPY,target_coef
COLD_ACCOUNT_CODE_ACCESS,ethrex,0.01853927991834453,0.001,0.017814173200275906,0.01919139466737207,test_account_access,EXTCODEHASH,target_coef,models.custom[0],0.0,0.9806791061397546,0.9804214942216181,AccountMode.EXISTING_CONTRACT_DIFF_MAX,,EXTCODEHASH,1390.4459938758398,1391,False,False,test_account_access,EXTCODEHASH,target_coef
COLD_ACCOUNT_CODE_ACCESS,ethrex,0.018645001937740283,0.001,0.017919218996146263,0.0192783054230132,test_account_access,EXTCODEHASH,target_coef,models.custom[0],0.0,0.9807048788951785,0.9804476106137809,AccountMode.EXISTING_CONTRACT_MINIMAL,,EXTCODEHASH,1398.3751453305213,1399,False,False,test_account_access,EXTCODEHASH,target_coef
COLD_ACCOUNT_CODE_ACCESS,ethrex,0.018623200273776234,0.001,0.017983186677342097,0.01927874630905193,test_account_access,EXTCODEHASH,target_coef,models.custom[0],0.0,0.9808323252155668,0.9805767562184411,AccountMode.EXISTING_CONTRACT_SAME_MAX,,EXTCODEHASH,1396.7400205332176,1397,False,False,test_account_access,EXTCODEHASH,target_coef
COLD_ACCOUNT_CODE_ACCESS,ethrex,0.0024159144801819436,0.001,0.002315189496773177,0.0025239171199736817,test_account_access,EXTCODEHASH,target_coef,models.custom[0],0.0,0.963168627376498,0.9626775424081846,AccountMode.NON_EXISTING_ACCOUNT,,EXTCODEHASH,181.19358601364578,182,False,False,test_account_access,EXTCODEHASH,target_coef
COLD_ACCOUNT_CODE_ACCESS,ethrex,0.10130130420831758,0.001,0.10009856895943396,0.10238854760592013,test_account_access,EXTCODESIZE,target_coef,models.custom[0],0.0,0.9973460297275205,0.9973106434572208,AccountMode.EXISTING_CONTRACT_DIFF_MAX,,EXTCODESIZE,7597.597815623819,7598,False,False,test_account_access,EXTCODESIZE,target_coef
COLD_ACCOUNT_CODE_ACCESS,ethrex,0.018720215074551242,0.001,0.018087029693534356,0.019380030937113397,test_account_access,EXTCODESIZE,target_coef,models.custom[0],0.0,0.9818661432692763,0.9816243585128667,AccountMode.EXISTING_CONTRACT_MINIMAL,,EXTCODESIZE,1404.0161305913432,1405,False,False,test_account_access,EXTCODESIZE,target_coef
COLD_ACCOUNT_CODE_ACCESS,ethrex,0.018631856540508033,0.001,0.01801590368208339,0.01935485447729306,test_account_access,EXTCODESIZE,target_coef,models.custom[0],0.0,0.9805178624146595,0.9802581005801884,AccountMode.EXISTING_CONTRACT_SAME_MAX,,EXTCODESIZE,1397.3892405381025,1398,False,False,test_account_access,EXTCODESIZE,target_coef
COLD_ACCOUNT_CODE_ACCESS,ethrex,0.0023976538010389023,0.001,0.0022652481811948127,0.002557619437150484,test_account_access,EXTCODESIZE,target_coef,models.custom[0],0.0,0.9461873851664832,0.9454698836353695,AccountMode.NON_EXISTING_ACCOUNT,,EXTCODESIZE,179.82403507791767,180,False,False,test_account_access,EXTCODESIZE,target_coef
COLD_ACCOUNT_CODE_ACCESS,ethrex,0.10140896402666195,0.001,0.10034559548904358,0.10251596303325997,test_account_access,STATICCALL,target_coef,models.custom[0],0.0,0.997945465449374,0.9979180716553656,AccountMode.EXISTING_CONTRACT_DIFF_MAX,,STATICCALL,7605.672301999646,7606,False,True,test_account_access,STATICCALL,target_coef
COLD_ACCOUNT_CODE_ACCESS,ethrex,0.018846373409561943,0.001,0.01816374147069291,0.01953338095583643,test_account_access,STATICCALL,target_coef,models.custom[0],0.0,0.981719689824435,0.9814759523554275,AccountMode.EXISTING_CONTRACT_MINIMAL,,STATICCALL,1413.4780057171458,1414,False,False,test_account_access,STATICCALL,target_coef
COLD_ACCOUNT_CODE_ACCESS,ethrex,0.018782651941966683,0.001,0.018055956546120303,0.019481681956542728,test_account_access,STATICCALL,target_coef,models.custom[0],0.0,0.9801635402651504,0.9798990541353524,AccountMode.EXISTING_CONTRACT_SAME_MAX,,STATICCALL,1408.698895647501,1409,False,False,test_account_access,STATICCALL,target_coef
COLD_ACCOUNT_CODE_ACCESS,ethrex,0.00255305844269338,0.001,0.0024207740853543934,0.0026802921338940117,test_account_access,STATICCALL,target_coef,models.custom[0],0.0,0.9645248403525799,0.9640518382239477,AccountMode.NON_EXISTING_ACCOUNT,,STATICCALL,191.47938320200353,192,False,False,test_account_access,STATICCALL,target_coef
COLD_ACCOUNT_CODE_ACCESS,geth,0.02106570379649382,0.001,0.02028833883090919,0.02181616146556241,test_account_access,BALANCE,target_coef,models.custom[0],0.0,0.9829816578153918,0.9827837701155708,AccountMode.EXISTING_CONTRACT_DIFF_MAX,,BALANCE,1579.9277847370365,1580,False,False,test_account_access,BALANCE,target_coef
COLD_ACCOUNT_CODE_ACCESS,geth,0.019764856460648354,0.001,0.01949821687879591,0.020010694619986658,test_account_access,BALANCE,target_coef,models.custom[0],0.0,0.9960741121419769,0.9960284622831628,AccountMode.EXISTING_CONTRACT_MINIMAL,,BALANCE,1482.3642345486264,1483,False,False,test_account_access,BALANCE,target_coef
COLD_ACCOUNT_CODE_ACCESS,geth,0.019887023700408648,0.001,0.01958745760278147,0.0202173545585098,test_account_access,BALANCE,target_coef,models.custom[0],0.0,0.9946055798145309,0.9945428539984208,AccountMode.EXISTING_CONTRACT_SAME_MAX,,BALANCE,1491.5267775306486,1492,False,False,test_account_access,BALANCE,target_coef
COLD_ACCOUNT_CODE_ACCESS,geth,0.02010088274924175,0.001,0.019860290067260398,0.020332111755911517,test_account_access,BALANCE,target_coef,models.custom[0],0.0,0.996647712190481,0.9966087320996726,AccountMode.NON_EXISTING_ACCOUNT,,BALANCE,1507.5662061931312,1508,False,False,test_account_access,BALANCE,target_coef
COLD_ACCOUNT_CODE_ACCESS,geth,0.04167214606067385,0.001,0.03908752937840076,0.044116359657760375,test_account_access,CALL,target_coef,models.custom[0],0.0,0.9358708930215051,0.9351252057310574,AccountMode.EXISTING_CONTRACT_DIFF_MAX,,CALL,3125.4109545505385,3126,False,False,test_account_access,CALL,target_coef
COLD_ACCOUNT_CODE_ACCESS,geth,0.02038010410103222,0.001,0.020058964225510498,0.020654882960115268,test_account_access,CALL,target_coef,models.custom[0],0.0,0.9953106712173879,0.9952561441385204,AccountMode.EXISTING_CONTRACT_MINIMAL,,CALL,1528.5078075774165,1529,False,False,test_account_access,CALL,target_coef
COLD_ACCOUNT_CODE_ACCESS,geth,0.020345924772851548,0.001,0.02009390721476791,0.020568618905502715,test_account_access,CALL,target_coef,models.custom[0],0.0,0.9962730242069971,0.9962296872791715,AccountMode.EXISTING_CONTRACT_SAME_MAX,,CALL,1525.9443579638662,1526,False,False,test_account_access,CALL,target_coef
COLD_ACCOUNT_CODE_ACCESS,geth,0.020927949498769444,0.001,0.020670718889633486,0.021219204839638316,test_account_access,CALL,target_coef,models.custom[0],0.0,0.9961571498075966,0.9961124655030338,AccountMode.NON_EXISTING_ACCOUNT,,CALL,1569.5962124077082,1570,False,False,test_account_access,CALL,target_coef
COLD_ACCOUNT_CODE_ACCESS,geth,0.04149526887994416,0.001,0.03895680551518719,0.0442082881766277,test_account_access,CALLCODE,target_coef,models.custom[0],0.0,0.9343939921303948,0.9336311315737714,AccountMode.EXISTING_CONTRACT_DIFF_MAX,,CALLCODE,3112.145165995812,3113,False,False,test_account_access,CALLCODE,target_coef
COLD_ACCOUNT_CODE_ACCESS,geth,0.020321139729631642,0.001,0.020064257082873196,0.02058777411632447,test_account_access,CALLCODE,target_coef,models.custom[0],0.0,0.997160915092451,0.9971279024772469,AccountMode.EXISTING_CONTRACT_MINIMAL,,CALLCODE,1524.0854797223733,1525,False,False,test_account_access,CALLCODE,target_coef
COLD_ACCOUNT_CODE_ACCESS,geth,0.0200077918347108,0.001,0.01959673390822413,0.02036339879756317,test_account_access,CALLCODE,target_coef,models.custom[0],0.0,0.993708316178226,0.9936351570640193,AccountMode.EXISTING_CONTRACT_SAME_MAX,,CALLCODE,1500.5843876033102,1501,False,False,test_account_access,CALLCODE,target_coef
COLD_ACCOUNT_CODE_ACCESS,geth,0.02125984061573938,0.001,0.02098256615530675,0.021540931857347997,test_account_access,CALLCODE,target_coef,models.custom[0],0.0,0.9961773825140814,0.9961329334735475,AccountMode.NON_EXISTING_ACCOUNT,,CALLCODE,1594.4880461804537,1595,False,False,test_account_access,CALLCODE,target_coef
COLD_ACCOUNT_CODE_ACCESS,geth,0.041319610091748865,0.001,0.03862951596759945,0.04380757181130808,test_account_access,DELEGATECALL,target_coef,models.custom[0],0.0,0.9353532064413034,0.934601499539458,AccountMode.EXISTING_CONTRACT_DIFF_MAX,,DELEGATECALL,3098.970756881165,3099,False,False,test_account_access,DELEGATECALL,target_coef
COLD_ACCOUNT_CODE_ACCESS,geth,0.02024955948320525,0.001,0.020000065151343244,0.020508509478774535,test_account_access,DELEGATECALL,target_coef,models.custom[0],0.0,0.9966539822004618,0.9966150750167462,AccountMode.EXISTING_CONTRACT_MINIMAL,,DELEGATECALL,1518.7169612403939,1519,False,False,test_account_access,DELEGATECALL,target_coef
COLD_ACCOUNT_CODE_ACCESS,geth,0.019999105914950792,0.001,0.019686595304661964,0.020308259945905273,test_account_access,DELEGATECALL,target_coef,models.custom[0],0.0,0.9951837740239142,0.9951277713962853,AccountMode.EXISTING_CONTRACT_SAME_MAX,,DELEGATECALL,1499.9329436213095,1500,False,False,test_account_access,DELEGATECALL,target_coef
COLD_ACCOUNT_CODE_ACCESS,geth,0.02129931282245143,0.001,0.02101170186628934,0.02160323355968872,test_account_access,DELEGATECALL,target_coef,models.custom[0],0.0,0.9956507537707007,0.9956001811401274,AccountMode.NON_EXISTING_ACCOUNT,,DELEGATECALL,1597.4484616838572,1598,False,False,test_account_access,DELEGATECALL,target_coef
COLD_ACCOUNT_CODE_ACCESS,geth,0.04206662508556617,0.001,0.039301288450402316,0.04474518493285202,test_account_access,EXTCODECOPY,target_coef,models.custom[0],0.0,0.9333803872709595,0.9326057406113195,AccountMode.EXISTING_CONTRACT_DIFF_MAX,,EXTCODECOPY,3154.9968814174626,3155,False,True,test_account_access,EXTCODECOPY,target_coef
COLD_ACCOUNT_CODE_ACCESS,geth,0.020334802852550283,0.001,0.02001381828126381,0.020635271616124523,test_account_access,EXTCODECOPY,target_coef,models.custom[0],0.0,0.9952001255803832,0.9951443130871318,AccountMode.EXISTING_CONTRACT_MINIMAL,,EXTCODECOPY,1525.1102139412712,1526,False,False,test_account_access,EXTCODECOPY,target_coef
COLD_ACCOUNT_CODE_ACCESS,geth,0.02006105666063309,0.001,0.019728614894732058,0.020456464616323,test_account_access,EXTCODECOPY,target_coef,models.custom[0],0.0,0.9947618628204983,0.9947009542486436,AccountMode.EXISTING_CONTRACT_SAME_MAX,,EXTCODECOPY,1504.5792495474818,1505,False,False,test_account_access,EXTCODECOPY,target_coef
COLD_ACCOUNT_CODE_ACCESS,geth,0.02054285286145817,0.001,0.020269523921101686,0.020795339515195698,test_account_access,EXTCODECOPY,target_coef,models.custom[0],0.0,0.9963829671466574,0.9963409086251069,AccountMode.NON_EXISTING_ACCOUNT,,EXTCODECOPY,1540.7139646093626,1541,False,False,test_account_access,EXTCODECOPY,target_coef
COLD_ACCOUNT_CODE_ACCESS,geth,0.019631101785470652,0.001,0.019359494701551766,0.01991172505209075,test_account_access,EXTCODEHASH,target_coef,models.custom[0],0.0,0.9958062461311348,0.9957574815512642,AccountMode.EXISTING_CONTRACT_DIFF_MAX,,EXTCODEHASH,1472.332633910299,1473,False,False,test_account_access,EXTCODEHASH,target_coef
COLD_ACCOUNT_CODE_ACCESS,geth,0.019767388614435832,0.001,0.019462176455109215,0.020052003856599106,test_account_access,EXTCODEHASH,target_coef,models.custom[0],0.0,0.99478255001496,0.994721881991878,AccountMode.EXISTING_CONTRACT_MINIMAL,,EXTCODEHASH,1482.5541460826873,1483,False,False,test_account_access,EXTCODEHASH,target_coef
COLD_ACCOUNT_CODE_ACCESS,geth,0.019657145937582634,0.001,0.019332684333592615,0.019985790920633212,test_account_access,EXTCODEHASH,target_coef,models.custom[0],0.0,0.9951228489756277,0.9950661379172048,AccountMode.EXISTING_CONTRACT_SAME_MAX,,EXTCODEHASH,1474.2859453186975,1475,False,False,test_account_access,EXTCODEHASH,target_coef
COLD_ACCOUNT_CODE_ACCESS,geth,0.02004860971039142,0.001,0.019763656879933773,0.020327343466612625,test_account_access,EXTCODEHASH,target_coef,models.custom[0],0.0,0.9960810524823908,0.9960354833252093,AccountMode.NON_EXISTING_ACCOUNT,,EXTCODEHASH,1503.6457282793567,1504,False,False,test_account_access,EXTCODEHASH,target_coef
COLD_ACCOUNT_CODE_ACCESS,geth,0.04157661647082686,0.001,0.03881604750169073,0.04431623659672082,test_account_access,EXTCODESIZE,target_coef,models.custom[0],0.0,0.9338359322384386,0.9330665826133042,AccountMode.EXISTING_CONTRACT_DIFF_MAX,,EXTCODESIZE,3118.2462353120145,3119,False,False,test_account_access,EXTCODESIZE,target_coef
COLD_ACCOUNT_CODE_ACCESS,geth,0.019877373059465606,0.001,0.01953779993139284,0.020203370637916038,test_account_access,EXTCODESIZE,target_coef,models.custom[0],0.0,0.9946555032374963,0.9945933579263044,AccountMode.EXISTING_CONTRACT_MINIMAL,,EXTCODESIZE,1490.8029794599204,1491,False,False,test_account_access,EXTCODESIZE,target_coef
COLD_ACCOUNT_CODE_ACCESS,geth,0.01980327894202638,0.001,0.019527928156255266,0.020057462830249246,test_account_access,EXTCODESIZE,target_coef,models.custom[0],0.0,0.9963518294092777,0.9963094088210135,AccountMode.EXISTING_CONTRACT_SAME_MAX,,EXTCODESIZE,1485.2459206519786,1486,False,False,test_account_access,EXTCODESIZE,target_coef
COLD_ACCOUNT_CODE_ACCESS,geth,0.02015456943366803,0.001,0.019908250863314488,0.02040332806762738,test_account_access,EXTCODESIZE,target_coef,models.custom[0],0.0,0.9966774519018978,0.9966388176216874,AccountMode.NON_EXISTING_ACCOUNT,,EXTCODESIZE,1511.5927075251022,1512,False,False,test_account_access,EXTCODESIZE,target_coef
COLD_ACCOUNT_CODE_ACCESS,geth,0.041438427595583374,0.001,0.03885828974772627,0.04423634164155722,test_account_access,STATICCALL,target_coef,models.custom[0],0.0,0.9342453557383801,0.9334807668516171,AccountMode.EXISTING_CONTRACT_DIFF_MAX,,STATICCALL,3107.882069668753,3108,False,False,test_account_access,STATICCALL,target_coef
COLD_ACCOUNT_CODE_ACCESS,geth,0.01999124039861409,0.001,0.019703445444843197,0.02025515429919066,test_account_access,STATICCALL,target_coef,models.custom[0],0.0,0.995762294535627,0.9957130188906924,AccountMode.EXISTING_CONTRACT_MINIMAL,,STATICCALL,1499.3430298960568,1500,False,False,test_account_access,STATICCALL,target_coef
COLD_ACCOUNT_CODE_ACCESS,geth,0.02041620202225578,0.001,0.02008205558906005,0.020739302025742364,test_account_access,STATICCALL,target_coef,models.custom[0],0.0,0.9945225611324459,0.9944588699828232,AccountMode.EXISTING_CONTRACT_SAME_MAX,,STATICCALL,1531.2151516691833,1532,False,False,test_account_access,STATICCALL,target_coef
COLD_ACCOUNT_CODE_ACCESS,geth,0.02132702470924918,0.001,0.020985417556836646,0.02165650897191404,test_account_access,STATICCALL,target_coef,models.custom[0],0.0,0.9950773917496103,0.9950201521187918,AccountMode.NON_EXISTING_ACCOUNT,,STATICCALL,1599.5268531936883,1600,False,False,test_account_access,STATICCALL,target_coef
COLD_ACCOUNT_CODE_ACCESS,nethermind,0.011420666062250326,0.001,0.010945755919601563,0.01194820768804045,test_account_access,BALANCE,target_coef,models.custom[0],0.0,0.9742149731414073,0.9737284632006791,AccountMode.EXISTING_CONTRACT_DIFF_MAX,,BALANCE,856.5499546687744,857,False,False,test_account_access,BALANCE,target_coef
COLD_ACCOUNT_CODE_ACCESS,nethermind,0.011752198819370835,0.001,0.011264694274540247,0.012302908340222692,test_account_access,BALANCE,target_coef,models.custom[0],0.0,0.9794446475843834,0.979056810746353,AccountMode.EXISTING_CONTRACT_MINIMAL,,BALANCE,881.4149114528126,882,False,False,test_account_access,BALANCE,target_coef
COLD_ACCOUNT_CODE_ACCESS,nethermind,0.011114907511376951,0.001,0.010729230106484976,0.0115397534699465,test_account_access,BALANCE,target_coef,models.custom[0],0.0,0.9814881519854664,0.9811388718342487,AccountMode.EXISTING_CONTRACT_SAME_MAX,,BALANCE,833.6180633532714,834,False,False,test_account_access,BALANCE,target_coef
COLD_ACCOUNT_CODE_ACCESS,nethermind,0.010065454609112448,0.001,0.009684325272433252,0.010439162408267528,test_account_access,BALANCE,target_coef,models.custom[0],0.0,0.9813689001828734,0.9810173699976446,AccountMode.NON_EXISTING_ACCOUNT,,BALANCE,754.9090956834336,755,False,False,test_account_access,BALANCE,target_coef
COLD_ACCOUNT_CODE_ACCESS,nethermind,0.037813681217570234,0.001,0.034405315412714646,0.04088286217030957,test_account_access,CALL,target_coef,models.custom[0],0.0,0.9241793457437374,0.9227487673615438,AccountMode.EXISTING_CONTRACT_DIFF_MAX,,CALL,2836.0260913177676,2837,False,True,test_account_access,CALL,target_coef
COLD_ACCOUNT_CODE_ACCESS,nethermind,0.012176513319111591,0.001,0.01183523420498572,0.012525601161479822,test_account_access,CALL,target_coef,models.custom[0],0.0,0.9855707008783646,0.9852984499515414,AccountMode.EXISTING_CONTRACT_MINIMAL,,CALL,913.2384989333693,914,False,False,test_account_access,CALL,target_coef
COLD_ACCOUNT_CODE_ACCESS,nethermind,0.012403458306309515,0.001,0.011979825200225851,0.012817362759504023,test_account_access,CALL,target_coef,models.custom[0],0.0,0.9823207187177064,0.9819871473727575,AccountMode.EXISTING_CONTRACT_SAME_MAX,,CALL,930.2593729732137,931,False,False,test_account_access,CALL,target_coef
COLD_ACCOUNT_CODE_ACCESS,nethermind,0.01075067185401409,0.001,0.010429238320127883,0.011041249013017078,test_account_access,CALL,target_coef,models.custom[0],0.0,0.9871498494344008,0.9869073937633517,AccountMode.NON_EXISTING_ACCOUNT,,CALL,806.3003890510569,807,False,False,test_account_access,CALL,target_coef
COLD_ACCOUNT_CODE_ACCESS,nethermind,0.03780342172967079,0.001,0.03429049035079364,0.04135324812345315,test_account_access,CALLCODE,target_coef,models.custom[0],0.0,0.9177792677480078,0.9162279331772155,AccountMode.EXISTING_CONTRACT_DIFF_MAX,,CALLCODE,2835.2566297253097,2836,False,False,test_account_access,CALLCODE,target_coef
COLD_ACCOUNT_CODE_ACCESS,nethermind,0.012533040547616172,0.001,0.012040957689176889,0.013050659684651208,test_account_access,CALLCODE,target_coef,models.custom[0],0.0,0.9785737749256032,0.9781695065279731,AccountMode.EXISTING_CONTRACT_MINIMAL,,CALLCODE,939.9780410712128,940,False,False,test_account_access,CALLCODE,target_coef
COLD_ACCOUNT_CODE_ACCESS,nethermind,0.012398994947667037,0.001,0.011955058380244618,0.012836418759339439,test_account_access,CALLCODE,target_coef,models.custom[0],0.0,0.9861177574419511,0.9858558283370822,AccountMode.EXISTING_CONTRACT_SAME_MAX,,CALLCODE,929.9246210750277,930,False,False,test_account_access,CALLCODE,target_coef
COLD_ACCOUNT_CODE_ACCESS,nethermind,0.010533209809989036,0.001,0.010221006784082878,0.01086257957359435,test_account_access,CALLCODE,target_coef,models.custom[0],0.0,0.9854210039890321,0.9851459285925988,AccountMode.NON_EXISTING_ACCOUNT,,CALLCODE,789.9907357491776,790,False,False,test_account_access,CALLCODE,target_coef
COLD_ACCOUNT_CODE_ACCESS,nethermind,0.03730186570816348,0.001,0.034341601081304726,0.04056643421500353,test_account_access,DELEGATECALL,target_coef,models.custom[0],0.0,0.9246642315058949,0.9232428019116665,AccountMode.EXISTING_CONTRACT_DIFF_MAX,,DELEGATECALL,2797.639928112261,2798,False,False,test_account_access,DELEGATECALL,target_coef
COLD_ACCOUNT_CODE_ACCESS,nethermind,0.012569498248968008,0.001,0.012137208900217949,0.013130069570125403,test_account_access,DELEGATECALL,target_coef,models.custom[0],0.0,0.9848840967020522,0.9845988909794494,AccountMode.EXISTING_CONTRACT_MINIMAL,,DELEGATECALL,942.7123686726006,943,False,False,test_account_access,DELEGATECALL,target_coef
COLD_ACCOUNT_CODE_ACCESS,nethermind,0.01225956625965617,0.001,0.011839719309631203,0.012669041626229016,test_account_access,DELEGATECALL,target_coef,models.custom[0],0.0,0.9851381609260703,0.9848577488680716,AccountMode.EXISTING_CONTRACT_SAME_MAX,,DELEGATECALL,919.4674694742127,920,False,False,test_account_access,DELEGATECALL,target_coef
COLD_ACCOUNT_CODE_ACCESS,nethermind,0.010546777823191673,0.001,0.010137203481200984,0.010961139020580673,test_account_access,DELEGATECALL,target_coef,models.custom[0],0.0,0.9793557861831953,0.9789662727149537,AccountMode.NON_EXISTING_ACCOUNT,,DELEGATECALL,791.0083367393755,792,False,False,test_account_access,DELEGATECALL,target_coef
COLD_ACCOUNT_CODE_ACCESS,nethermind,0.03707089349621028,0.001,0.03411829153305511,0.039831263201752176,test_account_access,EXTCODECOPY,target_coef,models.custom[0],0.0,0.9319914916842286,0.9307083122820442,AccountMode.EXISTING_CONTRACT_DIFF_MAX,,EXTCODECOPY,2780.3170122157712,2781,False,False,test_account_access,EXTCODECOPY,target_coef
COLD_ACCOUNT_CODE_ACCESS,nethermind,0.011629942678786307,0.001,0.01116267522920162,0.01215755349158602,test_account_access,EXTCODECOPY,target_coef,models.custom[0],0.0,0.9782139110308263,0.9778028527483891,AccountMode.EXISTING_CONTRACT_MINIMAL,,EXTCODECOPY,872.2457009089732,873,False,False,test_account_access,EXTCODECOPY,target_coef
COLD_ACCOUNT_CODE_ACCESS,nethermind,0.011411762631138593,0.001,0.010999156186970097,0.01180851276162538,test_account_access,EXTCODECOPY,target_coef,models.custom[0],0.0,0.9828259691635209,0.9825019308458516,AccountMode.EXISTING_CONTRACT_SAME_MAX,,EXTCODECOPY,855.8821973353945,856,False,False,test_account_access,EXTCODECOPY,target_coef
COLD_ACCOUNT_CODE_ACCESS,nethermind,0.010246238062779607,0.001,0.009917183618080224,0.010571356039080016,test_account_access,EXTCODECOPY,target_coef,models.custom[0],0.0,0.9804140486582894,0.980044502406559,AccountMode.NON_EXISTING_ACCOUNT,,EXTCODECOPY,768.4678547084706,769,False,False,test_account_access,EXTCODECOPY,target_coef
COLD_ACCOUNT_CODE_ACCESS,nethermind,0.011651542858632333,0.001,0.011090035943216532,0.012298834578109217,test_account_access,EXTCODEHASH,target_coef,models.custom[0],0.0,0.9706552062886485,0.9701015309356041,AccountMode.EXISTING_CONTRACT_DIFF_MAX,,EXTCODEHASH,873.865714397425,874,False,False,test_account_access,EXTCODEHASH,target_coef
COLD_ACCOUNT_CODE_ACCESS,nethermind,0.011762347973079058,0.001,0.011373125422394614,0.01214131454183607,test_account_access,EXTCODEHASH,target_coef,models.custom[0],0.0,0.9834373615648193,0.9831248589528347,AccountMode.EXISTING_CONTRACT_MINIMAL,,EXTCODEHASH,882.1760979809293,883,False,False,test_account_access,EXTCODEHASH,target_coef
COLD_ACCOUNT_CODE_ACCESS,nethermind,0.011913207250372452,0.001,0.011456840979119691,0.012395793916502943,test_account_access,EXTCODEHASH,target_coef,models.custom[0],0.0,0.9780776877256037,0.9776640591921245,AccountMode.EXISTING_CONTRACT_SAME_MAX,,EXTCODEHASH,893.4905437779339,894,False,False,test_account_access,EXTCODEHASH,target_coef
COLD_ACCOUNT_CODE_ACCESS,nethermind,0.010423817633171411,0.001,0.010074337668689726,0.010839157803833448,test_account_access,EXTCODEHASH,target_coef,models.custom[0],0.0,0.9831540439008065,0.9828361956725199,AccountMode.NON_EXISTING_ACCOUNT,,EXTCODEHASH,781.7863224878558,782,False,False,test_account_access,EXTCODEHASH,target_coef
COLD_ACCOUNT_CODE_ACCESS,nethermind,0.037176956969387415,0.001,0.03411374633728941,0.0407708615673687,test_account_access,EXTCODESIZE,target_coef,models.custom[0],0.0,0.9194204502935395,0.9179000814311534,AccountMode.EXISTING_CONTRACT_DIFF_MAX,,EXTCODESIZE,2788.271772704056,2789,False,False,test_account_access,EXTCODESIZE,target_coef
COLD_ACCOUNT_CODE_ACCESS,nethermind,0.011137591870801654,0.001,0.010756512369414242,0.01154284150203139,test_account_access,EXTCODESIZE,target_coef,models.custom[0],0.0,0.9826901535238382,0.9823635526469294,AccountMode.EXISTING_CONTRACT_MINIMAL,,EXTCODESIZE,835.319390310124,836,False,False,test_account_access,EXTCODESIZE,target_coef
COLD_ACCOUNT_CODE_ACCESS,nethermind,0.011556800462062124,0.001,0.011128090483613759,0.012005638421368037,test_account_access,EXTCODESIZE,target_coef,models.custom[0],0.0,0.9751938382421071,0.9747257974542224,AccountMode.EXISTING_CONTRACT_SAME_MAX,,EXTCODESIZE,866.7600346546592,867,False,False,test_account_access,EXTCODESIZE,target_coef
COLD_ACCOUNT_CODE_ACCESS,nethermind,0.010359242929257162,0.001,0.010057423886910112,0.010710032181186845,test_account_access,EXTCODESIZE,target_coef,models.custom[0],0.0,0.9880726456677287,0.9878476012463651,AccountMode.NON_EXISTING_ACCOUNT,,EXTCODESIZE,776.9432196942872,777,False,False,test_account_access,EXTCODESIZE,target_coef
COLD_ACCOUNT_CODE_ACCESS,nethermind,0.037100621447952696,0.001,0.033656623049654034,0.04062251365301488,test_account_access,STATICCALL,target_coef,models.custom[0],0.0,0.9135014350132246,0.9118693866172477,AccountMode.EXISTING_CONTRACT_DIFF_MAX,,STATICCALL,2782.546608596452,2783,False,False,test_account_access,STATICCALL,target_coef
COLD_ACCOUNT_CODE_ACCESS,nethermind,0.012314624271524978,0.001,0.011894705909617243,0.012835644157303799,test_account_access,STATICCALL,target_coef,models.custom[0],0.0,0.9802439050956129,0.979871148587983,AccountMode.EXISTING_CONTRACT_MINIMAL,,STATICCALL,923.5968203643732,924,False,False,test_account_access,STATICCALL,target_coef
COLD_ACCOUNT_CODE_ACCESS,nethermind,0.012318469240978212,0.001,0.011822274880464445,0.01284247311040627,test_account_access,STATICCALL,target_coef,models.custom[0],0.0,0.9778445646987035,0.9774265376175469,AccountMode.EXISTING_CONTRACT_SAME_MAX,,STATICCALL,923.8851930733658,924,False,False,test_account_access,STATICCALL,target_coef
COLD_ACCOUNT_CODE_ACCESS,nethermind,0.010970708429003872,0.001,0.010645693676643909,0.01128348700922439,test_account_access,STATICCALL,target_coef,models.custom[0],0.0,0.9824244489975061,0.9820928348276478,AccountMode.NON_EXISTING_ACCOUNT,,STATICCALL,822.8031321752903,823,False,False,test_account_access,STATICCALL,target_coef
COLD_ACCOUNT_CODE_ACCESS,reth,0.020856872797209155,0.001,0.020308183776151168,0.021345815563889196,test_account_access,BALANCE,target_coef,models.custom[0],0.0,0.9902769935281978,0.9901473534419071,AccountMode.EXISTING_CONTRACT_DIFF_MAX,,BALANCE,1564.2654597906867,1565,False,False,test_account_access,BALANCE,target_coef
COLD_ACCOUNT_CODE_ACCESS,reth,0.00493626093563421,0.001,0.004759860573675458,0.005098905941101945,test_account_access,BALANCE,target_coef,models.custom[0],0.0,0.9784834678066033,0.9781965807106914,AccountMode.EXISTING_CONTRACT_MINIMAL,,BALANCE,370.21957017256574,371,False,False,test_account_access,BALANCE,target_coef
COLD_ACCOUNT_CODE_ACCESS,reth,0.004989932248129104,0.001,0.004816315926262429,0.005157483243739167,test_account_access,BALANCE,target_coef,models.custom[0],0.0,0.9841917106972726,0.9839809335065696,AccountMode.EXISTING_CONTRACT_SAME_MAX,,BALANCE,374.2449186096828,375,False,False,test_account_access,BALANCE,target_coef
COLD_ACCOUNT_CODE_ACCESS,reth,0.0044758224211810015,0.001,0.0043046711195552385,0.004634792638771971,test_account_access,BALANCE,target_coef,models.custom[0],0.0,0.9738599875206186,0.9735114540208936,AccountMode.NON_EXISTING_ACCOUNT,,BALANCE,335.68668158857514,336,False,False,test_account_access,BALANCE,target_coef
COLD_ACCOUNT_CODE_ACCESS,reth,0.023992729863028785,0.001,0.02349193107350461,0.024502783719957007,test_account_access,CALL,target_coef,models.custom[0],0.0,0.9931758962067775,0.9930849081562012,AccountMode.EXISTING_CONTRACT_DIFF_MAX,,CALL,1799.4547397271588,1800,False,False,test_account_access,CALL,target_coef
COLD_ACCOUNT_CODE_ACCESS,reth,0.0054630798654783505,0.001,0.005309901135244832,0.005623121038226042,test_account_access,CALL,target_coef,models.custom[0],0.0,0.9838402911062887,0.9836248283210391,AccountMode.EXISTING_CONTRACT_MINIMAL,,CALL,409.73098991087625,410,False,False,test_account_access,CALL,target_coef
COLD_ACCOUNT_CODE_ACCESS,reth,0.0053393581398047014,0.001,0.005147958331939046,0.005521595796664462,test_account_access,CALL,target_coef,models.custom[0],0.0,0.9800140666398947,0.9797475875284266,AccountMode.EXISTING_CONTRACT_SAME_MAX,,CALL,400.45186048535265,401,False,False,test_account_access,CALL,target_coef
COLD_ACCOUNT_CODE_ACCESS,reth,0.004617849788012909,0.001,0.004455164532750666,0.0047927823709424874,test_account_access,CALL,target_coef,models.custom[0],0.0,0.9759073332016475,0.9755860976443361,AccountMode.NON_EXISTING_ACCOUNT,,CALL,346.33873410096817,347,False,False,test_account_access,CALL,target_coef
COLD_ACCOUNT_CODE_ACCESS,reth,0.02308134230538166,0.001,0.022658825947191076,0.02352117653252766,test_account_access,CALLCODE,target_coef,models.custom[0],0.0,0.9924135492324946,0.9923123965555946,AccountMode.EXISTING_CONTRACT_DIFF_MAX,,CALLCODE,1731.1006729036244,1732,False,False,test_account_access,CALLCODE,target_coef
COLD_ACCOUNT_CODE_ACCESS,reth,0.004798233846432764,0.001,0.0046574007280975665,0.004933993189293251,test_account_access,CALLCODE,target_coef,models.custom[0],0.0,0.982006254146673,0.9817663375352953,AccountMode.EXISTING_CONTRACT_MINIMAL,,CALLCODE,359.8675384824573,360,False,False,test_account_access,CALLCODE,target_coef
COLD_ACCOUNT_CODE_ACCESS,reth,0.0050820974933742415,0.001,0.004929796662180449,0.005237849311775129,test_account_access,CALLCODE,target_coef,models.custom[0],0.0,0.9814221086590396,0.9811744034411601,AccountMode.EXISTING_CONTRACT_SAME_MAX,,CALLCODE,381.1573120030681,382,False,False,test_account_access,CALLCODE,target_coef
COLD_ACCOUNT_CODE_ACCESS,reth,0.004269206443958138,0.001,0.004096452576892346,0.004437164136457794,test_account_access,CALLCODE,target_coef,models.custom[0],0.0,0.9739618568348289,0.9736146815926267,AccountMode.NON_EXISTING_ACCOUNT,,CALLCODE,320.19048329686035,321,False,False,test_account_access,CALLCODE,target_coef
COLD_ACCOUNT_CODE_ACCESS,reth,0.022831677395689025,0.001,0.02237999240127436,0.023236561273810862,test_account_access,DELEGATECALL,target_coef,models.custom[0],0.0,0.9932320378668678,0.9931417983717593,AccountMode.EXISTING_CONTRACT_DIFF_MAX,,DELEGATECALL,1712.3758046766768,1713,False,False,test_account_access,DELEGATECALL,target_coef
COLD_ACCOUNT_CODE_ACCESS,reth,0.004965410307444557,0.001,0.004811241933225126,0.0051368801236285466,test_account_access,DELEGATECALL,target_coef,models.custom[0],0.0,0.9792961011217598,0.9790200491367166,AccountMode.EXISTING_CONTRACT_MINIMAL,,DELEGATECALL,372.40577305834177,373,False,False,test_account_access,DELEGATECALL,target_coef
COLD_ACCOUNT_CODE_ACCESS,reth,0.0050413748817617916,0.001,0.004856937535161109,0.005215330031454716,test_account_access,DELEGATECALL,target_coef,models.custom[0],0.0,0.9734569817831342,0.9731030748735761,AccountMode.EXISTING_CONTRACT_SAME_MAX,,DELEGATECALL,378.10311613213435,379,False,False,test_account_access,DELEGATECALL,target_coef
COLD_ACCOUNT_CODE_ACCESS,reth,0.004582537263517861,0.001,0.004423158726960298,0.004754373660494341,test_account_access,DELEGATECALL,target_coef,models.custom[0],0.0,0.9784192045424013,0.9781314606029666,AccountMode.NON_EXISTING_ACCOUNT,,DELEGATECALL,343.69029476383963,344,False,False,test_account_access,DELEGATECALL,target_coef
COLD_ACCOUNT_CODE_ACCESS,reth,0.02305635979265541,0.001,0.022492106496854583,0.02354663606718026,test_account_access,EXTCODECOPY,target_coef,models.custom[0],0.0,0.9916052791396885,0.9914933495282178,AccountMode.EXISTING_CONTRACT_DIFF_MAX,,EXTCODECOPY,1729.2269844491557,1730,False,False,test_account_access,EXTCODECOPY,target_coef
COLD_ACCOUNT_CODE_ACCESS,reth,0.004992909234852173,0.001,0.004804074967704494,0.005168235679486525,test_account_access,EXTCODECOPY,target_coef,models.custom[0],0.0,0.9795865436556358,0.9793143642377109,AccountMode.EXISTING_CONTRACT_MINIMAL,,EXTCODECOPY,374.468192613913,375,False,False,test_account_access,EXTCODECOPY,target_coef
COLD_ACCOUNT_CODE_ACCESS,reth,0.005010930827257745,0.001,0.00486301190578607,0.005180577489267766,test_account_access,EXTCODECOPY,target_coef,models.custom[0],0.0,0.9778592164183761,0.9775640059706212,AccountMode.EXISTING_CONTRACT_SAME_MAX,,EXTCODECOPY,375.8198120443309,376,False,False,test_account_access,EXTCODECOPY,target_coef
COLD_ACCOUNT_CODE_ACCESS,reth,0.004576124661865383,0.001,0.004427118591199199,0.0047237301478380645,test_account_access,EXTCODECOPY,target_coef,models.custom[0],0.0,0.9800568027749149,0.9797908934785804,AccountMode.NON_EXISTING_ACCOUNT,,EXTCODECOPY,343.2093496399037,344,False,False,test_account_access,EXTCODECOPY,target_coef
COLD_ACCOUNT_CODE_ACCESS,reth,0.020309609482931913,0.001,0.019825739452765008,0.02077275974919376,test_account_access,EXTCODEHASH,target_coef,models.custom[0],0.0,0.9909407476184522,0.9908199575866983,AccountMode.EXISTING_CONTRACT_DIFF_MAX,,EXTCODEHASH,1523.2207112198935,1524,False,False,test_account_access,EXTCODEHASH,target_coef
COLD_ACCOUNT_CODE_ACCESS,reth,0.004903903633770819,0.001,0.004771269852839888,0.005046448911464249,test_account_access,EXTCODEHASH,target_coef,models.custom[0],0.0,0.9803642854249397,0.9801024758972722,AccountMode.EXISTING_CONTRACT_MINIMAL,,EXTCODEHASH,367.79277253281145,368,False,False,test_account_access,EXTCODEHASH,target_coef
COLD_ACCOUNT_CODE_ACCESS,reth,0.004860528910672252,0.001,0.004692593717768405,0.005024515439423927,test_account_access,EXTCODEHASH,target_coef,models.custom[0],0.0,0.9786842793917837,0.9784000697836741,AccountMode.EXISTING_CONTRACT_SAME_MAX,,EXTCODEHASH,364.53966830041895,365,False,False,test_account_access,EXTCODEHASH,target_coef
COLD_ACCOUNT_CODE_ACCESS,reth,0.004461368552501906,0.001,0.004331803102953403,0.004579883468348293,test_account_access,EXTCODEHASH,target_coef,models.custom[0],0.0,0.985784555741694,0.9855950164849165,AccountMode.NON_EXISTING_ACCOUNT,,EXTCODEHASH,334.60264143764294,335,False,False,test_account_access,EXTCODEHASH,target_coef
COLD_ACCOUNT_CODE_ACCESS,reth,0.0231435173865946,0.001,0.02269848416608841,0.023593033926281294,test_account_access,EXTCODESIZE,target_coef,models.custom[0],0.0,0.99252680475119,0.9924271621478725,AccountMode.EXISTING_CONTRACT_DIFF_MAX,,EXTCODESIZE,1735.7638039945948,1736,False,False,test_account_access,EXTCODESIZE,target_coef
COLD_ACCOUNT_CODE_ACCESS,reth,0.004890938647120987,0.001,0.004708046144479994,0.005080673578281443,test_account_access,EXTCODESIZE,target_coef,models.custom[0],0.0,0.9740449350680116,0.9736988675355851,AccountMode.EXISTING_CONTRACT_MINIMAL,,EXTCODESIZE,366.820398534074,367,False,False,test_account_access,EXTCODESIZE,target_coef
COLD_ACCOUNT_CODE_ACCESS,reth,0.004952291670893458,0.001,0.0047896862664397,0.005117129630751421,test_account_access,EXTCODESIZE,target_coef,models.custom[0],0.0,0.9798941568830399,0.9796260789748138,AccountMode.EXISTING_CONTRACT_SAME_MAX,,EXTCODESIZE,371.4218753170093,372,False,False,test_account_access,EXTCODESIZE,target_coef
COLD_ACCOUNT_CODE_ACCESS,reth,0.004385679508821391,0.001,0.004223635615208236,0.004535221385657127,test_account_access,EXTCODESIZE,target_coef,models.custom[0],0.0,0.9793803202198731,0.979105391156138,AccountMode.NON_EXISTING_ACCOUNT,,EXTCODESIZE,328.9259631616044,329,False,False,test_account_access,EXTCODESIZE,target_coef
COLD_ACCOUNT_CODE_ACCESS,reth,0.024037292026244616,0.001,0.023576520224853546,0.02446225415935391,test_account_access,STATICCALL,target_coef,models.custom[0],0.0,0.9941362305693847,0.9940580469769765,AccountMode.EXISTING_CONTRACT_DIFF_MAX,,STATICCALL,1802.7969019683462,1803,False,True,test_account_access,STATICCALL,target_coef
COLD_ACCOUNT_CODE_ACCESS,reth,0.005333411575112976,0.001,0.005168821074014402,0.00550024194671865,test_account_access,STATICCALL,target_coef,models.custom[0],0.0,0.9833069555871559,0.9830843816616512,AccountMode.EXISTING_CONTRACT_MINIMAL,,STATICCALL,400.0058681334732,401,False,False,test_account_access,STATICCALL,target_coef
COLD_ACCOUNT_CODE_ACCESS,reth,0.00539546536237115,0.001,0.005182850537467419,0.005633440718018901,test_account_access,STATICCALL,target_coef,models.custom[0],0.0,0.9738393228993788,0.9734905138713705,AccountMode.EXISTING_CONTRACT_SAME_MAX,,STATICCALL,404.6599021778362,405,False,False,test_account_access,STATICCALL,target_coef
COLD_ACCOUNT_CODE_ACCESS,reth,0.004607927903816091,0.001,0.004480440552759363,0.004739314743320557,test_account_access,STATICCALL,target_coef,models.custom[0],0.0,0.9806572123526671,0.9803993085173693,AccountMode.NON_EXISTING_ACCOUNT,,STATICCALL,345.5945927862068,346,False,False,test_account_access,STATICCALL,target_coef
COLD_ACCOUNT_CODE_WRITE,besu,0.14419876327679007,0.001,0.13814535359740127,0.15082176309523554,test_account_access,CALL,target_coef,models.custom[1],0.0,0.9590120378446083,0.958589481533728,AccountMode.EXISTING_CONTRACT_DIFF_MAX,,CALL,10814.907245759256,10815,False,False,test_account_access,CALL,target_coef
COLD_ACCOUNT_CODE_WRITE,besu,0.11312235238467382,0.001,0.10803363527205205,0.11888995741326486,test_account_access,CALL,target_coef,models.custom[1],0.0,0.9536128027039193,0.9531345841750938,AccountMode.EXISTING_CONTRACT_MINIMAL,,CALL,8484.176428850535,8485,False,False,test_account_access,CALL,target_coef
COLD_ACCOUNT_CODE_WRITE,besu,0.11326042120961607,0.001,0.10846732093107286,0.11804080739192059,test_account_access,CALL,target_coef,models.custom[1],0.0,0.9611562390886832,0.9607557879452675,AccountMode.EXISTING_CONTRACT_SAME_MAX,,CALL,8494.531590721204,8495,False,False,test_account_access,CALL,target_coef
COLD_ACCOUNT_CODE_WRITE,besu,0.17582379428046613,0.001,0.15804725894570312,0.193270876667597,test_account_access,CALL,target_coef,models.custom[1],0.0,0.8520359810414414,0.8505105787841367,AccountMode.NON_EXISTING_ACCOUNT,,CALL,13186.784571034961,13187,False,True,test_account_access,CALL,target_coef
COLD_ACCOUNT_CODE_WRITE,besu,0.05656996122275415,0.001,0.05204369222285258,0.06109040106260705,test_account_access,CALLCODE,target_coef,models.custom[1],0.0,0.8675892523455142,0.8662241930913442,AccountMode.EXISTING_CONTRACT_DIFF_MAX,,CALLCODE,4242.747091706561,4243,False,False,test_account_access,CALLCODE,target_coef
COLD_ACCOUNT_CODE_WRITE,besu,0.03491905787367718,0.001,0.03076494904774992,0.03826078927781022,test_account_access,CALLCODE,target_coef,models.custom[1],0.0,0.7621966727998845,0.7597450921070997,AccountMode.EXISTING_CONTRACT_MINIMAL,,CALLCODE,2618.9293405257886,2619,False,False,test_account_access,CALLCODE,target_coef
COLD_ACCOUNT_CODE_WRITE,besu,0.03570324067282742,0.001,0.031050906186593032,0.03895817145554386,test_account_access,CALLCODE,target_coef,models.custom[1],0.0,0.7417972154096328,0.7391353310324126,AccountMode.EXISTING_CONTRACT_SAME_MAX,,CALLCODE,2677.743050462057,2678,False,False,test_account_access,CALLCODE,target_coef
COLD_ACCOUNT_CODE_WRITE,besu,0.03710195542863983,0.001,0.03312612156811175,0.04028269326170362,test_account_access,CALLCODE,target_coef,models.custom[1],0.0,0.8046530788100178,0.8026391930245541,AccountMode.NON_EXISTING_ACCOUNT,,CALLCODE,2782.6466571479873,2783,False,False,test_account_access,CALLCODE,target_coef
COLD_ACCOUNT_CODE_WRITE,erigon,0.2751546918532297,0.001,0.2624165398859689,0.28671544264147203,test_account_access,CALL,target_coef,models.custom[1],0.0,0.9729559220228468,0.9724456564006363,AccountMode.EXISTING_CONTRACT_DIFF_MAX,,CALL,20636.601888992227,20637,False,True,test_account_access,CALL,target_coef
COLD_ACCOUNT_CODE_WRITE,erigon,0.16150020302147763,0.001,0.1583256531962166,0.16447805338364022,test_account_access,CALL,target_coef,models.custom[1],0.0,0.9965680097078684,0.9965032551740546,AccountMode.EXISTING_CONTRACT_MINIMAL,,CALL,12112.515226610823,12113,False,False,test_account_access,CALL,target_coef
COLD_ACCOUNT_CODE_WRITE,erigon,0.16262420901071292,0.001,0.1565830011039054,0.16926179508235226,test_account_access,CALL,target_coef,models.custom[1],0.0,0.9841854752323959,0.9838870879726297,AccountMode.EXISTING_CONTRACT_SAME_MAX,,CALL,12196.81567580347,12197,False,False,test_account_access,CALL,target_coef
COLD_ACCOUNT_CODE_WRITE,erigon,0.27228310175279513,0.001,0.2649671894640882,0.279039652335958,test_account_access,CALL,target_coef,models.custom[1],0.0,0.9931289207834705,0.992999277779385,AccountMode.NON_EXISTING_ACCOUNT,,CALL,20421.232631459636,20422,False,False,test_account_access,CALL,target_coef
COLD_ACCOUNT_CODE_WRITE,erigon,0.14564666393999806,0.001,0.1316192849361611,0.15586297086112627,test_account_access,CALLCODE,target_coef,models.custom[1],0.0,0.9068838231235877,0.9051269141259196,AccountMode.EXISTING_CONTRACT_DIFF_MAX,,CALLCODE,10923.499795499854,10924,False,False,test_account_access,CALLCODE,target_coef
COLD_ACCOUNT_CODE_WRITE,erigon,0.024457272903421954,0.001,0.022319943853012857,0.026347815991377775,test_account_access,CALLCODE,target_coef,models.custom[1],0.0,0.9080825672537113,0.906348276069819,AccountMode.EXISTING_CONTRACT_MINIMAL,,CALLCODE,1834.2954677566465,1835,False,False,test_account_access,CALLCODE,target_coef
COLD_ACCOUNT_CODE_WRITE,erigon,0.026458431693200227,0.001,0.023040079484486827,0.02972292705937915,test_account_access,CALLCODE,target_coef,models.custom[1],0.0,0.8409114659644636,0.8379097955109629,AccountMode.EXISTING_CONTRACT_SAME_MAX,,CALLCODE,1984.382376990017,1985,False,False,test_account_access,CALLCODE,target_coef
COLD_ACCOUNT_CODE_WRITE,erigon,0.007828426556749403,0.001,0.007416823953052073,0.008293024527666327,test_account_access,CALLCODE,target_coef,models.custom[1],0.0,0.968110361542126,0.967508670250468,AccountMode.NON_EXISTING_ACCOUNT,,CALLCODE,587.1319917562053,588,False,False,test_account_access,CALLCODE,target_coef
COLD_ACCOUNT_CODE_WRITE,ethrex,0.13415814422380845,0.001,0.13138821989993313,0.13700725456477972,test_account_access,CALL,target_coef,models.custom[1],0.0,0.9925577151065325,0.9924584846412863,AccountMode.EXISTING_CONTRACT_DIFF_MAX,,CALL,10061.860816785633,10062,False,True,test_account_access,CALL,target_coef
COLD_ACCOUNT_CODE_WRITE,ethrex,0.03607773497948981,0.001,0.03545876035938589,0.03681319112445552,test_account_access,CALL,target_coef,models.custom[1],0.0,0.986918430971365,0.9867440100509832,AccountMode.EXISTING_CONTRACT_MINIMAL,,CALL,2705.8301234617356,2706,False,False,test_account_access,CALL,target_coef
COLD_ACCOUNT_CODE_WRITE,ethrex,0.036042627776850474,0.001,0.03545272172781066,0.03669075337361815,test_account_access,CALL,target_coef,models.custom[1],0.0,0.9912289160408202,0.9911119682546978,AccountMode.EXISTING_CONTRACT_SAME_MAX,,CALL,2703.1970832637858,2704,False,False,test_account_access,CALL,target_coef
COLD_ACCOUNT_CODE_WRITE,ethrex,0.05195820572132522,0.001,0.046272462068288014,0.057353115310873864,test_account_access,CALL,target_coef,models.custom[1],0.0,0.8463822568388584,0.8443340202633765,AccountMode.NON_EXISTING_ACCOUNT,,CALL,3896.865429099392,3897,False,False,test_account_access,CALL,target_coef
COLD_ACCOUNT_CODE_WRITE,ethrex,0.1113342056429446,0.001,0.10860875618487661,0.11380565649589301,test_account_access,CALLCODE,target_coef,models.custom[1],0.0,0.9900421549793622,0.9899093837124203,AccountMode.EXISTING_CONTRACT_DIFF_MAX,,CALLCODE,8350.065423220845,8351,False,False,test_account_access,CALLCODE,target_coef
COLD_ACCOUNT_CODE_WRITE,ethrex,0.018738479040358455,0.001,0.017965508595740427,0.019473955752983028,test_account_access,CALLCODE,target_coef,models.custom[1],0.0,0.9770790228710106,0.9767734098426241,AccountMode.EXISTING_CONTRACT_MINIMAL,,CALLCODE,1405.3859280268841,1406,False,False,test_account_access,CALLCODE,target_coef
COLD_ACCOUNT_CODE_WRITE,ethrex,0.01907049540716049,0.001,0.01831833984276064,0.019846031406264467,test_account_access,CALLCODE,target_coef,models.custom[1],0.0,0.9764987105413773,0.9761853600152623,AccountMode.EXISTING_CONTRACT_SAME_MAX,,CALLCODE,1430.2871555370368,1431,False,False,test_account_access,CALLCODE,target_coef
COLD_ACCOUNT_CODE_WRITE,ethrex,0.0026550566873364758,0.001,0.0023547720865385977,0.0029841044463961514,test_account_access,CALLCODE,target_coef,models.custom[1],0.0,0.7516313050066457,0.7483197224067343,AccountMode.NON_EXISTING_ACCOUNT,,CALLCODE,199.12925155023567,200,False,False,test_account_access,CALLCODE,target_coef
COLD_ACCOUNT_CODE_WRITE,geth,0.13030013297945436,0.001,0.127179943854653,0.13337532190372495,test_account_access,CALL,target_coef,models.custom[1],0.0,0.9897024430395361,0.9895827040051122,AccountMode.EXISTING_CONTRACT_DIFF_MAX,,CALL,9772.509973459079,9773,False,False,test_account_access,CALL,target_coef
COLD_ACCOUNT_CODE_WRITE,geth,0.10295486740270658,0.001,0.1016727664588191,0.10415510675926533,test_account_access,CALL,target_coef,models.custom[1],0.0,0.9970285422839743,0.996993990450067,AccountMode.EXISTING_CONTRACT_MINIMAL,,CALL,7721.615055202994,7722,False,False,test_account_access,CALL,target_coef
COLD_ACCOUNT_CODE_WRITE,geth,0.10274484589346967,0.001,0.1014470431627792,0.10396233239251026,test_account_access,CALL,target_coef,models.custom[1],0.0,0.9973371256116522,0.9973061619559738,AccountMode.EXISTING_CONTRACT_SAME_MAX,,CALL,7705.863442010225,7706,False,False,test_account_access,CALL,target_coef
COLD_ACCOUNT_CODE_WRITE,geth,0.1572020293026052,0.001,0.15181476565986765,0.16224676704303434,test_account_access,CALL,target_coef,models.custom[1],0.0,0.9811132640875291,0.9808936508792445,AccountMode.NON_EXISTING_ACCOUNT,,CALL,11790.152197695392,11791,False,True,test_account_access,CALL,target_coef
COLD_ACCOUNT_CODE_WRITE,geth,0.061245021327727446,0.001,0.05800123226427135,0.06473977961464883,test_account_access,CALLCODE,target_coef,models.custom[1],0.0,0.9487601478319492,0.948164335597437,AccountMode.EXISTING_CONTRACT_DIFF_MAX,,CALLCODE,4593.376599579558,4594,False,False,test_account_access,CALLCODE,target_coef
COLD_ACCOUNT_CODE_WRITE,geth,0.030301675545842194,0.001,0.029668591318843574,0.0310011780439736,test_account_access,CALLCODE,target_coef,models.custom[1],0.0,0.9904465794214135,0.990335493135616,AccountMode.EXISTING_CONTRACT_MINIMAL,,CALLCODE,2272.6256659381647,2273,False,False,test_account_access,CALLCODE,target_coef
COLD_ACCOUNT_CODE_WRITE,geth,0.030814797213240187,0.001,0.030097168394125465,0.031616092743499156,test_account_access,CALLCODE,target_coef,models.custom[1],0.0,0.989832605319029,0.9897143797994827,AccountMode.EXISTING_CONTRACT_SAME_MAX,,CALLCODE,2311.109790993014,2312,False,False,test_account_access,CALLCODE,target_coef
COLD_ACCOUNT_CODE_WRITE,geth,0.03149941179817973,0.001,0.030964479317542832,0.03208927068989065,test_account_access,CALLCODE,target_coef,models.custom[1],0.0,0.993614176735206,0.9935399229763131,AccountMode.NON_EXISTING_ACCOUNT,,CALLCODE,2362.4558848634797,2363,False,False,test_account_access,CALLCODE,target_coef
COLD_ACCOUNT_CODE_WRITE,nethermind,0.09117023324904956,0.001,0.0864385891483117,0.09565388015484087,test_account_access,CALL,target_coef,models.custom[1],0.0,0.9655543248765601,0.9649044064780047,AccountMode.EXISTING_CONTRACT_DIFF_MAX,,CALL,6837.767493678717,6838,False,False,test_account_access,CALL,target_coef
COLD_ACCOUNT_CODE_WRITE,nethermind,0.07208259826979127,0.001,0.06912213854645849,0.07508515049331034,test_account_access,CALL,target_coef,models.custom[1],0.0,0.9820751379046582,0.9817369329594631,AccountMode.EXISTING_CONTRACT_MINIMAL,,CALL,5406.194870234345,5407,False,False,test_account_access,CALL,target_coef
COLD_ACCOUNT_CODE_WRITE,nethermind,0.07063645428430713,0.001,0.06765117753282351,0.07397403065811915,test_account_access,CALL,target_coef,models.custom[1],0.0,0.974656526857986,0.9741783481194575,AccountMode.EXISTING_CONTRACT_SAME_MAX,,CALL,5297.734071323035,5298,False,False,test_account_access,CALL,target_coef
COLD_ACCOUNT_CODE_WRITE,nethermind,0.10011379311683415,0.001,0.09222090350587395,0.10928426157226419,test_account_access,CALL,target_coef,models.custom[1],0.0,0.9222600335347522,0.9207932417146532,AccountMode.NON_EXISTING_ACCOUNT,,CALL,7508.534483762562,7509,False,True,test_account_access,CALL,target_coef
COLD_ACCOUNT_CODE_WRITE,nethermind,0.04435568740294449,0.001,0.041187819448898134,0.04752206845385272,test_account_access,CALLCODE,target_coef,models.custom[1],0.0,0.9261454963436927,0.9247520151426303,AccountMode.EXISTING_CONTRACT_DIFF_MAX,,CALLCODE,3326.6765552208367,3327,False,False,test_account_access,CALLCODE,target_coef
COLD_ACCOUNT_CODE_WRITE,nethermind,0.015632086051684757,0.001,0.014813441763636415,0.016529019049117147,test_account_access,CALLCODE,target_coef,models.custom[1],0.0,0.9644804574991126,0.963810277451926,AccountMode.EXISTING_CONTRACT_MINIMAL,,CALLCODE,1172.4064538763569,1173,False,False,test_account_access,CALLCODE,target_coef
COLD_ACCOUNT_CODE_WRITE,nethermind,0.015216943570017903,0.001,0.014347086320443595,0.01616282416437786,test_account_access,CALLCODE,target_coef,models.custom[1],0.0,0.9512903755142662,0.9503713259956674,AccountMode.EXISTING_CONTRACT_SAME_MAX,,CALLCODE,1141.2707677513426,1142,False,False,test_account_access,CALLCODE,target_coef
COLD_ACCOUNT_CODE_WRITE,nethermind,0.013420899357542562,0.001,0.012731088309357735,0.014120893495122471,test_account_access,CALLCODE,target_coef,models.custom[1],0.0,0.9668519074742473,0.9662264717662142,AccountMode.NON_EXISTING_ACCOUNT,,CALLCODE,1006.5674518156922,1007,False,False,test_account_access,CALLCODE,target_coef
COLD_ACCOUNT_CODE_WRITE,reth,0.057392649210105104,0.001,0.05622461503916495,0.05857323490055808,test_account_access,CALL,target_coef,models.custom[1],0.0,0.9925482664799311,0.9924489100329968,AccountMode.EXISTING_CONTRACT_DIFF_MAX,,CALL,4304.448690757883,4305,False,True,test_account_access,CALL,target_coef
COLD_ACCOUNT_CODE_WRITE,reth,0.03528936957330092,0.001,0.03442602434132963,0.03627452785451135,test_account_access,CALL,target_coef,models.custom[1],0.0,0.9897902701081962,0.9896541403763055,AccountMode.EXISTING_CONTRACT_MINIMAL,,CALL,2646.702717997569,2647,False,False,test_account_access,CALL,target_coef
COLD_ACCOUNT_CODE_WRITE,reth,0.03712241913956513,0.001,0.0360180890050307,0.03822591565172555,test_account_access,CALL,target_coef,models.custom[1],0.0,0.9875539446984373,0.9873879972944164,AccountMode.EXISTING_CONTRACT_SAME_MAX,,CALL,2784.1814354673847,2785,False,False,test_account_access,CALL,target_coef
COLD_ACCOUNT_CODE_WRITE,reth,0.05352375617091542,0.001,0.04774178091915959,0.058941966983126245,test_account_access,CALL,target_coef,models.custom[1],0.0,0.8000325045311187,0.7973662712582004,AccountMode.NON_EXISTING_ACCOUNT,,CALL,4014.2817128186566,4015,False,False,test_account_access,CALL,target_coef
COLD_ACCOUNT_CODE_WRITE,reth,0.02475382029097229,0.001,0.023992396449751756,0.025505919873163117,test_account_access,CALLCODE,target_coef,models.custom[1],0.0,0.9857762580493383,0.9855866081566629,AccountMode.EXISTING_CONTRACT_DIFF_MAX,,CALLCODE,1856.5365218229217,1857,False,False,test_account_access,CALLCODE,target_coef
COLD_ACCOUNT_CODE_WRITE,reth,0.006708712965909535,0.001,0.006322798977969151,0.0070713528853893065,test_account_access,CALLCODE,target_coef,models.custom[1],0.0,0.9513416344495124,0.9506928562421725,AccountMode.EXISTING_CONTRACT_MINIMAL,,CALLCODE,503.15347244321515,504,False,False,test_account_access,CALLCODE,target_coef
COLD_ACCOUNT_CODE_WRITE,reth,0.0066029106480626435,0.001,0.006149142245229588,0.0070596755020717345,test_account_access,CALLCODE,target_coef,models.custom[1],0.0,0.930688305504652,0.9297641495780473,AccountMode.EXISTING_CONTRACT_SAME_MAX,,CALLCODE,495.21829860469825,496,False,False,test_account_access,CALLCODE,target_coef
COLD_ACCOUNT_CODE_WRITE,reth,0.0064896339014927015,0.001,0.006126540939373055,0.006874800582417645,test_account_access,CALLCODE,target_coef,models.custom[1],0.0,0.950675386243154,0.950017724726396,AccountMode.NON_EXISTING_ACCOUNT,,CALLCODE,486.72254261195263,487,False,False,test_account_access,CALLCODE,target_coef
STORAGE_WRITE,,,,,,<derived>,<derived>,<derived>,<derived>,0.0,,,,,,15468.0,15468,False,False,,,
ACCOUNT_WRITE,,,,,,<derived>,<derived>,<derived>,<derived>,0.0,,,,,,12502.0,12502,False,False,,,
REFUND_STORAGE_CLEAR,,,,,,<derived>,<derived>,<derived>,<derived>,0.0,,,,,,16417.92,16418,False,False,,,
TX_ACCESS_LIST_STORAGE_KEY,,,,,,<derived>,<derived>,<derived>,<derived>,0.0,,,,,,1634.0,1634,False,False,,,
TX_ACCESS_LIST_ADDRESS,,,,,,<derived>,<derived>,<derived>,<derived>,0.0,,,,,,11034.0,11034,False,False,,,
