test_name,client_name,target_opcode,source_label,param_existing_slots,nobs,intercept_runtime_ms,intercept_pvalue,rsquared,rsquared_adj,target_coef_runtime_ms,target_coef_pvalue,target_coef_conf_int_low,target_coef_conf_int_high,param_opcode,param_account_mode
test_account_access,besu,BALANCE,models.custom[0],,99,774.4079759184738,0.001,0.891489993052887,0.8903713331874529,0.04409692509215062,0.001,0.04082808163087488,0.04731822287236258,BALANCE,AccountMode.EXISTING_CONTRACT_DIFF_MAX
test_account_access,erigon,BALANCE,models.custom[0],,55,309.7276484791144,0.001,0.942319134493228,0.9412308162761192,0.024825264287321937,0.001,0.02314783961564193,0.026231494423861457,BALANCE,AccountMode.EXISTING_CONTRACT_DIFF_MAX
test_account_access,ethrex,BALANCE,models.custom[0],,77,225.41065166299606,0.001,0.980995919060521,0.9807425313146613,0.0185394726860263,0.001,0.01784824098553518,0.019176981217320258,BALANCE,AccountMode.EXISTING_CONTRACT_DIFF_MAX
test_account_access,geth,BALANCE,models.custom[0],,88,302.4382501617873,0.001,0.9829816578153918,0.9827837701155708,0.02106570379649382,0.001,0.02028833883090919,0.02181616146556241,BALANCE,AccountMode.EXISTING_CONTRACT_DIFF_MAX
test_account_access,nethermind,BALANCE,models.custom[0],,55,115.56665184476125,0.001,0.9742149731414073,0.9737284632006791,0.011420666062250326,0.001,0.010945755919601563,0.01194820768804045,BALANCE,AccountMode.EXISTING_CONTRACT_DIFF_MAX
test_account_access,reth,BALANCE,models.custom[0],,77,132.1980234009569,0.001,0.9902769935281978,0.9901473534419071,0.020856872797209155,0.001,0.020308183776151168,0.021345815563889196,BALANCE,AccountMode.EXISTING_CONTRACT_DIFF_MAX
test_account_access,besu,BALANCE,models.custom[0],,99,310.1927755804764,0.001,0.825067015409303,0.8232635825784711,0.026199206711520314,0.001,0.02402997067173837,0.028598625483223193,BALANCE,AccountMode.EXISTING_CONTRACT_MINIMAL
test_account_access,erigon,BALANCE,models.custom[0],,55,321.2434791643184,0.001,0.9408921686457689,0.9397769265447456,0.023855288380593236,0.001,0.022187428622157234,0.02516993621480534,BALANCE,AccountMode.EXISTING_CONTRACT_MINIMAL
test_account_access,ethrex,BALANCE,models.custom[0],,77,220.20256523024895,0.001,0.9816010368829748,0.9813557173747478,0.018612011421216334,0.001,0.01796171936508708,0.01928561350166898,BALANCE,AccountMode.EXISTING_CONTRACT_MINIMAL
test_account_access,geth,BALANCE,models.custom[0],,88,404.5685174878949,0.001,0.9960741121419769,0.9960284622831628,0.019764856460648354,0.001,0.01949821687879591,0.020010694619986658,BALANCE,AccountMode.EXISTING_CONTRACT_MINIMAL
test_account_access,nethermind,BALANCE,models.custom[0],,55,90.61643502788257,0.001,0.9794446475843834,0.979056810746353,0.011752198819370835,0.001,0.011264694274540247,0.012302908340222692,BALANCE,AccountMode.EXISTING_CONTRACT_MINIMAL
test_account_access,reth,BALANCE,models.custom[0],,77,85.4241418338485,0.001,0.9784834678066033,0.9781965807106914,0.00493626093563421,0.001,0.004759860573675458,0.005098905941101945,BALANCE,AccountMode.EXISTING_CONTRACT_MINIMAL
test_account_access,besu,BALANCE,models.custom[0],,99,318.72258907866365,0.001,0.8245989272971068,0.8227906688156337,0.02612287888788367,0.001,0.023723404200057238,0.028491409890146157,BALANCE,AccountMode.EXISTING_CONTRACT_SAME_MAX
test_account_access,erigon,BALANCE,models.custom[0],,55,315.0566263575313,0.001,0.9408776833851236,0.9397621679772957,0.024014309451981422,0.001,0.022416323906878248,0.02532694694638435,BALANCE,AccountMode.EXISTING_CONTRACT_SAME_MAX
test_account_access,ethrex,BALANCE,models.custom[0],,77,217.12752624141837,0.001,0.9814621397103109,0.9812149682397817,0.01863841697581143,0.001,0.0179908385759603,0.01925141623973773,BALANCE,AccountMode.EXISTING_CONTRACT_SAME_MAX
test_account_access,geth,BALANCE,models.custom[0],,88,390.17489444393783,0.001,0.9946055798145309,0.9945428539984208,0.019887023700408648,0.001,0.01958745760278147,0.0202173545585098,BALANCE,AccountMode.EXISTING_CONTRACT_SAME_MAX
test_account_access,nethermind,BALANCE,models.custom[0],,55,132.25961182473173,0.001,0.9814881519854664,0.9811388718342487,0.011114907511376951,0.001,0.010729230106484976,0.0115397534699465,BALANCE,AccountMode.EXISTING_CONTRACT_SAME_MAX
test_account_access,reth,BALANCE,models.custom[0],,77,84.06355202737736,0.001,0.9841917106972726,0.9839809335065696,0.004989932248129104,0.001,0.004816315926262429,0.005157483243739167,BALANCE,AccountMode.EXISTING_CONTRACT_SAME_MAX
test_account_access,besu,BALANCE,presets[cold_account_nocode_access],,99,210.0682482040904,0.001,0.8918004981692788,0.8906850393875188,0.03164241088002977,0.001,0.029658833076958237,0.03385422564892476,BALANCE,AccountMode.EXISTING_EOA
test_account_access,erigon,BALANCE,presets[cold_account_nocode_access],,55,0.0,1.0,0.9710498579047736,0.9705036288086373,0.009398565251195926,0.001,0.009190907948944246,0.009537835489021642,BALANCE,AccountMode.EXISTING_EOA
test_account_access,ethrex,BALANCE,presets[cold_account_nocode_access],,77,220.59901286461985,0.001,0.9808504233381048,0.9805950956492795,0.01829664805703726,0.001,0.017638461881860405,0.019018697985245053,BALANCE,AccountMode.EXISTING_EOA
test_account_access,geth,BALANCE,presets[cold_account_nocode_access],,88,392.3379835990822,0.001,0.9963948512962447,0.9963529309624801,0.020807171269164284,0.001,0.02051354610398417,0.021082420512596033,BALANCE,AccountMode.EXISTING_EOA
test_account_access,nethermind,BALANCE,presets[cold_account_nocode_access],,55,104.69051953764898,0.001,0.9830425361157528,0.9827225839669934,0.010385370058092327,0.001,0.010021803256821801,0.010738231388288777,BALANCE,AccountMode.EXISTING_EOA
test_account_access,reth,BALANCE,presets[cold_account_nocode_access],,77,98.19648070739684,0.001,0.9843265070371852,0.9841175271310143,0.004558348902902627,0.001,0.00442878691606417,0.004695629107256097,BALANCE,AccountMode.EXISTING_EOA
test_account_access,besu,BALANCE,models.custom[0],,99,222.40346509708374,0.001,0.9074491937531121,0.9064950617299483,0.031013950770834017,0.001,0.029026231956060234,0.033081382767775655,BALANCE,AccountMode.NON_EXISTING_ACCOUNT
test_account_access,besu,BALANCE,presets[cold_account_nocode_access],,99,222.40346509708374,0.001,0.9074491937531121,0.9064950617299483,0.031013950770834017,0.001,0.029026231956060234,0.033081382767775655,BALANCE,AccountMode.NON_EXISTING_ACCOUNT
test_account_access,erigon,BALANCE,models.custom[0],,55,0.0,1.0,0.9940778873534757,0.993966149379013,0.008302868194711379,0.001,0.008241906518221253,0.008355652695552334,BALANCE,AccountMode.NON_EXISTING_ACCOUNT
test_account_access,erigon,BALANCE,presets[cold_account_nocode_access],,55,0.0,1.0,0.9940778873534757,0.993966149379013,0.008302868194711379,0.001,0.008241906518221253,0.008355652695552334,BALANCE,AccountMode.NON_EXISTING_ACCOUNT
test_account_access,ethrex,BALANCE,models.custom[0],,77,116.75105466904112,0.001,0.9554519223479271,0.9548579479792327,0.0024080793206681774,0.001,0.0022936686798656508,0.002524092646650892,BALANCE,AccountMode.NON_EXISTING_ACCOUNT
test_account_access,ethrex,BALANCE,presets[cold_account_nocode_access],,77,116.75105466904112,0.001,0.9554519223479271,0.9548579479792327,0.0024080793206681774,0.001,0.0022936686798656508,0.002524092646650892,BALANCE,AccountMode.NON_EXISTING_ACCOUNT
test_account_access,geth,BALANCE,models.custom[0],,88,388.479525406148,0.001,0.996647712190481,0.9966087320996726,0.02010088274924175,0.001,0.019860290067260398,0.020332111755911517,BALANCE,AccountMode.NON_EXISTING_ACCOUNT
test_account_access,geth,BALANCE,presets[cold_account_nocode_access],,88,388.479525406148,0.001,0.996647712190481,0.9966087320996726,0.02010088274924175,0.001,0.019860290067260398,0.020332111755911517,BALANCE,AccountMode.NON_EXISTING_ACCOUNT
test_account_access,nethermind,BALANCE,models.custom[0],,55,115.84387092927439,0.001,0.9813689001828734,0.9810173699976446,0.010065454609112448,0.001,0.009684325272433252,0.010439162408267528,BALANCE,AccountMode.NON_EXISTING_ACCOUNT
test_account_access,nethermind,BALANCE,presets[cold_account_nocode_access],,55,115.84387092927439,0.001,0.9813689001828734,0.9810173699976446,0.010065454609112448,0.001,0.009684325272433252,0.010439162408267528,BALANCE,AccountMode.NON_EXISTING_ACCOUNT
test_account_access,reth,BALANCE,models.custom[0],,77,108.04013764002794,0.001,0.9738599875206186,0.9735114540208936,0.0044758224211810015,0.001,0.0043046711195552385,0.004634792638771971,BALANCE,AccountMode.NON_EXISTING_ACCOUNT
test_account_access,reth,BALANCE,presets[cold_account_nocode_access],,77,108.04013764002794,0.001,0.9738599875206186,0.9735114540208936,0.0044758224211810015,0.001,0.0043046711195552385,0.004634792638771971,BALANCE,AccountMode.NON_EXISTING_ACCOUNT
test_account_access,besu,CALL,models.custom[0],,99,851.7345199130353,0.001,0.8839526674116501,0.882756303158162,0.046777643321146686,0.001,0.04354100881321538,0.050055392738893,CALL,AccountMode.EXISTING_CONTRACT_DIFF_MAX
test_account_access,besu,CALL,models.custom[1],,99,215.92183136233703,0.001,0.9590120378446083,0.958589481533728,0.14419876327679007,0.001,0.13814535359740127,0.15082176309523554,CALL,AccountMode.EXISTING_CONTRACT_DIFF_MAX
test_account_access,erigon,CALL,models.custom[0],,55,868.763417029789,0.015,0.8984448508533414,0.8965287159637818,0.14710723101876422,0.001,0.13338903837824667,0.15830968060384742,CALL,AccountMode.EXISTING_CONTRACT_DIFF_MAX
test_account_access,erigon,CALL,models.custom[1],,55,1113.2143478476416,0.001,0.9729559220228468,0.9724456564006363,0.2751546918532297,0.001,0.2624165398859689,0.28671544264147203,CALL,AccountMode.EXISTING_CONTRACT_DIFF_MAX
test_account_access,ethrex,CALL,models.custom[0],,77,487.96411710059806,0.001,0.9969123893353361,0.9968712211931405,0.10066237091920605,0.001,0.09941373566591466,0.10177255295840339,CALL,AccountMode.EXISTING_CONTRACT_DIFF_MAX
test_account_access,ethrex,CALL,models.custom[1],,77,235.48536115354773,0.001,0.9925577151065325,0.9924584846412863,0.13415814422380845,0.001,0.13138821989993313,0.13700725456477972,CALL,AccountMode.EXISTING_CONTRACT_DIFF_MAX
test_account_access,geth,CALL,models.custom[0],,88,1299.9130545115067,0.001,0.9358708930215051,0.9351252057310574,0.04167214606067385,0.001,0.03908752937840076,0.044116359657760375,CALL,AccountMode.EXISTING_CONTRACT_DIFF_MAX
test_account_access,geth,CALL,models.custom[1],,88,541.4630833220526,0.001,0.9897024430395361,0.9895827040051122,0.13030013297945436,0.001,0.127179943854653,0.13337532190372495,CALL,AccountMode.EXISTING_CONTRACT_DIFF_MAX
test_account_access,nethermind,CALL,models.custom[0],,55,656.1438713502188,0.001,0.9241793457437374,0.9227487673615438,0.037813681217570234,0.001,0.034405315412714646,0.04088286217030957,CALL,AccountMode.EXISTING_CONTRACT_DIFF_MAX
test_account_access,nethermind,CALL,models.custom[1],,55,116.3142675392363,0.001,0.9655543248765601,0.9649044064780047,0.09117023324904956,0.001,0.0864385891483117,0.09565388015484087,CALL,AccountMode.EXISTING_CONTRACT_DIFF_MAX
test_account_access,reth,CALL,models.custom[0],,77,138.75157838437585,0.001,0.9931758962067775,0.9930849081562012,0.023992729863028785,0.001,0.02349193107350461,0.024502783719957007,CALL,AccountMode.EXISTING_CONTRACT_DIFF_MAX
test_account_access,reth,CALL,models.custom[1],,77,137.04643307281748,0.001,0.9925482664799311,0.9924489100329968,0.057392649210105104,0.001,0.05622461503916495,0.05857323490055808,CALL,AccountMode.EXISTING_CONTRACT_DIFF_MAX
test_account_access,besu,CALL,models.custom[0],,99,385.6921834422061,0.001,0.844310860505929,0.8427058178307323,0.027174902014513856,0.001,0.025147069047377978,0.029396635046861918,CALL,AccountMode.EXISTING_CONTRACT_MINIMAL
test_account_access,besu,CALL,models.custom[1],,99,275.0144313697231,0.001,0.9536128027039193,0.9531345841750938,0.11312235238467382,0.001,0.10803363527205205,0.11888995741326486,CALL,AccountMode.EXISTING_CONTRACT_MINIMAL
test_account_access,erigon,CALL,models.custom[0],,55,323.4054437760833,0.001,0.9418397019437698,0.9407423378295012,0.02494707734015296,0.001,0.023322075506694604,0.02636822498100585,CALL,AccountMode.EXISTING_CONTRACT_MINIMAL
test_account_access,erigon,CALL,models.custom[1],,55,759.9617552498052,0.001,0.9965680097078684,0.9965032551740546,0.16150020302147763,0.001,0.1583256531962166,0.16447805338364022,CALL,AccountMode.EXISTING_CONTRACT_MINIMAL
test_account_access,ethrex,CALL,models.custom[0],,77,214.68757988054148,0.001,0.9828005410658932,0.9825712149467718,0.018879600742229167,0.001,0.018264443892991783,0.019532326313388894,CALL,AccountMode.EXISTING_CONTRACT_MINIMAL
test_account_access,ethrex,CALL,models.custom[1],,77,281.1517588735631,0.001,0.986918430971365,0.9867440100509832,0.03607773497948981,0.001,0.03545876035938589,0.03681319112445552,CALL,AccountMode.EXISTING_CONTRACT_MINIMAL
test_account_access,geth,CALL,models.custom[0],,88,399.3106411378652,0.001,0.9953106712173879,0.9952561441385204,0.02038010410103222,0.001,0.020058964225510498,0.020654882960115268,CALL,AccountMode.EXISTING_CONTRACT_MINIMAL
test_account_access,geth,CALL,models.custom[1],,88,383.3015455471002,0.001,0.9970285422839743,0.996993990450067,0.10295486740270658,0.001,0.1016727664588191,0.10415510675926533,CALL,AccountMode.EXISTING_CONTRACT_MINIMAL
test_account_access,nethermind,CALL,models.custom[0],,55,150.8723648759854,0.001,0.9855707008783646,0.9852984499515414,0.012176513319111591,0.001,0.01183523420498572,0.012525601161479822,CALL,AccountMode.EXISTING_CONTRACT_MINIMAL
test_account_access,nethermind,CALL,models.custom[1],,55,107.6898941141756,0.001,0.9820751379046582,0.9817369329594631,0.07208259826979127,0.001,0.06912213854645849,0.07508515049331034,CALL,AccountMode.EXISTING_CONTRACT_MINIMAL
test_account_access,reth,CALL,models.custom[0],,77,85.82557738035163,0.001,0.9838402911062887,0.9836248283210391,0.0054630798654783505,0.001,0.005309901135244832,0.005623121038226042,CALL,AccountMode.EXISTING_CONTRACT_MINIMAL
test_account_access,reth,CALL,models.custom[1],,77,95.69210210273137,0.001,0.9897902701081962,0.9896541403763055,0.03528936957330092,0.001,0.03442602434132963,0.03627452785451135,CALL,AccountMode.EXISTING_CONTRACT_MINIMAL
test_account_access,besu,CALL,models.custom[0],,99,395.4915679635002,0.001,0.8433399401218602,0.841724887958168,0.027222014896008007,0.001,0.02501802290466773,0.029392329891398967,CALL,AccountMode.EXISTING_CONTRACT_SAME_MAX
test_account_access,besu,CALL,models.custom[1],,99,272.64276265032305,0.001,0.9611562390886832,0.9607557879452675,0.11326042120961607,0.001,0.10846732093107286,0.11804080739192059,CALL,AccountMode.EXISTING_CONTRACT_SAME_MAX
test_account_access,erigon,CALL,models.custom[0],,55,328.80531255807455,0.005,0.7683932422744539,0.7640233034494436,0.027075502259497636,0.001,0.023126771742286285,0.03126533743502195,CALL,AccountMode.EXISTING_CONTRACT_SAME_MAX
test_account_access,erigon,CALL,models.custom[1],,55,788.830445712561,0.001,0.9841854752323959,0.9838870879726297,0.16262420901071292,0.001,0.1565830011039054,0.16926179508235226,CALL,AccountMode.EXISTING_CONTRACT_SAME_MAX
test_account_access,ethrex,CALL,models.custom[0],,77,225.12746427575937,0.001,0.9805900791884592,0.9803312802443053,0.018738220905345833,0.001,0.01812118962330255,0.019393050003125148,CALL,AccountMode.EXISTING_CONTRACT_SAME_MAX
test_account_access,ethrex,CALL,models.custom[1],,77,284.08173791914004,0.001,0.9912289160408202,0.9911119682546978,0.036042627776850474,0.001,0.03545272172781066,0.03669075337361815,CALL,AccountMode.EXISTING_CONTRACT_SAME_MAX
test_account_access,geth,CALL,models.custom[0],,88,400.7474044212897,0.001,0.9962730242069971,0.9962296872791715,0.020345924772851548,0.001,0.02009390721476791,0.020568618905502715,CALL,AccountMode.EXISTING_CONTRACT_SAME_MAX
test_account_access,geth,CALL,models.custom[1],,88,383.4055738716629,0.001,0.9973371256116522,0.9973061619559738,0.10274484589346967,0.001,0.1014470431627792,0.10396233239251026,CALL,AccountMode.EXISTING_CONTRACT_SAME_MAX
test_account_access,nethermind,CALL,models.custom[0],,55,132.77291310135064,0.001,0.9823207187177064,0.9819871473727575,0.012403458306309515,0.001,0.011979825200225851,0.012817362759504023,CALL,AccountMode.EXISTING_CONTRACT_SAME_MAX
test_account_access,nethermind,CALL,models.custom[1],,55,108.99703574613717,0.001,0.974656526857986,0.9741783481194575,0.07063645428430713,0.001,0.06765117753282351,0.07397403065811915,CALL,AccountMode.EXISTING_CONTRACT_SAME_MAX
test_account_access,reth,CALL,models.custom[0],,77,94.52518025003916,0.001,0.9800140666398947,0.9797475875284266,0.0053393581398047014,0.001,0.005147958331939046,0.005521595796664462,CALL,AccountMode.EXISTING_CONTRACT_SAME_MAX
test_account_access,reth,CALL,models.custom[1],,77,72.10909643850138,0.001,0.9875539446984373,0.9873879972944164,0.03712241913956513,0.001,0.0360180890050307,0.03822591565172555,CALL,AccountMode.EXISTING_CONTRACT_SAME_MAX
test_account_access,besu,CALL,presets[cold_account_nocode_access],,99,328.3880018211109,0.001,0.8985807852985813,0.8975352263841337,0.032843946789203445,0.001,0.03057754872233711,0.035107519963201606,CALL,AccountMode.EXISTING_EOA
test_account_access,besu,CALL,presets[cold_account_nocode_write],,99,330.2613804306645,0.001,0.9623283632679082,0.9619399958789175,0.11514082900680613,0.001,0.11023159081962965,0.11982930732784562,CALL,AccountMode.EXISTING_EOA
test_account_access,erigon,CALL,presets[cold_account_nocode_access],,55,0.0,1.0,0.9322211942000052,0.9309423488075524,0.0103702400579419,0.001,0.009634284234507885,0.010621342325353996,CALL,AccountMode.EXISTING_EOA
test_account_access,erigon,CALL,presets[cold_account_nocode_write],,55,521.6118870609746,0.001,0.9846072713266535,0.9843168424837602,0.14643596040249102,0.001,0.1418343044191586,0.1504482925848329,CALL,AccountMode.EXISTING_EOA
test_account_access,ethrex,CALL,presets[cold_account_nocode_access],,77,223.5068417583259,0.001,0.9814816558428161,0.981234744587387,0.018431111502403934,0.001,0.01775871901263453,0.019083789219557393,CALL,AccountMode.EXISTING_EOA
test_account_access,ethrex,CALL,presets[cold_account_nocode_write],,77,277.2548210503707,0.001,0.9958554560457495,0.9958001954596929,0.03626049908627202,0.001,0.03575180818160343,0.03677473186473804,CALL,AccountMode.EXISTING_EOA
test_account_access,geth,CALL,presets[cold_account_nocode_access],,88,392.94656217740754,0.001,0.9946893679357058,0.9946276164000745,0.021013854372122717,0.001,0.020664139482582722,0.02135730265640281,CALL,AccountMode.EXISTING_EOA
test_account_access,geth,CALL,presets[cold_account_nocode_write],,88,382.45423740323605,0.001,0.996558643932359,0.9965186281641306,0.10284838648700181,0.001,0.10143806934533987,0.10418890879875392,CALL,AccountMode.EXISTING_EOA
test_account_access,nethermind,CALL,presets[cold_account_nocode_access],,55,105.0019144657136,0.001,0.9860929267353,0.9858305291265321,0.01064493712970938,0.001,0.010325134186393565,0.010997537280540216,CALL,AccountMode.EXISTING_EOA
test_account_access,nethermind,CALL,presets[cold_account_nocode_write],,55,152.89023240179006,0.001,0.9771189246235962,0.9766872062202678,0.06688669023481622,0.001,0.06400278039586353,0.06990856305606177,CALL,AccountMode.EXISTING_EOA
test_account_access,reth,CALL,presets[cold_account_nocode_access],,77,101.96269096510102,0.001,0.9791609895766117,0.9788831361042999,0.004835960873810415,0.001,0.004686170483339374,0.0050006797184615785,CALL,AccountMode.EXISTING_EOA
test_account_access,reth,CALL,presets[cold_account_nocode_write],,77,88.6325994849731,0.001,0.9883893142324932,0.9882345050889264,0.035736250410970415,0.001,0.03491839194544723,0.03667349714949274,CALL,AccountMode.EXISTING_EOA
test_account_access,besu,CALL,models.custom[0],,99,362.6627101512733,0.001,0.8950897839115629,0.8940082352920945,0.032934094935948614,0.001,0.030816381646159026,0.03529058050712344,CALL,AccountMode.NON_EXISTING_ACCOUNT
test_account_access,besu,CALL,models.custom[1],,99,67.84349414118371,0.001,0.8520359810414414,0.8505105787841367,0.17582379428046613,0.001,0.15804725894570312,0.193270876667597,CALL,AccountMode.NON_EXISTING_ACCOUNT
test_account_access,besu,CALL,presets[cold_account_nocode_access],,99,362.6627101512733,0.001,0.8950897839115629,0.8940082352920945,0.032934094935948614,0.001,0.030816381646159026,0.03529058050712344,CALL,AccountMode.NON_EXISTING_ACCOUNT
test_account_access,besu,CALL,presets[cold_account_nocode_write],,99,67.84349414118371,0.001,0.8520359810414414,0.8505105787841367,0.17582379428046613,0.001,0.15804725894570312,0.193270876667597,CALL,AccountMode.NON_EXISTING_ACCOUNT
test_account_access,erigon,CALL,models.custom[0],,55,0.0,1.0,0.9767496366452613,0.9763109505442285,0.009159204500050089,0.001,0.008977909902323016,0.009280577629644323,CALL,AccountMode.NON_EXISTING_ACCOUNT
test_account_access,erigon,CALL,models.custom[1],,55,92.16206552772917,0.001,0.9931289207834705,0.992999277779385,0.27228310175279513,0.001,0.2649671894640882,0.279039652335958,CALL,AccountMode.NON_EXISTING_ACCOUNT
test_account_access,erigon,CALL,presets[cold_account_nocode_access],,55,0.0,1.0,0.9767496366452613,0.9763109505442285,0.009159204500050089,0.001,0.008977909902323016,0.009280577629644323,CALL,AccountMode.NON_EXISTING_ACCOUNT
test_account_access,erigon,CALL,presets[cold_account_nocode_write],,55,92.16206552772917,0.001,0.9931289207834705,0.992999277779385,0.27228310175279513,0.001,0.2649671894640882,0.279039652335958,CALL,AccountMode.NON_EXISTING_ACCOUNT
test_account_access,ethrex,CALL,models.custom[0],,77,116.44593245507794,0.001,0.959858926536277,0.9593237122234274,0.0025203522479331354,0.001,0.002403845932126577,0.0026471515967488707,CALL,AccountMode.NON_EXISTING_ACCOUNT
test_account_access,ethrex,CALL,models.custom[1],,77,227.6841547673996,0.001,0.8463822568388584,0.8443340202633765,0.05195820572132522,0.001,0.046272462068288014,0.057353115310873864,CALL,AccountMode.NON_EXISTING_ACCOUNT
test_account_access,ethrex,CALL,presets[cold_account_nocode_access],,77,116.44593245507794,0.001,0.959858926536277,0.9593237122234274,0.0025203522479331354,0.001,0.002403845932126577,0.0026471515967488707,CALL,AccountMode.NON_EXISTING_ACCOUNT
test_account_access,ethrex,CALL,presets[cold_account_nocode_write],,77,227.6841547673996,0.001,0.8463822568388584,0.8443340202633765,0.05195820572132522,0.001,0.046272462068288014,0.057353115310873864,CALL,AccountMode.NON_EXISTING_ACCOUNT
test_account_access,geth,CALL,models.custom[0],,88,365.2278819820893,0.001,0.9961571498075966,0.9961124655030338,0.020927949498769444,0.001,0.020670718889633486,0.021219204839638316,CALL,AccountMode.NON_EXISTING_ACCOUNT
test_account_access,geth,CALL,models.custom[1],,88,42.77987479667229,0.001,0.9811132640875291,0.9808936508792445,0.1572020293026052,0.001,0.15181476565986765,0.16224676704303434,CALL,AccountMode.NON_EXISTING_ACCOUNT
test_account_access,geth,CALL,presets[cold_account_nocode_access],,88,365.2278819820893,0.001,0.9961571498075966,0.9961124655030338,0.020927949498769444,0.001,0.020670718889633486,0.021219204839638316,CALL,AccountMode.NON_EXISTING_ACCOUNT
test_account_access,geth,CALL,presets[cold_account_nocode_write],,88,42.77987479667229,0.001,0.9811132640875291,0.9808936508792445,0.1572020293026052,0.001,0.15181476565986765,0.16224676704303434,CALL,AccountMode.NON_EXISTING_ACCOUNT
test_account_access,nethermind,CALL,models.custom[0],,55,94.28088556558582,0.001,0.9871498494344008,0.9869073937633517,0.01075067185401409,0.001,0.010429238320127883,0.011041249013017078,CALL,AccountMode.NON_EXISTING_ACCOUNT
test_account_access,nethermind,CALL,models.custom[1],,55,25.66350131332364,0.001,0.9222600335347522,0.9207932417146532,0.10011379311683415,0.001,0.09222090350587395,0.10928426157226419,CALL,AccountMode.NON_EXISTING_ACCOUNT
test_account_access,nethermind,CALL,presets[cold_account_nocode_access],,55,94.28088556558582,0.001,0.9871498494344008,0.9869073937633517,0.01075067185401409,0.001,0.010429238320127883,0.011041249013017078,CALL,AccountMode.NON_EXISTING_ACCOUNT
test_account_access,nethermind,CALL,presets[cold_account_nocode_write],,55,25.66350131332364,0.001,0.9222600335347522,0.9207932417146532,0.10011379311683415,0.001,0.09222090350587395,0.10928426157226419,CALL,AccountMode.NON_EXISTING_ACCOUNT
test_account_access,reth,CALL,models.custom[0],,77,101.75034993316483,0.001,0.9759073332016475,0.9755860976443361,0.004617849788012909,0.001,0.004455164532750666,0.0047927823709424874,CALL,AccountMode.NON_EXISTING_ACCOUNT
test_account_access,reth,CALL,models.custom[1],,77,19.16359896225228,0.001,0.8000325045311187,0.7973662712582004,0.05352375617091542,0.001,0.04774178091915959,0.058941966983126245,CALL,AccountMode.NON_EXISTING_ACCOUNT
test_account_access,reth,CALL,presets[cold_account_nocode_access],,77,101.75034993316483,0.001,0.9759073332016475,0.9755860976443361,0.004617849788012909,0.001,0.004455164532750666,0.0047927823709424874,CALL,AccountMode.NON_EXISTING_ACCOUNT
test_account_access,reth,CALL,presets[cold_account_nocode_write],,77,19.16359896225228,0.001,0.8000325045311187,0.7973662712582004,0.05352375617091542,0.001,0.04774178091915959,0.058941966983126245,CALL,AccountMode.NON_EXISTING_ACCOUNT
test_account_access,besu,CALLCODE,models.custom[0],,99,840.2162532793775,0.001,0.8816968259260016,0.8804772055747233,0.046136062714857075,0.001,0.04260316479141368,0.04951308121991854,CALLCODE,AccountMode.EXISTING_CONTRACT_DIFF_MAX
test_account_access,besu,CALLCODE,models.custom[1],,99,172.03314194650744,0.001,0.8675892523455142,0.8662241930913442,0.05656996122275415,0.001,0.05204369222285258,0.06109040106260705,CALLCODE,AccountMode.EXISTING_CONTRACT_DIFF_MAX
test_account_access,erigon,CALLCODE,models.custom[0],,55,865.6883696729782,0.015,0.8988815169664411,0.8969736210601476,0.14653694253722988,0.001,0.1348667620710677,0.15802338699070698,CALLCODE,AccountMode.EXISTING_CONTRACT_DIFF_MAX
test_account_access,erigon,CALLCODE,models.custom[1],,55,490.5537236777314,0.001,0.9068838231235877,0.9051269141259196,0.14564666393999806,0.001,0.1316192849361611,0.15586297086112627,CALLCODE,AccountMode.EXISTING_CONTRACT_DIFF_MAX
test_account_access,ethrex,CALLCODE,models.custom[0],,77,453.1065481293365,0.001,0.9976749578101155,0.9976439572475837,0.1007922844230804,0.001,0.0996181948145315,0.10194078742432557,CALLCODE,AccountMode.EXISTING_CONTRACT_DIFF_MAX
test_account_access,ethrex,CALLCODE,models.custom[1],,77,164.97599043475017,0.001,0.9900421549793622,0.9899093837124203,0.1113342056429446,0.001,0.10860875618487661,0.11380565649589301,CALLCODE,AccountMode.EXISTING_CONTRACT_DIFF_MAX
test_account_access,geth,CALLCODE,models.custom[0],,88,1305.2599124330256,0.001,0.9343939921303948,0.9336311315737714,0.04149526887994416,0.001,0.03895680551518719,0.0442082881766277,CALLCODE,AccountMode.EXISTING_CONTRACT_DIFF_MAX
test_account_access,geth,CALLCODE,models.custom[1],,88,391.260671035917,0.001,0.9487601478319492,0.948164335597437,0.061245021327727446,0.001,0.05800123226427135,0.06473977961464883,CALLCODE,AccountMode.EXISTING_CONTRACT_DIFF_MAX
test_account_access,nethermind,CALLCODE,models.custom[0],,55,644.983459398117,0.001,0.9177792677480078,0.9162279331772155,0.03780342172967079,0.001,0.03429049035079364,0.04135324812345315,CALLCODE,AccountMode.EXISTING_CONTRACT_DIFF_MAX
test_account_access,nethermind,CALLCODE,models.custom[1],,55,130.2641584990136,0.001,0.9261454963436927,0.9247520151426303,0.04435568740294449,0.001,0.041187819448898134,0.04752206845385272,CALLCODE,AccountMode.EXISTING_CONTRACT_DIFF_MAX
test_account_access,reth,CALLCODE,models.custom[0],,77,143.66443587626148,0.001,0.9924135492324946,0.9923123965555946,0.02308134230538166,0.001,0.022658825947191076,0.02352117653252766,CALLCODE,AccountMode.EXISTING_CONTRACT_DIFF_MAX
test_account_access,reth,CALLCODE,models.custom[1],,77,74.49225574896627,0.001,0.9857762580493383,0.9855866081566629,0.02475382029097229,0.001,0.023992396449751756,0.025505919873163117,CALLCODE,AccountMode.EXISTING_CONTRACT_DIFF_MAX
test_account_access,besu,CALLCODE,models.custom[0],,99,355.9227505156615,0.001,0.8272760079728537,0.8254953482612337,0.02749028711002888,0.001,0.025101817266236635,0.02989717652486082,CALLCODE,AccountMode.EXISTING_CONTRACT_MINIMAL
test_account_access,besu,CALLCODE,models.custom[1],,99,37.563337257182326,0.075,0.7621966727998845,0.7597450921070997,0.03491905787367718,0.001,0.03076494904774992,0.03826078927781022,CALLCODE,AccountMode.EXISTING_CONTRACT_MINIMAL
test_account_access,erigon,CALLCODE,models.custom[0],,55,322.04288672321405,0.001,0.9415704873566157,0.9404680437218349,0.024464505492972154,0.001,0.02272185194120668,0.025781180220401576,CALLCODE,AccountMode.EXISTING_CONTRACT_MINIMAL
test_account_access,erigon,CALLCODE,models.custom[1],,55,275.58992040318043,0.001,0.9080825672537113,0.906348276069819,0.024457272903421954,0.001,0.022319943853012857,0.026347815991377775,CALLCODE,AccountMode.EXISTING_CONTRACT_MINIMAL
test_account_access,ethrex,CALLCODE,models.custom[0],,77,217.07643195307602,0.001,0.9819461151171994,0.9817053966520954,0.01884600331153819,0.001,0.018212607932502834,0.019540401587541424,CALLCODE,AccountMode.EXISTING_CONTRACT_MINIMAL
test_account_access,ethrex,CALLCODE,models.custom[1],,77,142.17041033005015,0.001,0.9770790228710106,0.9767734098426241,0.018738479040358455,0.001,0.017965508595740427,0.019473955752983028,CALLCODE,AccountMode.EXISTING_CONTRACT_MINIMAL
test_account_access,geth,CALLCODE,models.custom[0],,88,394.835834093802,0.001,0.997160915092451,0.9971279024772469,0.020321139729631642,0.001,0.020064257082873196,0.02058777411632447,CALLCODE,AccountMode.EXISTING_CONTRACT_MINIMAL
test_account_access,geth,CALLCODE,models.custom[1],,88,89.377211787644,0.001,0.9904465794214135,0.990335493135616,0.030301675545842194,0.001,0.029668591318843574,0.0310011780439736,CALLCODE,AccountMode.EXISTING_CONTRACT_MINIMAL
test_account_access,nethermind,CALLCODE,models.custom[0],,55,120.47082329525941,0.001,0.9785737749256032,0.9781695065279731,0.012533040547616172,0.001,0.012040957689176889,0.013050659684651208,CALLCODE,AccountMode.EXISTING_CONTRACT_MINIMAL
test_account_access,nethermind,CALLCODE,models.custom[1],,55,48.19511564605307,0.001,0.9644804574991126,0.963810277451926,0.015632086051684757,0.001,0.014813441763636415,0.016529019049117147,CALLCODE,AccountMode.EXISTING_CONTRACT_MINIMAL
test_account_access,reth,CALLCODE,models.custom[0],,77,98.04573899615241,0.001,0.982006254146673,0.9817663375352953,0.004798233846432764,0.001,0.0046574007280975665,0.004933993189293251,CALLCODE,AccountMode.EXISTING_CONTRACT_MINIMAL
test_account_access,reth,CALLCODE,models.custom[1],,77,34.650895499676984,0.001,0.9513416344495124,0.9506928562421725,0.006708712965909535,0.001,0.006322798977969151,0.0070713528853893065,CALLCODE,AccountMode.EXISTING_CONTRACT_MINIMAL
test_account_access,besu,CALLCODE,models.custom[0],,99,357.3457923071385,0.001,0.8233829585844722,0.821562164343075,0.027589570156454187,0.001,0.02516164690583867,0.029930493694972957,CALLCODE,AccountMode.EXISTING_CONTRACT_SAME_MAX
test_account_access,besu,CALLCODE,models.custom[1],,99,31.558678391219207,0.123,0.7417972154096328,0.7391353310324126,0.03570324067282742,0.001,0.031050906186593032,0.03895817145554386,CALLCODE,AccountMode.EXISTING_CONTRACT_SAME_MAX
test_account_access,erigon,CALLCODE,models.custom[0],,55,336.332185075296,0.001,0.7455841493859053,0.7407838503177149,0.02637977150218141,0.001,0.022114970693535102,0.030427909833228992,CALLCODE,AccountMode.EXISTING_CONTRACT_SAME_MAX
test_account_access,erigon,CALLCODE,models.custom[1],,55,274.2963801493459,0.001,0.8409114659644636,0.8379097955109629,0.026458431693200227,0.001,0.023040079484486827,0.02972292705937915,CALLCODE,AccountMode.EXISTING_CONTRACT_SAME_MAX
test_account_access,ethrex,CALLCODE,models.custom[0],,77,222.6299076892698,0.001,0.9802187225202993,0.9799549721539033,0.018805910158568476,0.001,0.01804840914772466,0.019491235340351316,CALLCODE,AccountMode.EXISTING_CONTRACT_SAME_MAX
test_account_access,ethrex,CALLCODE,models.custom[1],,77,142.16061126390383,0.001,0.9764987105413773,0.9761853600152623,0.01907049540716049,0.001,0.01831833984276064,0.019846031406264467,CALLCODE,AccountMode.EXISTING_CONTRACT_SAME_MAX
test_account_access,geth,CALLCODE,models.custom[0],,88,415.6232560206383,0.001,0.993708316178226,0.9936351570640193,0.0200077918347108,0.001,0.01959673390822413,0.02036339879756317,CALLCODE,AccountMode.EXISTING_CONTRACT_SAME_MAX
test_account_access,geth,CALLCODE,models.custom[1],,88,80.77855151145658,0.001,0.989832605319029,0.9897143797994827,0.030814797213240187,0.001,0.030097168394125465,0.031616092743499156,CALLCODE,AccountMode.EXISTING_CONTRACT_SAME_MAX
test_account_access,nethermind,CALLCODE,models.custom[0],,55,130.837317130189,0.001,0.9861177574419511,0.9858558283370822,0.012398994947667037,0.001,0.011955058380244618,0.012836418759339439,CALLCODE,AccountMode.EXISTING_CONTRACT_SAME_MAX
test_account_access,nethermind,CALLCODE,models.custom[1],,55,55.23807951502094,0.001,0.9512903755142662,0.9503713259956674,0.015216943570017903,0.001,0.014347086320443595,0.01616282416437786,CALLCODE,AccountMode.EXISTING_CONTRACT_SAME_MAX
test_account_access,reth,CALLCODE,models.custom[0],,77,82.78066584815498,0.001,0.9814221086590396,0.9811744034411601,0.0050820974933742415,0.001,0.004929796662180449,0.005237849311775129,CALLCODE,AccountMode.EXISTING_CONTRACT_SAME_MAX
test_account_access,reth,CALLCODE,models.custom[1],,77,37.48785501156597,0.001,0.930688305504652,0.9297641495780473,0.0066029106480626435,0.001,0.006149142245229588,0.0070596755020717345,CALLCODE,AccountMode.EXISTING_CONTRACT_SAME_MAX
test_account_access,besu,CALLCODE,presets[cold_account_nocode_access],,99,274.69513421400217,0.001,0.8923224426897822,0.8912123647793676,0.032794862919462146,0.001,0.030510394445400928,0.03502875221965421,CALLCODE,AccountMode.EXISTING_EOA
test_account_access,besu,CALLCODE,presets[cold_account_nocode_write],,99,41.979949568988225,0.076,0.7932456397869688,0.79111415153735,0.037430174273801436,0.001,0.0334491542633158,0.041027939372643214,CALLCODE,AccountMode.EXISTING_EOA
test_account_access,erigon,CALLCODE,presets[cold_account_nocode_access],,55,0.0,1.0,0.9503716630427224,0.9494352793265473,0.009483094232909512,0.001,0.008943027584124241,0.009669507880555211,CALLCODE,AccountMode.EXISTING_EOA
test_account_access,erigon,CALLCODE,presets[cold_account_nocode_write],,55,5.802692406490338,0.076,0.9435722215909604,0.9425075465266389,0.008701245507782143,0.001,0.008066253376762816,0.009186792757792238,CALLCODE,AccountMode.EXISTING_EOA
test_account_access,ethrex,CALLCODE,presets[cold_account_nocode_access],,77,229.40924597702752,0.001,0.9804423145681666,0.9801815454290754,0.01833191795396497,0.001,0.017640162174796154,0.01900194057946243,CALLCODE,AccountMode.EXISTING_EOA
test_account_access,ethrex,CALLCODE,presets[cold_account_nocode_write],,77,142.3354049573631,0.001,0.9777779715720739,0.9774816778597015,0.018693475333695357,0.001,0.01793425098612703,0.01943456802218039,CALLCODE,AccountMode.EXISTING_EOA
test_account_access,geth,CALLCODE,presets[cold_account_nocode_access],,88,394.02591986588146,0.001,0.9951225813416238,0.9950658671711775,0.02105216403304405,0.001,0.020749921718477376,0.021414426066548177,CALLCODE,AccountMode.EXISTING_EOA
test_account_access,geth,CALLCODE,presets[cold_account_nocode_write],,88,84.89965283636191,0.001,0.9874599532152765,0.9873141387177797,0.031485378935179664,0.001,0.030751477436653275,0.03221834806964442,CALLCODE,AccountMode.EXISTING_EOA
test_account_access,nethermind,CALLCODE,presets[cold_account_nocode_access],,55,87.01254743469767,0.001,0.9857506790418341,0.9854818239294159,0.010666524373606429,0.001,0.010337457402110303,0.010987822208915957,CALLCODE,AccountMode.EXISTING_EOA
test_account_access,nethermind,CALLCODE,presets[cold_account_nocode_write],,55,32.065512039985656,0.001,0.9690334782266316,0.9684492042309076,0.014234329730737417,0.001,0.01347009870764659,0.014975476615415909,CALLCODE,AccountMode.EXISTING_EOA
test_account_access,reth,CALLCODE,presets[cold_account_nocode_access],,77,94.91699792782028,0.001,0.9724656569420047,0.9720985323678981,0.004656804076481455,0.001,0.0044788752424909095,0.004851815824435783,CALLCODE,AccountMode.EXISTING_EOA
test_account_access,reth,CALLCODE,presets[cold_account_nocode_write],,77,35.128039223516716,0.001,0.9450424940861487,0.9443097273406307,0.006515729705059744,0.001,0.006142804922877301,0.006873170074438297,CALLCODE,AccountMode.EXISTING_EOA
test_account_access,besu,CALLCODE,models.custom[0],,99,275.33182711370836,0.001,0.9101481287539409,0.9092218208029507,0.032228112941617405,0.001,0.030227541853707712,0.034060180711374344,CALLCODE,AccountMode.NON_EXISTING_ACCOUNT
test_account_access,besu,CALLCODE,models.custom[1],,99,35.226164269396804,0.071,0.8046530788100178,0.8026391930245541,0.03710195542863983,0.001,0.03312612156811175,0.04028269326170362,CALLCODE,AccountMode.NON_EXISTING_ACCOUNT
test_account_access,besu,CALLCODE,presets[cold_account_nocode_access],,99,275.33182711370836,0.001,0.9101481287539409,0.9092218208029507,0.032228112941617405,0.001,0.030227541853707712,0.034060180711374344,CALLCODE,AccountMode.NON_EXISTING_ACCOUNT
test_account_access,besu,CALLCODE,presets[cold_account_nocode_write],,99,35.226164269396804,0.071,0.8046530788100178,0.8026391930245541,0.03710195542863983,0.001,0.03312612156811175,0.04028269326170362,CALLCODE,AccountMode.NON_EXISTING_ACCOUNT
test_account_access,erigon,CALLCODE,models.custom[0],,55,0.0,1.0,0.9918465794486855,0.9916927413250758,0.008414875831177627,0.001,0.008345522786450168,0.008479190080732281,CALLCODE,AccountMode.NON_EXISTING_ACCOUNT
test_account_access,erigon,CALLCODE,models.custom[1],,55,6.8581526114611195,0.016,0.968110361542126,0.967508670250468,0.007828426556749403,0.001,0.007416823953052073,0.008293024527666327,CALLCODE,AccountMode.NON_EXISTING_ACCOUNT
test_account_access,erigon,CALLCODE,presets[cold_account_nocode_access],,55,0.0,1.0,0.9918465794486855,0.9916927413250758,0.008414875831177627,0.001,0.008345522786450168,0.008479190080732281,CALLCODE,AccountMode.NON_EXISTING_ACCOUNT
test_account_access,erigon,CALLCODE,presets[cold_account_nocode_write],,55,6.8581526114611195,0.016,0.968110361542126,0.967508670250468,0.007828426556749403,0.001,0.007416823953052073,0.008293024527666327,CALLCODE,AccountMode.NON_EXISTING_ACCOUNT
test_account_access,ethrex,CALLCODE,models.custom[0],,77,115.44711737420717,0.001,0.9595806999213833,0.959041775920335,0.0025565772849079106,0.001,0.0024186830522488923,0.0026887296819113823,CALLCODE,AccountMode.NON_EXISTING_ACCOUNT
test_account_access,ethrex,CALLCODE,models.custom[1],,77,121.97833701161456,0.001,0.7516313050066457,0.7483197224067343,0.0026550566873364758,0.001,0.0023547720865385977,0.0029841044463961514,CALLCODE,AccountMode.NON_EXISTING_ACCOUNT
test_account_access,ethrex,CALLCODE,presets[cold_account_nocode_access],,77,115.44711737420717,0.001,0.9595806999213833,0.959041775920335,0.0025565772849079106,0.001,0.0024186830522488923,0.0026887296819113823,CALLCODE,AccountMode.NON_EXISTING_ACCOUNT
test_account_access,ethrex,CALLCODE,presets[cold_account_nocode_write],,77,121.97833701161456,0.001,0.7516313050066457,0.7483197224067343,0.0026550566873364758,0.001,0.0023547720865385977,0.0029841044463961514,CALLCODE,AccountMode.NON_EXISTING_ACCOUNT
test_account_access,geth,CALLCODE,models.custom[0],,88,393.11183346441703,0.001,0.9961773825140814,0.9961329334735475,0.02125984061573938,0.001,0.02098256615530675,0.021540931857347997,CALLCODE,AccountMode.NON_EXISTING_ACCOUNT
test_account_access,geth,CALLCODE,models.custom[1],,88,86.08692100536987,0.001,0.993614176735206,0.9935399229763131,0.03149941179817973,0.001,0.030964479317542832,0.03208927068989065,CALLCODE,AccountMode.NON_EXISTING_ACCOUNT
test_account_access,geth,CALLCODE,presets[cold_account_nocode_access],,88,393.11183346441703,0.001,0.9961773825140814,0.9961329334735475,0.02125984061573938,0.001,0.02098256615530675,0.021540931857347997,CALLCODE,AccountMode.NON_EXISTING_ACCOUNT
test_account_access,geth,CALLCODE,presets[cold_account_nocode_write],,88,86.08692100536987,0.001,0.993614176735206,0.9935399229763131,0.03149941179817973,0.001,0.030964479317542832,0.03208927068989065,CALLCODE,AccountMode.NON_EXISTING_ACCOUNT
test_account_access,nethermind,CALLCODE,models.custom[0],,55,87.51439743131407,0.001,0.9854210039890321,0.9851459285925988,0.010533209809989036,0.001,0.010221006784082878,0.01086257957359435,CALLCODE,AccountMode.NON_EXISTING_ACCOUNT
test_account_access,nethermind,CALLCODE,models.custom[1],,55,37.761180414159774,0.001,0.9668519074742473,0.9662264717662142,0.013420899357542562,0.001,0.012731088309357735,0.014120893495122471,CALLCODE,AccountMode.NON_EXISTING_ACCOUNT
test_account_access,nethermind,CALLCODE,presets[cold_account_nocode_access],,55,87.51439743131407,0.001,0.9854210039890321,0.9851459285925988,0.010533209809989036,0.001,0.010221006784082878,0.01086257957359435,CALLCODE,AccountMode.NON_EXISTING_ACCOUNT
test_account_access,nethermind,CALLCODE,presets[cold_account_nocode_write],,55,37.761180414159774,0.001,0.9668519074742473,0.9662264717662142,0.013420899357542562,0.001,0.012731088309357735,0.014120893495122471,CALLCODE,AccountMode.NON_EXISTING_ACCOUNT
test_account_access,reth,CALLCODE,models.custom[0],,77,118.75666814876801,0.001,0.9739618568348289,0.9736146815926267,0.004269206443958138,0.001,0.004096452576892346,0.004437164136457794,CALLCODE,AccountMode.NON_EXISTING_ACCOUNT
test_account_access,reth,CALLCODE,models.custom[1],,77,38.50853992069143,0.001,0.950675386243154,0.950017724726396,0.0064896339014927015,0.001,0.006126540939373055,0.006874800582417645,CALLCODE,AccountMode.NON_EXISTING_ACCOUNT
test_account_access,reth,CALLCODE,presets[cold_account_nocode_access],,77,118.75666814876801,0.001,0.9739618568348289,0.9736146815926267,0.004269206443958138,0.001,0.004096452576892346,0.004437164136457794,CALLCODE,AccountMode.NON_EXISTING_ACCOUNT
test_account_access,reth,CALLCODE,presets[cold_account_nocode_write],,77,38.50853992069143,0.001,0.950675386243154,0.950017724726396,0.0064896339014927015,0.001,0.006126540939373055,0.006874800582417645,CALLCODE,AccountMode.NON_EXISTING_ACCOUNT
test_account_access,besu,DELEGATECALL,models.custom[0],,99,857.2868639116722,0.001,0.8659823082952129,0.8646006826075348,0.04585854347267252,0.001,0.04232703390176585,0.04936834065710807,DELEGATECALL,AccountMode.EXISTING_CONTRACT_DIFF_MAX
test_account_access,erigon,DELEGATECALL,models.custom[0],,55,853.0698122736017,0.016,0.8999253964803812,0.8980371964139733,0.14684187208795213,0.001,0.13235067218905627,0.15789276829103957,DELEGATECALL,AccountMode.EXISTING_CONTRACT_DIFF_MAX
test_account_access,ethrex,DELEGATECALL,models.custom[0],,77,436.64254649228747,0.001,0.997130136022716,0.9970918711696856,0.10101946672622296,0.001,0.09975540928610079,0.102111927922029,DELEGATECALL,AccountMode.EXISTING_CONTRACT_DIFF_MAX
test_account_access,geth,DELEGATECALL,models.custom[0],,88,1311.5049904817006,0.001,0.9353532064413034,0.934601499539458,0.041319610091748865,0.001,0.03862951596759945,0.04380757181130808,DELEGATECALL,AccountMode.EXISTING_CONTRACT_DIFF_MAX
test_account_access,nethermind,DELEGATECALL,models.custom[0],,55,673.8864434715646,0.001,0.9246642315058949,0.9232428019116665,0.03730186570816348,0.001,0.034341601081304726,0.04056643421500353,DELEGATECALL,AccountMode.EXISTING_CONTRACT_DIFF_MAX
test_account_access,reth,DELEGATECALL,models.custom[0],,77,163.14230070523,0.001,0.9932320378668678,0.9931417983717593,0.022831677395689025,0.001,0.02237999240127436,0.023236561273810862,DELEGATECALL,AccountMode.EXISTING_CONTRACT_DIFF_MAX
test_account_access,besu,DELEGATECALL,models.custom[0],,99,350.97130077332724,0.001,0.8235457451514623,0.8217266291220959,0.027598703418262274,0.001,0.025084865346764292,0.03036535748157582,DELEGATECALL,AccountMode.EXISTING_CONTRACT_MINIMAL
test_account_access,erigon,DELEGATECALL,models.custom[0],,55,327.6339410616931,0.001,0.9404728922969936,0.9393497393214651,0.02431912108835268,0.001,0.022683623944503087,0.02561985598529567,DELEGATECALL,AccountMode.EXISTING_CONTRACT_MINIMAL
test_account_access,ethrex,DELEGATECALL,models.custom[0],,77,220.48533292756343,0.001,0.9823324023560227,0.9820968343874363,0.01875223005072387,0.001,0.018148411961466375,0.019408113375798022,DELEGATECALL,AccountMode.EXISTING_CONTRACT_MINIMAL
test_account_access,geth,DELEGATECALL,models.custom[0],,88,396.66620155809306,0.001,0.9966539822004618,0.9966150750167462,0.02024955948320525,0.001,0.020000065151343244,0.020508509478774535,DELEGATECALL,AccountMode.EXISTING_CONTRACT_MINIMAL
test_account_access,nethermind,DELEGATECALL,models.custom[0],,55,119.71936747529803,0.001,0.9848840967020522,0.9845988909794494,0.012569498248968008,0.001,0.012137208900217949,0.013130069570125403,DELEGATECALL,AccountMode.EXISTING_CONTRACT_MINIMAL
test_account_access,reth,DELEGATECALL,models.custom[0],,77,87.96066816936454,0.001,0.9792961011217598,0.9790200491367166,0.004965410307444557,0.001,0.004811241933225126,0.0051368801236285466,DELEGATECALL,AccountMode.EXISTING_CONTRACT_MINIMAL
test_account_access,besu,DELEGATECALL,models.custom[0],,99,354.53237595444176,0.001,0.8089213318301866,0.8069514486531781,0.027660382612384276,0.001,0.025216382137987745,0.03055397933270084,DELEGATECALL,AccountMode.EXISTING_CONTRACT_SAME_MAX
test_account_access,erigon,DELEGATECALL,models.custom[0],,55,327.3224896494643,0.007,0.7460994850680229,0.7413089093145894,0.0265232686133342,0.001,0.02238796267941353,0.031056474746404328,DELEGATECALL,AccountMode.EXISTING_CONTRACT_SAME_MAX
test_account_access,ethrex,DELEGATECALL,models.custom[0],,77,218.96528659173623,0.001,0.9806483682721373,0.9803903465157658,0.018827370175090317,0.001,0.01814933904058174,0.019504106419234946,DELEGATECALL,AccountMode.EXISTING_CONTRACT_SAME_MAX
test_account_access,geth,DELEGATECALL,models.custom[0],,88,410.1828256494293,0.001,0.9951837740239142,0.9951277713962853,0.019999105914950792,0.001,0.019686595304661964,0.020308259945905273,DELEGATECALL,AccountMode.EXISTING_CONTRACT_SAME_MAX
test_account_access,nethermind,DELEGATECALL,models.custom[0],,55,140.43189502143616,0.001,0.9851381609260703,0.9848577488680716,0.01225956625965617,0.001,0.011839719309631203,0.012669041626229016,DELEGATECALL,AccountMode.EXISTING_CONTRACT_SAME_MAX
test_account_access,reth,DELEGATECALL,models.custom[0],,77,85.10360136433405,0.001,0.9734569817831342,0.9731030748735761,0.0050413748817617916,0.001,0.004856937535161109,0.005215330031454716,DELEGATECALL,AccountMode.EXISTING_CONTRACT_SAME_MAX
test_account_access,besu,DELEGATECALL,presets[cold_account_nocode_access],,99,248.3228227699768,0.001,0.9021833705174869,0.9011749516568424,0.03309493555708972,0.001,0.030932563872249276,0.035189744174528303,DELEGATECALL,AccountMode.EXISTING_EOA
test_account_access,erigon,DELEGATECALL,presets[cold_account_nocode_access],,55,0.0,1.0,0.9619020077581477,0.9611831777158486,0.009524480144593304,0.001,0.009275979382299794,0.009676881743434338,DELEGATECALL,AccountMode.EXISTING_EOA
test_account_access,ethrex,DELEGATECALL,presets[cold_account_nocode_access],,77,226.65681255117644,0.001,0.9805444075750488,0.9802849996760494,0.018347418704538276,0.001,0.017698607739340493,0.01903069191631164,DELEGATECALL,AccountMode.EXISTING_EOA
test_account_access,geth,DELEGATECALL,presets[cold_account_nocode_access],,88,386.76985117091454,0.001,0.9959011985446924,0.995853538062654,0.021115611084336162,0.001,0.02080858890972336,0.021396595651291546,DELEGATECALL,AccountMode.EXISTING_EOA
test_account_access,nethermind,DELEGATECALL,presets[cold_account_nocode_access],,55,122.84715883197147,0.001,0.9795855299021734,0.9792003512210823,0.010435837536274119,0.001,0.010072410054572802,0.010868641426615734,DELEGATECALL,AccountMode.EXISTING_EOA
test_account_access,reth,DELEGATECALL,presets[cold_account_nocode_access],,77,91.29106782790208,0.001,0.9829746426915481,0.9827476379274354,0.004682279227976925,0.001,0.004535715457265232,0.004826835370898993,DELEGATECALL,AccountMode.EXISTING_EOA
test_account_access,besu,DELEGATECALL,models.custom[0],,99,262.93811501747444,0.001,0.9023150757602227,0.9013080146855859,0.03231183729478607,0.001,0.0302286703823627,0.03450251097624183,DELEGATECALL,AccountMode.NON_EXISTING_ACCOUNT
test_account_access,besu,DELEGATECALL,presets[cold_account_nocode_access],,99,262.93811501747444,0.001,0.9023150757602227,0.9013080146855859,0.03231183729478607,0.001,0.0302286703823627,0.03450251097624183,DELEGATECALL,AccountMode.NON_EXISTING_ACCOUNT
test_account_access,erigon,DELEGATECALL,models.custom[0],,55,0.0,1.0,0.990020638208984,0.9898323483638705,0.008433667706313121,0.001,0.008344600462678537,0.008510634897037404,DELEGATECALL,AccountMode.NON_EXISTING_ACCOUNT
test_account_access,erigon,DELEGATECALL,presets[cold_account_nocode_access],,55,0.0,1.0,0.990020638208984,0.9898323483638705,0.008433667706313121,0.001,0.008344600462678537,0.008510634897037404,DELEGATECALL,AccountMode.NON_EXISTING_ACCOUNT
test_account_access,ethrex,DELEGATECALL,models.custom[0],,77,115.700340720804,0.001,0.9648636314778916,0.9643951465642634,0.0025285467823447493,0.001,0.0024212197666779386,0.0026430380445418298,DELEGATECALL,AccountMode.NON_EXISTING_ACCOUNT
test_account_access,ethrex,DELEGATECALL,presets[cold_account_nocode_access],,77,115.700340720804,0.001,0.9648636314778916,0.9643951465642634,0.0025285467823447493,0.001,0.0024212197666779386,0.0026430380445418298,DELEGATECALL,AccountMode.NON_EXISTING_ACCOUNT
test_account_access,geth,DELEGATECALL,models.custom[0],,88,387.6658748873946,0.001,0.9956507537707007,0.9956001811401274,0.02129931282245143,0.001,0.02101170186628934,0.02160323355968872,DELEGATECALL,AccountMode.NON_EXISTING_ACCOUNT
test_account_access,geth,DELEGATECALL,presets[cold_account_nocode_access],,88,387.6658748873946,0.001,0.9956507537707007,0.9956001811401274,0.02129931282245143,0.001,0.02101170186628934,0.02160323355968872,DELEGATECALL,AccountMode.NON_EXISTING_ACCOUNT
test_account_access,nethermind,DELEGATECALL,models.custom[0],,55,103.49299780973374,0.001,0.9793557861831953,0.9789662727149537,0.010546777823191673,0.001,0.010137203481200984,0.010961139020580673,DELEGATECALL,AccountMode.NON_EXISTING_ACCOUNT
test_account_access,nethermind,DELEGATECALL,presets[cold_account_nocode_access],,55,103.49299780973374,0.001,0.9793557861831953,0.9789662727149537,0.010546777823191673,0.001,0.010137203481200984,0.010961139020580673,DELEGATECALL,AccountMode.NON_EXISTING_ACCOUNT
test_account_access,reth,DELEGATECALL,models.custom[0],,77,98.78549447918603,0.001,0.9784192045424013,0.9781314606029666,0.004582537263517861,0.001,0.004423158726960298,0.004754373660494341,DELEGATECALL,AccountMode.NON_EXISTING_ACCOUNT
test_account_access,reth,DELEGATECALL,presets[cold_account_nocode_access],,77,98.78549447918603,0.001,0.9784192045424013,0.9781314606029666,0.004582537263517861,0.001,0.004423158726960298,0.004754373660494341,DELEGATECALL,AccountMode.NON_EXISTING_ACCOUNT
test_account_access,besu,EXTCODECOPY,models.custom[0],,99,697.3100864424439,0.001,0.8801309303146154,0.8788951667096114,0.045368921189950166,0.001,0.04210755978464681,0.04857107569507692,EXTCODECOPY,AccountMode.EXISTING_CONTRACT_DIFF_MAX
test_account_access,erigon,EXTCODECOPY,models.custom[0],,55,838.3448490200864,0.01,0.9129738014665049,0.9113317977205899,0.1440267663861838,0.001,0.13201476675485005,0.15464405547730575,EXTCODECOPY,AccountMode.EXISTING_CONTRACT_DIFF_MAX
test_account_access,ethrex,EXTCODECOPY,models.custom[0],,77,405.3568854157266,0.001,0.9980012978793342,0.9979746485177253,0.10104204815397949,0.001,0.10002940417679904,0.1020089159706375,EXTCODECOPY,AccountMode.EXISTING_CONTRACT_DIFF_MAX
test_account_access,geth,EXTCODECOPY,models.custom[0],,88,1229.8040436432043,0.001,0.9333803872709595,0.9326057406113195,0.04206662508556617,0.001,0.039301288450402316,0.04474518493285202,EXTCODECOPY,AccountMode.EXISTING_CONTRACT_DIFF_MAX
test_account_access,nethermind,EXTCODECOPY,models.custom[0],,55,524.2034809806511,0.001,0.9319914916842286,0.9307083122820442,0.03707089349621028,0.001,0.03411829153305511,0.039831263201752176,EXTCODECOPY,AccountMode.EXISTING_CONTRACT_DIFF_MAX
test_account_access,reth,EXTCODECOPY,models.custom[0],,77,140.15897365900398,0.001,0.9916052791396885,0.9914933495282178,0.02305635979265541,0.001,0.022492106496854583,0.02354663606718026,EXTCODECOPY,AccountMode.EXISTING_CONTRACT_DIFF_MAX
test_account_access,besu,EXTCODECOPY,models.custom[0],,99,305.54894041124334,0.001,0.8211656196406215,0.8193219662348548,0.026255286751179826,0.001,0.02384420711998366,0.028532391226188447,EXTCODECOPY,AccountMode.EXISTING_CONTRACT_MINIMAL
test_account_access,erigon,EXTCODECOPY,models.custom[0],,55,314.15574211020225,0.001,0.936373333497481,0.935172830355924,0.024195650557444486,0.001,0.022584149729312074,0.025577269593574377,EXTCODECOPY,AccountMode.EXISTING_CONTRACT_MINIMAL
test_account_access,ethrex,EXTCODECOPY,models.custom[0],,77,210.42803293962635,0.001,0.980918077927236,0.9806636522995991,0.018726063233930133,0.001,0.018070925455159245,0.01940161250043005,EXTCODECOPY,AccountMode.EXISTING_CONTRACT_MINIMAL
test_account_access,geth,EXTCODECOPY,models.custom[0],,88,390.83645747915875,0.001,0.9952001255803832,0.9951443130871318,0.020334802852550283,0.001,0.02001381828126381,0.020635271616124523,EXTCODECOPY,AccountMode.EXISTING_CONTRACT_MINIMAL
test_account_access,nethermind,EXTCODECOPY,models.custom[0],,55,114.21683291383472,0.001,0.9782139110308263,0.9778028527483891,0.011629942678786307,0.001,0.01116267522920162,0.01215755349158602,EXTCODECOPY,AccountMode.EXISTING_CONTRACT_MINIMAL
test_account_access,reth,EXTCODECOPY,models.custom[0],,77,85.0057411340885,0.001,0.9795865436556358,0.9793143642377109,0.004992909234852173,0.001,0.004804074967704494,0.005168235679486525,EXTCODECOPY,AccountMode.EXISTING_CONTRACT_MINIMAL
test_account_access,besu,EXTCODECOPY,models.custom[0],,99,294.81930072503656,0.001,0.8069247923401214,0.8049343262817721,0.02661704544001252,0.001,0.024045349933636804,0.029247609190824322,EXTCODECOPY,AccountMode.EXISTING_CONTRACT_SAME_MAX
test_account_access,erigon,EXTCODECOPY,models.custom[0],,55,320.50971781091823,0.001,0.9396163562726298,0.9384770422400379,0.024170394005341735,0.001,0.02270057193958769,0.02566563500413959,EXTCODECOPY,AccountMode.EXISTING_CONTRACT_SAME_MAX
test_account_access,ethrex,EXTCODECOPY,models.custom[0],,77,215.63609473674052,0.001,0.9814559511599376,0.9812086971754034,0.018623332402977644,0.001,0.01795923411164961,0.019315081842260867,EXTCODECOPY,AccountMode.EXISTING_CONTRACT_SAME_MAX
test_account_access,geth,EXTCODECOPY,models.custom[0],,88,392.7815044134985,0.001,0.9947618628204983,0.9947009542486436,0.02006105666063309,0.001,0.019728614894732058,0.020456464616323,EXTCODECOPY,AccountMode.EXISTING_CONTRACT_SAME_MAX
test_account_access,nethermind,EXTCODECOPY,models.custom[0],,55,129.81454320556927,0.001,0.9828259691635209,0.9825019308458516,0.011411762631138593,0.001,0.010999156186970097,0.01180851276162538,EXTCODECOPY,AccountMode.EXISTING_CONTRACT_SAME_MAX
test_account_access,reth,EXTCODECOPY,models.custom[0],,77,85.59647697909685,0.001,0.9778592164183761,0.9775640059706212,0.005010930827257745,0.001,0.00486301190578607,0.005180577489267766,EXTCODECOPY,AccountMode.EXISTING_CONTRACT_SAME_MAX
test_account_access,besu,EXTCODECOPY,presets[cold_account_nocode_access],,99,229.4075940317338,0.001,0.8867679846728999,0.885600644308703,0.03141338172899778,0.001,0.029345849628775976,0.03344993497102521,EXTCODECOPY,AccountMode.EXISTING_EOA
test_account_access,erigon,EXTCODECOPY,presets[cold_account_nocode_access],,55,0.0,1.0,0.95352543578396,0.952648557213846,0.009257385254184673,0.001,0.008772990741542062,0.009444776717496613,EXTCODECOPY,AccountMode.EXISTING_EOA
test_account_access,ethrex,EXTCODECOPY,presets[cold_account_nocode_access],,77,219.26944019646598,0.001,0.9819697310460301,0.9817293274599772,0.018281180783207125,0.001,0.017649371934062255,0.018884606289180834,EXTCODECOPY,AccountMode.EXISTING_EOA
test_account_access,geth,EXTCODECOPY,presets[cold_account_nocode_access],,88,381.3815115451906,0.001,0.9950375983014328,0.9949798959561006,0.021387619585441466,0.001,0.021076059960308438,0.0217241193297438,EXTCODECOPY,AccountMode.EXISTING_EOA
test_account_access,nethermind,EXTCODECOPY,presets[cold_account_nocode_access],,55,96.36735709991063,0.001,0.9870005450979046,0.9867552723639028,0.010513273741088224,0.001,0.01017295955881185,0.010840506282225505,EXTCODECOPY,AccountMode.EXISTING_EOA
test_account_access,reth,EXTCODECOPY,presets[cold_account_nocode_access],,77,91.55216847389825,0.001,0.9758786684208848,0.9755570506664966,0.004668784087365947,0.001,0.004516939614767395,0.004829134528831098,EXTCODECOPY,AccountMode.EXISTING_EOA
test_account_access,besu,EXTCODECOPY,models.custom[0],,99,201.9312194580373,0.001,0.9058910146841104,0.9049208189592043,0.03152534255370198,0.001,0.02951995857245939,0.033554231228602724,EXTCODECOPY,AccountMode.NON_EXISTING_ACCOUNT
test_account_access,besu,EXTCODECOPY,presets[cold_account_nocode_access],,99,201.9312194580373,0.001,0.9058910146841104,0.9049208189592043,0.03152534255370198,0.001,0.02951995857245939,0.033554231228602724,EXTCODECOPY,AccountMode.NON_EXISTING_ACCOUNT
test_account_access,erigon,EXTCODECOPY,models.custom[0],,55,0.0,1.0,0.99155224272253,0.9913928510757852,0.008183002771067246,0.001,0.00810616294221514,0.008247549690541168,EXTCODECOPY,AccountMode.NON_EXISTING_ACCOUNT
test_account_access,erigon,EXTCODECOPY,presets[cold_account_nocode_access],,55,0.0,1.0,0.99155224272253,0.9913928510757852,0.008183002771067246,0.001,0.00810616294221514,0.008247549690541168,EXTCODECOPY,AccountMode.NON_EXISTING_ACCOUNT
test_account_access,ethrex,EXTCODECOPY,models.custom[0],,77,114.71746660723167,0.001,0.9486012868214064,0.9479159706456919,0.0024608432914856406,0.001,0.0023199029625786795,0.00260498310213783,EXTCODECOPY,AccountMode.NON_EXISTING_ACCOUNT
test_account_access,ethrex,EXTCODECOPY,presets[cold_account_nocode_access],,77,114.71746660723167,0.001,0.9486012868214064,0.9479159706456919,0.0024608432914856406,0.001,0.0023199029625786795,0.00260498310213783,EXTCODECOPY,AccountMode.NON_EXISTING_ACCOUNT
test_account_access,geth,EXTCODECOPY,models.custom[0],,88,384.42993953523546,0.001,0.9963829671466574,0.9963409086251069,0.02054285286145817,0.001,0.020269523921101686,0.020795339515195698,EXTCODECOPY,AccountMode.NON_EXISTING_ACCOUNT
test_account_access,geth,EXTCODECOPY,presets[cold_account_nocode_access],,88,384.42993953523546,0.001,0.9963829671466574,0.9963409086251069,0.02054285286145817,0.001,0.020269523921101686,0.020795339515195698,EXTCODECOPY,AccountMode.NON_EXISTING_ACCOUNT
test_account_access,nethermind,EXTCODECOPY,models.custom[0],,55,99.70815303519093,0.001,0.9804140486582894,0.980044502406559,0.010246238062779607,0.001,0.009917183618080224,0.010571356039080016,EXTCODECOPY,AccountMode.NON_EXISTING_ACCOUNT
test_account_access,nethermind,EXTCODECOPY,presets[cold_account_nocode_access],,55,99.70815303519093,0.001,0.9804140486582894,0.980044502406559,0.010246238062779607,0.001,0.009917183618080224,0.010571356039080016,EXTCODECOPY,AccountMode.NON_EXISTING_ACCOUNT
test_account_access,reth,EXTCODECOPY,models.custom[0],,77,97.28272613562208,0.001,0.9800568027749149,0.9797908934785804,0.004576124661865383,0.001,0.004427118591199199,0.0047237301478380645,EXTCODECOPY,AccountMode.NON_EXISTING_ACCOUNT
test_account_access,reth,EXTCODECOPY,presets[cold_account_nocode_access],,77,97.28272613562208,0.001,0.9800568027749149,0.9797908934785804,0.004576124661865383,0.001,0.004427118591199199,0.0047237301478380645,EXTCODECOPY,AccountMode.NON_EXISTING_ACCOUNT
test_account_access,besu,EXTCODEHASH,models.custom[0],,99,792.5775464142954,0.001,0.8850958552307067,0.8839112764186521,0.04404539476213199,0.001,0.040609211326742084,0.046983372183704304,EXTCODEHASH,AccountMode.EXISTING_CONTRACT_DIFF_MAX
test_account_access,erigon,EXTCODEHASH,models.custom[0],,55,314.5053322349499,0.001,0.9425422246657188,0.9414581156971474,0.024376620514720705,0.001,0.022744298348674412,0.025729538932449895,EXTCODEHASH,AccountMode.EXISTING_CONTRACT_DIFF_MAX
test_account_access,ethrex,EXTCODEHASH,models.custom[0],,77,227.4577036500088,0.001,0.9806791061397546,0.9804214942216181,0.01853927991834453,0.001,0.017814173200275906,0.01919139466737207,EXTCODEHASH,AccountMode.EXISTING_CONTRACT_DIFF_MAX
test_account_access,geth,EXTCODEHASH,models.custom[0],,88,411.8427247060855,0.001,0.9958062461311348,0.9957574815512642,0.019631101785470652,0.001,0.019359494701551766,0.01991172505209075,EXTCODEHASH,AccountMode.EXISTING_CONTRACT_DIFF_MAX
test_account_access,nethermind,EXTCODEHASH,models.custom[0],,55,131.15349562891984,0.001,0.9706552062886485,0.9701015309356041,0.011651542858632333,0.001,0.011090035943216532,0.012298834578109217,EXTCODEHASH,AccountMode.EXISTING_CONTRACT_DIFF_MAX
test_account_access,reth,EXTCODEHASH,models.custom[0],,77,170.50951675868723,0.001,0.9909407476184522,0.9908199575866983,0.020309609482931913,0.001,0.019825739452765008,0.02077275974919376,EXTCODEHASH,AccountMode.EXISTING_CONTRACT_DIFF_MAX
test_account_access,besu,EXTCODEHASH,models.custom[0],,99,318.1105280107589,0.001,0.8156653052542849,0.8137649475764941,0.02613273055486577,0.001,0.023619023308490052,0.028510263541491825,EXTCODEHASH,AccountMode.EXISTING_CONTRACT_MINIMAL
test_account_access,erigon,EXTCODEHASH,models.custom[0],,55,310.58660811926563,0.001,0.9428694781384723,0.9417915437637265,0.023790303434795938,0.001,0.022189265321073272,0.025051899872946783,EXTCODEHASH,AccountMode.EXISTING_CONTRACT_MINIMAL
test_account_access,ethrex,EXTCODEHASH,models.custom[0],,77,218.50364617927139,0.001,0.9807048788951785,0.9804476106137809,0.018645001937740283,0.001,0.017919218996146263,0.0192783054230132,EXTCODEHASH,AccountMode.EXISTING_CONTRACT_MINIMAL
test_account_access,geth,EXTCODEHASH,models.custom[0],,88,401.3226834559819,0.001,0.99478255001496,0.994721881991878,0.019767388614435832,0.001,0.019462176455109215,0.020052003856599106,EXTCODEHASH,AccountMode.EXISTING_CONTRACT_MINIMAL
test_account_access,nethermind,EXTCODEHASH,models.custom[0],,55,103.99815604815575,0.001,0.9834373615648193,0.9831248589528347,0.011762347973079058,0.001,0.011373125422394614,0.01214131454183607,EXTCODEHASH,AccountMode.EXISTING_CONTRACT_MINIMAL
test_account_access,reth,EXTCODEHASH,models.custom[0],,77,87.27386004959213,0.001,0.9803642854249397,0.9801024758972722,0.004903903633770819,0.001,0.004771269852839888,0.005046448911464249,EXTCODEHASH,AccountMode.EXISTING_CONTRACT_MINIMAL
test_account_access,besu,EXTCODEHASH,models.custom[0],,99,351.32409755074224,0.001,0.8162212923526772,0.8143266665006429,0.025579983274590126,0.001,0.02331223686895554,0.02803569920871213,EXTCODEHASH,AccountMode.EXISTING_CONTRACT_SAME_MAX
test_account_access,erigon,EXTCODEHASH,models.custom[0],,55,322.5069951784894,0.001,0.9401107250242378,0.9389807387039404,0.023630714307623785,0.001,0.02206711613533627,0.024984493009733193,EXTCODEHASH,AccountMode.EXISTING_CONTRACT_SAME_MAX
test_account_access,ethrex,EXTCODEHASH,models.custom[0],,77,219.98532184874924,0.001,0.9808323252155668,0.9805767562184411,0.018623200273776234,0.001,0.017983186677342097,0.01927874630905193,EXTCODEHASH,AccountMode.EXISTING_CONTRACT_SAME_MAX
test_account_access,geth,EXTCODEHASH,models.custom[0],,88,407.3863719362503,0.001,0.9951228489756277,0.9950661379172048,0.019657145937582634,0.001,0.019332684333592615,0.019985790920633212,EXTCODEHASH,AccountMode.EXISTING_CONTRACT_SAME_MAX
test_account_access,nethermind,EXTCODEHASH,models.custom[0],,55,121.60656226789658,0.001,0.9780776877256037,0.9776640591921245,0.011913207250372452,0.001,0.011456840979119691,0.012395793916502943,EXTCODEHASH,AccountMode.EXISTING_CONTRACT_SAME_MAX
test_account_access,reth,EXTCODEHASH,models.custom[0],,77,92.52576194775268,0.001,0.9786842793917837,0.9784000697836741,0.004860528910672252,0.001,0.004692593717768405,0.005024515439423927,EXTCODEHASH,AccountMode.EXISTING_CONTRACT_SAME_MAX
test_account_access,besu,EXTCODEHASH,presets[cold_account_nocode_access],,99,238.38095281576355,0.001,0.8912133348187985,0.8900918228066211,0.03130158851419732,0.001,0.02928796044382324,0.03317864573038396,EXTCODEHASH,AccountMode.EXISTING_EOA
test_account_access,erigon,EXTCODEHASH,presets[cold_account_nocode_access],,55,0.0,1.0,0.9930516923393845,0.9929205921948446,0.009052002442653641,0.001,0.008972824986047359,0.009122861263158004,EXTCODEHASH,AccountMode.EXISTING_EOA
test_account_access,ethrex,EXTCODEHASH,presets[cold_account_nocode_access],,77,227.0142481151094,0.001,0.9806882062772866,0.9804307156943171,0.01821141375187784,0.001,0.017598284371456094,0.01889049525808969,EXTCODEHASH,AccountMode.EXISTING_EOA
test_account_access,geth,EXTCODEHASH,presets[cold_account_nocode_access],,88,405.4721718141934,0.001,0.9958143691940606,0.9957656990684102,0.02061991425769194,0.001,0.020324671288202072,0.02091195309047126,EXTCODEHASH,AccountMode.EXISTING_EOA
test_account_access,nethermind,EXTCODEHASH,presets[cold_account_nocode_access],,55,126.1403843549282,0.001,0.9813590470236018,0.9810073309297075,0.010231516741238358,0.001,0.009809986166299911,0.010704674071535868,EXTCODEHASH,AccountMode.EXISTING_EOA
test_account_access,reth,EXTCODEHASH,presets[cold_account_nocode_access],,77,96.35524236094797,0.001,0.977544010241298,0.9772445970445153,0.004581922774190733,0.001,0.004462542656715451,0.004713869744380969,EXTCODEHASH,AccountMode.EXISTING_EOA
test_account_access,besu,EXTCODEHASH,models.custom[0],,99,218.71346802619115,0.001,0.90823895057755,0.9072929603773185,0.031037833212116908,0.001,0.02924001710501713,0.03305371727411922,EXTCODEHASH,AccountMode.NON_EXISTING_ACCOUNT
test_account_access,besu,EXTCODEHASH,presets[cold_account_nocode_access],,99,218.71346802619115,0.001,0.90823895057755,0.9072929603773185,0.031037833212116908,0.001,0.02924001710501713,0.03305371727411922,EXTCODEHASH,AccountMode.NON_EXISTING_ACCOUNT
test_account_access,erigon,EXTCODEHASH,models.custom[0],,55,0.0,1.0,0.9953036871622604,0.9952150774860766,0.008042975581246475,0.001,0.007989147000280283,0.008089820934153308,EXTCODEHASH,AccountMode.NON_EXISTING_ACCOUNT
test_account_access,erigon,EXTCODEHASH,presets[cold_account_nocode_access],,55,0.0,1.0,0.9953036871622604,0.9952150774860766,0.008042975581246475,0.001,0.007989147000280283,0.008089820934153308,EXTCODEHASH,AccountMode.NON_EXISTING_ACCOUNT
test_account_access,ethrex,EXTCODEHASH,models.custom[0],,77,118.53504506546393,0.001,0.963168627376498,0.9626775424081846,0.0024159144801819436,0.001,0.002315189496773177,0.0025239171199736817,EXTCODEHASH,AccountMode.NON_EXISTING_ACCOUNT
test_account_access,ethrex,EXTCODEHASH,presets[cold_account_nocode_access],,77,118.53504506546393,0.001,0.963168627376498,0.9626775424081846,0.0024159144801819436,0.001,0.002315189496773177,0.0025239171199736817,EXTCODEHASH,AccountMode.NON_EXISTING_ACCOUNT
test_account_access,geth,EXTCODEHASH,models.custom[0],,88,386.6253694805977,0.001,0.9960810524823908,0.9960354833252093,0.02004860971039142,0.001,0.019763656879933773,0.020327343466612625,EXTCODEHASH,AccountMode.NON_EXISTING_ACCOUNT
test_account_access,geth,EXTCODEHASH,presets[cold_account_nocode_access],,88,386.6253694805977,0.001,0.9960810524823908,0.9960354833252093,0.02004860971039142,0.001,0.019763656879933773,0.020327343466612625,EXTCODEHASH,AccountMode.NON_EXISTING_ACCOUNT
test_account_access,nethermind,EXTCODEHASH,models.custom[0],,55,93.61375293247629,0.001,0.9831540439008065,0.9828361956725199,0.010423817633171411,0.001,0.010074337668689726,0.010839157803833448,EXTCODEHASH,AccountMode.NON_EXISTING_ACCOUNT
test_account_access,nethermind,EXTCODEHASH,presets[cold_account_nocode_access],,55,93.61375293247629,0.001,0.9831540439008065,0.9828361956725199,0.010423817633171411,0.001,0.010074337668689726,0.010839157803833448,EXTCODEHASH,AccountMode.NON_EXISTING_ACCOUNT
test_account_access,reth,EXTCODEHASH,models.custom[0],,77,102.56244334702511,0.001,0.985784555741694,0.9855950164849165,0.004461368552501906,0.001,0.004331803102953403,0.004579883468348293,EXTCODEHASH,AccountMode.NON_EXISTING_ACCOUNT
test_account_access,reth,EXTCODEHASH,presets[cold_account_nocode_access],,77,102.56244334702511,0.001,0.985784555741694,0.9855950164849165,0.004461368552501906,0.001,0.004331803102953403,0.004579883468348293,EXTCODEHASH,AccountMode.NON_EXISTING_ACCOUNT
test_account_access,besu,EXTCODESIZE,models.custom[0],,99,756.2924369714871,0.001,0.8892937647695043,0.8881524633753755,0.044211822461953675,0.001,0.04106452988247677,0.047446545231944935,EXTCODESIZE,AccountMode.EXISTING_CONTRACT_DIFF_MAX
test_account_access,erigon,EXTCODESIZE,models.custom[0],,55,866.582336388925,0.017,0.9107159341693927,0.9090313291537209,0.14354953288843683,0.001,0.13128872087931492,0.15466329936689702,EXTCODESIZE,AccountMode.EXISTING_CONTRACT_DIFF_MAX
test_account_access,ethrex,EXTCODESIZE,models.custom[0],,77,410.574872291128,0.001,0.9973460297275205,0.9973106434572208,0.10130130420831758,0.001,0.10009856895943396,0.10238854760592013,EXTCODESIZE,AccountMode.EXISTING_CONTRACT_DIFF_MAX
test_account_access,geth,EXTCODESIZE,models.custom[0],,88,1253.2866330417141,0.001,0.9338359322384386,0.9330665826133042,0.04157661647082686,0.001,0.03881604750169073,0.04431623659672082,EXTCODESIZE,AccountMode.EXISTING_CONTRACT_DIFF_MAX
test_account_access,nethermind,EXTCODESIZE,models.custom[0],,55,532.7425095745965,0.001,0.9194204502935395,0.9179000814311534,0.037176956969387415,0.001,0.03411374633728941,0.0407708615673687,EXTCODESIZE,AccountMode.EXISTING_CONTRACT_DIFF_MAX
test_account_access,reth,EXTCODESIZE,models.custom[0],,77,134.91331875427,0.001,0.99252680475119,0.9924271621478725,0.0231435173865946,0.001,0.02269848416608841,0.023593033926281294,EXTCODESIZE,AccountMode.EXISTING_CONTRACT_DIFF_MAX
test_account_access,besu,EXTCODESIZE,models.custom[0],,99,317.78266292808115,0.001,0.8235908613437684,0.8217722104297867,0.025945979795389703,0.001,0.023546992780296414,0.02832779315053185,EXTCODESIZE,AccountMode.EXISTING_CONTRACT_MINIMAL
test_account_access,erigon,EXTCODESIZE,models.custom[0],,55,311.29023044583147,0.001,0.9368641775819052,0.9356729356494884,0.024206103275289544,0.001,0.02242157089326404,0.025658962334426362,EXTCODESIZE,AccountMode.EXISTING_CONTRACT_MINIMAL
test_account_access,ethrex,EXTCODESIZE,models.custom[0],,77,213.07927975733077,0.001,0.9818661432692763,0.9816243585128667,0.018720215074551242,0.001,0.018087029693534356,0.019380030937113397,EXTCODESIZE,AccountMode.EXISTING_CONTRACT_MINIMAL
test_account_access,geth,EXTCODESIZE,models.custom[0],,88,396.711944103763,0.001,0.9946555032374963,0.9945933579263044,0.019877373059465606,0.001,0.01953779993139284,0.020203370637916038,EXTCODESIZE,AccountMode.EXISTING_CONTRACT_MINIMAL
test_account_access,nethermind,EXTCODESIZE,models.custom[0],,55,145.4679992499576,0.001,0.9826901535238382,0.9823635526469294,0.011137591870801654,0.001,0.010756512369414242,0.01154284150203139,EXTCODESIZE,AccountMode.EXISTING_CONTRACT_MINIMAL
test_account_access,reth,EXTCODESIZE,models.custom[0],,77,88.26601323969503,0.001,0.9740449350680116,0.9736988675355851,0.004890938647120987,0.001,0.004708046144479994,0.005080673578281443,EXTCODESIZE,AccountMode.EXISTING_CONTRACT_MINIMAL
test_account_access,besu,EXTCODESIZE,models.custom[0],,99,312.534554419108,0.001,0.8165633324110861,0.814672232745221,0.026083628850837384,0.001,0.023684458027134033,0.028424703691302945,EXTCODESIZE,AccountMode.EXISTING_CONTRACT_SAME_MAX
test_account_access,erigon,EXTCODESIZE,models.custom[0],,55,322.86953157795347,0.001,0.937522282096819,0.9363434572307212,0.02408405396041112,0.001,0.02251959742605081,0.025500092438470096,EXTCODESIZE,AccountMode.EXISTING_CONTRACT_SAME_MAX
test_account_access,ethrex,EXTCODESIZE,models.custom[0],,77,217.79142855594696,0.001,0.9805178624146595,0.9802581005801884,0.018631856540508033,0.001,0.01801590368208339,0.01935485447729306,EXTCODESIZE,AccountMode.EXISTING_CONTRACT_SAME_MAX
test_account_access,geth,EXTCODESIZE,models.custom[0],,88,406.5872818503098,0.001,0.9963518294092777,0.9963094088210135,0.01980327894202638,0.001,0.019527928156255266,0.020057462830249246,EXTCODESIZE,AccountMode.EXISTING_CONTRACT_SAME_MAX
test_account_access,nethermind,EXTCODESIZE,models.custom[0],,55,119.3642843116215,0.001,0.9751938382421071,0.9747257974542224,0.011556800462062124,0.001,0.011128090483613759,0.012005638421368037,EXTCODESIZE,AccountMode.EXISTING_CONTRACT_SAME_MAX
test_account_access,reth,EXTCODESIZE,models.custom[0],,77,86.3627966582734,0.001,0.9798941568830399,0.9796260789748138,0.004952291670893458,0.001,0.0047896862664397,0.005117129630751421,EXTCODESIZE,AccountMode.EXISTING_CONTRACT_SAME_MAX
test_account_access,besu,EXTCODESIZE,presets[cold_account_nocode_access],,99,207.10979824800123,0.002,0.8903667743885776,0.8892365349492846,0.03169682842824208,0.001,0.02952529714693007,0.03381669988001088,EXTCODESIZE,AccountMode.EXISTING_EOA
test_account_access,erigon,EXTCODESIZE,presets[cold_account_nocode_access],,55,0.0,1.0,0.9546140644792875,0.9537577260732364,0.009219395040968048,0.001,0.008699006179092491,0.009395902817814402,EXTCODESIZE,AccountMode.EXISTING_EOA
test_account_access,ethrex,EXTCODESIZE,presets[cold_account_nocode_access],,77,219.4657632841171,0.001,0.9808104632220099,0.9805546027316367,0.01826363268814968,0.001,0.017610615961056317,0.018976295087519735,EXTCODESIZE,AccountMode.EXISTING_EOA
test_account_access,geth,EXTCODESIZE,presets[cold_account_nocode_access],,88,388.8972303540331,0.001,0.9968735371685474,0.996837182949577,0.020818439592869442,0.001,0.02060017721356258,0.021042193631556058,EXTCODESIZE,AccountMode.EXISTING_EOA
test_account_access,nethermind,EXTCODESIZE,presets[cold_account_nocode_access],,55,108.33135188152443,0.001,0.9834918424804198,0.983180367810239,0.010297621812934804,0.001,0.010009330387305252,0.010633988155199161,EXTCODESIZE,AccountMode.EXISTING_EOA
test_account_access,reth,EXTCODESIZE,presets[cold_account_nocode_access],,77,93.53203972563917,0.001,0.9769825281490969,0.9766756285244182,0.004632479264454407,0.001,0.004490924567588221,0.004770184237362361,EXTCODESIZE,AccountMode.EXISTING_EOA
test_account_access,besu,EXTCODESIZE,models.custom[0],,99,237.01962541889748,0.001,0.896240404573758,0.895170718022972,0.030921948917092375,0.001,0.028925224135621576,0.03279833940417705,EXTCODESIZE,AccountMode.NON_EXISTING_ACCOUNT
test_account_access,besu,EXTCODESIZE,presets[cold_account_nocode_access],,99,237.01962541889748,0.001,0.896240404573758,0.895170718022972,0.030921948917092375,0.001,0.028925224135621576,0.03279833940417705,EXTCODESIZE,AccountMode.NON_EXISTING_ACCOUNT
test_account_access,erigon,EXTCODESIZE,models.custom[0],,55,0.0,1.0,0.9933788716468066,0.9932539446967463,0.008149408826776077,0.001,0.008089675083596573,0.00820993760535292,EXTCODESIZE,AccountMode.NON_EXISTING_ACCOUNT
test_account_access,erigon,EXTCODESIZE,presets[cold_account_nocode_access],,55,0.0,1.0,0.9933788716468066,0.9932539446967463,0.008149408826776077,0.001,0.008089675083596573,0.00820993760535292,EXTCODESIZE,AccountMode.NON_EXISTING_ACCOUNT
test_account_access,ethrex,EXTCODESIZE,models.custom[0],,77,116.14886936763152,0.001,0.9461873851664832,0.9454698836353695,0.0023976538010389023,0.001,0.0022652481811948127,0.002557619437150484,EXTCODESIZE,AccountMode.NON_EXISTING_ACCOUNT
test_account_access,ethrex,EXTCODESIZE,presets[cold_account_nocode_access],,77,116.14886936763152,0.001,0.9461873851664832,0.9454698836353695,0.0023976538010389023,0.001,0.0022652481811948127,0.002557619437150484,EXTCODESIZE,AccountMode.NON_EXISTING_ACCOUNT
test_account_access,geth,EXTCODESIZE,models.custom[0],,88,385.08604434680416,0.001,0.9966774519018978,0.9966388176216874,0.02015456943366803,0.001,0.019908250863314488,0.02040332806762738,EXTCODESIZE,AccountMode.NON_EXISTING_ACCOUNT
test_account_access,geth,EXTCODESIZE,presets[cold_account_nocode_access],,88,385.08604434680416,0.001,0.9966774519018978,0.9966388176216874,0.02015456943366803,0.001,0.019908250863314488,0.02040332806762738,EXTCODESIZE,AccountMode.NON_EXISTING_ACCOUNT
test_account_access,nethermind,EXTCODESIZE,models.custom[0],,55,85.14636790120578,0.001,0.9880726456677287,0.9878476012463651,0.010359242929257162,0.001,0.010057423886910112,0.010710032181186845,EXTCODESIZE,AccountMode.NON_EXISTING_ACCOUNT
test_account_access,nethermind,EXTCODESIZE,presets[cold_account_nocode_access],,55,85.14636790120578,0.001,0.9880726456677287,0.9878476012463651,0.010359242929257162,0.001,0.010057423886910112,0.010710032181186845,EXTCODESIZE,AccountMode.NON_EXISTING_ACCOUNT
test_account_access,reth,EXTCODESIZE,models.custom[0],,77,105.73339647156202,0.001,0.9793803202198731,0.979105391156138,0.004385679508821391,0.001,0.004223635615208236,0.004535221385657127,EXTCODESIZE,AccountMode.NON_EXISTING_ACCOUNT
test_account_access,reth,EXTCODESIZE,presets[cold_account_nocode_access],,77,105.73339647156202,0.001,0.9793803202198731,0.979105391156138,0.004385679508821391,0.001,0.004223635615208236,0.004535221385657127,EXTCODESIZE,AccountMode.NON_EXISTING_ACCOUNT
test_account_access,besu,STATICCALL,models.custom[0],,99,847.0191281118271,0.001,0.8853301067828359,0.8841479429352362,0.04653094968535067,0.001,0.04322631935771803,0.049912164514479024,STATICCALL,AccountMode.EXISTING_CONTRACT_DIFF_MAX
test_account_access,erigon,STATICCALL,models.custom[0],,55,875.131581610638,0.012,0.8992644337646335,0.8973637627035889,0.1466547913572325,0.001,0.1328735534743403,0.15762231684803282,STATICCALL,AccountMode.EXISTING_CONTRACT_DIFF_MAX
test_account_access,ethrex,STATICCALL,models.custom[0],,77,424.6559633098931,0.001,0.997945465449374,0.9979180716553656,0.10140896402666195,0.001,0.10034559548904358,0.10251596303325997,STATICCALL,AccountMode.EXISTING_CONTRACT_DIFF_MAX
test_account_access,geth,STATICCALL,models.custom[0],,88,1310.6988017642452,0.001,0.9342453557383801,0.9334807668516171,0.041438427595583374,0.001,0.03885828974772627,0.04423634164155722,STATICCALL,AccountMode.EXISTING_CONTRACT_DIFF_MAX
test_account_access,nethermind,STATICCALL,models.custom[0],,55,682.8969072745325,0.001,0.9135014350132246,0.9118693866172477,0.037100621447952696,0.001,0.033656623049654034,0.04062251365301488,STATICCALL,AccountMode.EXISTING_CONTRACT_DIFF_MAX
test_account_access,reth,STATICCALL,models.custom[0],,77,140.9763600730177,0.001,0.9941362305693847,0.9940580469769765,0.024037292026244616,0.001,0.023576520224853546,0.02446225415935391,STATICCALL,AccountMode.EXISTING_CONTRACT_DIFF_MAX
test_account_access,besu,STATICCALL,models.custom[0],,99,431.741210539292,0.001,0.8357185057953874,0.8340248821437934,0.026459690085763796,0.001,0.024125485163270573,0.028754421089565232,STATICCALL,AccountMode.EXISTING_CONTRACT_MINIMAL
test_account_access,erigon,STATICCALL,models.custom[0],,55,325.5535691187447,0.001,0.9411647349300692,0.9400546355891272,0.02454133419880626,0.001,0.022874167999980044,0.025878937578153738,STATICCALL,AccountMode.EXISTING_CONTRACT_MINIMAL
test_account_access,ethrex,STATICCALL,models.custom[0],,77,216.4056735592845,0.001,0.981719689824435,0.9814759523554275,0.018846373409561943,0.001,0.01816374147069291,0.01953338095583643,STATICCALL,AccountMode.EXISTING_CONTRACT_MINIMAL
test_account_access,geth,STATICCALL,models.custom[0],,88,412.0928513645718,0.001,0.995762294535627,0.9957130188906924,0.01999124039861409,0.001,0.019703445444843197,0.02025515429919066,STATICCALL,AccountMode.EXISTING_CONTRACT_MINIMAL
test_account_access,nethermind,STATICCALL,models.custom[0],,55,136.42076162019498,0.001,0.9802439050956129,0.979871148587983,0.012314624271524978,0.001,0.011894705909617243,0.012835644157303799,STATICCALL,AccountMode.EXISTING_CONTRACT_MINIMAL
test_account_access,reth,STATICCALL,models.custom[0],,77,94.02785501249643,0.001,0.9833069555871559,0.9830843816616512,0.005333411575112976,0.001,0.005168821074014402,0.00550024194671865,STATICCALL,AccountMode.EXISTING_CONTRACT_MINIMAL
test_account_access,besu,STATICCALL,models.custom[0],,99,397.1765001798957,0.001,0.8306721464223856,0.8289264984473587,0.027081015864748658,0.001,0.024948236490582917,0.029408059160348863,STATICCALL,AccountMode.EXISTING_CONTRACT_SAME_MAX
test_account_access,erigon,STATICCALL,models.custom[0],,55,336.60973084510476,0.001,0.7444298769967296,0.739607799204215,0.02654356951098627,0.001,0.02207943640957876,0.03051960800506807,STATICCALL,AccountMode.EXISTING_CONTRACT_SAME_MAX
test_account_access,ethrex,STATICCALL,models.custom[0],,77,224.27712000551375,0.001,0.9801635402651504,0.9798990541353524,0.018782651941966683,0.001,0.018055956546120303,0.019481681956542728,STATICCALL,AccountMode.EXISTING_CONTRACT_SAME_MAX
test_account_access,geth,STATICCALL,models.custom[0],,88,387.15721473908303,0.001,0.9945225611324459,0.9944588699828232,0.02041620202225578,0.001,0.02008205558906005,0.020739302025742364,STATICCALL,AccountMode.EXISTING_CONTRACT_SAME_MAX
test_account_access,nethermind,STATICCALL,models.custom[0],,55,143.08551160746342,0.001,0.9778445646987035,0.9774265376175469,0.012318469240978212,0.001,0.011822274880464445,0.01284247311040627,STATICCALL,AccountMode.EXISTING_CONTRACT_SAME_MAX
test_account_access,reth,STATICCALL,models.custom[0],,77,91.59553436334325,0.001,0.9738393228993788,0.9734905138713705,0.00539546536237115,0.001,0.005182850537467419,0.005633440718018901,STATICCALL,AccountMode.EXISTING_CONTRACT_SAME_MAX
test_account_access,besu,STATICCALL,presets[cold_account_nocode_access],,99,317.5815067270053,0.001,0.8984593592552388,0.8974125485259113,0.03283319870737659,0.001,0.03075814768421154,0.03507384001594846,STATICCALL,AccountMode.EXISTING_EOA
test_account_access,erigon,STATICCALL,presets[cold_account_nocode_access],,55,0.0,1.0,0.9642303966754575,0.9635554984995227,0.009719955841591927,0.001,0.009234217162828533,0.009888841980458989,STATICCALL,AccountMode.EXISTING_EOA
test_account_access,ethrex,STATICCALL,presets[cold_account_nocode_access],,77,221.64266880311715,0.001,0.9811279832548258,0.9808763563648901,0.01847200770238352,0.001,0.01774637990163733,0.019130568791375625,STATICCALL,AccountMode.EXISTING_EOA
test_account_access,geth,STATICCALL,presets[cold_account_nocode_access],,88,399.41459224456986,0.001,0.9966403245332506,0.9966012585394511,0.020961232320764106,0.001,0.02070285934086975,0.021236944786332083,STATICCALL,AccountMode.EXISTING_EOA
test_account_access,nethermind,STATICCALL,presets[cold_account_nocode_access],,55,80.75397351024004,0.001,0.9802564808053728,0.9798839615752855,0.011064506142263036,0.001,0.010752767306862495,0.011425837076279439,STATICCALL,AccountMode.EXISTING_EOA
test_account_access,reth,STATICCALL,presets[cold_account_nocode_access],,77,106.09196653500706,0.001,0.9838275198331466,0.9836118867642553,0.004747648795906555,0.001,0.004630029726301315,0.0048716746189124355,STATICCALL,AccountMode.EXISTING_EOA
test_account_access,besu,STATICCALL,models.custom[0],,99,306.51291146753556,0.001,0.893456315511075,0.8923579270111891,0.03367669855961915,0.001,0.03147435653570673,0.036050772207429235,STATICCALL,AccountMode.NON_EXISTING_ACCOUNT
test_account_access,besu,STATICCALL,presets[cold_account_nocode_access],,99,306.51291146753556,0.001,0.893456315511075,0.8923579270111891,0.03367669855961915,0.001,0.03147435653570673,0.036050772207429235,STATICCALL,AccountMode.NON_EXISTING_ACCOUNT
test_account_access,erigon,STATICCALL,models.custom[0],,55,1870.4802481012275,0.001,0.9943872633317938,0.9942813626399409,0.1055876562223323,0.001,0.1035750972259545,0.10777933868976583,STATICCALL,AccountMode.NON_EXISTING_ACCOUNT
test_account_access,erigon,STATICCALL,presets[cold_account_nocode_access],,55,1870.4802481012275,0.001,0.9943872633317938,0.9942813626399409,0.1055876562223323,0.001,0.1035750972259545,0.10777933868976583,STATICCALL,AccountMode.NON_EXISTING_ACCOUNT
test_account_access,ethrex,STATICCALL,models.custom[0],,77,113.84238188785872,0.001,0.9645248403525799,0.9640518382239477,0.00255305844269338,0.001,0.0024207740853543934,0.0026802921338940117,STATICCALL,AccountMode.NON_EXISTING_ACCOUNT
test_account_access,ethrex,STATICCALL,presets[cold_account_nocode_access],,77,113.84238188785872,0.001,0.9645248403525799,0.9640518382239477,0.00255305844269338,0.001,0.0024207740853543934,0.0026802921338940117,STATICCALL,AccountMode.NON_EXISTING_ACCOUNT
test_account_access,geth,STATICCALL,models.custom[0],,88,400.4762531032167,0.001,0.9950773917496103,0.9950201521187918,0.02132702470924918,0.001,0.020985417556836646,0.02165650897191404,STATICCALL,AccountMode.NON_EXISTING_ACCOUNT
test_account_access,geth,STATICCALL,presets[cold_account_nocode_access],,88,400.4762531032167,0.001,0.9950773917496103,0.9950201521187918,0.02132702470924918,0.001,0.020985417556836646,0.02165650897191404,STATICCALL,AccountMode.NON_EXISTING_ACCOUNT
test_account_access,nethermind,STATICCALL,models.custom[0],,55,81.08420801857966,0.001,0.9824244489975061,0.9820928348276478,0.010970708429003872,0.001,0.010645693676643909,0.01128348700922439,STATICCALL,AccountMode.NON_EXISTING_ACCOUNT
test_account_access,nethermind,STATICCALL,presets[cold_account_nocode_access],,55,81.08420801857966,0.001,0.9824244489975061,0.9820928348276478,0.010970708429003872,0.001,0.010645693676643909,0.01128348700922439,STATICCALL,AccountMode.NON_EXISTING_ACCOUNT
test_account_access,reth,STATICCALL,models.custom[0],,77,101.87171207632578,0.001,0.9806572123526671,0.9803993085173693,0.004607927903816091,0.001,0.004480440552759363,0.004739314743320557,STATICCALL,AccountMode.NON_EXISTING_ACCOUNT
test_account_access,reth,STATICCALL,presets[cold_account_nocode_access],,77,101.87171207632578,0.001,0.9806572123526671,0.9803993085173693,0.004607927903816091,0.001,0.004480440552759363,0.004739314743320557,STATICCALL,AccountMode.NON_EXISTING_ACCOUNT
test_ext_account_query_warm,besu,BALANCE,presets[warm_account_access],,99,171.7999648504944,0.001,0.4662149776711668,0.46071203929664284,9.094438817988532e-05,0.001,7.460629795167525e-05,0.00010770353573606274,BALANCE,
test_ext_account_query_warm,erigon,BALANCE,presets[warm_account_access],,55,13.906169536571875,0.065,0.5453185713103141,0.5367396764293766,4.599598001612415e-05,0.001,3.402528806727675e-05,5.511686553345407e-05,BALANCE,
test_ext_account_query_warm,ethrex,BALANCE,presets[warm_account_access],,77,6.030372841126029,0.001,0.7453858098137208,0.7419909539445704,1.6955033065961816e-05,0.001,1.5083538090105311e-05,1.878315419309445e-05,BALANCE,
test_ext_account_query_warm,geth,BALANCE,presets[warm_account_access],,88,38.1396715321012,0.001,0.6445931043315533,0.6404604660098272,1.9955210852965233e-05,0.001,1.6315145505488133e-05,2.3534717648930704e-05,BALANCE,
test_ext_account_query_warm,nethermind,BALANCE,presets[warm_account_access],,55,74.8979797705938,0.001,0.7210744916643217,0.7158117462240259,0.00015286971108277383,0.001,0.00012774356405410712,0.00018233703301779387,BALANCE,
test_ext_account_query_warm,reth,BALANCE,presets[warm_account_access],,77,11.706366624005646,0.001,0.6037528781141214,0.598469583155643,1.214988038674413e-05,0.001,1.0137603836493175e-05,1.4514355467048365e-05,BALANCE,
test_ext_account_query_warm,besu,CALL,presets[warm_account_access],,99,678.0372980519741,0.001,0.6796757830707807,0.6763734715560465,0.0004112906309697168,0.001,0.00035285741889566304,0.0004692724996869515,CALL,
test_ext_account_query_warm,erigon,CALL,presets[warm_account_access],,55,30.75362938956882,0.327,0.4750922876871828,0.4651883685869409,0.00030717198934703053,0.001,0.00020851312563730515,0.00034998395195507656,CALL,
test_ext_account_query_warm,ethrex,CALL,presets[warm_account_access],,77,39.04385661855479,0.001,0.9486201846664027,0.9479351204619548,0.00010005778541608308,0.001,9.543554664644219e-05,0.00010545420062830445,CALL,
test_ext_account_query_warm,geth,CALL,presets[warm_account_access],,88,29.239150012223305,0.001,0.9536904528950022,0.9531519697891302,0.00014276270977887126,0.001,0.00013549322576684303,0.00015007283884707745,CALL,
test_ext_account_query_warm,nethermind,CALL,presets[warm_account_access],,55,244.5760457016261,0.001,0.862031219275608,0.8594280347336384,0.0003485496421047318,0.001,0.00030659188654744726,0.00038727473576961223,CALL,
test_ext_account_query_warm,reth,CALL,presets[warm_account_access],,77,28.064955469911123,0.001,0.9367697534894728,0.9359266835359991,5.84942794494174e-05,0.001,5.46945292968573e-05,6.203402012560891e-05,CALL,
test_ext_account_query_warm,besu,CALLCODE,presets[warm_account_access],,99,592.331713439042,0.001,0.7591593952692394,0.7566765024369635,0.0004493435606672355,0.001,0.0003974795783236134,0.0005053535555880871,CALLCODE,
test_ext_account_query_warm,erigon,CALLCODE,presets[warm_account_access],,55,28.51433780859124,0.034,0.6391306333410334,0.6323217773663359,0.00010248496931208301,0.001,7.941399616470854e-05,0.00012161517739511423,CALLCODE,
test_ext_account_query_warm,ethrex,CALLCODE,presets[warm_account_access],,77,35.070681858195904,0.001,0.9508272974655928,0.9501716614318008,0.00010083878471250426,0.001,9.54680941861953e-05,0.0001064182937041911,CALLCODE,
test_ext_account_query_warm,geth,CALLCODE,presets[warm_account_access],,88,40.62216110523215,0.001,0.9401061855949835,0.9394097458925996,0.00017992881554784105,0.001,0.00016959548698191292,0.0001906271510584289,CALLCODE,
test_ext_account_query_warm,nethermind,CALLCODE,presets[warm_account_access],,55,157.27050408990192,0.001,0.7978781618128514,0.7940645422244146,0.00019165925060157644,0.001,0.00016884742201634748,0.0002158449951244218,CALLCODE,
test_ext_account_query_warm,reth,CALLCODE,presets[warm_account_access],,77,26.346217914791094,0.001,0.9166781328777869,0.9155671746494907,5.661727867396067e-05,0.001,5.288634153818467e-05,6.038263023065215e-05,CALLCODE,
test_ext_account_query_warm,besu,DELEGATECALL,presets[warm_account_access],,99,564.207120408874,0.001,0.7975640446688672,0.7954770760572061,0.0004023293156790976,0.001,0.0003614871427904002,0.00044279531430066146,DELEGATECALL,
test_ext_account_query_warm,erigon,DELEGATECALL,presets[warm_account_access],,55,23.66820500206168,0.057,0.6673034618669125,0.6610261686945901,0.00010466759915785893,0.001,8.540381855853765e-05,0.00012074571840318196,DELEGATECALL,
test_ext_account_query_warm,ethrex,DELEGATECALL,presets[warm_account_access],,77,35.51310343032522,0.001,0.9365454386734791,0.9356993778557922,9.88495180776222e-05,0.001,9.231558398223392e-05,0.00010552685204931463,DELEGATECALL,
test_ext_account_query_warm,geth,DELEGATECALL,presets[warm_account_access],,88,42.159391931156925,0.001,0.9442781096046979,0.9436301806466131,0.00015420438596229678,0.001,0.00014681870659472967,0.00016166272881731005,DELEGATECALL,
test_ext_account_query_warm,nethermind,DELEGATECALL,presets[warm_account_access],,55,216.17326844248237,0.001,0.904776418339654,0.902979746987572,0.0004683072042543697,0.001,0.0004250767505009297,0.0005111149595404872,DELEGATECALL,
test_ext_account_query_warm,reth,DELEGATECALL,presets[warm_account_access],,77,31.20356976794029,0.001,0.9164313046425554,0.9153170553711228,5.1770900472452456e-05,0.001,4.800260888609235e-05,5.51180664294742e-05,DELEGATECALL,
test_ext_account_query_warm,besu,EXTCODEHASH,presets[warm_account_access],,99,209.2486559418858,0.001,0.3835628526025989,0.37720783046448136,7.293246294449953e-05,0.001,5.523600782778372e-05,8.872855298569258e-05,EXTCODEHASH,
test_ext_account_query_warm,erigon,EXTCODEHASH,presets[warm_account_access],,55,20.681157923513215,0.422,0.30884817779279705,0.29580757737379326,0.0002900092065966389,0.001,0.00016690244840938788,0.00033720417586259734,EXTCODEHASH,
test_ext_account_query_warm,ethrex,EXTCODEHASH,presets[warm_account_access],,77,9.096009793802715,0.001,0.7452440155486355,0.7418472690892839,1.4344899100604632e-05,0.001,1.235381904416384e-05,1.6413203513785024e-05,EXTCODEHASH,
test_ext_account_query_warm,geth,EXTCODEHASH,presets[warm_account_access],,88,24.325873997649385,0.001,0.8772943709248453,0.8758675612844365,3.788975561712136e-05,0.001,3.496318525492452e-05,4.100505967205519e-05,EXTCODEHASH,
test_ext_account_query_warm,nethermind,EXTCODEHASH,presets[warm_account_access],,55,166.9969456827536,0.001,0.8815572737323848,0.8793225053122411,0.00023627239915637288,0.001,0.0002133825242699406,0.000263450441697795,EXTCODEHASH,
test_ext_account_query_warm,reth,EXTCODEHASH,presets[warm_account_access],,77,9.93636881454337,0.001,0.49976545388494975,0.4930956599367491,1.4961127873702493e-05,0.001,1.2388900153231858e-05,1.7818527156938027e-05,EXTCODEHASH,
test_ext_account_query_warm,besu,EXTCODESIZE,presets[warm_account_access],,99,166.1798932393843,0.001,0.18169003023000485,0.17325384497464402,0.00010048092849182012,0.001,5.47132147571921e-05,0.0001406443824857502,EXTCODESIZE,
test_ext_account_query_warm,erigon,EXTCODESIZE,presets[warm_account_access],,55,10.524903982441069,0.008,0.5454189169462315,0.5368419153791792,4.027887224776539e-05,0.001,3.011640610415604e-05,4.939886868954111e-05,EXTCODESIZE,
test_ext_account_query_warm,ethrex,EXTCODESIZE,presets[warm_account_access],,77,5.2878651895274125,0.001,0.7041563670918451,0.7002117853197365,1.6566737533262822e-05,0.001,1.4481261137113289e-05,1.8769796974751428e-05,EXTCODESIZE,
test_ext_account_query_warm,geth,EXTCODESIZE,presets[warm_account_access],,88,58.09030890793966,0.001,0.0018622101109876388,-0.009744043259814816,1.5102345598043159e-06,0.311,0.0,8.24873800464367e-06,EXTCODESIZE,
test_ext_account_query_warm,nethermind,EXTCODESIZE,presets[warm_account_access],,55,48.053959937974575,0.001,0.7675619426536948,0.7631763189301797,0.00024489640328001836,0.001,0.00021533747030327317,0.0002814616810560103,EXTCODESIZE,
test_ext_account_query_warm,reth,EXTCODESIZE,presets[warm_account_access],,77,9.324130721259245,0.001,0.21769855621513723,0.20726787029800575,7.76291463125394e-06,0.001,4.645880139756186e-06,1.0744750040562008e-05,EXTCODESIZE,
test_ext_account_query_warm,besu,STATICCALL,presets[warm_account_access],,99,577.6191059196839,0.001,0.7089252279208828,0.7059244570747063,0.0003953670244595955,0.001,0.0003408843531139574,0.0004441376168832815,STATICCALL,
test_ext_account_query_warm,erigon,STATICCALL,presets[warm_account_access],,55,32.00154608043197,0.323,0.38757989950418514,0.37602480326841503,0.0002984758386261489,0.001,0.00019135175257154372,0.0003478210004142172,STATICCALL,
test_ext_account_query_warm,ethrex,STATICCALL,presets[warm_account_access],,77,42.494702762412786,0.001,0.9335720591205328,0.9326863532421399,9.587290998512174e-05,0.001,8.993403717265582e-05,0.00010145787263148975,STATICCALL,
test_ext_account_query_warm,geth,STATICCALL,presets[warm_account_access],,88,39.85845532161861,0.001,0.9496467489237177,0.949061246004226,0.00018621946119443385,0.001,0.000176732850706195,0.00019702687611452616,STATICCALL,
test_ext_account_query_warm,nethermind,STATICCALL,presets[warm_account_access],,55,183.5995616958084,0.001,0.921515970789392,0.9200351400495692,0.00036971420035793477,0.001,0.0003444600416231829,0.0003971396229702942,STATICCALL,
test_ext_account_query_warm,reth,STATICCALL,presets[warm_account_access],,77,31.78188765818426,0.001,0.8975369046581467,0.8961707300535887,5.293842968853934e-05,0.001,4.890614135198781e-05,5.6915705273220663e-05,STATICCALL,
test_sload_bloated,besu,SLOAD,presets[cold_storage_sload],False,99,259.5499213598797,0.001,0.988274326218475,0.988153442983614,0.016223492896211413,0.001,0.015877351965045722,0.016597521017365294,,
test_sload_bloated,erigon,SLOAD,presets[cold_storage_sload],False,55,7.282406383292844,0.038,0.9949394193179003,0.9948439366635211,0.006437310900400264,0.001,0.006319479306795611,0.006549879924633855,,
test_sload_bloated,ethrex,SLOAD,presets[cold_storage_sload],False,77,0.0,1.0,0.9774845566577732,0.9771843507465435,0.008524232601278181,0.001,0.008248821285766055,0.008612041824200478,,
test_sload_bloated,geth,SLOAD,presets[cold_storage_sload],False,88,554.300086083395,0.001,0.9722556763260635,0.9719330679112502,0.021721677788519023,0.001,0.020886251166140294,0.022455645914941216,,
test_sload_bloated,nethermind,SLOAD,presets[cold_storage_sload],False,55,88.30185728107558,0.001,0.9833612103407169,0.9830472709131832,0.00861309957631067,0.001,0.008305311166448549,0.008906022763537922,,
test_sload_bloated,reth,SLOAD,presets[cold_storage_sload],False,77,94.16181700632974,0.001,0.9780709890968399,0.9777786022847977,0.004068597767248713,0.001,0.003951225079466856,0.004190306250551579,,
test_sload_bloated,besu,SLOAD,presets[cold_storage_sload],True,99,253.09548069271315,0.001,0.9894220293106603,0.9893129780664403,0.016082622421863913,0.001,0.015763687150384727,0.016397995131647056,,
test_sload_bloated,erigon,SLOAD,presets[cold_storage_sload],True,55,0.0,1.0,0.9947479401595055,0.9946488446908169,0.006288024643147851,0.001,0.006212001178459259,0.0063311258428338756,,
test_sload_bloated,ethrex,SLOAD,presets[cold_storage_sload],True,77,0.0,1.0,0.9864258162937739,0.9862448271776909,0.013190806819862188,0.001,0.013067439339803654,0.013301158588566363,,
test_sload_bloated,geth,SLOAD,presets[cold_storage_sload],True,88,572.4047105506037,0.001,0.9745279902874274,0.9742318041279789,0.02069441314613775,0.001,0.0199353702086162,0.021411267030825274,,
test_sload_bloated,nethermind,SLOAD,presets[cold_storage_sload],True,55,50.005466871698985,0.001,0.9850437464928795,0.984761553030481,0.008799651196460955,0.001,0.008481222871049176,0.009118062567782437,,
test_sload_bloated,reth,SLOAD,presets[cold_storage_sload],True,77,99.5337560863727,0.001,0.9814321213275243,0.9811845496118913,0.004047228215290759,0.001,0.003908330831593589,0.004175017435914964,,
test_sload_same_key_benchmark,besu,SLOAD,presets[warm_storage_access_sload],,198,139.8154583750406,0.001,0.28696074043982,0.2833227850339006,6.27030850811714e-05,0.001,4.97473924943459e-05,7.613053065054134e-05,,
test_sload_same_key_benchmark,erigon,SLOAD,presets[warm_storage_access_sload],,110,10.816397460525717,0.05,0.6360253577776522,0.6326552222015194,4.799594158487119e-05,0.001,4.0804753962173576e-05,5.433903464952907e-05,,
test_sload_same_key_benchmark,ethrex,SLOAD,presets[warm_storage_access_sload],,154,17.576412735696746,0.001,0.785787058127073,0.7843777624568563,2.375182673447336e-05,0.001,2.1955478709735567e-05,2.5687243080770563e-05,,
test_sload_same_key_benchmark,geth,SLOAD,presets[warm_storage_access_sload],,176,20.66500276074616,0.001,0.9323657542539199,0.9319770516921608,4.677059105115405e-05,0.001,4.5120648045712146e-05,4.832750108219784e-05,,
test_sload_same_key_benchmark,nethermind,SLOAD,presets[warm_storage_access_sload],,110,125.6224946357125,0.001,0.598642382796809,0.5949261085634461,0.0001302804378797432,0.001,0.00010871522452979794,0.00015489517108622296,,
test_sload_same_key_benchmark,reth,SLOAD,presets[warm_storage_access_sload],,154,10.480945000030713,0.001,0.5025772943273734,0.49930477652689564,7.853312404558746e-06,0.001,6.537159727204045e-06,9.150325621199567e-06,,
test_sstore_bloated,besu,SSTORE,presets[cold_storage_sstore_access],False,99,463.53559110799114,0.001,0.8346258526677819,0.8329209645509549,0.01650297994869443,0.001,0.015313678848094661,0.017740275551081607,,
test_sstore_bloated,besu,SSTORE,presets[cold_storage_sstore_write],False,99,82.14230726567435,0.001,0.9352718679763636,0.934604567646223,0.13644398841938968,0.001,0.12903017395895722,0.1431853682211382,,
test_sstore_bloated,erigon,SSTORE,presets[cold_storage_sstore_access],False,55,5.329683735469535,0.116,0.9928651243067345,0.9927305040106351,0.006577485740402396,0.001,0.006439653030976052,0.006681609228319699,,
test_sstore_bloated,erigon,SSTORE,presets[cold_storage_sstore_write],False,55,153.11337314438777,0.001,0.9959502263160975,0.9958738154918729,0.22802386691330054,0.001,0.22397285781839807,0.2319087680894952,,
test_sstore_bloated,ethrex,SSTORE,presets[cold_storage_sstore_access],False,77,0.0,1.0,0.968826529992756,0.9684108837259927,0.008409464529078965,0.001,0.00829162176688238,0.008522791534050339,,
test_sstore_bloated,ethrex,SSTORE,presets[cold_storage_sstore_write],False,77,833.5758764675323,0.001,0.0,-0.01333333333333342,0.0,1.0,0.0,0.0,,
test_sstore_bloated,geth,SSTORE,presets[cold_storage_sstore_access],False,88,560.3890558321441,0.001,0.9747023456350069,0.974408186863321,0.0217821034604164,0.001,0.020992038542143193,0.022493156764223574,,
test_sstore_bloated,geth,SSTORE,presets[cold_storage_sstore_write],False,88,165.76560418219037,0.001,0.8759386016341506,0.8744960272345477,0.13805574742565077,0.001,0.1268581528420089,0.14796668323095788,,
test_sstore_bloated,nethermind,SSTORE,presets[cold_storage_sstore_access],False,55,74.22146972074863,0.001,0.9699821161310023,0.9694157409636627,0.008742240752144552,0.001,0.008344219803772715,0.009141323176711888,,
test_sstore_bloated,nethermind,SSTORE,presets[cold_storage_sstore_write],False,55,55.5137814737107,0.001,0.9637724883533243,0.9630889503977267,0.07467482746026698,0.001,0.07104521740431845,0.07793198996334373,,
test_sstore_bloated,reth,SSTORE,presets[cold_storage_sstore_access],False,77,91.54003504264362,0.001,0.9877290241652672,0.9875654111541374,0.004128130528256543,0.001,0.0040117845823268525,0.004245774510873785,,
test_sstore_bloated,reth,SSTORE,presets[cold_storage_sstore_write],False,77,52.25657595979632,0.001,0.918467127469916,0.9173800225028482,0.04119111144353946,0.001,0.03875702791181559,0.04372741587590744,,
test_sstore_bloated,besu,SSTORE,presets[cold_storage_sstore_access],True,99,363.781194975443,0.001,0.822116259025099,0.8202824060253577,0.017740192429364157,0.001,0.016486413724186678,0.019094380470861108,,
test_sstore_bloated,besu,SSTORE,presets[cold_storage_sstore_write],True,99,328.7962520159183,0.001,0.9768866541564991,0.9766483722405868,0.09320456752583738,0.001,0.09057709641651104,0.09596824810922862,,
test_sstore_bloated,erigon,SSTORE,presets[cold_storage_sstore_access],True,55,0.0,1.0,0.9940005192695538,0.9938873215199228,0.006377997840062208,0.001,0.0062406773862001864,0.0064182809626168215,,
test_sstore_bloated,erigon,SSTORE,presets[cold_storage_sstore_write],True,55,533.2786118002786,0.001,0.9942354582036403,0.9941266932640864,0.14005052532908926,0.001,0.13694963975475716,0.14321648522991642,,
test_sstore_bloated,ethrex,SSTORE,presets[cold_storage_sstore_access],True,77,0.0,1.0,0.985782447485574,0.9855928801187149,0.013058718860443356,0.001,0.012927239029372407,0.013190975896528742,,
test_sstore_bloated,ethrex,SSTORE,presets[cold_storage_sstore_write],True,77,719.4574607453807,0.001,0.21407066633238925,0.20359160855015446,0.00914028686368658,0.001,0.005768494880837529,0.011741708323075545,,
test_sstore_bloated,geth,SSTORE,presets[cold_storage_sstore_access],True,88,573.508844065725,0.001,0.9776268624061156,0.977366709643396,0.02075787096953344,0.001,0.01998806021982274,0.02148747304049708,,
test_sstore_bloated,geth,SSTORE,presets[cold_storage_sstore_write],True,88,490.43305149747744,0.001,0.9927902823440155,0.9927064484177831,0.09204910874807254,0.001,0.0903407230635311,0.09378476688797685,,
test_sstore_bloated,nethermind,SSTORE,presets[cold_storage_sstore_access],True,55,25.722358353415114,0.004,0.9838303052407983,0.983525216660436,0.00896919643807858,0.001,0.008713344807177927,0.009246140775219697,,
test_sstore_bloated,nethermind,SSTORE,presets[cold_storage_sstore_write],True,55,148.41248401108146,0.001,0.9835279424966582,0.9832171489588593,0.059313151643923555,0.001,0.057482954127815816,0.06112117672824059,,
test_sstore_bloated,reth,SSTORE,presets[cold_storage_sstore_access],True,77,93.58827719490806,0.001,0.9801325941808607,0.9798676954366056,0.0041443643410347675,0.001,0.004012991060272474,0.004264749991769956,,
test_sstore_bloated,reth,SSTORE,presets[cold_storage_sstore_write],True,77,125.79025560764056,0.001,0.985363204002123,0.9851680467221513,0.027493425295371462,0.001,0.02674426087364662,0.02831727210461989,,
