gas_param,client_name,runtime_ms,pvalue,conf_int_low,conf_int_high,test_name,target_opcode,model_coef_name,source_label,glue_adjustment,rsquared,rsquared_adj,param_account_mode,param_existing_slots,param_opcode,new_gas_decimal,new_gas_rounded,poor_fit,is_winner,selected_test,selected_opcode,selected_model_coef_name
COLD_STORAGE_ACCESS,besu,0.006178150433650949,0.001,0.005917847917044594,0.006433360599867107,test_sload_bloated,SLOAD,target_coef,presets[cold_storage_sload],0.0002588431575580983,0.9812256855766623,0.9808714532290522,,False,,617.8150433650949,618,False,False,test_sload_bloated,SLOAD,target_coef
COLD_STORAGE_ACCESS,besu,0.014712113650449008,0.001,0.014320703981504963,0.015081739491607977,test_sload_bloated,SLOAD,target_coef,presets[cold_storage_sload],0.0002588431575580983,0.9936951043289637,0.9935761440332838,,True,,1471.2113650449007,1472,False,False,test_sload_bloated,SLOAD,target_coef
COLD_STORAGE_ACCESS,besu,0.007605526224759064,0.001,0.007400704507387531,0.007781541862422129,test_sstore_bloated,SSTORE,target_coef,presets[cold_storage_sstore_access],0.0005179816798308061,0.9881688770479523,0.987945648313008,,False,,760.5526224759064,761,False,False,test_sstore_bloated,SSTORE,target_coef
COLD_STORAGE_ACCESS,besu,0.015567106439841329,0.001,0.015089942512838298,0.016114567734398007,test_sstore_bloated,SSTORE,target_coef,presets[cold_storage_sstore_access],0.00043165099937699186,0.9900317122703619,0.9898436313698027,,True,,1556.710643984133,1557,False,True,test_sstore_bloated,SSTORE,target_coef
COLD_STORAGE_ACCESS,erigon,0.006264062708829847,0.001,0.006164812035053592,0.0063708821849209184,test_sload_bloated,SLOAD,target_coef,presets[cold_storage_sload],1.150351162702778e-05,0.997608853601409,0.9975519215442997,,False,,626.4062708829847,627,False,False,test_sload_bloated,SLOAD,target_coef
COLD_STORAGE_ACCESS,erigon,0.006162897848655718,0.001,0.0060648414958775244,0.00627481575413396,test_sload_bloated,SLOAD,target_coef,presets[cold_storage_sload],1.150351162702778e-05,0.9970073428437538,0.9969360891019384,,True,,616.2897848655717,617,False,False,test_sload_bloated,SLOAD,target_coef
COLD_STORAGE_ACCESS,erigon,0.0063106595976794915,0.001,0.0061981013625423504,0.006426144023581629,test_sstore_bloated,SSTORE,target_coef,presets[cold_storage_sstore_access],0.0,0.9971807616262248,0.9971136369030397,,False,,631.0659597679492,632,False,True,test_sstore_bloated,SSTORE,target_coef
COLD_STORAGE_ACCESS,erigon,0.006148538134482369,0.001,0.006056347025199277,0.006243442140546049,test_sstore_bloated,SSTORE,target_coef,presets[cold_storage_sstore_access],0.0,0.9970909759024231,0.9970217134239094,,True,,614.8538134482369,615,False,False,test_sstore_bloated,SSTORE,target_coef
COLD_STORAGE_ACCESS,geth,0.022593270586361375,0.001,0.021560979204488583,0.023590139395396385,test_sload_bloated,SLOAD,target_coef,presets[cold_storage_sload],0.0,0.9663185844269708,0.9658694988859972,,False,,2259.3270586361373,2260,False,False,test_sload_bloated,SLOAD,target_coef
COLD_STORAGE_ACCESS,geth,0.022387621326738046,0.001,0.021383429173504755,0.023297978730259735,test_sload_bloated,SLOAD,target_coef,presets[cold_storage_sload],0.0,0.9679904607381808,0.9675636668813566,,True,,2238.7621326738044,2239,False,False,test_sload_bloated,SLOAD,target_coef
COLD_STORAGE_ACCESS,geth,0.022674514517443352,0.001,0.021547623573512552,0.023674557016941565,test_sstore_bloated,SSTORE,target_coef,presets[cold_storage_sstore_access],0.0,0.9662532314630958,0.9658032745492704,,False,,2267.4514517443354,2268,False,True,test_sstore_bloated,SSTORE,target_coef
COLD_STORAGE_ACCESS,geth,0.0214385964785223,0.001,0.020569481348473778,0.022258339090118512,test_sstore_bloated,SSTORE,target_coef,presets[cold_storage_sstore_access],0.0,0.9722417286677415,0.9718716183833114,,True,,2143.85964785223,2144,False,False,test_sstore_bloated,SSTORE,target_coef
COLD_STORAGE_ACCESS,nethermind,0.002522643298851642,0.001,0.002344715255723685,0.002711651546637296,test_sload_bloated,SLOAD,target_coef,presets[cold_storage_sload],8.466756640802073e-06,0.9245390249127934,0.9233599471770557,,False,,252.2643298851642,253,False,False,test_sload_bloated,SLOAD,target_coef
COLD_STORAGE_ACCESS,nethermind,0.007731082903585885,0.001,0.007559152999717541,0.007911500140851877,test_sload_bloated,SLOAD,target_coef,presets[cold_storage_sload],8.466756640802073e-06,0.9889466510923676,0.9887739425156858,,True,,773.1082903585885,774,False,True,test_sload_bloated,SLOAD,target_coef
COLD_STORAGE_ACCESS,nethermind,0.002520457514286511,0.001,0.0023407311061568576,0.0027142771228572888,test_sstore_bloated,SSTORE,target_coef,presets[cold_storage_sstore_access],0.0,0.9140521639031423,0.9127092289641289,,False,,252.04575142865113,253,False,False,test_sstore_bloated,SSTORE,target_coef
COLD_STORAGE_ACCESS,nethermind,0.007716085233701736,0.001,0.007536928191913961,0.007905590977065596,test_sstore_bloated,SSTORE,target_coef,presets[cold_storage_sstore_access],0.0,0.9885441157174626,0.9883651175255479,,True,,771.6085233701737,772,False,False,test_sstore_bloated,SSTORE,target_coef
COLD_STORAGE_ACCESS,reth,0.0043923651279889776,0.001,0.004224960044239013,0.004566575068718158,test_sload_bloated,SLOAD,target_coef,presets[cold_storage_sload],6.18376005730135e-06,0.9822087562658153,0.9817851552245251,,False,,439.23651279889776,440,False,False,test_sload_bloated,SLOAD,target_coef
COLD_STORAGE_ACCESS,reth,0.0048675221570308735,0.001,0.004699720876309879,0.0050424909108845286,test_sload_bloated,SLOAD,target_coef,presets[cold_storage_sload],6.18376005730135e-06,0.9885960901458453,0.9883245684826512,,True,,486.75221570308736,487,False,True,test_sload_bloated,SLOAD,target_coef
COLD_STORAGE_ACCESS,reth,0.00451178693972489,0.001,0.004356315522678826,0.0046701240759813726,test_sstore_bloated,SSTORE,target_coef,presets[cold_storage_sstore_access],0.0,0.986625251927662,0.9863068055449873,,False,,451.17869397248904,452,False,False,test_sstore_bloated,SSTORE,target_coef
COLD_STORAGE_ACCESS,reth,0.004696771174214226,0.001,0.004483664690503857,0.004931252049800602,test_sstore_bloated,SSTORE,target_coef,presets[cold_storage_sstore_access],0.0,0.9820098785417707,0.9815815423165748,,True,,469.6771174214226,470,False,False,test_sstore_bloated,SSTORE,target_coef
COLD_STORAGE_WRITE,besu,0.10008088309424927,0.001,0.09428326305783032,0.1061696840921881,test_sstore_bloated,SSTORE,target_coef,presets[cold_storage_sstore_write],0.0005179816798308061,0.959734986252913,0.9589752690124019,,False,,10008.088309424928,10009,False,True,test_sstore_bloated,SSTORE,target_coef
COLD_STORAGE_WRITE,besu,0.05988666984204347,0.001,0.05689085592769853,0.06252935719008798,test_sstore_bloated,SSTORE,target_coef,presets[cold_storage_sstore_write],0.00043165099937699186,0.9748197373015035,0.9743446380053055,,True,,5988.6669842043475,5989,False,False,test_sstore_bloated,SSTORE,target_coef
COLD_STORAGE_WRITE,erigon,0.1769571351909769,0.001,0.17366280141726131,0.18067493670950158,test_sstore_bloated,SSTORE,target_coef,presets[cold_storage_sstore_write],0.0,0.9960566143912346,0.9959627242576926,,False,,17695.713519097688,17696,False,True,test_sstore_bloated,SSTORE,target_coef
COLD_STORAGE_WRITE,erigon,0.11428193875654251,0.001,0.11244042613339168,0.11644241547936847,test_sstore_bloated,SSTORE,target_coef,presets[cold_storage_sstore_write],0.0,0.9978567851476801,0.9978057562226248,,True,,11428.19387565425,11429,False,False,test_sstore_bloated,SSTORE,target_coef
COLD_STORAGE_WRITE,geth,0.12681025004561497,0.001,0.11843663983590406,0.13631977555495056,test_sstore_bloated,SSTORE,target_coef,presets[cold_storage_sstore_write],0.0,0.9197710514849731,0.9187013321714393,,False,,12681.025004561498,12682,False,True,test_sstore_bloated,SSTORE,target_coef
COLD_STORAGE_WRITE,geth,0.10540245483235862,0.001,0.10217743759721559,0.10912350319922273,test_sstore_bloated,SSTORE,target_coef,presets[cold_storage_sstore_write],0.0,0.984713838102393,0.9845100226104249,,True,,10540.245483235862,10541,False,False,test_sstore_bloated,SSTORE,target_coef
COLD_STORAGE_WRITE,nethermind,0.06893160963397997,0.001,0.06303388907685002,0.07487456922080846,test_sstore_bloated,SSTORE,target_coef,presets[cold_storage_sstore_write],0.0,0.9095160596289862,0.9081022480606891,,False,,6893.160963397998,6894,False,True,test_sstore_bloated,SSTORE,target_coef
COLD_STORAGE_WRITE,nethermind,0.04875565479984239,0.001,0.04583221898928278,0.052030936024649574,test_sstore_bloated,SSTORE,target_coef,presets[cold_storage_sstore_write],0.0,0.9386442031790379,0.9376855188537103,,True,,4875.565479984239,4876,False,False,test_sstore_bloated,SSTORE,target_coef
COLD_STORAGE_WRITE,reth,0.030901109112210143,0.001,0.028851819973713177,0.032973952419226314,test_sstore_bloated,SSTORE,target_coef,presets[cold_storage_sstore_write],0.0,0.9437549340288989,0.9424157657914917,,False,,3090.1109112210142,3091,False,True,test_sstore_bloated,SSTORE,target_coef
COLD_STORAGE_WRITE,reth,0.020577397582777993,0.001,0.019977487532851283,0.02114407104355081,test_sstore_bloated,SSTORE,target_coef,presets[cold_storage_sstore_write],0.0,0.9899780823222168,0.9897394652346506,,True,,2057.7397582777994,2058,False,False,test_sstore_bloated,SSTORE,target_coef
WARM_ACCESS,besu,0.0,0.001,0.0,0.0,test_ext_account_query_warm,BALANCE,target_coef,presets[warm_account_access],8.630409275955605e-05,0.7958634934065467,0.7920118612066702,,,BALANCE,0.0,0,False,False,test_ext_account_query_warm,BALANCE,target_coef
WARM_ACCESS,besu,0.0,0.001,0.0,9.253696501123026e-06,test_ext_account_query_warm,CALL,target_coef,presets[warm_account_access],0.0005178028232498762,0.918448083122648,0.9169093677098679,,,CALL,0.0,0,False,False,test_ext_account_query_warm,CALL,target_coef
WARM_ACCESS,besu,0.0,0.001,0.0,0.0,test_ext_account_query_warm,CALLCODE,target_coef,presets[warm_account_access],0.0005178028232498762,0.9257349728583733,0.9243337459311728,,,CALLCODE,0.0,0,False,False,test_ext_account_query_warm,CALLCODE,target_coef
WARM_ACCESS,besu,0.0,0.001,0.0,1.4715242970685398e-05,test_ext_account_query_warm,DELEGATECALL,target_coef,presets[warm_account_access],0.00043150375532163436,0.8964454720425947,0.8944916130245305,,,DELEGATECALL,0.0,0,False,False,test_ext_account_query_warm,DELEGATECALL,target_coef
WARM_ACCESS,besu,0.0,0.001,0.0,0.0,test_ext_account_query_warm,EXTCODEHASH,target_coef,presets[warm_account_access],8.630409275955605e-05,0.8594197324747028,0.8567672745968671,,,EXTCODEHASH,0.0,0,False,False,test_ext_account_query_warm,EXTCODEHASH,target_coef
WARM_ACCESS,besu,3.736171940410955e-05,0.001,2.5260538872681244e-05,5.061043536970961e-05,test_ext_account_query_warm,EXTCODESIZE,target_coef,presets[warm_account_access],8.630548701148136e-05,0.8857816662203986,0.8836266033188966,,,EXTCODESIZE,3.736171940410955,4,False,False,test_ext_account_query_warm,EXTCODESIZE,target_coef
WARM_ACCESS,besu,0.0,0.001,0.0,4.114849676267274e-05,test_ext_account_query_warm,STATICCALL,target_coef,presets[warm_account_access],0.00043150375532163436,0.8999386619554617,0.8980507121810364,,,STATICCALL,0.0,0,False,False,test_ext_account_query_warm,STATICCALL,target_coef
WARM_ACCESS,besu,8.052641192156342e-05,0.001,7.434314895358963e-05,8.637686977156482e-05,test_sload_same_key_benchmark,SLOAD,target_coef,presets[warm_storage_access_sload],0.0,0.8541801225986824,0.8528299385486702,,,,8.052641192156342,9,False,True,test_sload_same_key_benchmark,SLOAD,target_coef
WARM_ACCESS,erigon,2.0572418141306894e-05,0.001,1.8314102478821745e-05,2.3007148050673404e-05,test_ext_account_query_warm,BALANCE,target_coef,presets[warm_account_access],0.0,0.8615572579947501,0.8582610022327204,,,BALANCE,2.0572418141306894,3,False,False,test_ext_account_query_warm,BALANCE,target_coef
WARM_ACCESS,erigon,9.624238225790808e-05,0.001,8.96429978962704e-05,0.00010233878752921947,test_ext_account_query_warm,CALL,target_coef,presets[warm_account_access],0.0,0.9485901877899904,0.947366144642133,,,CALL,9.624238225790808,10,False,True,test_ext_account_query_warm,CALL,target_coef
WARM_ACCESS,erigon,5.429839843381212e-05,0.001,4.853241483183927e-05,6.0847832268366084e-05,test_ext_account_query_warm,CALLCODE,target_coef,presets[warm_account_access],0.0,0.8790673512896621,0.8761880025108445,,,CALLCODE,5.429839843381211,6,False,False,test_ext_account_query_warm,CALLCODE,target_coef
WARM_ACCESS,erigon,5.069389356783061e-05,0.001,4.54043565094861e-05,5.6381088917819276e-05,test_ext_account_query_warm,DELEGATECALL,target_coef,presets[warm_account_access],0.0,0.8573883928683436,0.8539928784128279,,,DELEGATECALL,5.069389356783061,6,False,False,test_ext_account_query_warm,DELEGATECALL,target_coef
WARM_ACCESS,erigon,3.180437156539802e-05,0.001,2.824935880192678e-05,3.513430079724919e-05,test_ext_account_query_warm,EXTCODEHASH,target_coef,presets[warm_account_access],0.0,0.8767528026669525,0.8738183455875943,,,EXTCODEHASH,3.180437156539802,4,False,False,test_ext_account_query_warm,EXTCODEHASH,target_coef
WARM_ACCESS,erigon,2.4637589767391876e-05,0.001,2.175658727821649e-05,2.7524497457303048e-05,test_ext_account_query_warm,EXTCODESIZE,target_coef,presets[warm_account_access],0.0,0.8401504875027748,0.8363445467290314,,,EXTCODESIZE,2.4637589767391876,3,False,False,test_ext_account_query_warm,EXTCODESIZE,target_coef
WARM_ACCESS,erigon,6.751834469073181e-05,0.001,6.193493032232404e-05,7.27377714047128e-05,test_ext_account_query_warm,STATICCALL,target_coef,presets[warm_account_access],0.0,0.9267206837917591,0.9249759381677534,,,STATICCALL,6.751834469073181,7,False,False,test_ext_account_query_warm,STATICCALL,target_coef
WARM_ACCESS,erigon,1.2269315101031338e-05,0.001,1.051851138392593e-05,1.4173413541804946e-05,test_sload_same_key_benchmark,SLOAD,target_coef,presets[warm_storage_access_sload],0.0,0.6910964170054399,0.6875045148775962,,,,1.226931510103134,2,False,False,test_sload_same_key_benchmark,SLOAD,target_coef
WARM_ACCESS,geth,2.524805611402353e-05,0.001,2.144120391720317e-05,2.8879907387211314e-05,test_ext_account_query_warm,BALANCE,target_coef,presets[warm_account_access],0.0,0.7257847855699561,0.7221285827108888,,,BALANCE,2.524805611402353,3,False,False,test_ext_account_query_warm,BALANCE,target_coef
WARM_ACCESS,geth,0.00013388396687420782,0.001,0.00012126483897079023,0.0001473653166582482,test_ext_account_query_warm,CALL,target_coef,presets[warm_account_access],0.0,0.8825080622268813,0.880941503056573,,,CALL,13.388396687420782,14,False,False,test_ext_account_query_warm,CALL,target_coef
WARM_ACCESS,geth,0.0001560565695044948,0.001,0.00014152983688175372,0.00016885255497576035,test_ext_account_query_warm,CALLCODE,target_coef,presets[warm_account_access],0.0,0.8977105817351385,0.8963467228249403,,,CALLCODE,15.605656950449479,16,False,False,test_ext_account_query_warm,CALLCODE,target_coef
WARM_ACCESS,geth,0.00014209957976529206,0.001,0.0001332033630078852,0.0001514719424228059,test_ext_account_query_warm,DELEGATECALL,target_coef,presets[warm_account_access],0.0,0.9213180923303612,0.9202690002280993,,,DELEGATECALL,14.209957976529205,15,False,False,test_ext_account_query_warm,DELEGATECALL,target_coef
WARM_ACCESS,geth,3.8594175576086015e-05,0.001,3.467127772809244e-05,4.186420915944117e-05,test_ext_account_query_warm,EXTCODEHASH,target_coef,presets[warm_account_access],0.0,0.7829578492219904,0.7800639538782836,,,EXTCODEHASH,3.859417557608601,4,False,False,test_ext_account_query_warm,EXTCODEHASH,target_coef
WARM_ACCESS,geth,3.1236835161490804e-05,0.001,2.6344333516749232e-05,3.61750893595074e-05,test_ext_account_query_warm,EXTCODESIZE,target_coef,presets[warm_account_access],0.0,0.645681147449155,0.6409568960818104,,,EXTCODESIZE,3.12368351614908,4,False,False,test_ext_account_query_warm,EXTCODESIZE,target_coef
WARM_ACCESS,geth,0.00016635749176310399,0.001,0.0001575720121914543,0.00017589681629299138,test_ext_account_query_warm,STATICCALL,target_coef,presets[warm_account_access],0.0,0.9409502196482864,0.9401628892435969,,,STATICCALL,16.635749176310398,17,False,True,test_ext_account_query_warm,STATICCALL,target_coef
WARM_ACCESS,geth,4.447124792628237e-05,0.001,4.098323108425038e-05,4.81442274292965e-05,test_sload_same_key_benchmark,SLOAD,target_coef,presets[warm_storage_access_sload],0.0,0.8369028140060861,0.8358298062034946,,,,4.4471247926282365,5,False,False,test_sload_same_key_benchmark,SLOAD,target_coef
WARM_ACCESS,nethermind,0.00015151565230843648,0.001,0.00011468404038337411,0.0001865438327704716,test_ext_account_query_warm,BALANCE,target_coef,presets[warm_account_access],1.3321496615468402e-06,0.5381564392321874,0.5309401335951903,,,BALANCE,15.151565230843648,16,False,False,test_ext_account_query_warm,BALANCE,target_coef
WARM_ACCESS,nethermind,0.00027195652082207515,0.001,0.00021528121633882958,0.0003282625626402587,test_ext_account_query_warm,CALL,target_coef,presets[warm_account_access],9.800457677036878e-06,0.6655026253114475,0.6602761038319389,,,CALL,27.195652082207513,28,False,True,test_ext_account_query_warm,CALL,target_coef
WARM_ACCESS,nethermind,0.00016732629497378021,0.001,0.00012849411808576729,0.00020873008563452564,test_ext_account_query_warm,CALLCODE,target_coef,presets[warm_account_access],9.800457677036878e-06,0.49566681914331434,0.48778661319242866,,,CALLCODE,16.73262949737802,17,True,False,test_ext_account_query_warm,CALLCODE,target_coef
WARM_ACCESS,nethermind,0.0002146058300556787,0.001,0.00014205951080032526,0.0002963826837334873,test_ext_account_query_warm,DELEGATECALL,target_coef,presets[warm_account_access],9.800457677036878e-06,0.3859560356554185,0.3763615987125344,,,DELEGATECALL,21.460583005567866,22,True,False,test_ext_account_query_warm,DELEGATECALL,target_coef
WARM_ACCESS,nethermind,0.00018197570569618922,0.001,0.0001443992634639099,0.000216562633211321,test_ext_account_query_warm,EXTCODEHASH,target_coef,presets[warm_account_access],1.3321496615468402e-06,0.6137731814685619,0.6077383874290081,,,EXTCODEHASH,18.19757056961892,19,False,False,test_ext_account_query_warm,EXTCODEHASH,target_coef
WARM_ACCESS,nethermind,0.000224859577194015,0.001,0.00018226483867690498,0.0002710742332909397,test_ext_account_query_warm,EXTCODESIZE,target_coef,presets[warm_account_access],1.3321496615468402e-06,0.5908394991791937,0.5844463663538686,,,EXTCODESIZE,22.4859577194015,23,False,False,test_ext_account_query_warm,EXTCODESIZE,target_coef
WARM_ACCESS,nethermind,0.0002524710967270288,0.001,0.00019647166165919413,0.0002987793598578543,test_ext_account_query_warm,STATICCALL,target_coef,presets[warm_account_access],9.800457677036878e-06,0.639480608515477,0.6338474930235313,,,STATICCALL,25.247109672702877,26,False,False,test_ext_account_query_warm,STATICCALL,target_coef
WARM_ACCESS,nethermind,0.00012454842374515953,0.001,0.00010697568535093753,0.00014187434672734755,test_sload_same_key_benchmark,SLOAD,target_coef,presets[warm_storage_access_sload],0.0,0.560910136622915,0.5575325222892451,,,,12.454842374515952,13,False,False,test_sload_same_key_benchmark,SLOAD,target_coef
WARM_ACCESS,reth,1.2525072831890329e-05,0.001,9.323528498959135e-06,1.6245785586195326e-05,test_ext_account_query_warm,BALANCE,target_coef,presets[warm_account_access],0.0,0.557764503833218,0.5472350872578184,,,BALANCE,1.252507283189033,2,False,False,test_ext_account_query_warm,BALANCE,target_coef
WARM_ACCESS,reth,5.835915348454823e-05,0.001,5.460873769451517e-05,6.212441220753092e-05,test_ext_account_query_warm,CALL,target_coef,presets[warm_account_access],0.0,0.9621441549576607,0.9612428253137955,,,CALL,5.835915348454823,6,False,True,test_ext_account_query_warm,CALL,target_coef
WARM_ACCESS,reth,5.575093377865983e-05,0.001,5.164174983432022e-05,5.964107559714629e-05,test_ext_account_query_warm,CALLCODE,target_coef,presets[warm_account_access],0.0,0.9491544039218336,0.9479437944914011,,,CALLCODE,5.575093377865983,6,False,False,test_ext_account_query_warm,CALLCODE,target_coef
WARM_ACCESS,reth,5.5841415429521935e-05,0.001,5.250035368967607e-05,5.953519902616641e-05,test_ext_account_query_warm,DELEGATECALL,target_coef,presets[warm_account_access],0.0,0.9471200595524714,0.9458610133513398,,,DELEGATECALL,5.584141542952194,6,False,False,test_ext_account_query_warm,DELEGATECALL,target_coef
WARM_ACCESS,reth,9.479988379251597e-06,0.001,6.25465709878252e-06,1.2824650828852616e-05,test_ext_account_query_warm,EXTCODEHASH,target_coef,presets[warm_account_access],0.0,0.48379711139655157,0.4715065664298028,,,EXTCODEHASH,0.9479988379251597,1,True,False,test_ext_account_query_warm,EXTCODEHASH,target_coef
WARM_ACCESS,reth,1.1278076359320112e-05,0.001,7.5186488644615064e-06,1.4905311770101903e-05,test_ext_account_query_warm,EXTCODESIZE,target_coef,presets[warm_account_access],0.0,0.4213677666777469,0.4075908087415028,,,EXTCODESIZE,1.1278076359320113,2,True,False,test_ext_account_query_warm,EXTCODESIZE,target_coef
WARM_ACCESS,reth,5.6694895280608833e-05,0.001,5.3454906105569476e-05,5.983323332033277e-05,test_ext_account_query_warm,STATICCALL,target_coef,presets[warm_account_access],0.0,0.9534056327292124,0.9522962430322889,,,STATICCALL,5.6694895280608835,6,False,False,test_ext_account_query_warm,STATICCALL,target_coef
WARM_ACCESS,reth,7.326585242763007e-06,0.001,6.111162567061877e-06,8.509404022068284e-06,test_sload_same_key_benchmark,SLOAD,target_coef,presets[warm_storage_access_sload],0.0,0.5693128253199452,0.5643048349166887,,,,0.7326585242763006,1,False,False,test_sload_same_key_benchmark,SLOAD,target_coef
COLD_ACCOUNT_NOCODE_ACCESS,besu,0.013895959553767429,0.001,0.013463370700761495,0.01438394574026883,test_account_access,BALANCE,target_coef,presets[cold_account_nocode_access],0.0005178763241121038,0.9881286897206591,0.9879047027342565,AccountMode.EXISTING_EOA,,BALANCE,1389.595955376743,1390,False,False,test_account_access,BALANCE,target_coef
COLD_ACCOUNT_NOCODE_ACCESS,besu,0.014183506449741872,0.001,0.013799135333109253,0.014705929205988986,test_account_access,BALANCE,target_coef,presets[cold_account_nocode_access],0.0005178763241121038,0.987375819890759,0.9871376278132261,AccountMode.NON_EXISTING_ACCOUNT,,BALANCE,1418.3506449741872,1419,False,False,test_account_access,BALANCE,target_coef
COLD_ACCOUNT_NOCODE_ACCESS,besu,0.015691309575710997,0.001,0.015233837415906455,0.016218137607594385,test_account_access,CALL,target_coef,presets[cold_account_nocode_access],0.0018990426156176088,0.9900067786149137,0.9898182272680253,AccountMode.EXISTING_EOA,,CALL,1569.1309575710998,1570,False,False,test_account_access,CALL,target_coef
COLD_ACCOUNT_NOCODE_ACCESS,besu,0.0173709703517077,0.001,0.016958717220935098,0.01782164390721118,test_account_access,CALL,target_coef,presets[cold_account_nocode_access],0.0018991021084018684,0.988865834547819,0.9886557559543816,AccountMode.NON_EXISTING_ACCOUNT,,CALL,1737.09703517077,1738,False,False,test_account_access,CALL,target_coef
COLD_ACCOUNT_NOCODE_ACCESS,besu,0.014521860112101145,0.001,0.014004492071450905,0.015104915423421003,test_account_access,CALLCODE,target_coef,presets[cold_account_nocode_access],0.0018990426156176088,0.9871089234821752,0.9868656956233482,AccountMode.EXISTING_EOA,,CALLCODE,1452.1860112101144,1453,False,False,test_account_access,CALLCODE,target_coef
COLD_ACCOUNT_NOCODE_ACCESS,besu,0.01452803265107172,0.001,0.01411193782442723,0.01498059184997956,test_account_access,CALLCODE,target_coef,presets[cold_account_nocode_access],0.0018990426156176088,0.9911128944099439,0.9909452131723957,AccountMode.NON_EXISTING_ACCOUNT,,CALLCODE,1452.8032651071721,1453,False,False,test_account_access,CALLCODE,target_coef
COLD_ACCOUNT_NOCODE_ACCESS,besu,0.014871658255372474,0.001,0.014384273899822431,0.015386520503405046,test_account_access,DELEGATECALL,target_coef,presets[cold_account_nocode_access],0.0008630642065027329,0.9852948086797481,0.9850173522397433,AccountMode.EXISTING_EOA,,DELEGATECALL,1487.1658255372474,1488,False,False,test_account_access,DELEGATECALL,target_coef
COLD_ACCOUNT_NOCODE_ACCESS,besu,0.015760506847549653,0.001,0.015307451353366136,0.016279361529372274,test_account_access,DELEGATECALL,target_coef,presets[cold_account_nocode_access],0.0008630642065027329,0.9893493535997414,0.9891483980072837,AccountMode.NON_EXISTING_ACCOUNT,,DELEGATECALL,1576.0506847549655,1577,False,False,test_account_access,DELEGATECALL,target_coef
COLD_ACCOUNT_NOCODE_ACCESS,besu,0.014026788499597334,0.001,0.013575957634448702,0.014483442631341159,test_account_access,EXTCODECOPY,target_coef,presets[cold_account_nocode_access],0.0007768070452117129,0.9874989941182105,0.9872631260827051,AccountMode.EXISTING_EOA,,EXTCODECOPY,1402.6788499597335,1403,False,False,test_account_access,EXTCODECOPY,target_coef
COLD_ACCOUNT_NOCODE_ACCESS,besu,0.014123202969908547,0.001,0.01379522958778905,0.014492421125488004,test_account_access,EXTCODECOPY,target_coef,presets[cold_account_nocode_access],0.0007768070452117129,0.9880188907862972,0.9877928321218877,AccountMode.NON_EXISTING_ACCOUNT,,EXTCODECOPY,1412.3202969908546,1413,False,False,test_account_access,EXTCODECOPY,target_coef
COLD_ACCOUNT_NOCODE_ACCESS,besu,0.014169408827091898,0.001,0.013792886089617049,0.01463458814236117,test_account_access,EXTCODEHASH,target_coef,presets[cold_account_nocode_access],0.0005178763241121038,0.9883047986465187,0.9880841344700378,AccountMode.EXISTING_EOA,,EXTCODEHASH,1416.9408827091897,1417,False,False,test_account_access,EXTCODEHASH,target_coef
COLD_ACCOUNT_NOCODE_ACCESS,besu,0.014241530261354215,0.001,0.013860622059447438,0.014712681974720641,test_account_access,EXTCODEHASH,target_coef,presets[cold_account_nocode_access],0.0005178763241121038,0.9869846194061994,0.9867390461874485,AccountMode.NON_EXISTING_ACCOUNT,,EXTCODEHASH,1424.1530261354217,1425,False,False,test_account_access,EXTCODEHASH,target_coef
COLD_ACCOUNT_NOCODE_ACCESS,besu,0.013852115786095584,0.001,0.013426051311994864,0.01429046129683794,test_account_access,EXTCODESIZE,target_coef,presets[cold_account_nocode_access],0.00051787943301745,0.9891628696577549,0.988958395500354,AccountMode.EXISTING_EOA,,EXTCODESIZE,1385.2115786095585,1386,False,False,test_account_access,EXTCODESIZE,target_coef
COLD_ACCOUNT_NOCODE_ACCESS,besu,0.014175331043912625,0.001,0.013772978290420559,0.014675466031056461,test_account_access,EXTCODESIZE,target_coef,presets[cold_account_nocode_access],0.00051787943301745,0.9896060401760539,0.9894099277265455,AccountMode.NON_EXISTING_ACCOUNT,,EXTCODESIZE,1417.5331043912624,1418,False,False,test_account_access,EXTCODESIZE,target_coef
COLD_ACCOUNT_NOCODE_ACCESS,besu,0.017217595249238687,0.001,0.016649870356709263,0.017870713081138745,test_account_access,STATICCALL,target_coef,presets[cold_account_nocode_access],0.0008630642065027329,0.9869319446464369,0.9866853775642942,AccountMode.EXISTING_EOA,,STATICCALL,1721.7595249238686,1722,False,False,test_account_access,STATICCALL,target_coef
COLD_ACCOUNT_NOCODE_ACCESS,besu,0.018025798252295434,0.001,0.01754230912769677,0.018541146546779002,test_account_access,STATICCALL,target_coef,presets[cold_account_nocode_access],0.0008630642065027329,0.9895150025765146,0.9893171724364488,AccountMode.NON_EXISTING_ACCOUNT,,STATICCALL,1802.5798252295433,1803,False,True,test_account_access,STATICCALL,target_coef
COLD_ACCOUNT_NOCODE_ACCESS,erigon,0.008588908151792626,0.001,0.008499100451106845,0.008625043077880427,test_account_access,BALANCE,target_coef,presets[cold_account_nocode_access],1.1505619430230117e-05,0.9983675470316447,0.9983286791038267,AccountMode.EXISTING_EOA,,BALANCE,858.8908151792626,859,False,False,test_account_access,BALANCE,target_coef
COLD_ACCOUNT_NOCODE_ACCESS,erigon,0.008243818457651382,0.001,0.008129534838008356,0.008277875410350988,test_account_access,BALANCE,target_coef,presets[cold_account_nocode_access],1.1505619430230117e-05,0.9978273384891472,0.9977756084531745,AccountMode.NON_EXISTING_ACCOUNT,,BALANCE,824.3818457651381,825,False,False,test_account_access,BALANCE,target_coef
COLD_ACCOUNT_NOCODE_ACCESS,erigon,0.008774799212840674,0.001,0.008681475851491663,0.008801236345061015,test_account_access,CALL,target_coef,presets[cold_account_nocode_access],2.3011238860460234e-05,0.998583754091999,0.9985500339513322,AccountMode.EXISTING_EOA,,CALL,877.4799212840674,878,False,False,test_account_access,CALL,target_coef
COLD_ACCOUNT_NOCODE_ACCESS,erigon,0.008561198456218872,0.001,0.008351221054183415,0.008696033071743912,test_account_access,CALL,target_coef,presets[cold_account_nocode_access],2.3011238860460234e-05,0.9856997012874726,0.9853592179847934,AccountMode.NON_EXISTING_ACCOUNT,,CALL,856.1198456218873,857,False,False,test_account_access,CALL,target_coef
COLD_ACCOUNT_NOCODE_ACCESS,erigon,0.008295242643059557,0.001,0.008246417991208673,0.008324936309786049,test_account_access,CALLCODE,target_coef,presets[cold_account_nocode_access],2.3011238860460234e-05,0.9981765916349409,0.9981331771500586,AccountMode.EXISTING_EOA,,CALLCODE,829.5242643059556,830,False,False,test_account_access,CALLCODE,target_coef
COLD_ACCOUNT_NOCODE_ACCESS,erigon,0.008097260751100788,0.001,0.007981760216962602,0.00812576852667914,test_account_access,CALLCODE,target_coef,presets[cold_account_nocode_access],2.3011238860460234e-05,0.9978306319876618,0.9977789803683204,AccountMode.NON_EXISTING_ACCOUNT,,CALLCODE,809.7260751100788,810,False,False,test_account_access,CALLCODE,target_coef
COLD_ACCOUNT_NOCODE_ACCESS,erigon,0.008301613278668405,0.001,0.008253528458837605,0.00834536461181447,test_account_access,DELEGATECALL,target_coef,presets[cold_account_nocode_access],1.1505619430230117e-05,0.9972460871490667,0.997180517795473,AccountMode.EXISTING_EOA,,DELEGATECALL,830.1613278668406,831,False,False,test_account_access,DELEGATECALL,target_coef
COLD_ACCOUNT_NOCODE_ACCESS,erigon,0.008158094217439241,0.001,0.008067382070900736,0.008275113662221936,test_account_access,DELEGATECALL,target_coef,presets[cold_account_nocode_access],1.1505619430230117e-05,0.9866749446767162,0.9863576814547332,AccountMode.NON_EXISTING_ACCOUNT,,DELEGATECALL,815.8094217439242,816,False,False,test_account_access,DELEGATECALL,target_coef
COLD_ACCOUNT_NOCODE_ACCESS,erigon,0.008123585268374084,0.001,0.008022178393410722,0.008163030712197896,test_account_access,EXTCODECOPY,target_coef,presets[cold_account_nocode_access],1.1505619430230117e-05,0.9977575578705196,0.9977041663912463,AccountMode.EXISTING_EOA,,EXTCODECOPY,812.3585268374085,813,False,False,test_account_access,EXTCODECOPY,target_coef
COLD_ACCOUNT_NOCODE_ACCESS,erigon,0.007968552452181714,0.001,0.007873899146715322,0.00800866674915337,test_account_access,EXTCODECOPY,target_coef,presets[cold_account_nocode_access],1.1505619430230117e-05,0.996996020669376,0.9969244973519802,AccountMode.NON_EXISTING_ACCOUNT,,EXTCODECOPY,796.8552452181714,797,False,False,test_account_access,EXTCODECOPY,target_coef
COLD_ACCOUNT_NOCODE_ACCESS,erigon,0.008600550289929926,0.001,0.0084820835662137,0.008683991905798842,test_account_access,EXTCODEHASH,target_coef,presets[cold_account_nocode_access],1.1505619430230117e-05,0.9980708192517015,0.998024886376742,AccountMode.EXISTING_EOA,,EXTCODEHASH,860.0550289929926,861,False,False,test_account_access,EXTCODEHASH,target_coef
COLD_ACCOUNT_NOCODE_ACCESS,erigon,0.007997903221693999,0.001,0.007962096733550618,0.008034817280513319,test_account_access,EXTCODEHASH,target_coef,presets[cold_account_nocode_access],1.1505619430230117e-05,0.9981850906391515,0.9981418785115123,AccountMode.NON_EXISTING_ACCOUNT,,EXTCODEHASH,799.7903221693999,800,False,False,test_account_access,EXTCODEHASH,target_coef
COLD_ACCOUNT_NOCODE_ACCESS,erigon,0.008062988219332708,0.001,0.008009450307801189,0.00810819751264827,test_account_access,EXTCODESIZE,target_coef,presets[cold_account_nocode_access],1.1505619430230117e-05,0.9965925375626425,0.9965114075046102,AccountMode.EXISTING_EOA,,EXTCODESIZE,806.2988219332708,807,False,False,test_account_access,EXTCODESIZE,target_coef
COLD_ACCOUNT_NOCODE_ACCESS,erigon,0.007903486389645517,0.001,0.007859573587573564,0.007942503605728875,test_account_access,EXTCODESIZE,target_coef,presets[cold_account_nocode_access],1.1505619430230117e-05,0.9975222941075568,0.9974633011101176,AccountMode.NON_EXISTING_ACCOUNT,,EXTCODESIZE,790.3486389645516,791,False,False,test_account_access,EXTCODESIZE,target_coef
COLD_ACCOUNT_NOCODE_ACCESS,erigon,0.008730974686899902,0.001,0.008626926203490254,0.008793090002871495,test_account_access,STATICCALL,target_coef,presets[cold_account_nocode_access],1.1505619430230117e-05,0.9976554859588592,0.9975996641959749,AccountMode.EXISTING_EOA,,STATICCALL,873.0974686899903,874,False,False,test_account_access,STATICCALL,target_coef
COLD_ACCOUNT_NOCODE_ACCESS,erigon,0.008915342916365086,0.001,0.00879747556551175,0.008994170252755286,test_account_access,STATICCALL,target_coef,presets[cold_account_nocode_access],1.1505619430230117e-05,0.9979251937740983,0.9978757936258625,AccountMode.NON_EXISTING_ACCOUNT,,STATICCALL,891.5342916365086,892,False,True,test_account_access,STATICCALL,target_coef
COLD_ACCOUNT_NOCODE_ACCESS,geth,0.01115714291272376,0.001,0.010866081899500845,0.011433230797891306,test_account_access,BALANCE,target_coef,presets[cold_account_nocode_access],0.0,0.9878777457525847,0.9877161156959525,AccountMode.EXISTING_EOA,,BALANCE,1115.714291272376,1116,False,False,test_account_access,BALANCE,target_coef
COLD_ACCOUNT_NOCODE_ACCESS,geth,0.02108262765975641,0.001,0.020134415382382725,0.021933146352918133,test_account_access,BALANCE,target_coef,presets[cold_account_nocode_access],0.0,0.9701746775527951,0.9697770065868323,AccountMode.NON_EXISTING_ACCOUNT,,BALANCE,2108.2627659756413,2109,False,False,test_account_access,BALANCE,target_coef
COLD_ACCOUNT_NOCODE_ACCESS,geth,0.010948122629211873,0.001,0.010637715457002216,0.0112341434024301,test_account_access,CALL,target_coef,presets[cold_account_nocode_access],0.0,0.9850611063106278,0.9848619210614362,AccountMode.EXISTING_EOA,,CALL,1094.8122629211873,1095,False,False,test_account_access,CALL,target_coef
COLD_ACCOUNT_NOCODE_ACCESS,geth,0.0218554446237758,0.001,0.020953153620439348,0.022759462852156728,test_account_access,CALL,target_coef,presets[cold_account_nocode_access],0.0,0.9726052572371503,0.9722399940003124,AccountMode.NON_EXISTING_ACCOUNT,,CALL,2185.5444623775797,2186,False,False,test_account_access,CALL,target_coef
COLD_ACCOUNT_NOCODE_ACCESS,geth,0.01139292218371444,0.001,0.011019972914198818,0.011772249419029792,test_account_access,CALLCODE,target_coef,presets[cold_account_nocode_access],0.0,0.9825087604415865,0.9822755439141411,AccountMode.EXISTING_EOA,,CALLCODE,1139.2922183714438,1140,False,False,test_account_access,CALLCODE,target_coef
COLD_ACCOUNT_NOCODE_ACCESS,geth,0.021589797479790385,0.001,0.020832739307340586,0.022355312139435826,test_account_access,CALLCODE,target_coef,presets[cold_account_nocode_access],0.0,0.9762460960117687,0.9759293772919256,AccountMode.NON_EXISTING_ACCOUNT,,CALLCODE,2158.9797479790386,2159,False,False,test_account_access,CALLCODE,target_coef
COLD_ACCOUNT_NOCODE_ACCESS,geth,0.011224153803826287,0.001,0.010870431982451832,0.011555026857082882,test_account_access,DELEGATECALL,target_coef,presets[cold_account_nocode_access],0.0,0.9823643280559232,0.9821291857633355,AccountMode.EXISTING_EOA,,DELEGATECALL,1122.4153803826287,1123,False,False,test_account_access,DELEGATECALL,target_coef
COLD_ACCOUNT_NOCODE_ACCESS,geth,0.021586414125242953,0.001,0.02092466287137409,0.02231299008127407,test_account_access,DELEGATECALL,target_coef,presets[cold_account_nocode_access],0.0,0.9789230880681457,0.978642062575721,AccountMode.NON_EXISTING_ACCOUNT,,DELEGATECALL,2158.6414125242954,2159,False,False,test_account_access,DELEGATECALL,target_coef
COLD_ACCOUNT_NOCODE_ACCESS,geth,0.01139556388969333,0.001,0.011065773401565004,0.011729799678613817,test_account_access,EXTCODECOPY,target_coef,presets[cold_account_nocode_access],0.0,0.9865343207032904,0.9863547783126676,AccountMode.EXISTING_EOA,,EXTCODECOPY,1139.556388969333,1140,False,False,test_account_access,EXTCODECOPY,target_coef
COLD_ACCOUNT_NOCODE_ACCESS,geth,0.021531932642883535,0.001,0.020710544974248388,0.022257697682278185,test_account_access,EXTCODECOPY,target_coef,presets[cold_account_nocode_access],0.0,0.9738161043340968,0.9734669857252181,AccountMode.NON_EXISTING_ACCOUNT,,EXTCODECOPY,2153.1932642883535,2154,False,False,test_account_access,EXTCODECOPY,target_coef
COLD_ACCOUNT_NOCODE_ACCESS,geth,0.01128943194418085,0.001,0.011022262062280642,0.011514403299243685,test_account_access,EXTCODEHASH,target_coef,presets[cold_account_nocode_access],0.0,0.9893772638646565,0.989235627382852,AccountMode.EXISTING_EOA,,EXTCODEHASH,1128.943194418085,1129,False,False,test_account_access,EXTCODEHASH,target_coef
COLD_ACCOUNT_NOCODE_ACCESS,geth,0.021936084467340484,0.001,0.021013149689391795,0.022818928220218852,test_account_access,EXTCODEHASH,target_coef,presets[cold_account_nocode_access],0.0,0.9718033901304974,0.9714274353322374,AccountMode.NON_EXISTING_ACCOUNT,,EXTCODEHASH,2193.6084467340484,2194,False,False,test_account_access,EXTCODEHASH,target_coef
COLD_ACCOUNT_NOCODE_ACCESS,geth,0.010950986977327144,0.001,0.010625670528364809,0.011283709435859188,test_account_access,EXTCODESIZE,target_coef,presets[cold_account_nocode_access],0.0,0.9838554950240342,0.983640234957688,AccountMode.EXISTING_EOA,,EXTCODESIZE,1095.0986977327145,1096,False,False,test_account_access,EXTCODESIZE,target_coef
COLD_ACCOUNT_NOCODE_ACCESS,geth,0.02120687685261314,0.001,0.020493964859881388,0.021917425051099962,test_account_access,EXTCODESIZE,target_coef,presets[cold_account_nocode_access],0.0,0.9753023646324126,0.9749730628275114,AccountMode.NON_EXISTING_ACCOUNT,,EXTCODESIZE,2120.6876852613136,2121,False,False,test_account_access,EXTCODESIZE,target_coef
COLD_ACCOUNT_NOCODE_ACCESS,geth,0.011489536511562266,0.001,0.011145538047053705,0.011772565254722256,test_account_access,STATICCALL,target_coef,presets[cold_account_nocode_access],0.0,0.9859647317976109,0.9857775948882457,AccountMode.EXISTING_EOA,,STATICCALL,1148.9536511562267,1149,False,False,test_account_access,STATICCALL,target_coef
COLD_ACCOUNT_NOCODE_ACCESS,geth,0.022431759698978204,0.001,0.021712023240108288,0.023170181710006753,test_account_access,STATICCALL,target_coef,presets[cold_account_nocode_access],0.0,0.9780811285305906,0.9777888769109985,AccountMode.NON_EXISTING_ACCOUNT,,STATICCALL,2243.175969897821,2244,False,True,test_account_access,STATICCALL,target_coef
COLD_ACCOUNT_NOCODE_ACCESS,nethermind,0.0030259593958552916,0.001,0.0028233279631800666,0.0032360722141144835,test_account_access,BALANCE,target_coef,presets[cold_account_nocode_access],2.6642993230936804e-06,0.9318416138122724,0.9307766390280892,AccountMode.EXISTING_EOA,,BALANCE,302.59593958552915,303,False,False,test_account_access,BALANCE,target_coef
COLD_ACCOUNT_NOCODE_ACCESS,nethermind,0.00261658501243117,0.001,0.002421608582563729,0.002838170478977757,test_account_access,BALANCE,target_coef,presets[cold_account_nocode_access],2.6642993230936804e-06,0.9220210938697384,0.9208026734614531,AccountMode.NON_EXISTING_ACCOUNT,,BALANCE,261.65850124311703,262,False,False,test_account_access,BALANCE,target_coef
COLD_ACCOUNT_NOCODE_ACCESS,nethermind,0.003658895551894331,0.001,0.0033588263894914028,0.003950654161948087,test_account_access,CALL,target_coef,presets[cold_account_nocode_access],2.226521467716744e-05,0.8959198708535351,0.8942936188356215,AccountMode.EXISTING_EOA,,CALL,365.8895551894331,366,False,True,test_account_access,CALL,target_coef
COLD_ACCOUNT_NOCODE_ACCESS,nethermind,0.003539121239174686,0.001,0.003176883221491991,0.0038369697437304596,test_account_access,CALL,target_coef,presets[cold_account_nocode_access],2.226521467716744e-05,0.8707532267484216,0.8687337459163657,AccountMode.NON_EXISTING_ACCOUNT,,CALL,353.9121239174686,354,False,False,test_account_access,CALL,target_coef
COLD_ACCOUNT_NOCODE_ACCESS,nethermind,0.003090347720856445,0.001,0.0027420548184539087,0.003430341216430468,test_account_access,CALLCODE,target_coef,presets[cold_account_nocode_access],2.226521467716744e-05,0.8683612247956776,0.86630436893311,AccountMode.EXISTING_EOA,,CALLCODE,309.0347720856445,310,False,False,test_account_access,CALLCODE,target_coef
COLD_ACCOUNT_NOCODE_ACCESS,nethermind,0.003170597623062432,0.001,0.0029260969750083874,0.003379463461024571,test_account_access,CALLCODE,target_coef,presets[cold_account_nocode_access],2.226521467716744e-05,0.9113230285997642,0.9099374509216356,AccountMode.NON_EXISTING_ACCOUNT,,CALLCODE,317.0597623062432,318,False,False,test_account_access,CALLCODE,target_coef
COLD_ACCOUNT_NOCODE_ACCESS,nethermind,0.003571855181074939,0.001,0.0032855701840921693,0.0038728132232196343,test_account_access,DELEGATECALL,target_coef,presets[cold_account_nocode_access],1.113260733858372e-05,0.9100761612328593,0.9086711012521227,AccountMode.EXISTING_EOA,,DELEGATECALL,357.18551810749386,358,False,False,test_account_access,DELEGATECALL,target_coef
COLD_ACCOUNT_NOCODE_ACCESS,nethermind,0.00338751193718121,0.001,0.0031090443793512445,0.003630395582051038,test_account_access,DELEGATECALL,target_coef,presets[cold_account_nocode_access],1.113260733858372e-05,0.8981556266748699,0.8965643083416648,AccountMode.NON_EXISTING_ACCOUNT,,DELEGATECALL,338.751193718121,339,False,False,test_account_access,DELEGATECALL,target_coef
COLD_ACCOUNT_NOCODE_ACCESS,nethermind,0.0034017247795643485,0.001,0.003189143968038428,0.0036396377828465105,test_account_access,EXTCODECOPY,target_coef,presets[cold_account_nocode_access],2.6642993230936804e-06,0.9294588038780599,0.9283565976886545,AccountMode.EXISTING_EOA,,EXTCODECOPY,340.1724779564348,341,False,False,test_account_access,EXTCODECOPY,target_coef
COLD_ACCOUNT_NOCODE_ACCESS,nethermind,0.0031392681909542517,0.001,0.002858576787165917,0.003394633828615211,test_account_access,EXTCODECOPY,target_coef,presets[cold_account_nocode_access],2.6642993230936804e-06,0.9055664609404608,0.9040909368926555,AccountMode.NON_EXISTING_ACCOUNT,,EXTCODECOPY,313.9268190954252,314,False,False,test_account_access,EXTCODECOPY,target_coef
COLD_ACCOUNT_NOCODE_ACCESS,nethermind,0.003137946835449905,0.001,0.002917719971277071,0.0033434460149612353,test_account_access,EXTCODEHASH,target_coef,presets[cold_account_nocode_access],2.6642993230936804e-06,0.9142172770287842,0.9128769219823589,AccountMode.EXISTING_EOA,,EXTCODEHASH,313.7946835449905,314,False,False,test_account_access,EXTCODEHASH,target_coef
COLD_ACCOUNT_NOCODE_ACCESS,nethermind,0.003236485194322277,0.001,0.0029863945773443367,0.0035240639241104535,test_account_access,EXTCODEHASH,target_coef,presets[cold_account_nocode_access],2.6642993230936804e-06,0.9211219316471291,0.9198894618291155,AccountMode.NON_EXISTING_ACCOUNT,,EXTCODEHASH,323.6485194322277,324,False,False,test_account_access,EXTCODEHASH,target_coef
COLD_ACCOUNT_NOCODE_ACCESS,nethermind,0.0030367067683544006,0.001,0.0028139117394040936,0.003261300588209862,test_account_access,EXTCODESIZE,target_coef,presets[cold_account_nocode_access],2.6642993230936804e-06,0.9198301400345333,0.9185774859725729,AccountMode.EXISTING_EOA,,EXTCODESIZE,303.67067683544,304,False,False,test_account_access,EXTCODESIZE,target_coef
COLD_ACCOUNT_NOCODE_ACCESS,nethermind,0.0030839683511519156,0.001,0.0028926693102308805,0.003281185785535849,test_account_access,EXTCODESIZE,target_coef,presets[cold_account_nocode_access],2.6642993230936804e-06,0.9381123037479117,0.9371453084939728,AccountMode.NON_EXISTING_ACCOUNT,,EXTCODESIZE,308.3968351151916,309,False,False,test_account_access,EXTCODESIZE,target_coef
COLD_ACCOUNT_NOCODE_ACCESS,nethermind,0.003499074075157536,0.001,0.0031910322383617512,0.0037843764719959665,test_account_access,STATICCALL,target_coef,presets[cold_account_nocode_access],1.113260733858372e-05,0.9024913078970452,0.9009677345829366,AccountMode.EXISTING_EOA,,STATICCALL,349.90740751575356,350,False,False,test_account_access,STATICCALL,target_coef
COLD_ACCOUNT_NOCODE_ACCESS,nethermind,0.0036010705043584847,0.001,0.003296126325512844,0.0038933139931424457,test_account_access,STATICCALL,target_coef,presets[cold_account_nocode_access],1.113260733858372e-05,0.9016264343930012,0.9000893474303918,AccountMode.NON_EXISTING_ACCOUNT,,STATICCALL,360.10705043584846,361,False,False,test_account_access,STATICCALL,target_coef
COLD_ACCOUNT_NOCODE_ACCESS,reth,0.00412364205731522,0.001,0.0039155609887318865,0.004316517496375628,test_account_access,BALANCE,target_coef,presets[cold_account_nocode_access],6.184893115594667e-06,0.9766950863362049,0.976140207439448,AccountMode.EXISTING_EOA,,BALANCE,412.36420573152196,413,False,False,test_account_access,BALANCE,target_coef
COLD_ACCOUNT_NOCODE_ACCESS,reth,0.004050456331314297,0.001,0.0038492232044393753,0.004268418213745233,test_account_access,BALANCE,target_coef,presets[cold_account_nocode_access],6.184893115594667e-06,0.9753127816051328,0.9747249906909693,AccountMode.NON_EXISTING_ACCOUNT,,BALANCE,405.0456331314297,406,False,False,test_account_access,BALANCE,target_coef
COLD_ACCOUNT_NOCODE_ACCESS,reth,0.00421097541923243,0.001,0.004055569659511394,0.004374958284316789,test_account_access,CALL,target_coef,presets[cold_account_nocode_access],1.2369786231189333e-05,0.9744114982288049,0.9738022481866336,AccountMode.EXISTING_EOA,,CALL,421.09754192324294,422,False,False,test_account_access,CALL,target_coef
COLD_ACCOUNT_NOCODE_ACCESS,reth,0.004091844678442875,0.001,0.003888534689075075,0.004319143953079325,test_account_access,CALL,target_coef,presets[cold_account_nocode_access],1.2369786231189333e-05,0.9668521927194795,0.9660629592128005,AccountMode.NON_EXISTING_ACCOUNT,,CALL,409.18446784428744,410,False,False,test_account_access,CALL,target_coef
COLD_ACCOUNT_NOCODE_ACCESS,reth,0.00399864010498662,0.001,0.0037712781542419953,0.004198305139914471,test_account_access,CALLCODE,target_coef,presets[cold_account_nocode_access],1.2369786231189333e-05,0.9690637387923452,0.9683271611445439,AccountMode.EXISTING_EOA,,CALLCODE,399.86401049866197,400,False,False,test_account_access,CALLCODE,target_coef
COLD_ACCOUNT_NOCODE_ACCESS,reth,0.004036004858331755,0.001,0.0038409409842017845,0.004219270471421826,test_account_access,CALLCODE,target_coef,presets[cold_account_nocode_access],1.2369786231189333e-05,0.9764246383042056,0.9758633201685915,AccountMode.NON_EXISTING_ACCOUNT,,CALLCODE,403.60048583317547,404,False,False,test_account_access,CALLCODE,target_coef
COLD_ACCOUNT_NOCODE_ACCESS,reth,0.004087579749244164,0.001,0.003927222873486692,0.0042605741172209634,test_account_access,DELEGATECALL,target_coef,presets[cold_account_nocode_access],6.184893115594667e-06,0.9790790239291576,0.9785809054512804,AccountMode.EXISTING_EOA,,DELEGATECALL,408.7579749244164,409,False,False,test_account_access,DELEGATECALL,target_coef
COLD_ACCOUNT_NOCODE_ACCESS,reth,0.004117523840951606,0.001,0.003935742305929243,0.00428183656891394,test_account_access,DELEGATECALL,target_coef,presets[cold_account_nocode_access],6.184893115594667e-06,0.9760272042665051,0.9754564234157076,AccountMode.NON_EXISTING_ACCOUNT,,DELEGATECALL,411.7523840951606,412,False,False,test_account_access,DELEGATECALL,target_coef
COLD_ACCOUNT_NOCODE_ACCESS,reth,0.004135256058304015,0.001,0.003934406192905495,0.004332015505374277,test_account_access,EXTCODECOPY,target_coef,presets[cold_account_nocode_access],6.184893115594667e-06,0.974256430657879,0.9736434885306857,AccountMode.EXISTING_EOA,,EXTCODECOPY,413.52560583040145,414,False,False,test_account_access,EXTCODECOPY,target_coef
COLD_ACCOUNT_NOCODE_ACCESS,reth,0.0041626984495123625,0.001,0.003993112336378946,0.004332791156258906,test_account_access,EXTCODECOPY,target_coef,presets[cold_account_nocode_access],6.184893115594667e-06,0.9739289741064721,0.9733082353947214,AccountMode.NON_EXISTING_ACCOUNT,,EXTCODECOPY,416.2698449512363,417,False,False,test_account_access,EXTCODECOPY,target_coef
COLD_ACCOUNT_NOCODE_ACCESS,reth,0.0040113988409164626,0.001,0.0038128859608871253,0.0041994997766361866,test_account_access,EXTCODEHASH,target_coef,presets[cold_account_nocode_access],6.184893115594667e-06,0.969666011399657,0.9689437735758394,AccountMode.EXISTING_EOA,,EXTCODEHASH,401.13988409164625,402,False,False,test_account_access,EXTCODEHASH,target_coef
COLD_ACCOUNT_NOCODE_ACCESS,reth,0.0039337903830173595,0.001,0.0037444958094305933,0.004116989232064073,test_account_access,EXTCODEHASH,target_coef,presets[cold_account_nocode_access],6.184893115594667e-06,0.9756546925516797,0.9750750423743387,AccountMode.NON_EXISTING_ACCOUNT,,EXTCODEHASH,393.37903830173593,394,False,False,test_account_access,EXTCODEHASH,target_coef
COLD_ACCOUNT_NOCODE_ACCESS,reth,0.004067896205970617,0.001,0.0038906272633832725,0.004235181978176437,test_account_access,EXTCODESIZE,target_coef,presets[cold_account_nocode_access],6.184893115594667e-06,0.9747307872769602,0.974129139354983,AccountMode.EXISTING_EOA,,EXTCODESIZE,406.7896205970617,407,False,False,test_account_access,EXTCODESIZE,target_coef
COLD_ACCOUNT_NOCODE_ACCESS,reth,0.004017577528158743,0.001,0.003794914628844765,0.004263225759553528,test_account_access,EXTCODESIZE,target_coef,presets[cold_account_nocode_access],6.184893115594667e-06,0.9656669280570127,0.964849473963132,AccountMode.NON_EXISTING_ACCOUNT,,EXTCODESIZE,401.7577528158743,402,False,False,test_account_access,EXTCODESIZE,target_coef
COLD_ACCOUNT_NOCODE_ACCESS,reth,0.004386102750459581,0.001,0.004183385552511433,0.0045901927163693665,test_account_access,STATICCALL,target_coef,presets[cold_account_nocode_access],6.184893115594667e-06,0.9721432419853203,0.9714799858421137,AccountMode.EXISTING_EOA,,STATICCALL,438.61027504595813,439,False,True,test_account_access,STATICCALL,target_coef
COLD_ACCOUNT_NOCODE_ACCESS,reth,0.0040579953278266755,0.001,0.003902546742233096,0.004216814945191167,test_account_access,STATICCALL,target_coef,presets[cold_account_nocode_access],6.184893115594667e-06,0.9791709213112125,0.9786749908662414,AccountMode.NON_EXISTING_ACCOUNT,,STATICCALL,405.79953278266754,406,False,False,test_account_access,STATICCALL,target_coef
COLD_ACCOUNT_NOCODE_WRITE,besu,0.07173459142490425,0.001,0.06867072719582683,0.07436415997398133,test_account_access,CALL,target_coef,presets[cold_account_nocode_write],0.0018990426156176088,0.9789898799849686,0.9785934626261944,AccountMode.EXISTING_EOA,,CALL,7173.459142490425,7174,False,False,test_account_access,CALL,target_coef
COLD_ACCOUNT_NOCODE_WRITE,besu,0.13926521139640147,0.001,0.1301490090886878,0.14803300826904237,test_account_access,CALL,target_coef,presets[cold_account_nocode_write],0.0018991021084018684,0.9486226503877109,0.947653266432762,AccountMode.NON_EXISTING_ACCOUNT,,CALL,13926.521139640146,13927,False,True,test_account_access,CALL,target_coef
COLD_ACCOUNT_NOCODE_WRITE,besu,0.022539196539411707,0.001,0.02106325773269388,0.023738380359043385,test_account_access,CALLCODE,target_coef,presets[cold_account_nocode_write],0.0018990426156176088,0.967745727870814,0.9671371566985653,AccountMode.EXISTING_EOA,,CALLCODE,2253.919653941171,2254,False,False,test_account_access,CALLCODE,target_coef
COLD_ACCOUNT_NOCODE_WRITE,besu,0.016422483398996327,0.001,0.015303526210328273,0.017509144089532035,test_account_access,CALLCODE,target_coef,presets[cold_account_nocode_write],0.0018990426156176088,0.9519186816440444,0.9510114869580829,AccountMode.NON_EXISTING_ACCOUNT,,CALLCODE,1642.2483398996326,1643,False,False,test_account_access,CALLCODE,target_coef
COLD_ACCOUNT_NOCODE_WRITE,erigon,0.07741557605340034,0.001,0.07555174937510804,0.07980090363292697,test_account_access,CALL,target_coef,presets[cold_account_nocode_write],2.3011238860460234e-05,0.9949432939743108,0.9948228962117944,AccountMode.EXISTING_EOA,,CALL,7741.557605340034,7742,False,False,test_account_access,CALL,target_coef
COLD_ACCOUNT_NOCODE_WRITE,erigon,0.3517040692458642,0.001,0.34377554048836123,0.3593908389716412,test_account_access,CALL,target_coef,presets[cold_account_nocode_write],2.3011238860460234e-05,0.9952656997223217,0.9951529782871389,AccountMode.NON_EXISTING_ACCOUNT,,CALL,35170.40692458642,35171,False,True,test_account_access,CALL,target_coef
COLD_ACCOUNT_NOCODE_WRITE,erigon,0.007803321955942288,0.001,0.007553956857137987,0.008057576113719088,test_account_access,CALLCODE,target_coef,presets[cold_account_nocode_write],2.3011238860460234e-05,0.9891900446771853,0.9889326647885468,AccountMode.EXISTING_EOA,,CALLCODE,780.3321955942288,781,False,False,test_account_access,CALLCODE,target_coef
COLD_ACCOUNT_NOCODE_WRITE,erigon,0.007756961956625326,0.001,0.0075060480875466535,0.008004460101410104,test_account_access,CALLCODE,target_coef,presets[cold_account_nocode_write],2.3011238860460234e-05,0.984051920384742,0.9836722042034263,AccountMode.NON_EXISTING_ACCOUNT,,CALLCODE,775.6961956625325,776,False,False,test_account_access,CALLCODE,target_coef
COLD_ACCOUNT_NOCODE_WRITE,geth,0.0639905067417029,0.001,0.06270284685825883,0.06536624911547521,test_account_access,CALL,target_coef,presets[cold_account_nocode_write],0.0,0.9887231035837858,0.9885727449649029,AccountMode.EXISTING_EOA,,CALL,6399.050674170289,6400,False,False,test_account_access,CALL,target_coef
COLD_ACCOUNT_NOCODE_WRITE,geth,0.11329833444742571,0.001,0.101038673706023,0.12589485678940474,test_account_access,CALL,target_coef,presets[cold_account_nocode_write],0.0,0.7774505552710806,0.7744832293413617,AccountMode.NON_EXISTING_ACCOUNT,,CALL,11329.833444742571,11330,False,True,test_account_access,CALL,target_coef
COLD_ACCOUNT_NOCODE_WRITE,geth,0.016702398342813375,0.001,0.015708668561661455,0.01767581402502886,test_account_access,CALLCODE,target_coef,presets[cold_account_nocode_write],0.0,0.9351173324779025,0.9342522302442745,AccountMode.EXISTING_EOA,,CALLCODE,1670.2398342813374,1671,False,False,test_account_access,CALLCODE,target_coef
COLD_ACCOUNT_NOCODE_WRITE,geth,0.027974449682850074,0.001,0.026592632109903952,0.029296810215716767,test_account_access,CALLCODE,target_coef,presets[cold_account_nocode_write],0.0,0.9575796886493172,0.9570140844979748,AccountMode.NON_EXISTING_ACCOUNT,,CALLCODE,2797.4449682850072,2798,False,False,test_account_access,CALLCODE,target_coef
COLD_ACCOUNT_NOCODE_WRITE,nethermind,0.030274181426579432,0.001,0.02858764336725199,0.031915648293462384,test_account_access,CALL,target_coef,presets[cold_account_nocode_write],2.226521467716744e-05,0.9497687606124428,0.9489838974970122,AccountMode.EXISTING_EOA,,CALL,3027.418142657943,3028,False,False,test_account_access,CALL,target_coef
COLD_ACCOUNT_NOCODE_WRITE,nethermind,0.08967687765603297,0.001,0.08475205363974686,0.09522650480353023,test_account_access,CALL,target_coef,presets[cold_account_nocode_write],2.226521467716744e-05,0.9445440701805681,0.9436775712771395,AccountMode.NON_EXISTING_ACCOUNT,,CALL,8967.687765603296,8968,False,True,test_account_access,CALL,target_coef
COLD_ACCOUNT_NOCODE_WRITE,nethermind,0.0058350881743758805,0.001,0.005107866060601541,0.006483927389987174,test_account_access,CALLCODE,target_coef,presets[cold_account_nocode_write],2.226521467716744e-05,0.8329415542110097,0.8303312659955567,AccountMode.EXISTING_EOA,,CALLCODE,583.508817437588,584,False,False,test_account_access,CALLCODE,target_coef
COLD_ACCOUNT_NOCODE_WRITE,nethermind,0.00493022526580867,0.001,0.004307717344419698,0.005469184442385893,test_account_access,CALLCODE,target_coef,presets[cold_account_nocode_write],2.226521467716744e-05,0.8313733628372206,0.8287385716315522,AccountMode.NON_EXISTING_ACCOUNT,,CALLCODE,493.022526580867,494,False,False,test_account_access,CALLCODE,target_coef
COLD_ACCOUNT_NOCODE_WRITE,reth,0.026479453237646566,0.001,0.02547818637786746,0.02754183095351369,test_account_access,CALL,target_coef,presets[cold_account_nocode_write],1.2369786231189333e-05,0.9841659013206033,0.9837888989710939,AccountMode.EXISTING_EOA,,CALL,2647.9453237646567,2648,False,False,test_account_access,CALL,target_coef
COLD_ACCOUNT_NOCODE_WRITE,reth,0.04379875748485847,0.001,0.04068371816950033,0.04744182551102192,test_account_access,CALL,target_coef,presets[cold_account_nocode_write],1.2369786231189333e-05,0.9377403402573727,0.9362579674063578,AccountMode.NON_EXISTING_ACCOUNT,,CALL,4379.875748485846,4380,False,True,test_account_access,CALL,target_coef
COLD_ACCOUNT_NOCODE_WRITE,reth,0.005755852985794503,0.001,0.005368949655361659,0.006113785019082557,test_account_access,CALLCODE,target_coef,presets[cold_account_nocode_write],1.2369786231189333e-05,0.9501848372427455,0.9489987619390013,AccountMode.EXISTING_EOA,,CALLCODE,575.5852985794503,576,False,False,test_account_access,CALLCODE,target_coef
COLD_ACCOUNT_NOCODE_WRITE,reth,0.005756926748710745,0.001,0.005361275705052,0.006105573695046783,test_account_access,CALLCODE,target_coef,presets[cold_account_nocode_write],1.2369786231189333e-05,0.9526711210325677,0.9515442429619145,AccountMode.NON_EXISTING_ACCOUNT,,CALLCODE,575.6926748710745,576,False,False,test_account_access,CALLCODE,target_coef
COLD_ACCOUNT_CODE_ACCESS,besu,0.01960129957280088,0.001,0.01894348156619402,0.020204967964045657,test_account_access,BALANCE,target_coef,presets[cold_account_code_access],1.7718165484708257e-07,0.9824531481419537,0.9821220754653868,AccountMode.EXISTING_CONTRACT_DIFF_MAX,,BALANCE,1960.129957280088,1961,False,False,test_account_access,BALANCE,target_coef
COLD_ACCOUNT_CODE_ACCESS,besu,0.011820571273207247,0.001,0.011287992294792088,0.012445198090841294,test_account_access,BALANCE,target_coef,presets[cold_account_code_access],1.7718165484708257e-07,0.9767651928823732,0.9763268002952481,AccountMode.EXISTING_CONTRACT_MINIMAL,,BALANCE,1182.0571273207247,1183,False,False,test_account_access,BALANCE,target_coef
COLD_ACCOUNT_CODE_ACCESS,besu,0.010336576052838773,0.001,0.009699793307389444,0.01088187175732159,test_account_access,BALANCE,target_coef,presets[cold_account_code_access],1.7718165484708257e-07,0.9679221775987832,0.9673169356666848,AccountMode.EXISTING_CONTRACT_SAME_MAX,,BALANCE,1033.6576052838773,1034,False,False,test_account_access,BALANCE,target_coef
COLD_ACCOUNT_CODE_ACCESS,besu,0.022135317790575707,0.001,0.021363108901660207,0.02279324665257222,test_account_access,CALL,target_coef,presets[cold_account_code_access],0.0008639121015289658,0.9839492189806749,0.9836463740557819,AccountMode.EXISTING_CONTRACT_DIFF_MAX,,CALL,2213.531779057571,2214,False,False,test_account_access,CALL,target_coef
COLD_ACCOUNT_CODE_ACCESS,besu,0.014167513265816922,0.001,0.013754892536726727,0.014601768946952996,test_account_access,CALL,target_coef,presets[cold_account_code_access],0.0008639121015289658,0.9906653116751818,0.9904891854803739,AccountMode.EXISTING_CONTRACT_MINIMAL,,CALL,1416.7513265816922,1417,False,False,test_account_access,CALL,target_coef
COLD_ACCOUNT_CODE_ACCESS,besu,0.012880045978294912,0.001,0.012298554521304678,0.01349164178356565,test_account_access,CALL,target_coef,presets[cold_account_code_access],0.0008639121015289658,0.9789632857751889,0.9785663666388716,AccountMode.EXISTING_CONTRACT_SAME_MAX,,CALL,1288.004597829491,1289,False,False,test_account_access,CALL,target_coef
COLD_ACCOUNT_CODE_ACCESS,besu,0.021148961574211356,0.001,0.020509004893014285,0.021704717648999308,test_account_access,CALLCODE,target_coef,presets[cold_account_code_access],0.0008639121015289658,0.9860526046714957,0.9857894462690711,AccountMode.EXISTING_CONTRACT_DIFF_MAX,,CALLCODE,2114.8961574211357,2115,False,False,test_account_access,CALLCODE,target_coef
COLD_ACCOUNT_CODE_ACCESS,besu,0.013367770337501323,0.001,0.01284810577991498,0.013911640726366914,test_account_access,CALLCODE,target_coef,presets[cold_account_code_access],0.0008639121015289658,0.9845787130797358,0.9842877454019949,AccountMode.EXISTING_CONTRACT_MINIMAL,,CALLCODE,1336.7770337501322,1337,False,False,test_account_access,CALLCODE,target_coef
COLD_ACCOUNT_CODE_ACCESS,besu,0.011600467923187058,0.001,0.010958290055719687,0.012231995178989558,test_account_access,CALLCODE,target_coef,presets[cold_account_code_access],0.0008639121015289658,0.972953678723166,0.9724433707745465,AccountMode.EXISTING_CONTRACT_SAME_MAX,,CALLCODE,1160.0467923187057,1161,False,False,test_account_access,CALLCODE,target_coef
COLD_ACCOUNT_CODE_ACCESS,besu,0.021703502960854725,0.001,0.021125102228269965,0.02233007942285419,test_account_access,DELEGATECALL,target_coef,presets[cold_account_code_access],0.000345365429345264,0.9850258225919549,0.9847432909427465,AccountMode.EXISTING_CONTRACT_DIFF_MAX,,DELEGATECALL,2170.3502960854726,2171,False,False,test_account_access,DELEGATECALL,target_coef
COLD_ACCOUNT_CODE_ACCESS,besu,0.013741964900325098,0.001,0.013121491746417165,0.014401371626621185,test_account_access,DELEGATECALL,target_coef,presets[cold_account_code_access],0.000345365429345264,0.9763939918460393,0.9759485954657758,AccountMode.EXISTING_CONTRACT_MINIMAL,,DELEGATECALL,1374.19649003251,1375,False,False,test_account_access,DELEGATECALL,target_coef
COLD_ACCOUNT_CODE_ACCESS,besu,0.011931567532335409,0.001,0.01132933142416345,0.012487719206084423,test_account_access,DELEGATECALL,target_coef,presets[cold_account_code_access],0.000345365429345264,0.9768362713390031,0.9763992198548334,AccountMode.EXISTING_CONTRACT_SAME_MAX,,DELEGATECALL,1193.1567532335407,1194,False,False,test_account_access,DELEGATECALL,target_coef
COLD_ACCOUNT_CODE_ACCESS,besu,0.019167627992161543,0.001,0.018552961446753488,0.019774822822676705,test_account_access,EXTCODECOPY,target_coef,presets[cold_account_code_access],0.00025911366371075665,0.9839722228223032,0.983669811932158,AccountMode.EXISTING_CONTRACT_DIFF_MAX,,EXTCODECOPY,1916.7627992161542,1917,False,False,test_account_access,EXTCODECOPY,target_coef
COLD_ACCOUNT_CODE_ACCESS,besu,0.01229666344692969,0.001,0.011776064064942611,0.012811075790736096,test_account_access,EXTCODECOPY,target_coef,presets[cold_account_code_access],0.00025911366371075665,0.9806802517228821,0.9803157281704836,AccountMode.EXISTING_CONTRACT_MINIMAL,,EXTCODECOPY,1229.666344692969,1230,False,False,test_account_access,EXTCODECOPY,target_coef
COLD_ACCOUNT_CODE_ACCESS,besu,0.01081968048161285,0.001,0.01025952427133913,0.011394669091042748,test_account_access,EXTCODECOPY,target_coef,presets[cold_account_code_access],0.00025911366371075665,0.9719846178625365,0.9714560257467353,AccountMode.EXISTING_CONTRACT_SAME_MAX,,EXTCODECOPY,1081.968048161285,1082,False,False,test_account_access,EXTCODECOPY,target_coef
COLD_ACCOUNT_CODE_ACCESS,besu,0.019118188675953246,0.001,0.018425242609716178,0.019793764043988075,test_account_access,EXTCODEHASH,target_coef,presets[cold_account_code_access],1.7718165484708257e-07,0.9786949905929633,0.9782930092833966,AccountMode.EXISTING_CONTRACT_DIFF_MAX,,EXTCODEHASH,1911.8188675953245,1912,False,False,test_account_access,EXTCODEHASH,target_coef
COLD_ACCOUNT_CODE_ACCESS,besu,0.011812359448561117,0.001,0.01128013977313234,0.012311060609610784,test_account_access,EXTCODEHASH,target_coef,presets[cold_account_code_access],1.7718165484708257e-07,0.9788530635311922,0.9784540647298939,AccountMode.EXISTING_CONTRACT_MINIMAL,,EXTCODEHASH,1181.2359448561117,1182,False,False,test_account_access,EXTCODEHASH,target_coef
COLD_ACCOUNT_CODE_ACCESS,besu,0.010730174837349993,0.001,0.009996781417836737,0.011525526275313955,test_account_access,EXTCODEHASH,target_coef,presets[cold_account_code_access],1.7718165484708257e-07,0.9534504486885664,0.952572155267596,AccountMode.EXISTING_CONTRACT_SAME_MAX,,EXTCODEHASH,1073.0174837349994,1074,False,False,test_account_access,EXTCODEHASH,target_coef
COLD_ACCOUNT_CODE_ACCESS,besu,0.019465732039024058,0.001,0.018874951971056448,0.02006653929861476,test_account_access,EXTCODESIZE,target_coef,presets[cold_account_code_access],1.8288517117448198e-07,0.9840322033257373,0.983730924143204,AccountMode.EXISTING_CONTRACT_DIFF_MAX,,EXTCODESIZE,1946.5732039024058,1947,False,False,test_account_access,EXTCODESIZE,target_coef
COLD_ACCOUNT_CODE_ACCESS,besu,0.011888351714083912,0.001,0.011333797620995349,0.01241399200092325,test_account_access,EXTCODESIZE,target_coef,presets[cold_account_code_access],1.8288517117448198e-07,0.9806054067051863,0.9802394709826426,AccountMode.EXISTING_CONTRACT_MINIMAL,,EXTCODESIZE,1188.835171408391,1189,False,False,test_account_access,EXTCODESIZE,target_coef
COLD_ACCOUNT_CODE_ACCESS,besu,0.010787487902672893,0.001,0.010233264693035232,0.011366175133873816,test_account_access,EXTCODESIZE,target_coef,presets[cold_account_code_access],1.8288517117448198e-07,0.9680234700533168,0.9674201392996058,AccountMode.EXISTING_CONTRACT_SAME_MAX,,EXTCODESIZE,1078.7487902672895,1079,False,False,test_account_access,EXTCODESIZE,target_coef
COLD_ACCOUNT_CODE_ACCESS,besu,0.02323626847909986,0.001,0.022531612639924987,0.023990944131837583,test_account_access,STATICCALL,target_coef,presets[cold_account_code_access],0.000345365429345264,0.9837808196779001,0.9834747974076719,AccountMode.EXISTING_CONTRACT_DIFF_MAX,,STATICCALL,2323.626847909986,2324,False,True,test_account_access,STATICCALL,target_coef
COLD_ACCOUNT_CODE_ACCESS,besu,0.015124786096671802,0.001,0.014350825391144668,0.015873067719146927,test_account_access,STATICCALL,target_coef,presets[cold_account_code_access],0.000345365429345264,0.9781785357350768,0.9777668099942293,AccountMode.EXISTING_CONTRACT_MINIMAL,,STATICCALL,1512.47860966718,1513,False,False,test_account_access,STATICCALL,target_coef
COLD_ACCOUNT_CODE_ACCESS,besu,0.013092252953963535,0.001,0.01244449434365931,0.013750547302976411,test_account_access,STATICCALL,target_coef,presets[cold_account_code_access],0.000345365429345264,0.9792279349435782,0.9788360091877967,AccountMode.EXISTING_CONTRACT_SAME_MAX,,STATICCALL,1309.2252953963537,1310,False,False,test_account_access,STATICCALL,target_coef
COLD_ACCOUNT_CODE_ACCESS,erigon,0.00900178911039532,0.001,0.008811864595183247,0.009214252426045483,test_account_access,BALANCE,target_coef,presets[cold_account_code_access],0.0,0.9936556424213862,0.993504586288562,AccountMode.EXISTING_CONTRACT_DIFF_MAX,,BALANCE,900.178911039532,901,False,False,test_account_access,BALANCE,target_coef
COLD_ACCOUNT_CODE_ACCESS,erigon,0.008066874268371865,0.001,0.007890663833247385,0.008241127551739523,test_account_access,BALANCE,target_coef,presets[cold_account_code_access],0.0,0.9932294757725503,0.9930682728147538,AccountMode.EXISTING_CONTRACT_MINIMAL,,BALANCE,806.6874268371864,807,False,False,test_account_access,BALANCE,target_coef
COLD_ACCOUNT_CODE_ACCESS,erigon,0.008009040516415147,0.001,0.007812397381868693,0.00821038409778989,test_account_access,BALANCE,target_coef,presets[cold_account_code_access],0.0,0.9922834674942016,0.9920997405297778,AccountMode.EXISTING_CONTRACT_SAME_MAX,,BALANCE,800.9040516415148,801,False,False,test_account_access,BALANCE,target_coef
COLD_ACCOUNT_CODE_ACCESS,erigon,0.034134666339806045,0.001,0.031099751998955278,0.036652444161727776,test_account_access,CALL,target_coef,presets[cold_account_code_access],0.0,0.9247782911314412,0.9229872980631422,AccountMode.EXISTING_CONTRACT_DIFF_MAX,,CALL,3413.4666339806045,3414,False,False,test_account_access,CALL,target_coef
COLD_ACCOUNT_CODE_ACCESS,erigon,0.008960355251307325,0.001,0.008824899728527515,0.009112204341115203,test_account_access,CALL,target_coef,presets[cold_account_code_access],0.0,0.9968305247231032,0.9967550610260342,AccountMode.EXISTING_CONTRACT_MINIMAL,,CALL,896.0355251307326,897,False,False,test_account_access,CALL,target_coef
COLD_ACCOUNT_CODE_ACCESS,erigon,0.008973943904166113,0.001,0.008815691811834071,0.009147649843076481,test_account_access,CALL,target_coef,presets[cold_account_code_access],0.0,0.9945915847284363,0.9944628129362563,AccountMode.EXISTING_CONTRACT_SAME_MAX,,CALL,897.3943904166114,898,False,False,test_account_access,CALL,target_coef
COLD_ACCOUNT_CODE_ACCESS,erigon,0.03472964985662552,0.001,0.03198499991089541,0.036765512578606156,test_account_access,CALLCODE,target_coef,presets[cold_account_code_access],0.0,0.9461667757338021,0.9448850322988926,AccountMode.EXISTING_CONTRACT_DIFF_MAX,,CALLCODE,3472.964985662552,3473,False,False,test_account_access,CALLCODE,target_coef
COLD_ACCOUNT_CODE_ACCESS,erigon,0.008874855011510746,0.001,0.008667777717046653,0.009104933461910717,test_account_access,CALLCODE,target_coef,presets[cold_account_code_access],0.0,0.9935447045196162,0.9933910070081785,AccountMode.EXISTING_CONTRACT_MINIMAL,,CALLCODE,887.4855011510747,888,False,False,test_account_access,CALLCODE,target_coef
COLD_ACCOUNT_CODE_ACCESS,erigon,0.008852469327759571,0.001,0.008662095564068148,0.009101847368958634,test_account_access,CALLCODE,target_coef,presets[cold_account_code_access],0.0,0.9916420871584495,0.9914430892336507,AccountMode.EXISTING_CONTRACT_SAME_MAX,,CALLCODE,885.2469327759571,886,False,False,test_account_access,CALLCODE,target_coef
COLD_ACCOUNT_CODE_ACCESS,erigon,0.034240252089334434,0.001,0.03189751290592283,0.03631009755412695,test_account_access,DELEGATECALL,target_coef,presets[cold_account_code_access],0.0,0.9455264365317277,0.9442294469253403,AccountMode.EXISTING_CONTRACT_DIFF_MAX,,DELEGATECALL,3424.025208933443,3425,False,False,test_account_access,DELEGATECALL,target_coef
COLD_ACCOUNT_CODE_ACCESS,erigon,0.008839592974062553,0.001,0.008623695296939479,0.009052999921245284,test_account_access,DELEGATECALL,target_coef,presets[cold_account_code_access],0.0,0.9919488610390667,0.9917571672542825,AccountMode.EXISTING_CONTRACT_MINIMAL,,DELEGATECALL,883.9592974062552,884,False,False,test_account_access,DELEGATECALL,target_coef
COLD_ACCOUNT_CODE_ACCESS,erigon,0.008799374543755225,0.001,0.008607932863913304,0.009018596175868391,test_account_access,DELEGATECALL,target_coef,presets[cold_account_code_access],0.0,0.9927892370393001,0.9926175522069025,AccountMode.EXISTING_CONTRACT_SAME_MAX,,DELEGATECALL,879.9374543755225,880,False,False,test_account_access,DELEGATECALL,target_coef
COLD_ACCOUNT_CODE_ACCESS,erigon,0.033186810056341234,0.001,0.030530983162246762,0.03533489286280082,test_account_access,EXTCODECOPY,target_coef,presets[cold_account_code_access],0.0,0.9451309393635134,0.9438245331578828,AccountMode.EXISTING_CONTRACT_DIFF_MAX,,EXTCODECOPY,3318.6810056341233,3319,False,False,test_account_access,EXTCODECOPY,target_coef
COLD_ACCOUNT_CODE_ACCESS,erigon,0.007952842466236504,0.001,0.00770326214446883,0.008188420919159905,test_account_access,EXTCODECOPY,target_coef,presets[cold_account_code_access],0.0,0.9922827682512949,0.9920990246382305,AccountMode.EXISTING_CONTRACT_MINIMAL,,EXTCODECOPY,795.2842466236505,796,False,False,test_account_access,EXTCODECOPY,target_coef
COLD_ACCOUNT_CODE_ACCESS,erigon,0.007952665579484673,0.001,0.007784769381551048,0.008126785855750778,test_account_access,EXTCODECOPY,target_coef,presets[cold_account_code_access],0.0,0.9946732932180572,0.9945464668661061,AccountMode.EXISTING_CONTRACT_SAME_MAX,,EXTCODECOPY,795.2665579484673,796,False,False,test_account_access,EXTCODECOPY,target_coef
COLD_ACCOUNT_CODE_ACCESS,erigon,0.008802186197229684,0.001,0.008565327551812808,0.00903704401950638,test_account_access,EXTCODEHASH,target_coef,presets[cold_account_code_access],0.0,0.9918353989918587,0.99164100372976,AccountMode.EXISTING_CONTRACT_DIFF_MAX,,EXTCODEHASH,880.2186197229685,881,False,False,test_account_access,EXTCODEHASH,target_coef
COLD_ACCOUNT_CODE_ACCESS,erigon,0.008244441394373195,0.001,0.008061714785396587,0.00839341672834008,test_account_access,EXTCODEHASH,target_coef,presets[cold_account_code_access],0.0,0.9933352575411865,0.993176573196929,AccountMode.EXISTING_CONTRACT_MINIMAL,,EXTCODEHASH,824.4441394373196,825,False,False,test_account_access,EXTCODEHASH,target_coef
COLD_ACCOUNT_CODE_ACCESS,erigon,0.008268463917691782,0.001,0.00810260540969308,0.008433772782414452,test_account_access,EXTCODEHASH,target_coef,presets[cold_account_code_access],0.0,0.9952211380086105,0.995107355580244,AccountMode.EXISTING_CONTRACT_SAME_MAX,,EXTCODEHASH,826.8463917691782,827,False,False,test_account_access,EXTCODEHASH,target_coef
COLD_ACCOUNT_CODE_ACCESS,erigon,0.035161578083818874,0.001,0.03216990875038315,0.03773175304016055,test_account_access,EXTCODESIZE,target_coef,presets[cold_account_code_access],0.0,0.9286451345325193,0.926946209164246,AccountMode.EXISTING_CONTRACT_DIFF_MAX,,EXTCODESIZE,3516.1578083818877,3517,False,True,test_account_access,EXTCODESIZE,target_coef
COLD_ACCOUNT_CODE_ACCESS,erigon,0.007889734264780566,0.001,0.007723580899256222,0.008056358342350153,test_account_access,EXTCODESIZE,target_coef,presets[cold_account_code_access],0.0,0.9949087876316729,0.9947875682895698,AccountMode.EXISTING_CONTRACT_MINIMAL,,EXTCODESIZE,788.9734264780566,789,False,False,test_account_access,EXTCODESIZE,target_coef
COLD_ACCOUNT_CODE_ACCESS,erigon,0.008123769592769163,0.001,0.007930476008496126,0.008331295006585917,test_account_access,EXTCODESIZE,target_coef,presets[cold_account_code_access],0.0,0.9931674252325114,0.9930047448809046,AccountMode.EXISTING_CONTRACT_SAME_MAX,,EXTCODESIZE,812.3769592769163,813,False,False,test_account_access,EXTCODESIZE,target_coef
COLD_ACCOUNT_CODE_ACCESS,erigon,0.03468766221151367,0.001,0.03206904742446802,0.0370502401479061,test_account_access,STATICCALL,target_coef,presets[cold_account_code_access],0.0,0.9389020568002802,0.9374473438669535,AccountMode.EXISTING_CONTRACT_DIFF_MAX,,STATICCALL,3468.7662211513666,3469,False,False,test_account_access,STATICCALL,target_coef
COLD_ACCOUNT_CODE_ACCESS,erigon,0.008998569445469206,0.001,0.008832096352016634,0.00919853166852644,test_account_access,STATICCALL,target_coef,presets[cold_account_code_access],0.0,0.9949692006348015,0.9948494196975349,AccountMode.EXISTING_CONTRACT_MINIMAL,,STATICCALL,899.8569445469205,900,False,False,test_account_access,STATICCALL,target_coef
COLD_ACCOUNT_CODE_ACCESS,erigon,0.008870573508840148,0.001,0.008663373213411006,0.009126415588412819,test_account_access,STATICCALL,target_coef,presets[cold_account_code_access],0.0,0.9940062842016796,0.993863576682672,AccountMode.EXISTING_CONTRACT_SAME_MAX,,STATICCALL,887.0573508840149,888,False,False,test_account_access,STATICCALL,target_coef
COLD_ACCOUNT_CODE_ACCESS,geth,0.003832115361504289,0.001,0.003684648987216588,0.003895326590866411,test_account_access,BALANCE,target_coef,presets[cold_account_code_access],0.0,0.9439795723654134,0.9432326333302856,AccountMode.EXISTING_CONTRACT_DIFF_MAX,,BALANCE,383.21153615042886,384,False,False,test_account_access,BALANCE,target_coef
COLD_ACCOUNT_CODE_ACCESS,geth,0.0048420299895302246,0.001,0.00452605768816305,0.00519539463233019,test_account_access,BALANCE,target_coef,presets[cold_account_code_access],0.0,0.9397923565493624,0.9389895879700206,AccountMode.EXISTING_CONTRACT_MINIMAL,,BALANCE,484.2029989530225,485,False,False,test_account_access,BALANCE,target_coef
COLD_ACCOUNT_CODE_ACCESS,geth,0.00455331439292856,0.001,0.0042891157516526885,0.004846735595802134,test_account_access,BALANCE,target_coef,presets[cold_account_code_access],0.0,0.943672262154572,0.9429212256499663,AccountMode.EXISTING_CONTRACT_SAME_MAX,,BALANCE,455.331439292856,456,False,False,test_account_access,BALANCE,target_coef
COLD_ACCOUNT_CODE_ACCESS,geth,0.020925325943561023,0.001,0.019478993906219846,0.02241397453468716,test_account_access,CALL,target_coef,presets[cold_account_code_access],0.0,0.9293524043833326,0.928410436441777,AccountMode.EXISTING_CONTRACT_DIFF_MAX,,CALL,2092.532594356102,2093,False,False,test_account_access,CALL,target_coef
COLD_ACCOUNT_CODE_ACCESS,geth,0.004967606266715041,0.001,0.004743331505181262,0.005157865745911827,test_account_access,CALL,target_coef,presets[cold_account_code_access],0.0,0.965839911037318,0.9653844431844822,AccountMode.EXISTING_CONTRACT_MINIMAL,,CALL,496.7606266715041,497,False,False,test_account_access,CALL,target_coef
COLD_ACCOUNT_CODE_ACCESS,geth,0.0050374836558895264,0.001,0.00476941616675531,0.005301963603387145,test_account_access,CALL,target_coef,presets[cold_account_code_access],0.0,0.9576580116918647,0.9570934518477563,AccountMode.EXISTING_CONTRACT_SAME_MAX,,CALL,503.74836558895265,504,False,False,test_account_access,CALL,target_coef
COLD_ACCOUNT_CODE_ACCESS,geth,0.020685840617073063,0.001,0.019243337998703088,0.0222513940479967,test_account_access,CALLCODE,target_coef,presets[cold_account_code_access],0.0,0.9207363250433845,0.919679476043963,AccountMode.EXISTING_CONTRACT_DIFF_MAX,,CALLCODE,2068.5840617073063,2069,False,False,test_account_access,CALLCODE,target_coef
COLD_ACCOUNT_CODE_ACCESS,geth,0.005095421790628297,0.001,0.0048002900242256645,0.0054125940056301,test_account_access,CALLCODE,target_coef,presets[cold_account_code_access],0.0,0.9485848208817986,0.9478992851602226,AccountMode.EXISTING_CONTRACT_MINIMAL,,CALLCODE,509.54217906282975,510,False,False,test_account_access,CALLCODE,target_coef
COLD_ACCOUNT_CODE_ACCESS,geth,0.005093163445287289,0.001,0.00485435506647374,0.005370533362330449,test_account_access,CALLCODE,target_coef,presets[cold_account_code_access],0.0,0.9578961277187642,0.9573347427550144,AccountMode.EXISTING_CONTRACT_SAME_MAX,,CALLCODE,509.3163445287289,510,False,False,test_account_access,CALLCODE,target_coef
COLD_ACCOUNT_CODE_ACCESS,geth,0.02108415260255322,0.001,0.019571918727229683,0.02263707424522578,test_account_access,DELEGATECALL,target_coef,presets[cold_account_code_access],0.0,0.9248748656482811,0.9238731971902583,AccountMode.EXISTING_CONTRACT_DIFF_MAX,,DELEGATECALL,2108.415260255322,2109,False,False,test_account_access,DELEGATECALL,target_coef
COLD_ACCOUNT_CODE_ACCESS,geth,0.004943110862191138,0.001,0.0047129970731389,0.005187503114363674,test_account_access,DELEGATECALL,target_coef,presets[cold_account_code_access],0.0,0.9626098940885036,0.962111359343017,AccountMode.EXISTING_CONTRACT_MINIMAL,,DELEGATECALL,494.3110862191138,495,False,False,test_account_access,DELEGATECALL,target_coef
COLD_ACCOUNT_CODE_ACCESS,geth,0.004854406942142388,0.001,0.004632360248861979,0.005087229827037066,test_account_access,DELEGATECALL,target_coef,presets[cold_account_code_access],0.0,0.9614893331311917,0.9609758575729409,AccountMode.EXISTING_CONTRACT_SAME_MAX,,DELEGATECALL,485.44069421423876,486,False,False,test_account_access,DELEGATECALL,target_coef
COLD_ACCOUNT_CODE_ACCESS,geth,0.021601683412815334,0.001,0.020085026108160146,0.02312733340235093,test_account_access,EXTCODECOPY,target_coef,presets[cold_account_code_access],0.0,0.9323606017308795,0.9314587430872913,AccountMode.EXISTING_CONTRACT_DIFF_MAX,,EXTCODECOPY,2160.1683412815332,2161,False,True,test_account_access,EXTCODECOPY,target_coef
COLD_ACCOUNT_CODE_ACCESS,geth,0.005057077888529729,0.001,0.004840502026668622,0.005272117227262713,test_account_access,EXTCODECOPY,target_coef,presets[cold_account_code_access],0.0,0.9682740631782609,0.9678510506873044,AccountMode.EXISTING_CONTRACT_MINIMAL,,EXTCODECOPY,505.7077888529729,506,False,False,test_account_access,EXTCODECOPY,target_coef
COLD_ACCOUNT_CODE_ACCESS,geth,0.004795384731019925,0.001,0.004571833425824105,0.005031392262192789,test_account_access,EXTCODECOPY,target_coef,presets[cold_account_code_access],0.0,0.9539060710767822,0.953291485357806,AccountMode.EXISTING_CONTRACT_SAME_MAX,,EXTCODECOPY,479.5384731019925,480,False,False,test_account_access,EXTCODECOPY,target_coef
COLD_ACCOUNT_CODE_ACCESS,geth,0.0036336622811575987,0.001,0.0034551549456313256,0.0038077635939018054,test_account_access,EXTCODEHASH,target_coef,presets[cold_account_code_access],0.0,0.9571895079640423,0.9566187014035629,AccountMode.EXISTING_CONTRACT_DIFF_MAX,,EXTCODEHASH,363.36622811575984,364,False,False,test_account_access,EXTCODEHASH,target_coef
COLD_ACCOUNT_CODE_ACCESS,geth,0.004685292441431666,0.001,0.004469417345164779,0.004923726476463843,test_account_access,EXTCODEHASH,target_coef,presets[cold_account_code_access],0.0,0.9572041358576087,0.9566335243357101,AccountMode.EXISTING_CONTRACT_MINIMAL,,EXTCODEHASH,468.52924414316664,469,False,False,test_account_access,EXTCODEHASH,target_coef
COLD_ACCOUNT_CODE_ACCESS,geth,0.0047693546299004755,0.001,0.004481388033795947,0.005061878770923905,test_account_access,EXTCODEHASH,target_coef,presets[cold_account_code_access],0.0,0.9459111958548259,0.9451900117995569,AccountMode.EXISTING_CONTRACT_SAME_MAX,,EXTCODEHASH,476.93546299004754,477,False,False,test_account_access,EXTCODEHASH,target_coef
COLD_ACCOUNT_CODE_ACCESS,geth,0.02130571465445147,0.001,0.019891333837108234,0.02265698686159964,test_account_access,EXTCODESIZE,target_coef,presets[cold_account_code_access],0.0,0.9381973774711914,0.9373733425041406,AccountMode.EXISTING_CONTRACT_DIFF_MAX,,EXTCODESIZE,2130.5714654451467,2131,False,False,test_account_access,EXTCODESIZE,target_coef
COLD_ACCOUNT_CODE_ACCESS,geth,0.00478522799071407,0.001,0.004565174268694523,0.005033032562670341,test_account_access,EXTCODESIZE,target_coef,presets[cold_account_code_access],0.0,0.9512463780335763,0.9505963297406906,AccountMode.EXISTING_CONTRACT_MINIMAL,,EXTCODESIZE,478.522799071407,479,False,False,test_account_access,EXTCODESIZE,target_coef
COLD_ACCOUNT_CODE_ACCESS,geth,0.004848769438192912,0.001,0.0046144825109668275,0.005085509910451673,test_account_access,EXTCODESIZE,target_coef,presets[cold_account_code_access],0.0,0.9629712845462542,0.9624775683402043,AccountMode.EXISTING_CONTRACT_SAME_MAX,,EXTCODESIZE,484.87694381929117,485,False,False,test_account_access,EXTCODESIZE,target_coef
COLD_ACCOUNT_CODE_ACCESS,geth,0.020311825074907263,0.001,0.018734227625936423,0.02187212879561978,test_account_access,STATICCALL,target_coef,presets[cold_account_code_access],0.0,0.9200728676846619,0.919007172587124,AccountMode.EXISTING_CONTRACT_DIFF_MAX,,STATICCALL,2031.1825074907265,2032,False,False,test_account_access,STATICCALL,target_coef
COLD_ACCOUNT_CODE_ACCESS,geth,0.005098935963030519,0.001,0.004911359219496323,0.005308758357334743,test_account_access,STATICCALL,target_coef,presets[cold_account_code_access],0.0,0.9672859408948269,0.9668497534400913,AccountMode.EXISTING_CONTRACT_MINIMAL,,STATICCALL,509.8935963030519,510,False,False,test_account_access,STATICCALL,target_coef
COLD_ACCOUNT_CODE_ACCESS,geth,0.004824725946418117,0.001,0.004532474239253769,0.0051370006815722995,test_account_access,STATICCALL,target_coef,presets[cold_account_code_access],0.0,0.9342915389310664,0.9334154261168139,AccountMode.EXISTING_CONTRACT_SAME_MAX,,STATICCALL,482.47259464181167,483,False,False,test_account_access,STATICCALL,target_coef
COLD_ACCOUNT_CODE_ACCESS,nethermind,0.0019121789633954477,0.001,0.0016861791128220296,0.0021648659163433994,test_account_access,BALANCE,target_coef,presets[cold_account_code_access],0.0,0.8014367288546238,0.7983341777429773,AccountMode.EXISTING_CONTRACT_DIFF_MAX,,BALANCE,191.21789633954475,192,False,False,test_account_access,BALANCE,target_coef
COLD_ACCOUNT_CODE_ACCESS,nethermind,0.001772131715091469,0.001,0.0015493507100435356,0.0019938214988355503,test_account_access,BALANCE,target_coef,presets[cold_account_code_access],0.0,0.7576755100031712,0.7538891898469708,AccountMode.EXISTING_CONTRACT_MINIMAL,,BALANCE,177.2131715091469,178,False,False,test_account_access,BALANCE,target_coef
COLD_ACCOUNT_CODE_ACCESS,nethermind,0.0017639035035117358,0.001,0.0015538866780830031,0.0019606319674191778,test_account_access,BALANCE,target_coef,presets[cold_account_code_access],0.0,0.7963761201784733,0.7931944970562619,AccountMode.EXISTING_CONTRACT_SAME_MAX,,BALANCE,176.39035035117357,177,False,False,test_account_access,BALANCE,target_coef
COLD_ACCOUNT_CODE_ACCESS,nethermind,0.015231380212238344,0.001,0.013773517068665263,0.01667466649975661,test_account_access,CALL,target_coef,presets[cold_account_code_access],1.6936616030980078e-05,0.9104786412091593,0.9090798699780525,AccountMode.EXISTING_CONTRACT_DIFF_MAX,,CALL,1523.1380212238346,1524,False,False,test_account_access,CALL,target_coef
COLD_ACCOUNT_CODE_ACCESS,nethermind,0.0030655779303495018,0.001,0.002584773411980452,0.0035274296079615655,test_account_access,CALL,target_coef,presets[cold_account_code_access],1.6936616030980078e-05,0.6962575661588206,0.6915115906300522,AccountMode.EXISTING_CONTRACT_MINIMAL,,CALL,306.5577930349502,307,False,False,test_account_access,CALL,target_coef
COLD_ACCOUNT_CODE_ACCESS,nethermind,0.0032946172109482737,0.001,0.0028430669235787126,0.003723264598210732,test_account_access,CALL,target_coef,presets[cold_account_code_access],1.6936616030980078e-05,0.7180246363130427,0.713618771255434,AccountMode.EXISTING_CONTRACT_SAME_MAX,,CALL,329.4617210948274,330,False,False,test_account_access,CALL,target_coef
COLD_ACCOUNT_CODE_ACCESS,nethermind,0.015676037216828347,0.001,0.014015705408947015,0.017296708573031967,test_account_access,CALLCODE,target_coef,presets[cold_account_code_access],1.6936616030980078e-05,0.8934414405935965,0.8917764631028715,AccountMode.EXISTING_CONTRACT_DIFF_MAX,,CALLCODE,1567.6037216828347,1568,False,False,test_account_access,CALLCODE,target_coef
COLD_ACCOUNT_CODE_ACCESS,nethermind,0.0030364124096208182,0.001,0.002569255309642904,0.003565018316313715,test_account_access,CALLCODE,target_coef,presets[cold_account_code_access],1.6936616030980078e-05,0.6769437427375634,0.6718959887178378,AccountMode.EXISTING_CONTRACT_MINIMAL,,CALLCODE,303.64124096208184,304,False,False,test_account_access,CALLCODE,target_coef
COLD_ACCOUNT_CODE_ACCESS,nethermind,0.0024108749378177734,0.001,0.0018409307079368493,0.0029627724850830716,test_account_access,CALLCODE,target_coef,presets[cold_account_code_access],1.6936616030980078e-05,0.5652795412790392,0.5584870341115242,AccountMode.EXISTING_CONTRACT_SAME_MAX,,CALLCODE,241.08749378177734,242,False,False,test_account_access,CALLCODE,target_coef
COLD_ACCOUNT_CODE_ACCESS,nethermind,0.015903006589792202,0.001,0.014409252379891732,0.01720840330122761,test_account_access,DELEGATECALL,target_coef,presets[cold_account_code_access],8.468308015490039e-06,0.9089622175891148,0.9075397522389447,AccountMode.EXISTING_CONTRACT_DIFF_MAX,,DELEGATECALL,1590.30065897922,1591,False,True,test_account_access,DELEGATECALL,target_coef
COLD_ACCOUNT_CODE_ACCESS,nethermind,0.0028506509237958976,0.001,0.0024077859301062663,0.0033160416887238814,test_account_access,DELEGATECALL,target_coef,presets[cold_account_code_access],8.468308015490039e-06,0.6687877597189251,0.6636125684645333,AccountMode.EXISTING_CONTRACT_MINIMAL,,DELEGATECALL,285.0650923795897,286,False,False,test_account_access,DELEGATECALL,target_coef
COLD_ACCOUNT_CODE_ACCESS,nethermind,0.0025579888651962625,0.001,0.002112516669053482,0.0030772903884388986,test_account_access,DELEGATECALL,target_coef,presets[cold_account_code_access],8.468308015490039e-06,0.6274294451355293,0.621608030215772,AccountMode.EXISTING_CONTRACT_SAME_MAX,,DELEGATECALL,255.79888651962625,256,False,False,test_account_access,DELEGATECALL,target_coef
COLD_ACCOUNT_CODE_ACCESS,nethermind,0.015298241825094117,0.001,0.01392188246456773,0.01669764123041191,test_account_access,EXTCODECOPY,target_coef,presets[cold_account_code_access],0.0,0.9096850760964733,0.9082739054104807,AccountMode.EXISTING_CONTRACT_DIFF_MAX,,EXTCODECOPY,1529.8241825094117,1530,False,False,test_account_access,EXTCODECOPY,target_coef
COLD_ACCOUNT_CODE_ACCESS,nethermind,0.0018811137049101025,0.001,0.0015970410242428879,0.0021192578504832483,test_account_access,EXTCODECOPY,target_coef,presets[cold_account_code_access],0.0,0.7400835008571506,0.7360223055580435,AccountMode.EXISTING_CONTRACT_MINIMAL,,EXTCODECOPY,188.11137049101026,189,False,False,test_account_access,EXTCODECOPY,target_coef
COLD_ACCOUNT_CODE_ACCESS,nethermind,0.002273526586256564,0.001,0.001980079138728183,0.002548991804219332,test_account_access,EXTCODECOPY,target_coef,presets[cold_account_code_access],0.0,0.804870633788041,0.8018217374409792,AccountMode.EXISTING_CONTRACT_SAME_MAX,,EXTCODECOPY,227.3526586256564,228,False,False,test_account_access,EXTCODECOPY,target_coef
COLD_ACCOUNT_CODE_ACCESS,nethermind,0.0024775229674929783,0.001,0.002219486252961603,0.0027478522353516564,test_account_access,EXTCODEHASH,target_coef,presets[cold_account_code_access],0.0,0.8410913088961497,0.838608360597652,AccountMode.EXISTING_CONTRACT_DIFF_MAX,,EXTCODEHASH,247.7522967492978,248,False,False,test_account_access,EXTCODEHASH,target_coef
COLD_ACCOUNT_CODE_ACCESS,nethermind,0.0019992287931578402,0.001,0.001763795912900671,0.0022195420731170503,test_account_access,EXTCODEHASH,target_coef,presets[cold_account_code_access],0.0,0.7716659353093486,0.7680982155485572,AccountMode.EXISTING_CONTRACT_MINIMAL,,EXTCODEHASH,199.92287931578403,200,False,False,test_account_access,EXTCODEHASH,target_coef
COLD_ACCOUNT_CODE_ACCESS,nethermind,0.0023283782144186502,0.001,0.0020810216065611418,0.002599490461970583,test_account_access,EXTCODEHASH,target_coef,presets[cold_account_code_access],0.0,0.8274217653662952,0.8247252304501436,AccountMode.EXISTING_CONTRACT_SAME_MAX,,EXTCODEHASH,232.83782144186503,233,False,False,test_account_access,EXTCODEHASH,target_coef
COLD_ACCOUNT_CODE_ACCESS,nethermind,0.014969024287782918,0.001,0.013531404901636778,0.01631971020309244,test_account_access,EXTCODESIZE,target_coef,presets[cold_account_code_access],0.0,0.9059109894836679,0.9044408486943502,AccountMode.EXISTING_CONTRACT_DIFF_MAX,,EXTCODESIZE,1496.902428778292,1497,False,False,test_account_access,EXTCODESIZE,target_coef
COLD_ACCOUNT_CODE_ACCESS,nethermind,0.0018493033594992403,0.001,0.0016524498704664455,0.0020413120537489666,test_account_access,EXTCODESIZE,target_coef,presets[cold_account_code_access],0.0,0.8300829121205235,0.8274279576224067,AccountMode.EXISTING_CONTRACT_MINIMAL,,EXTCODESIZE,184.93033594992406,185,False,False,test_account_access,EXTCODESIZE,target_coef
COLD_ACCOUNT_CODE_ACCESS,nethermind,0.001782505671617349,0.001,0.001572435715429547,0.0020035114425344517,test_account_access,EXTCODESIZE,target_coef,presets[cold_account_code_access],0.0,0.78280871854933,0.7794151047766633,AccountMode.EXISTING_CONTRACT_SAME_MAX,,EXTCODESIZE,178.2505671617349,179,False,False,test_account_access,EXTCODESIZE,target_coef
COLD_ACCOUNT_CODE_ACCESS,nethermind,0.015479217257701655,0.001,0.013937004225626118,0.017067134832105826,test_account_access,STATICCALL,target_coef,presets[cold_account_code_access],8.468308015490039e-06,0.900051840376769,0.898490150382656,AccountMode.EXISTING_CONTRACT_DIFF_MAX,,STATICCALL,1547.9217257701655,1548,False,False,test_account_access,STATICCALL,target_coef
COLD_ACCOUNT_CODE_ACCESS,nethermind,0.002834144548081695,0.001,0.002361842453482266,0.0033094709828918253,test_account_access,STATICCALL,target_coef,presets[cold_account_code_access],8.468308015490039e-06,0.6368015809530627,0.6311266056554543,AccountMode.EXISTING_CONTRACT_MINIMAL,,STATICCALL,283.4144548081695,284,False,False,test_account_access,STATICCALL,target_coef
COLD_ACCOUNT_CODE_ACCESS,nethermind,0.0029853109056613147,0.001,0.002494080974310165,0.0035218104442371863,test_account_access,STATICCALL,target_coef,presets[cold_account_code_access],8.468308015490039e-06,0.680674294660248,0.6756848305143144,AccountMode.EXISTING_CONTRACT_SAME_MAX,,STATICCALL,298.53109056613147,299,False,False,test_account_access,STATICCALL,target_coef
COLD_ACCOUNT_CODE_ACCESS,reth,0.017785329281804717,0.001,0.017419922206188397,0.018163876221305834,test_account_access,BALANCE,target_coef,presets[cold_account_code_access],0.0,0.9968707206356836,0.9967962139841523,AccountMode.EXISTING_CONTRACT_DIFF_MAX,,BALANCE,1778.5329281804718,1779,False,False,test_account_access,BALANCE,target_coef
COLD_ACCOUNT_CODE_ACCESS,reth,0.003724135918079543,0.001,0.0034616072934400355,0.003944893859145601,test_account_access,BALANCE,target_coef,presets[cold_account_code_access],0.0,0.9612827663319576,0.9603609274350995,AccountMode.EXISTING_CONTRACT_MINIMAL,,BALANCE,372.4135918079543,373,False,False,test_account_access,BALANCE,target_coef
COLD_ACCOUNT_CODE_ACCESS,reth,0.003783059967059053,0.001,0.003580218846367636,0.004000295905595159,test_account_access,BALANCE,target_coef,presets[cold_account_code_access],0.0,0.9627595568035767,0.9618728795846143,AccountMode.EXISTING_CONTRACT_SAME_MAX,,BALANCE,378.30599670590533,379,False,False,test_account_access,BALANCE,target_coef
COLD_ACCOUNT_CODE_ACCESS,reth,0.02095118735033245,0.001,0.020569409380582854,0.021312518809414267,test_account_access,CALL,target_coef,presets[cold_account_code_access],0.0,0.9974058807152405,0.9973441159703653,AccountMode.EXISTING_CONTRACT_DIFF_MAX,,CALL,2095.1187350332452,2096,False,False,test_account_access,CALL,target_coef
COLD_ACCOUNT_CODE_ACCESS,reth,0.004197593040289513,0.001,0.003975158279170652,0.004416974110968734,test_account_access,CALL,target_coef,presets[cold_account_code_access],0.0,0.968800255259183,0.9680574041939255,AccountMode.EXISTING_CONTRACT_MINIMAL,,CALL,419.7593040289513,420,False,False,test_account_access,CALL,target_coef
COLD_ACCOUNT_CODE_ACCESS,reth,0.004417873572308971,0.001,0.004169934512364239,0.004666106344137556,test_account_access,CALL,target_coef,presets[cold_account_code_access],0.0,0.9711645849583059,0.9704780274573133,AccountMode.EXISTING_CONTRACT_SAME_MAX,,CALL,441.7873572308971,442,False,False,test_account_access,CALL,target_coef
COLD_ACCOUNT_CODE_ACCESS,reth,0.019859178608292803,0.001,0.019565705545882252,0.020106345828576642,test_account_access,CALLCODE,target_coef,presets[cold_account_code_access],0.0,0.9983542081583184,0.9983150226382784,AccountMode.EXISTING_CONTRACT_DIFF_MAX,,CALLCODE,1985.9178608292802,1986,False,False,test_account_access,CALLCODE,target_coef
COLD_ACCOUNT_CODE_ACCESS,reth,0.003860127090311833,0.001,0.0036662251775906166,0.004055583372001705,test_account_access,CALLCODE,target_coef,presets[cold_account_code_access],0.0,0.9718744486835488,0.9712047926998237,AccountMode.EXISTING_CONTRACT_MINIMAL,,CALLCODE,386.0127090311833,387,False,False,test_account_access,CALLCODE,target_coef
COLD_ACCOUNT_CODE_ACCESS,reth,0.0038104353932802587,0.001,0.0035618886481989533,0.004049167842509808,test_account_access,CALLCODE,target_coef,presets[cold_account_code_access],0.0,0.9637627158505341,0.9628999233707849,AccountMode.EXISTING_CONTRACT_SAME_MAX,,CALLCODE,381.0435393280259,382,False,False,test_account_access,CALLCODE,target_coef
COLD_ACCOUNT_CODE_ACCESS,reth,0.019760298648807826,0.001,0.01956483116907283,0.020002627679832595,test_account_access,DELEGATECALL,target_coef,presets[cold_account_code_access],0.0,0.9986228513977178,0.9985900621452825,AccountMode.EXISTING_CONTRACT_DIFF_MAX,,DELEGATECALL,1976.0298648807825,1977,False,False,test_account_access,DELEGATECALL,target_coef
COLD_ACCOUNT_CODE_ACCESS,reth,0.003817465406776945,0.001,0.003572447219507157,0.004016722864578961,test_account_access,DELEGATECALL,target_coef,presets[cold_account_code_access],0.0,0.9630119415366931,0.962131273478043,AccountMode.EXISTING_CONTRACT_MINIMAL,,DELEGATECALL,381.7465406776945,382,False,False,test_account_access,DELEGATECALL,target_coef
COLD_ACCOUNT_CODE_ACCESS,reth,0.003870710289908321,0.001,0.0036985508435001388,0.004081329669828068,test_account_access,DELEGATECALL,target_coef,presets[cold_account_code_access],0.0,0.9728010853742846,0.9721534921689103,AccountMode.EXISTING_CONTRACT_SAME_MAX,,DELEGATECALL,387.0710289908321,388,False,False,test_account_access,DELEGATECALL,target_coef
COLD_ACCOUNT_CODE_ACCESS,reth,0.02013771624828935,0.001,0.019864347193295804,0.020448756049511078,test_account_access,EXTCODECOPY,target_coef,presets[cold_account_code_access],0.0,0.99813194171108,0.9980874641327724,AccountMode.EXISTING_CONTRACT_DIFF_MAX,,EXTCODECOPY,2013.771624828935,2014,False,False,test_account_access,EXTCODECOPY,target_coef
COLD_ACCOUNT_CODE_ACCESS,reth,0.0038708728295588665,0.001,0.003686888451719473,0.00405956973303198,test_account_access,EXTCODECOPY,target_coef,presets[cold_account_code_access],0.0,0.976580273633142,0.9760226611005978,AccountMode.EXISTING_CONTRACT_MINIMAL,,EXTCODECOPY,387.0872829558867,388,False,False,test_account_access,EXTCODECOPY,target_coef
COLD_ACCOUNT_CODE_ACCESS,reth,0.004058896063399351,0.001,0.003848371264046115,0.004244134055463412,test_account_access,EXTCODECOPY,target_coef,presets[cold_account_code_access],0.0,0.9729373526937956,0.9722930039484098,AccountMode.EXISTING_CONTRACT_SAME_MAX,,EXTCODECOPY,405.8896063399351,406,False,False,test_account_access,EXTCODECOPY,target_coef
COLD_ACCOUNT_CODE_ACCESS,reth,0.01755931179129195,0.001,0.01727602749471506,0.01781529789244286,test_account_access,EXTCODEHASH,target_coef,presets[cold_account_code_access],0.0,0.9972063330586936,0.9971398171791387,AccountMode.EXISTING_CONTRACT_DIFF_MAX,,EXTCODEHASH,1755.931179129195,1756,False,False,test_account_access,EXTCODEHASH,target_coef
COLD_ACCOUNT_CODE_ACCESS,reth,0.003758001858312142,0.001,0.0035741689350905635,0.003937329671762837,test_account_access,EXTCODEHASH,target_coef,presets[cold_account_code_access],0.0,0.9694918300134212,0.9687654450137407,AccountMode.EXISTING_CONTRACT_MINIMAL,,EXTCODEHASH,375.8001858312142,376,False,False,test_account_access,EXTCODEHASH,target_coef
COLD_ACCOUNT_CODE_ACCESS,reth,0.0038253690902015393,0.001,0.00364610943662529,0.004009777956137695,test_account_access,EXTCODEHASH,target_coef,presets[cold_account_code_access],0.0,0.9736917089973323,0.9730653211163164,AccountMode.EXISTING_CONTRACT_SAME_MAX,,EXTCODEHASH,382.5369090201539,383,False,False,test_account_access,EXTCODEHASH,target_coef
COLD_ACCOUNT_CODE_ACCESS,reth,0.020245799687652923,0.001,0.020034463189082103,0.020460803535398725,test_account_access,EXTCODESIZE,target_coef,presets[cold_account_code_access],0.0,0.9987613581281034,0.998731866654963,AccountMode.EXISTING_CONTRACT_DIFF_MAX,,EXTCODESIZE,2024.5799687652923,2025,False,False,test_account_access,EXTCODESIZE,target_coef
COLD_ACCOUNT_CODE_ACCESS,reth,0.003946207252223714,0.001,0.003720448756465986,0.004147431553445904,test_account_access,EXTCODESIZE,target_coef,presets[cold_account_code_access],0.0,0.971300918292379,0.9706176068231499,AccountMode.EXISTING_CONTRACT_MINIMAL,,EXTCODESIZE,394.62072522237145,395,False,False,test_account_access,EXTCODESIZE,target_coef
COLD_ACCOUNT_CODE_ACCESS,reth,0.0039033548190996314,0.001,0.003677778901437392,0.004118257364143408,test_account_access,EXTCODESIZE,target_coef,presets[cold_account_code_access],0.0,0.9709999972639576,0.9703095210083376,AccountMode.EXISTING_CONTRACT_SAME_MAX,,EXTCODESIZE,390.3354819099631,391,False,False,test_account_access,EXTCODESIZE,target_coef
COLD_ACCOUNT_CODE_ACCESS,reth,0.020959639886823006,0.001,0.020750890815572354,0.02118128803003031,test_account_access,STATICCALL,target_coef,presets[cold_account_code_access],0.0,0.9985147858165514,0.9984794235740884,AccountMode.EXISTING_CONTRACT_DIFF_MAX,,STATICCALL,2095.9639886823006,2096,False,True,test_account_access,STATICCALL,target_coef
COLD_ACCOUNT_CODE_ACCESS,reth,0.0040755705286166346,0.001,0.003789170434563768,0.004351302836922311,test_account_access,STATICCALL,target_coef,presets[cold_account_code_access],0.0,0.9582738515988498,0.9572803718750129,AccountMode.EXISTING_CONTRACT_MINIMAL,,STATICCALL,407.55705286166346,408,False,False,test_account_access,STATICCALL,target_coef
COLD_ACCOUNT_CODE_ACCESS,reth,0.004205132003365535,0.001,0.00407389517225677,0.0043508051777298665,test_account_access,STATICCALL,target_coef,presets[cold_account_code_access],0.0,0.98549449244345,0.9851491232159131,AccountMode.EXISTING_CONTRACT_SAME_MAX,,STATICCALL,420.51320033655344,421,False,False,test_account_access,STATICCALL,target_coef
COLD_ACCOUNT_CODE_WRITE,besu,0.07162845162984724,0.001,0.06965551743081146,0.07341218430268809,test_account_access,CALL,target_coef,presets[cold_account_code_write],0.0008639121015289658,0.9915228457343747,0.991362899427476,AccountMode.EXISTING_CONTRACT_DIFF_MAX,,CALL,7162.845162984724,7163,False,True,test_account_access,CALL,target_coef
COLD_ACCOUNT_CODE_WRITE,besu,0.06846527190236862,0.001,0.063634120223782,0.07254479784600457,test_account_access,CALL,target_coef,presets[cold_account_code_write],0.0008639121015289658,0.956682634633023,0.955865325852514,AccountMode.EXISTING_CONTRACT_MINIMAL,,CALL,6846.527190236862,6847,False,False,test_account_access,CALL,target_coef
COLD_ACCOUNT_CODE_WRITE,besu,0.06543690925254854,0.001,0.06166032735317938,0.06889311711792417,test_account_access,CALL,target_coef,presets[cold_account_code_write],0.0008639121015289658,0.9604153919362486,0.9596685125388194,AccountMode.EXISTING_CONTRACT_SAME_MAX,,CALL,6543.690925254853,6544,False,False,test_account_access,CALL,target_coef
COLD_ACCOUNT_CODE_WRITE,besu,0.027662014579487873,0.001,0.025647836454118635,0.02969310998320846,test_account_access,CALLCODE,target_coef,presets[cold_account_code_write],0.0008639121015289658,0.9483963997443573,0.9474227469093451,AccountMode.EXISTING_CONTRACT_DIFF_MAX,,CALLCODE,2766.2014579487873,2767,False,False,test_account_access,CALLCODE,target_coef
COLD_ACCOUNT_CODE_WRITE,besu,0.02162741050242074,0.001,0.020205912497690222,0.022873535589915818,test_account_access,CALLCODE,target_coef,presets[cold_account_code_write],0.0008639121015289658,0.9688072760404598,0.9682187340789591,AccountMode.EXISTING_CONTRACT_MINIMAL,,CALLCODE,2162.741050242074,2163,False,False,test_account_access,CALLCODE,target_coef
COLD_ACCOUNT_CODE_WRITE,besu,0.02087607830197291,0.001,0.019591487989181144,0.021851849387233873,test_account_access,CALLCODE,target_coef,presets[cold_account_code_write],0.0008639121015289658,0.9688600206373327,0.968272473856905,AccountMode.EXISTING_CONTRACT_SAME_MAX,,CALLCODE,2087.607830197291,2088,False,False,test_account_access,CALLCODE,target_coef
COLD_ACCOUNT_CODE_WRITE,erigon,0.041148619305743775,0.001,0.03877469688242094,0.0433710025772096,test_account_access,CALL,target_coef,presets[cold_account_code_write],0.0,0.9719564877848414,0.971288785113052,AccountMode.EXISTING_CONTRACT_DIFF_MAX,,CALL,4114.861930574378,4115,False,False,test_account_access,CALL,target_coef
COLD_ACCOUNT_CODE_WRITE,erigon,0.04156687318099941,0.001,0.03979672420701908,0.04335162453080933,test_account_access,CALL,target_coef,presets[cold_account_code_write],0.0,0.9888348275952871,0.9885689901570797,AccountMode.EXISTING_CONTRACT_MINIMAL,,CALL,4156.687318099941,4157,False,False,test_account_access,CALL,target_coef
COLD_ACCOUNT_CODE_WRITE,erigon,0.043115316592231175,0.001,0.041835789271286936,0.04428730475797386,test_account_access,CALL,target_coef,presets[cold_account_code_write],0.0,0.9911810994236772,0.9909711256004313,AccountMode.EXISTING_CONTRACT_SAME_MAX,,CALL,4311.5316592231175,4312,False,True,test_account_access,CALL,target_coef
COLD_ACCOUNT_CODE_WRITE,erigon,0.03215863430607338,0.001,0.029584038874466718,0.03411297124498829,test_account_access,CALLCODE,target_coef,presets[cold_account_code_write],0.0,0.9411842122256675,0.9397838363262786,AccountMode.EXISTING_CONTRACT_DIFF_MAX,,CALLCODE,3215.863430607338,3216,False,False,test_account_access,CALLCODE,target_coef
COLD_ACCOUNT_CODE_WRITE,erigon,0.00893714095819809,0.001,0.008321591804596205,0.009470053785332293,test_account_access,CALLCODE,target_coef,presets[cold_account_code_write],0.0,0.9568411637610142,0.9558135724219907,AccountMode.EXISTING_CONTRACT_MINIMAL,,CALLCODE,893.714095819809,894,False,False,test_account_access,CALLCODE,target_coef
COLD_ACCOUNT_CODE_WRITE,erigon,0.008691048586670455,0.001,0.008171647836997704,0.00912158249256819,test_account_access,CALLCODE,target_coef,presets[cold_account_code_write],0.0,0.9639193016444673,0.9630602373979069,AccountMode.EXISTING_CONTRACT_SAME_MAX,,CALLCODE,869.1048586670455,870,False,False,test_account_access,CALLCODE,target_coef
COLD_ACCOUNT_CODE_WRITE,geth,0.045109851101955326,0.001,0.042891947479396994,0.04722914903763183,test_account_access,CALL,target_coef,presets[cold_account_code_write],0.0,0.9634827925785354,0.9629958964795826,AccountMode.EXISTING_CONTRACT_DIFF_MAX,,CALL,4510.985110195533,4511,False,False,test_account_access,CALL,target_coef
COLD_ACCOUNT_CODE_WRITE,geth,0.04851516283283943,0.001,0.04719129115913325,0.04975067495278114,test_account_access,CALL,target_coef,presets[cold_account_code_write],0.0,0.9860598310738025,0.9858739621547865,AccountMode.EXISTING_CONTRACT_MINIMAL,,CALL,4851.516283283943,4852,False,False,test_account_access,CALL,target_coef
COLD_ACCOUNT_CODE_WRITE,geth,0.04949643390961597,0.001,0.04783460550470637,0.051164450452183714,test_account_access,CALL,target_coef,presets[cold_account_code_write],0.0,0.9825939721931466,0.9823618918223885,AccountMode.EXISTING_CONTRACT_SAME_MAX,,CALL,4949.643390961598,4950,False,True,test_account_access,CALL,target_coef
COLD_ACCOUNT_CODE_WRITE,geth,0.02835932571521489,0.001,0.026714785181008966,0.030071068796228916,test_account_access,CALLCODE,target_coef,presets[cold_account_code_write],0.0,0.937449281585497,0.936615272006637,AccountMode.EXISTING_CONTRACT_DIFF_MAX,,CALLCODE,2835.932571521489,2836,False,False,test_account_access,CALLCODE,target_coef
COLD_ACCOUNT_CODE_WRITE,geth,0.005050495859958218,0.001,0.004192622497941213,0.005864929990111277,test_account_access,CALLCODE,target_coef,presets[cold_account_code_write],0.0,0.6792133157283693,0.6749361599380809,AccountMode.EXISTING_CONTRACT_MINIMAL,,CALLCODE,505.0495859958218,506,False,False,test_account_access,CALLCODE,target_coef
COLD_ACCOUNT_CODE_WRITE,geth,0.005679767080795904,0.001,0.0049916484352161734,0.006340956195005147,test_account_access,CALLCODE,target_coef,presets[cold_account_code_write],0.0,0.7814343707286737,0.7785201623383894,AccountMode.EXISTING_CONTRACT_SAME_MAX,,CALLCODE,567.9767080795905,568,False,False,test_account_access,CALLCODE,target_coef
COLD_ACCOUNT_CODE_WRITE,nethermind,0.05051650256257037,0.001,0.04753787948081139,0.05381299374991455,test_account_access,CALL,target_coef,presets[cold_account_code_write],1.6936616030980078e-05,0.9611917850338223,0.9605854066749757,AccountMode.EXISTING_CONTRACT_DIFF_MAX,,CALL,5051.650256257037,5052,False,True,test_account_access,CALL,target_coef
COLD_ACCOUNT_CODE_WRITE,nethermind,0.030643977634336867,0.001,0.02868305923792031,0.032796566384459644,test_account_access,CALL,target_coef,presets[cold_account_code_write],1.6936616030980078e-05,0.9371818635383248,0.9362003301561111,AccountMode.EXISTING_CONTRACT_MINIMAL,,CALL,3064.397763433687,3065,False,False,test_account_access,CALL,target_coef
COLD_ACCOUNT_CODE_WRITE,nethermind,0.031154815943117076,0.001,0.02923660605349201,0.03302310239639725,test_account_access,CALL,target_coef,presets[cold_account_code_write],1.6936616030980078e-05,0.9409717132507694,0.9400493962703127,AccountMode.EXISTING_CONTRACT_SAME_MAX,,CALL,3115.481594311708,3116,False,False,test_account_access,CALL,target_coef
COLD_ACCOUNT_CODE_WRITE,nethermind,0.02671835674548549,0.001,0.02373052822034798,0.02996959925329613,test_account_access,CALLCODE,target_coef,presets[cold_account_code_write],1.6936616030980078e-05,0.8426718800482513,0.8402136281740052,AccountMode.EXISTING_CONTRACT_DIFF_MAX,,CALLCODE,2671.835674548549,2672,False,False,test_account_access,CALLCODE,target_coef
COLD_ACCOUNT_CODE_WRITE,nethermind,0.004502836550778525,0.001,0.0037469685493177326,0.005273587862341471,test_account_access,CALLCODE,target_coef,presets[cold_account_code_write],1.6936616030980078e-05,0.7180096480438253,0.71360354879451,AccountMode.EXISTING_CONTRACT_MINIMAL,,CALLCODE,450.2836550778525,451,False,False,test_account_access,CALLCODE,target_coef
COLD_ACCOUNT_CODE_WRITE,nethermind,0.005456411283709849,0.001,0.00469064787758337,0.00631628151918258,test_account_access,CALLCODE,target_coef,presets[cold_account_code_write],1.6936616030980078e-05,0.7734939366639499,0.7699547794243242,AccountMode.EXISTING_CONTRACT_SAME_MAX,,CALLCODE,545.6411283709848,546,False,False,test_account_access,CALLCODE,target_coef
COLD_ACCOUNT_CODE_WRITE,reth,0.045810053438926704,0.001,0.04387019116396888,0.0476881698827814,test_account_access,CALL,target_coef,presets[cold_account_code_write],0.0,0.985078449583882,0.9847231745739744,AccountMode.EXISTING_CONTRACT_DIFF_MAX,,CALL,4581.005343892671,4582,False,True,test_account_access,CALL,target_coef
COLD_ACCOUNT_CODE_WRITE,reth,0.026977831932088605,0.001,0.02610228250832567,0.02781647523432667,test_account_access,CALL,target_coef,presets[cold_account_code_write],0.0,0.989656929263411,0.9894106656744446,AccountMode.EXISTING_CONTRACT_MINIMAL,,CALL,2697.7831932088607,2698,False,False,test_account_access,CALL,target_coef
COLD_ACCOUNT_CODE_WRITE,reth,0.026767327358696337,0.001,0.025802984245924417,0.02776937508113487,test_account_access,CALL,target_coef,presets[cold_account_code_write],0.0,0.9858632458313503,0.9855266564463825,AccountMode.EXISTING_CONTRACT_SAME_MAX,,CALL,2676.7327358696334,2677,False,False,test_account_access,CALL,target_coef
COLD_ACCOUNT_CODE_WRITE,reth,0.021880550111174152,0.001,0.021165602037752553,0.02255930840080241,test_account_access,CALLCODE,target_coef,presets[cold_account_code_write],0.0,0.9884897261079307,0.9882156719676434,AccountMode.EXISTING_CONTRACT_DIFF_MAX,,CALLCODE,2188.0550111174152,2189,False,False,test_account_access,CALLCODE,target_coef
COLD_ACCOUNT_CODE_WRITE,reth,0.005581714390668824,0.001,0.005148420901589011,0.005995861327964665,test_account_access,CALLCODE,target_coef,presets[cold_account_code_write],0.0,0.9506502927459173,0.9494752997160582,AccountMode.EXISTING_CONTRACT_MINIMAL,,CALLCODE,558.1714390668825,559,False,False,test_account_access,CALLCODE,target_coef
COLD_ACCOUNT_CODE_WRITE,reth,0.005623655493226358,0.001,0.005280268909367282,0.00595135157819812,test_account_access,CALLCODE,target_coef,presets[cold_account_code_write],0.0,0.959389626624476,0.9584227129726778,AccountMode.EXISTING_CONTRACT_SAME_MAX,,CALLCODE,562.3655493226358,563,False,False,test_account_access,CALLCODE,target_coef
STORAGE_WRITE,,,,,,<derived>,<derived>,<derived>,<derived>,0.0,,,,,,15428.0,15428,False,False,,,
ACCOUNT_WRITE,,,,,,<derived>,<derived>,<derived>,<derived>,0.0,,,,,,32927.0,32927,False,False,,,
REFUND_STORAGE_CLEAR,,,,,,<derived>,<derived>,<derived>,<derived>,0.0,,,,,,16988.16,16989,False,False,,,
TX_ACCESS_LIST_STORAGE_KEY,,,,,,<derived>,<derived>,<derived>,<derived>,0.0,,,,,,2268.0,2268,False,False,,,
TX_ACCESS_LIST_ADDRESS,,,,,,<derived>,<derived>,<derived>,<derived>,0.0,,,,,,3517.0,3517,False,False,,,
