gas_param,client_name,runtime_ms,pvalue,conf_int_low,conf_int_high,test_name,target_opcode,model_coef_name,source_label,glue_adjustment,rsquared,rsquared_adj,param_account_mode,param_existing_slots,param_opcode,new_gas_decimal,new_gas_rounded,poor_fit,is_winner,selected_test,selected_opcode,selected_model_coef_name
COLD_STORAGE_ACCESS,besu,0.006215730854537403,0.001,0.0060515186535422625,0.006385987607933417,test_sload_bloated,SLOAD,target_coef,presets[cold_storage_sload],0.0002575031896312531,0.9841664455662668,0.9840198385807692,,False,,621.5730854537403,622,False,False,test_sload_bloated,SLOAD,target_coef
COLD_STORAGE_ACCESS,besu,0.014400765084188827,0.001,0.014028678240896948,0.014723750559141168,test_sload_bloated,SLOAD,target_coef,presets[cold_storage_sload],0.0002575031896312531,0.9868288882567898,0.9867069335184268,,True,,1440.0765084188827,1441,False,False,test_sload_bloated,SLOAD,target_coef
COLD_STORAGE_ACCESS,besu,0.00764935605515963,0.001,0.007450541093908221,0.007821414703723202,test_sstore_bloated,SSTORE,target_coef,presets[cold_storage_sstore_access],0.0005153002149459909,0.9874292995926722,0.9873129042185304,,False,,764.935605515963,765,False,False,test_sstore_bloated,SSTORE,target_coef
COLD_STORAGE_ACCESS,besu,0.015320665303508934,0.001,0.014990317407049054,0.01564425715344018,test_sstore_bloated,SSTORE,target_coef,presets[cold_storage_sstore_access],0.00042941644737951035,0.9899425276638687,0.9898494029200157,,True,,1532.0665303508936,1533,False,True,test_sstore_bloated,SSTORE,target_coef
COLD_STORAGE_ACCESS,erigon,0.005505363742497182,0.001,0.0053136241134712795,0.005758817399941292,test_sload_bloated,SLOAD,target_coef,presets[cold_storage_sload],1.150351162702778e-05,0.9622167768361019,0.9617774370318705,,False,,550.5363742497182,551,False,False,test_sload_bloated,SLOAD,target_coef
COLD_STORAGE_ACCESS,erigon,0.005222978058420674,0.001,0.0049751891441228175,0.005489959097437108,test_sload_bloated,SLOAD,target_coef,presets[cold_storage_sload],1.150351162702778e-05,0.9519693785156826,0.9514108829170278,,True,,522.2978058420674,523,False,False,test_sload_bloated,SLOAD,target_coef
COLD_STORAGE_ACCESS,erigon,0.005541619886032239,0.001,0.005329404698737136,0.0057722804617086655,test_sstore_bloated,SSTORE,target_coef,presets[cold_storage_sstore_access],0.0,0.9656104368106656,0.9652105581689292,,False,,554.1619886032239,555,False,True,test_sstore_bloated,SSTORE,target_coef
COLD_STORAGE_ACCESS,erigon,0.0051773679725104094,0.001,0.004926168386847052,0.005451976061753,test_sstore_bloated,SSTORE,target_coef,presets[cold_storage_sstore_access],0.0,0.9501468495058449,0.9495671617094013,,True,,517.7367972510409,518,False,False,test_sstore_bloated,SSTORE,target_coef
COLD_STORAGE_ACCESS,geth,0.020477309644808348,0.001,0.01934077611485536,0.02155059991077715,test_sload_bloated,SLOAD,target_coef,presets[cold_storage_sload],0.0,0.9453333170830724,0.9446044279775134,,False,,2047.7309644808347,2048,False,False,test_sload_bloated,SLOAD,target_coef
COLD_STORAGE_ACCESS,geth,0.019825955313617805,0.001,0.01851544225493908,0.021102436685362512,test_sload_bloated,SLOAD,target_coef,presets[cold_storage_sload],0.0,0.9357493512857964,0.934892675969607,,True,,1982.5955313617803,1983,False,False,test_sload_bloated,SLOAD,target_coef
COLD_STORAGE_ACCESS,geth,0.020548882719155927,0.001,0.01946480119989588,0.021656882596445434,test_sstore_bloated,SSTORE,target_coef,presets[cold_storage_sstore_access],0.0,0.9549247147039492,0.9543237109000019,,False,,2054.8882719155927,2055,False,True,test_sstore_bloated,SSTORE,target_coef
COLD_STORAGE_ACCESS,geth,0.019430447562974386,0.001,0.018280380852939416,0.020514682616218416,test_sstore_bloated,SSTORE,target_coef,presets[cold_storage_sstore_access],0.0,0.9434558474499636,0.9427019254159631,,True,,1943.0447562974387,1944,False,False,test_sstore_bloated,SSTORE,target_coef
COLD_STORAGE_ACCESS,nethermind,0.002728375452035272,0.001,0.002594071478496843,0.0028517892684935195,test_sload_bloated,SLOAD,target_coef,presets[cold_storage_sload],7.823813226123131e-06,0.9087910203367672,0.9081909612600354,,False,,272.8375452035272,273,False,False,test_sload_bloated,SLOAD,target_coef
COLD_STORAGE_ACCESS,nethermind,0.007993932149260155,0.001,0.007824622642207532,0.008189381486072629,test_sload_bloated,SLOAD,target_coef,presets[cold_storage_sload],7.823813226123131e-06,0.9842225882764896,0.9841187895151506,,True,,799.3932149260155,800,False,True,test_sload_bloated,SLOAD,target_coef
COLD_STORAGE_ACCESS,nethermind,0.0026985733198099503,0.001,0.00256270498494653,0.00283700467649907,test_sstore_bloated,SSTORE,target_coef,presets[cold_storage_sstore_access],0.0,0.9234880383667778,0.9229846701981382,,False,,269.857331980995,270,False,False,test_sstore_bloated,SSTORE,target_coef
COLD_STORAGE_ACCESS,nethermind,0.007935372669094021,0.001,0.007790860381188321,0.008083418724481348,test_sstore_bloated,SSTORE,target_coef,presets[cold_storage_sstore_access],0.0,0.9889277470098564,0.9888549032401844,,True,,793.5372669094021,794,False,False,test_sstore_bloated,SSTORE,target_coef
COLD_STORAGE_ACCESS,reth,0.0045807146687078205,0.001,0.004501757808720526,0.004659475207506977,test_sload_bloated,SLOAD,target_coef,presets[cold_storage_sload],1.2367107419683261e-05,0.9784572968245703,0.9783532257947373,,False,,458.07146687078205,459,False,False,test_sload_bloated,SLOAD,target_coef
COLD_STORAGE_ACCESS,reth,0.004830043588071314,0.001,0.004751305736687236,0.004918056230673338,test_sload_bloated,SLOAD,target_coef,presets[cold_storage_sload],1.2367107419683261e-05,0.9790794076671852,0.9789783420037416,,True,,483.00435880713144,484,False,False,test_sload_bloated,SLOAD,target_coef
COLD_STORAGE_ACCESS,reth,0.00462887716067028,0.001,0.004554927595557319,0.004715377259280834,test_sstore_bloated,SSTORE,target_coef,presets[cold_storage_sstore_access],0.0,0.9779996317669263,0.9778933497947858,,False,,462.887716067028,463,False,False,test_sstore_bloated,SSTORE,target_coef
COLD_STORAGE_ACCESS,reth,0.0049287134234263,0.001,0.004846863767123842,0.005007414777905797,test_sstore_bloated,SSTORE,target_coef,presets[cold_storage_sstore_access],0.0,0.982769153920815,0.9826859131185001,,True,,492.87134234263,493,False,True,test_sstore_bloated,SSTORE,target_coef
COLD_STORAGE_WRITE,besu,0.09904591256404667,0.001,0.09591913961308236,0.10228061346961817,test_sstore_bloated,SSTORE,target_coef,presets[cold_storage_sstore_write],0.0005153002149459909,0.9638695101324628,0.9635349685596153,,False,,9904.591256404667,9905,False,True,test_sstore_bloated,SSTORE,target_coef
COLD_STORAGE_WRITE,besu,0.06085082000147135,0.001,0.058650607053565985,0.06311836354051488,test_sstore_bloated,SSTORE,target_coef,presets[cold_storage_sstore_write],0.00042941644737951035,0.9697222771014987,0.9694419278154015,,True,,6085.082000147135,6086,False,False,test_sstore_bloated,SSTORE,target_coef
COLD_STORAGE_WRITE,erigon,0.16841486878456163,0.001,0.16287888868126527,0.17392467676312443,test_sstore_bloated,SSTORE,target_coef,presets[cold_storage_sstore_write],0.0,0.9783763417120852,0.9781249038250164,,False,,16841.486878456166,16842,False,True,test_sstore_bloated,SSTORE,target_coef
COLD_STORAGE_WRITE,erigon,0.11558832483893833,0.001,0.11375010926330852,0.11789386593280504,test_sstore_bloated,SSTORE,target_coef,presets[cold_storage_sstore_write],0.0,0.9953504518406968,0.9952963873272166,,True,,11558.832483893832,11559,False,False,test_sstore_bloated,SSTORE,target_coef
COLD_STORAGE_WRITE,geth,0.11836901630116514,0.001,0.10764344696669342,0.12973412133357778,test_sstore_bloated,SSTORE,target_coef,presets[cold_storage_sstore_write],0.0,0.8396128438285392,0.8374743484129197,,False,,11836.901630116516,11837,False,True,test_sstore_bloated,SSTORE,target_coef
COLD_STORAGE_WRITE,geth,0.09566124419581329,0.001,0.0913666544374409,0.10018477221109737,test_sstore_bloated,SSTORE,target_coef,presets[cold_storage_sstore_write],0.0,0.9640085883238689,0.9635287028348538,,True,,9566.124419581329,9567,False,False,test_sstore_bloated,SSTORE,target_coef
COLD_STORAGE_WRITE,nethermind,0.06388672229582042,0.001,0.061164814021156186,0.06651059446552703,test_sstore_bloated,SSTORE,target_coef,presets[cold_storage_sstore_write],0.0,0.924424816775722,0.9239276116229307,,False,,6388.672229582042,6389,False,True,test_sstore_bloated,SSTORE,target_coef
COLD_STORAGE_WRITE,nethermind,0.050873199170362114,0.001,0.04839582421728759,0.05339313937398478,test_sstore_bloated,SSTORE,target_coef,presets[cold_storage_sstore_write],0.0,0.9068014007281324,0.9061882520487122,,True,,5087.319917036211,5088,False,False,test_sstore_bloated,SSTORE,target_coef
COLD_STORAGE_WRITE,reth,0.032106097375688855,0.001,0.030710755074709245,0.03350080140173804,test_sstore_bloated,SSTORE,target_coef,presets[cold_storage_sstore_write],0.0,0.9009269793768792,0.9004483657506805,,False,,3210.6097375688855,3211,False,True,test_sstore_bloated,SSTORE,target_coef
COLD_STORAGE_WRITE,reth,0.021453986772143867,0.001,0.02115212742692162,0.02175510881639651,test_sstore_bloated,SSTORE,target_coef,presets[cold_storage_sstore_write],0.0,0.9865115245860884,0.9864463628691129,,True,,2145.3986772143867,2146,False,False,test_sstore_bloated,SSTORE,target_coef
WARM_ACCESS,besu,0.0,0.001,0.0,0.0,test_ext_account_query_warm,BALANCE,target_coef,presets[warm_account_access],8.585731751023416e-05,0.8261137412018911,0.8245036832500567,,,BALANCE,0.0,0,False,False,test_ext_account_query_warm,BALANCE,target_coef
WARM_ACCESS,besu,0.0,0.001,0.0,0.0,test_ext_account_query_warm,CALL,target_coef,presets[warm_account_access],0.0005151222842619795,0.9206270196695607,0.9198920846665011,,,CALL,0.0,0,False,False,test_ext_account_query_warm,CALL,target_coef
WARM_ACCESS,besu,0.0,0.001,0.0,0.0,test_ext_account_query_warm,CALLCODE,target_coef,presets[warm_account_access],0.0005151222842619795,0.8842056709667494,0.8831335012534786,,,CALLCODE,0.0,0,False,False,test_ext_account_query_warm,CALLCODE,target_coef
WARM_ACCESS,besu,0.0,0.001,0.0,1.75642765012026e-05,test_ext_account_query_warm,DELEGATECALL,target_coef,presets[warm_account_access],0.0004292699655707328,0.9149936387377416,0.9142065428001281,,,DELEGATECALL,0.0,0,False,False,test_ext_account_query_warm,DELEGATECALL,target_coef
WARM_ACCESS,besu,0.0,0.001,0.0,0.0,test_ext_account_query_warm,EXTCODEHASH,target_coef,presets[warm_account_access],8.585731751023416e-05,0.8367457923061042,0.8352341792719015,,,EXTCODEHASH,0.0,0,False,False,test_ext_account_query_warm,EXTCODEHASH,target_coef
WARM_ACCESS,besu,3.706281218118963e-05,0.001,2.7960396739339715e-05,4.5452740291512415e-05,test_ext_account_query_warm,EXTCODESIZE,target_coef,presets[warm_account_access],8.585870454445713e-05,0.8741834386121867,0.8730184704511884,,,EXTCODESIZE,3.706281218118963,4,False,False,test_ext_account_query_warm,EXTCODESIZE,target_coef
WARM_ACCESS,besu,0.0,0.001,0.0,2.8727818423929957e-05,test_ext_account_query_warm,STATICCALL,target_coef,presets[warm_account_access],0.0004292699655707328,0.9102239458510438,0.9093926860904054,,,STATICCALL,0.0,0,False,False,test_ext_account_query_warm,STATICCALL,target_coef
WARM_ACCESS,besu,7.863369238823918e-05,0.001,7.43345158448997e-05,8.283177102809427e-05,test_sload_same_key_benchmark,SLOAD,target_coef,presets[warm_storage_access_sload],0.0,0.8489231074789697,0.8482300942105246,,,,7.863369238823918,8,False,True,test_sload_same_key_benchmark,SLOAD,target_coef
WARM_ACCESS,erigon,1.425156686786732e-05,0.001,1.1278089883802798e-05,1.731566600730227e-05,test_ext_account_query_warm,BALANCE,target_coef,presets[warm_account_access],0.0,0.5309157547194536,0.5254612867510751,,,BALANCE,1.425156686786732,2,False,False,test_ext_account_query_warm,BALANCE,target_coef
WARM_ACCESS,erigon,7.21325322420463e-05,0.001,6.559945825706984e-05,7.927741641596029e-05,test_ext_account_query_warm,CALL,target_coef,presets[warm_account_access],0.0,0.8226188194383282,0.8205562475713319,,,CALL,7.21325322420463,8,False,True,test_ext_account_query_warm,CALL,target_coef
WARM_ACCESS,erigon,4.101677945652109e-05,0.001,3.480975768018899e-05,4.785362364171404e-05,test_ext_account_query_warm,CALLCODE,target_coef,presets[warm_account_access],0.0,0.6576355550855343,0.6536545731679242,,,CALLCODE,4.101677945652109,5,False,False,test_ext_account_query_warm,CALLCODE,target_coef
WARM_ACCESS,erigon,4.346122613959294e-05,0.001,3.7125102528490155e-05,4.9644419469432795e-05,test_ext_account_query_warm,DELEGATECALL,target_coef,presets[warm_account_access],0.0,0.6994827701057289,0.6959883837116094,,,DELEGATECALL,4.346122613959294,5,False,False,test_ext_account_query_warm,DELEGATECALL,target_coef
WARM_ACCESS,erigon,2.471858520354881e-05,0.001,2.181178747049793e-05,2.7878414163913797e-05,test_ext_account_query_warm,EXTCODEHASH,target_coef,presets[warm_account_access],0.0,0.735091694162938,0.7320113650252977,,,EXTCODEHASH,2.471858520354881,3,False,False,test_ext_account_query_warm,EXTCODEHASH,target_coef
WARM_ACCESS,erigon,1.5264985658519628e-05,0.001,1.1894680416670726e-05,1.892763153785181e-05,test_ext_account_query_warm,EXTCODESIZE,target_coef,presets[warm_account_access],0.0,0.4870937313462088,0.48112970496651364,,,EXTCODESIZE,1.526498565851963,2,True,False,test_ext_account_query_warm,EXTCODESIZE,target_coef
WARM_ACCESS,erigon,4.87827793068035e-05,0.001,4.2843702453698334e-05,5.573947934634407e-05,test_ext_account_query_warm,STATICCALL,target_coef,presets[warm_account_access],0.0,0.6987468687423932,0.6952439253556768,,,STATICCALL,4.878277930680349,5,False,False,test_ext_account_query_warm,STATICCALL,target_coef
WARM_ACCESS,erigon,1.1349372036818862e-05,0.001,1.0164295743006236e-05,1.2621768892991463e-05,test_sload_same_key_benchmark,SLOAD,target_coef,presets[warm_storage_access_sload],0.0,0.6695200163124503,0.6676207060613724,,,,1.1349372036818863,2,False,False,test_sload_same_key_benchmark,SLOAD,target_coef
WARM_ACCESS,geth,2.5850964319793886e-05,0.001,2.2446791914596028e-05,2.915386356745622e-05,test_ext_account_query_warm,BALANCE,target_coef,presets[warm_account_access],0.0,0.728813055227477,0.7251972292971767,,,BALANCE,2.5850964319793883,3,False,False,test_ext_account_query_warm,BALANCE,target_coef
WARM_ACCESS,geth,0.00011127800287633265,0.001,0.00010103948720473586,0.00012236714833332865,test_ext_account_query_warm,CALL,target_coef,presets[warm_account_access],0.0,0.8394425059318962,0.8373017393443214,,,CALL,11.127800287633265,12,False,False,test_ext_account_query_warm,CALL,target_coef
WARM_ACCESS,geth,0.00015308195459599544,0.001,0.00013717182284063594,0.00017022830758286402,test_ext_account_query_warm,CALLCODE,target_coef,presets[warm_account_access],0.0,0.8307831706612068,0.8285269462700229,,,CALLCODE,15.308195459599544,16,False,True,test_ext_account_query_warm,CALLCODE,target_coef
WARM_ACCESS,geth,0.00012553544920587296,0.001,0.00011543387487888623,0.00013448273450657034,test_ext_account_query_warm,DELEGATECALL,target_coef,presets[warm_account_access],0.0,0.8723870065588899,0.8706854999796751,,,DELEGATECALL,12.553544920587296,13,False,False,test_ext_account_query_warm,DELEGATECALL,target_coef
WARM_ACCESS,geth,2.9647909514270297e-05,0.001,2.523855752351705e-05,3.440137798340387e-05,test_ext_account_query_warm,EXTCODEHASH,target_coef,presets[warm_account_access],0.0,0.7500598360174959,0.7467273004977293,,,EXTCODEHASH,2.9647909514270294,3,False,False,test_ext_account_query_warm,EXTCODEHASH,target_coef
WARM_ACCESS,geth,2.0624198972584293e-05,0.001,7.023979088295143e-06,3.227646824752744e-05,test_ext_account_query_warm,EXTCODESIZE,target_coef,presets[warm_account_access],0.0,0.12072594381724089,0.10900228973480408,,,EXTCODESIZE,2.0624198972584296,3,True,False,test_ext_account_query_warm,EXTCODESIZE,target_coef
WARM_ACCESS,geth,0.000152500649164725,0.001,0.0001411848606481407,0.0001635918254678089,test_ext_account_query_warm,STATICCALL,target_coef,presets[warm_account_access],0.0,0.8875835497278934,0.8860846637242653,,,STATICCALL,15.2500649164725,16,False,False,test_ext_account_query_warm,STATICCALL,target_coef
WARM_ACCESS,geth,3.9149381922738085e-05,0.001,3.6245230810961634e-05,4.193337681578794e-05,test_sload_same_key_benchmark,SLOAD,target_coef,presets[warm_storage_access_sload],0.0,0.835147717627034,0.8340631631377382,,,,3.9149381922738082,4,False,False,test_sload_same_key_benchmark,SLOAD,target_coef
WARM_ACCESS,nethermind,0.0001246300089354527,0.001,0.00010446002935671289,0.00014723534131744537,test_ext_account_query_warm,BALANCE,target_coef,presets[warm_account_access],8.323436563907178e-07,0.5056509077843283,0.5023986111250147,,,BALANCE,12.463000893545269,13,False,False,test_ext_account_query_warm,BALANCE,target_coef
WARM_ACCESS,nethermind,0.0002825556707718392,0.001,0.00025718819095195075,0.00030840455578192745,test_ext_account_query_warm,CALL,target_coef,presets[warm_account_access],8.657590449854605e-06,0.7699645557167316,0.7684511646359207,,,CALL,28.255567077183922,29,False,False,test_ext_account_query_warm,CALL,target_coef
WARM_ACCESS,nethermind,0.00018414953425646707,0.001,0.00015919200424597424,0.00021381769803016968,test_ext_account_query_warm,CALLCODE,target_coef,presets[warm_account_access],8.657590449854605e-06,0.5742335570039268,0.5714324619842157,,,CALLCODE,18.414953425646708,19,False,False,test_ext_account_query_warm,CALLCODE,target_coef
WARM_ACCESS,nethermind,0.0003130149413558925,0.001,0.00027126951907385273,0.0003542467190792243,test_ext_account_query_warm,DELEGATECALL,target_coef,presets[warm_account_access],8.657590449854605e-06,0.621800491297759,0.6193123366352443,,,DELEGATECALL,31.30149413558925,32,False,True,test_ext_account_query_warm,DELEGATECALL,target_coef
WARM_ACCESS,nethermind,0.00020896775801957195,0.001,0.00019045613881808767,0.0002290087698174611,test_ext_account_query_warm,EXTCODEHASH,target_coef,presets[warm_account_access],8.323436563907178e-07,0.7440258578515866,0.7423418174427154,,,EXTCODEHASH,20.896775801957197,21,False,False,test_ext_account_query_warm,EXTCODEHASH,target_coef
WARM_ACCESS,nethermind,0.00023126314077670144,0.001,0.00020578397400478329,0.000257414995201484,test_ext_account_query_warm,EXTCODESIZE,target_coef,presets[warm_account_access],8.323436563907178e-07,0.6444097426845541,0.6420703330969525,,,EXTCODESIZE,23.126314077670145,24,False,False,test_ext_account_query_warm,EXTCODESIZE,target_coef
WARM_ACCESS,nethermind,0.0002535264678208226,0.001,0.00022536311045645758,0.00027990537990438426,test_ext_account_query_warm,STATICCALL,target_coef,presets[warm_account_access],8.657590449854605e-06,0.7235306523221723,0.7217117750348181,,,STATICCALL,25.35264678208226,26,False,False,test_ext_account_query_warm,STATICCALL,target_coef
WARM_ACCESS,nethermind,0.0001199270484552868,0.001,0.00010922560320985447,0.0001308844536493892,test_sload_same_key_benchmark,SLOAD,target_coef,presets[warm_storage_access_sload],0.0,0.6033645332314741,0.6020683388956293,,,,11.99270484552868,12,False,False,test_sload_same_key_benchmark,SLOAD,target_coef
WARM_ACCESS,reth,7.995654742628333e-07,0.001,0.0,2.0147984887494905e-06,test_ext_account_query_warm,BALANCE,target_coef,presets[warm_account_access],1.2225191055751022e-05,0.6164223487750151,0.6145693166434935,,,BALANCE,0.07995654742628333,1,False,False,test_ext_account_query_warm,BALANCE,target_coef
WARM_ACCESS,reth,3.982083643458935e-05,0.001,3.800838407189124e-05,4.1809043063528904e-05,test_ext_account_query_warm,CALL,target_coef,presets[warm_account_access],1.7703290359346924e-05,0.9430027879866358,0.9427274391363297,,,CALL,3.982083643458935,4,False,True,test_ext_account_query_warm,CALL,target_coef
WARM_ACCESS,reth,3.971419230435433e-05,0.001,3.7489713980259565e-05,4.199337872509401e-05,test_ext_account_query_warm,CALLCODE,target_coef,presets[warm_account_access],1.7703290359346924e-05,0.9192470047531563,0.9188568936650073,,,CALLCODE,3.9714192304354334,4,False,False,test_ext_account_query_warm,CALLCODE,target_coef
WARM_ACCESS,reth,3.79781922281343e-05,0.001,3.5931939288798344e-05,4.011340952059192e-05,test_ext_account_query_warm,DELEGATECALL,target_coef,presets[warm_account_access],1.7703290359346924e-05,0.915039502336186,0.9146290651494043,,,DELEGATECALL,3.79781922281343,4,False,False,test_ext_account_query_warm,DELEGATECALL,target_coef
WARM_ACCESS,reth,1.4011616481753333e-06,0.001,0.0,3.4615794818849313e-06,test_ext_account_query_warm,EXTCODEHASH,target_coef,presets[warm_account_access],1.2225191055751022e-05,0.5382638743581374,0.5360332650555197,,,EXTCODEHASH,0.14011616481753333,1,False,False,test_ext_account_query_warm,EXTCODEHASH,target_coef
WARM_ACCESS,reth,0.0,0.001,0.0,0.0,test_ext_account_query_warm,EXTCODESIZE,target_coef,presets[warm_account_access],1.2225191055751022e-05,0.4514554014409633,0.44880542753488095,,,EXTCODESIZE,0.0,0,True,False,test_ext_account_query_warm,EXTCODESIZE,target_coef
WARM_ACCESS,reth,3.6795745529868244e-05,0.001,3.509500913801783e-05,3.8591236856636664e-05,test_ext_account_query_warm,STATICCALL,target_coef,presets[warm_account_access],1.7703290359346924e-05,0.9265814605084408,0.926226781573699,,,STATICCALL,3.6795745529868245,4,False,False,test_ext_account_query_warm,STATICCALL,target_coef
WARM_ACCESS,reth,7.587835716391485e-06,0.001,6.836581753250469e-06,8.356063660122334e-06,test_sload_same_key_benchmark,SLOAD,target_coef,presets[warm_storage_access_sload],0.0,0.4322483054983085,0.430883517771141,,,,0.7587835716391484,1,True,False,test_sload_same_key_benchmark,SLOAD,target_coef
COLD_ACCOUNT_NOCODE_ACCESS,besu,0.013939110190959942,0.001,0.013625264304972852,0.014259748385497003,test_account_access,BALANCE,target_coef,presets[cold_account_nocode_access],0.0005151954046281611,0.9873706156251935,0.9872536768809823,AccountMode.EXISTING_EOA,,BALANCE,1393.911019095994,1394,False,False,test_account_access,BALANCE,target_coef
COLD_ACCOUNT_NOCODE_ACCESS,besu,0.014144402729348244,0.001,0.013843669178358105,0.014440033340959946,test_account_access,BALANCE,target_coef,presets[cold_account_nocode_access],0.0005151954046281611,0.9889262742597593,0.9888237397621645,AccountMode.NON_EXISTING_ACCOUNT,,BALANCE,1414.4402729348244,1415,False,False,test_account_access,BALANCE,target_coef
COLD_ACCOUNT_NOCODE_ACCESS,besu,0.015269828813246712,0.001,0.014951276626940718,0.015615929587370573,test_account_access,CALL,target_coef,presets[cold_account_nocode_access],0.001889211734938181,0.9858264630799473,0.9856952266269838,AccountMode.EXISTING_EOA,,CALL,1526.982881324671,1527,False,False,test_account_access,CALL,target_coef
COLD_ACCOUNT_NOCODE_ACCESS,besu,0.017375811401036542,0.001,0.016940034944702483,0.01782257730238951,test_account_access,CALL,target_coef,presets[cold_account_nocode_access],0.0018892709197427995,0.9858206830457742,0.9856893930739759,AccountMode.NON_EXISTING_ACCOUNT,,CALL,1737.5811401036542,1738,False,False,test_account_access,CALL,target_coef
COLD_ACCOUNT_NOCODE_ACCESS,besu,0.01428299607041001,0.001,0.013969497685845121,0.014609287170516433,test_account_access,CALLCODE,target_coef,presets[cold_account_nocode_access],0.001889211734938181,0.9856295196671838,0.9854964596641022,AccountMode.EXISTING_EOA,,CALLCODE,1428.299607041001,1429,False,False,test_account_access,CALLCODE,target_coef
COLD_ACCOUNT_NOCODE_ACCESS,besu,0.01432051250870935,0.001,0.014024495244732437,0.014655569132112092,test_account_access,CALLCODE,target_coef,presets[cold_account_nocode_access],0.001889211734938181,0.9878911548690019,0.9877790359326037,AccountMode.NON_EXISTING_ACCOUNT,,CALLCODE,1432.0512508709348,1433,False,False,test_account_access,CALLCODE,target_coef
COLD_ACCOUNT_NOCODE_ACCESS,besu,0.015558382553367413,0.001,0.015159232073999402,0.015980041950631612,test_account_access,DELEGATECALL,target_coef,presets[cold_account_nocode_access],0.0008585963335002863,0.9837484696348235,0.9835979925018127,AccountMode.EXISTING_EOA,,DELEGATECALL,1555.8382553367414,1556,False,False,test_account_access,DELEGATECALL,target_coef
COLD_ACCOUNT_NOCODE_ACCESS,besu,0.015282446292327983,0.001,0.014934232899131462,0.015617495228367487,test_account_access,DELEGATECALL,target_coef,presets[cold_account_nocode_access],0.0008585963335002863,0.9867219315118089,0.9865989864332145,AccountMode.NON_EXISTING_ACCOUNT,,DELEGATECALL,1528.2446292327982,1529,False,False,test_account_access,DELEGATECALL,target_coef
COLD_ACCOUNT_NOCODE_ACCESS,besu,0.014111659917834064,0.001,0.013723264291272444,0.01448317887192856,test_account_access,EXTCODECOPY,target_coef,presets[cold_account_nocode_access],0.0007727857045058164,0.9841645186867004,0.9840178938597254,AccountMode.EXISTING_EOA,,EXTCODECOPY,1411.1659917834063,1412,False,False,test_account_access,EXTCODECOPY,target_coef
COLD_ACCOUNT_NOCODE_ACCESS,besu,0.014162969688911583,0.001,0.013824475936873033,0.014521283966900708,test_account_access,EXTCODECOPY,target_coef,presets[cold_account_nocode_access],0.0007727857045058164,0.9858861247689334,0.9857554407390161,AccountMode.NON_EXISTING_ACCOUNT,,EXTCODECOPY,1416.2969688911583,1417,False,False,test_account_access,EXTCODECOPY,target_coef
COLD_ACCOUNT_NOCODE_ACCESS,besu,0.013943890123800961,0.001,0.013587379166405284,0.014344424854567264,test_account_access,EXTCODEHASH,target_coef,presets[cold_account_nocode_access],0.0005151954046281611,0.9796607390485322,0.9794724125582409,AccountMode.EXISTING_EOA,,EXTCODEHASH,1394.3890123800961,1395,False,False,test_account_access,EXTCODEHASH,target_coef
COLD_ACCOUNT_NOCODE_ACCESS,besu,0.014008847417990166,0.001,0.013716141803489689,0.014299611348039698,test_account_access,EXTCODEHASH,target_coef,presets[cold_account_nocode_access],0.0005151954046281611,0.9871865342800779,0.9870678910789674,AccountMode.NON_EXISTING_ACCOUNT,,EXTCODEHASH,1400.8847417990166,1401,False,False,test_account_access,EXTCODEHASH,target_coef
COLD_ACCOUNT_NOCODE_ACCESS,besu,0.01379568634003288,0.001,0.013486566475370831,0.014139295345028823,test_account_access,EXTCODESIZE,target_coef,presets[cold_account_nocode_access],0.0005151984974394623,0.9864063515302534,0.9862804844147928,AccountMode.EXISTING_EOA,,EXTCODESIZE,1379.568634003288,1380,False,False,test_account_access,EXTCODESIZE,target_coef
COLD_ACCOUNT_NOCODE_ACCESS,besu,0.014036139629469226,0.001,0.013736142604312995,0.014354402245251604,test_account_access,EXTCODESIZE,target_coef,presets[cold_account_nocode_access],0.0005151984974394623,0.9889632572163829,0.9888610651535716,AccountMode.NON_EXISTING_ACCOUNT,,EXTCODESIZE,1403.6139629469226,1404,False,False,test_account_access,EXTCODESIZE,target_coef
COLD_ACCOUNT_NOCODE_ACCESS,besu,0.016548801509641806,0.001,0.01616578852795163,0.016994016347452692,test_account_access,STATICCALL,target_coef,presets[cold_account_nocode_access],0.0008585963335002863,0.9809066330679633,0.9807298426334075,AccountMode.EXISTING_EOA,,STATICCALL,1654.8801509641808,1655,False,False,test_account_access,STATICCALL,target_coef
COLD_ACCOUNT_NOCODE_ACCESS,besu,0.01825080497711925,0.001,0.01780207415251438,0.018709847010772374,test_account_access,STATICCALL,target_coef,presets[cold_account_nocode_access],0.0008585963335002863,0.9838768203141077,0.9837275316133124,AccountMode.NON_EXISTING_ACCOUNT,,STATICCALL,1825.0804977119249,1826,False,True,test_account_access,STATICCALL,target_coef
COLD_ACCOUNT_NOCODE_ACCESS,erigon,0.008407037959640666,0.001,0.008316778679344286,0.008455290334192352,test_account_access,BALANCE,target_coef,presets[cold_account_nocode_access],1.1505619430230117e-05,0.996746939449557,0.9967091131640867,AccountMode.EXISTING_EOA,,BALANCE,840.7037959640667,841,False,False,test_account_access,BALANCE,target_coef
COLD_ACCOUNT_NOCODE_ACCESS,erigon,0.008039918641488519,0.001,0.007947312978900372,0.008077321095578018,test_account_access,BALANCE,target_coef,presets[cold_account_nocode_access],1.1505619430230117e-05,0.9968489016869958,0.9968122610089376,AccountMode.NON_EXISTING_ACCOUNT,,BALANCE,803.9918641488518,804,False,False,test_account_access,BALANCE,target_coef
COLD_ACCOUNT_NOCODE_ACCESS,erigon,0.008450193283726778,0.001,0.008296440532925416,0.008578647814616374,test_account_access,CALL,target_coef,presets[cold_account_nocode_access],2.3011238860460234e-05,0.9949458468589842,0.9948870776364143,AccountMode.EXISTING_EOA,,CALL,845.0193283726778,846,False,False,test_account_access,CALL,target_coef
COLD_ACCOUNT_NOCODE_ACCESS,erigon,0.008107867999016182,0.001,0.00798568684474132,0.008199000010408988,test_account_access,CALL,target_coef,presets[cold_account_nocode_access],2.3011238860460234e-05,0.9948259826307102,0.994765819638044,AccountMode.NON_EXISTING_ACCOUNT,,CALL,810.7867999016181,811,False,False,test_account_access,CALL,target_coef
COLD_ACCOUNT_NOCODE_ACCESS,erigon,0.008217815305090284,0.001,0.008188291803908614,0.008236421189423526,test_account_access,CALLCODE,target_coef,presets[cold_account_nocode_access],2.3011238860460234e-05,0.9983888238642039,0.9983700892579738,AccountMode.EXISTING_EOA,,CALLCODE,821.7815305090285,822,False,False,test_account_access,CALLCODE,target_coef
COLD_ACCOUNT_NOCODE_ACCESS,erigon,0.007936866053269093,0.001,0.007847382245536647,0.007962818764270466,test_account_access,CALLCODE,target_coef,presets[cold_account_nocode_access],2.3011238860460234e-05,0.9971683591208234,0.9971354330640887,AccountMode.NON_EXISTING_ACCOUNT,,CALLCODE,793.6866053269093,794,False,False,test_account_access,CALLCODE,target_coef
COLD_ACCOUNT_NOCODE_ACCESS,erigon,0.00818234460123828,0.001,0.008109889786128767,0.008218251663645992,test_account_access,DELEGATECALL,target_coef,presets[cold_account_nocode_access],1.1505619430230117e-05,0.9979512325713188,0.9979274096942411,AccountMode.EXISTING_EOA,,DELEGATECALL,818.2344601238281,819,False,False,test_account_access,DELEGATECALL,target_coef
COLD_ACCOUNT_NOCODE_ACCESS,erigon,0.007927461891541029,0.001,0.007883423575731541,0.0079615173553612,test_account_access,DELEGATECALL,target_coef,presets[cold_account_nocode_access],1.1505619430230117e-05,0.9961162864530207,0.9960711269931721,AccountMode.NON_EXISTING_ACCOUNT,,DELEGATECALL,792.7461891541028,793,False,False,test_account_access,DELEGATECALL,target_coef
COLD_ACCOUNT_NOCODE_ACCESS,erigon,0.008083712284408257,0.001,0.00803257419727891,0.008102443237272406,test_account_access,EXTCODECOPY,target_coef,presets[cold_account_nocode_access],1.1505619430230117e-05,0.9982295205137763,0.9982089335430063,AccountMode.EXISTING_EOA,,EXTCODECOPY,808.3712284408257,809,False,False,test_account_access,EXTCODECOPY,target_coef
COLD_ACCOUNT_NOCODE_ACCESS,erigon,0.007834604098558025,0.001,0.0078052887584282886,0.007862147958854239,test_account_access,EXTCODECOPY,target_coef,presets[cold_account_nocode_access],1.1505619430230117e-05,0.9970808957916516,0.9970469527194615,AccountMode.NON_EXISTING_ACCOUNT,,EXTCODECOPY,783.4604098558025,784,False,False,test_account_access,EXTCODECOPY,target_coef
COLD_ACCOUNT_NOCODE_ACCESS,erigon,0.008447190988792019,0.001,0.008375831779268579,0.00847690855828586,test_account_access,EXTCODEHASH,target_coef,presets[cold_account_nocode_access],1.1505619430230117e-05,0.9974420616364527,0.9974123181671091,AccountMode.EXISTING_EOA,,EXTCODEHASH,844.719098879202,845,False,False,test_account_access,EXTCODEHASH,target_coef
COLD_ACCOUNT_NOCODE_ACCESS,erigon,0.007853919336115844,0.001,0.007823158246350876,0.007883429788155675,test_account_access,EXTCODEHASH,target_coef,presets[cold_account_nocode_access],1.1505619430230117e-05,0.9967364861824116,0.9966985383473234,AccountMode.NON_EXISTING_ACCOUNT,,EXTCODEHASH,785.3919336115845,786,False,False,test_account_access,EXTCODEHASH,target_coef
COLD_ACCOUNT_NOCODE_ACCESS,erigon,0.008064324314890283,0.001,0.008030872601431325,0.008089670003247137,test_account_access,EXTCODESIZE,target_coef,presets[cold_account_nocode_access],1.1505619430230117e-05,0.9974599837711887,0.9974304486987606,AccountMode.EXISTING_EOA,,EXTCODESIZE,806.4324314890284,807,False,False,test_account_access,EXTCODESIZE,target_coef
COLD_ACCOUNT_NOCODE_ACCESS,erigon,0.007804048666541936,0.001,0.007780380243075975,0.007825976843452263,test_account_access,EXTCODESIZE,target_coef,presets[cold_account_nocode_access],1.1505619430230117e-05,0.9980515724198962,0.9980289162852438,AccountMode.NON_EXISTING_ACCOUNT,,EXTCODESIZE,780.4048666541936,781,False,False,test_account_access,EXTCODESIZE,target_coef
COLD_ACCOUNT_NOCODE_ACCESS,erigon,0.008490844870599968,0.001,0.008405465464844882,0.008562788249372918,test_account_access,STATICCALL,target_coef,presets[cold_account_nocode_access],1.1505619430230117e-05,0.9971549450718683,0.9971218630378202,AccountMode.EXISTING_EOA,,STATICCALL,849.0844870599968,850,False,True,test_account_access,STATICCALL,target_coef
COLD_ACCOUNT_NOCODE_ACCESS,erigon,0.008337787361953342,0.001,0.008182943852458545,0.008506104554229652,test_account_access,STATICCALL,target_coef,presets[cold_account_nocode_access],1.1505619430230117e-05,0.9924187118788774,0.9923305573658411,AccountMode.NON_EXISTING_ACCOUNT,,STATICCALL,833.7787361953341,834,False,False,test_account_access,STATICCALL,target_coef
COLD_ACCOUNT_NOCODE_ACCESS,geth,0.01809954166825097,0.001,0.01593362172142886,0.019914586664331012,test_account_access,BALANCE,target_coef,presets[cold_account_nocode_access],0.0,0.8116242053675159,0.8091125281057494,AccountMode.EXISTING_EOA,,BALANCE,1809.9541668250968,1810,False,False,test_account_access,BALANCE,target_coef
COLD_ACCOUNT_NOCODE_ACCESS,geth,0.018759603837618658,0.001,0.01761881058727294,0.020038396574716313,test_account_access,BALANCE,target_coef,presets[cold_account_nocode_access],0.0,0.9262437519760788,0.9252603353357598,AccountMode.NON_EXISTING_ACCOUNT,,BALANCE,1875.9603837618658,1876,False,False,test_account_access,BALANCE,target_coef
COLD_ACCOUNT_NOCODE_ACCESS,geth,0.018352523840738738,0.001,0.01630046416175019,0.02022430248373307,test_account_access,CALL,target_coef,presets[cold_account_nocode_access],0.0,0.8179586880073689,0.8155314705141339,AccountMode.EXISTING_EOA,,CALL,1835.2523840738738,1836,False,False,test_account_access,CALL,target_coef
COLD_ACCOUNT_NOCODE_ACCESS,geth,0.019681762138620915,0.001,0.018483098287664666,0.021023304211229405,test_account_access,CALL,target_coef,presets[cold_account_nocode_access],0.0,0.934741455568678,0.9338713416429271,AccountMode.NON_EXISTING_ACCOUNT,,CALL,1968.1762138620916,1969,False,False,test_account_access,CALL,target_coef
COLD_ACCOUNT_NOCODE_ACCESS,geth,0.018302199274072284,0.001,0.01604339707945245,0.020191490347172925,test_account_access,CALLCODE,target_coef,presets[cold_account_nocode_access],0.0,0.819648248173545,0.8172435581491923,AccountMode.EXISTING_EOA,,CALLCODE,1830.2199274072284,1831,False,False,test_account_access,CALLCODE,target_coef
COLD_ACCOUNT_NOCODE_ACCESS,geth,0.019864221287072967,0.001,0.018758237586778734,0.02104580388094572,test_account_access,CALLCODE,target_coef,presets[cold_account_nocode_access],0.0,0.934463356831012,0.9335895349220922,AccountMode.NON_EXISTING_ACCOUNT,,CALLCODE,1986.4221287072967,1987,False,False,test_account_access,CALLCODE,target_coef
COLD_ACCOUNT_NOCODE_ACCESS,geth,0.01832741305313257,0.001,0.016150052752660255,0.020118722505242246,test_account_access,DELEGATECALL,target_coef,presets[cold_account_nocode_access],0.0,0.8170891968208969,0.8146503861118422,AccountMode.EXISTING_EOA,,DELEGATECALL,1832.7413053132568,1833,False,False,test_account_access,DELEGATECALL,target_coef
COLD_ACCOUNT_NOCODE_ACCESS,geth,0.019957090958880132,0.001,0.018834500033543606,0.021102036860001953,test_account_access,DELEGATECALL,target_coef,presets[cold_account_nocode_access],0.0,0.9324784634171235,0.9315781762626851,AccountMode.NON_EXISTING_ACCOUNT,,DELEGATECALL,1995.7090958880133,1996,False,False,test_account_access,DELEGATECALL,target_coef
COLD_ACCOUNT_NOCODE_ACCESS,geth,0.01827503788281049,0.001,0.016183372519502165,0.02010934956437289,test_account_access,EXTCODECOPY,target_coef,presets[cold_account_nocode_access],0.0,0.8185668402189347,0.8161477314218538,AccountMode.EXISTING_EOA,,EXTCODECOPY,1827.5037882810489,1828,False,False,test_account_access,EXTCODECOPY,target_coef
COLD_ACCOUNT_NOCODE_ACCESS,geth,0.01931584569644799,0.001,0.018172626151217283,0.02059617179774037,test_account_access,EXTCODECOPY,target_coef,presets[cold_account_nocode_access],0.0,0.929986099169454,0.9290525804917134,AccountMode.NON_EXISTING_ACCOUNT,,EXTCODECOPY,1931.5845696447993,1932,False,False,test_account_access,EXTCODECOPY,target_coef
COLD_ACCOUNT_NOCODE_ACCESS,geth,0.01813121948104858,0.001,0.016029601441954592,0.019947626909141997,test_account_access,EXTCODEHASH,target_coef,presets[cold_account_nocode_access],0.0,0.8160181469933706,0.8135650556199489,AccountMode.EXISTING_EOA,,EXTCODEHASH,1813.121948104858,1814,False,False,test_account_access,EXTCODEHASH,target_coef
COLD_ACCOUNT_NOCODE_ACCESS,geth,0.01911669068567379,0.001,0.018074912784325093,0.02030491079653746,test_account_access,EXTCODEHASH,target_coef,presets[cold_account_nocode_access],0.0,0.9302010501891655,0.929270397525021,AccountMode.NON_EXISTING_ACCOUNT,,EXTCODEHASH,1911.669068567379,1912,False,False,test_account_access,EXTCODEHASH,target_coef
COLD_ACCOUNT_NOCODE_ACCESS,geth,0.017940291827451188,0.001,0.015669983468934147,0.019780144933777596,test_account_access,EXTCODESIZE,target_coef,presets[cold_account_nocode_access],0.0,0.8146570266201763,0.8121857869751119,AccountMode.EXISTING_EOA,,EXTCODESIZE,1794.0291827451188,1795,False,False,test_account_access,EXTCODESIZE,target_coef
COLD_ACCOUNT_NOCODE_ACCESS,geth,0.019033669537345105,0.001,0.01782423661673284,0.020277273424126926,test_account_access,EXTCODESIZE,target_coef,presets[cold_account_nocode_access],0.0,0.931848374315722,0.9309396859732649,AccountMode.NON_EXISTING_ACCOUNT,,EXTCODESIZE,1903.3669537345106,1904,False,False,test_account_access,EXTCODESIZE,target_coef
COLD_ACCOUNT_NOCODE_ACCESS,geth,0.01822493251853484,0.001,0.01604654127192479,0.020024421799154264,test_account_access,STATICCALL,target_coef,presets[cold_account_nocode_access],0.0,0.8136124755021068,0.8111273085088015,AccountMode.EXISTING_EOA,,STATICCALL,1822.493251853484,1823,False,False,test_account_access,STATICCALL,target_coef
COLD_ACCOUNT_NOCODE_ACCESS,geth,0.020373622084639186,0.001,0.01931860248313873,0.02164183576579579,test_account_access,STATICCALL,target_coef,presets[cold_account_nocode_access],0.0,0.9369866084318715,0.9361464298776299,AccountMode.NON_EXISTING_ACCOUNT,,STATICCALL,2037.3622084639187,2038,False,True,test_account_access,STATICCALL,target_coef
COLD_ACCOUNT_NOCODE_ACCESS,nethermind,0.0030937619023160886,0.001,0.0029521053973313865,0.003254934108093461,test_account_access,BALANCE,target_coef,presets[cold_account_nocode_access],1.6646873127814356e-06,0.9101499636004463,0.9095588449399229,AccountMode.EXISTING_EOA,,BALANCE,309.37619023160886,310,False,False,test_account_access,BALANCE,target_coef
COLD_ACCOUNT_NOCODE_ACCESS,nethermind,0.0029600681475768047,0.001,0.0027873271930971095,0.0031274474857605947,test_account_access,BALANCE,target_coef,presets[cold_account_nocode_access],1.6646873127814356e-06,0.903697494542325,0.9030639254274718,AccountMode.NON_EXISTING_ACCOUNT,,BALANCE,296.00681475768044,297,False,False,test_account_access,BALANCE,target_coef
COLD_ACCOUNT_NOCODE_ACCESS,nethermind,0.003667352630045119,0.001,0.0034909945779237456,0.003857201041725183,test_account_access,CALL,target_coef,presets[cold_account_nocode_access],1.8979868212490646e-05,0.9221689001062889,0.9216568533964619,AccountMode.EXISTING_EOA,,CALL,366.73526300451186,367,False,True,test_account_access,CALL,target_coef
COLD_ACCOUNT_NOCODE_ACCESS,nethermind,0.003546839563057544,0.001,0.003345388214739533,0.0037439994741523593,test_account_access,CALL,target_coef,presets[cold_account_nocode_access],1.8979868212490646e-05,0.893431022738903,0.8927299110463958,AccountMode.NON_EXISTING_ACCOUNT,,CALL,354.6839563057544,355,False,False,test_account_access,CALL,target_coef
COLD_ACCOUNT_NOCODE_ACCESS,nethermind,0.0033625377953224044,0.001,0.0031937458902132868,0.0035247948087943678,test_account_access,CALLCODE,target_coef,presets[cold_account_nocode_access],1.8979868212490646e-05,0.9089068831530924,0.9083075863317311,AccountMode.EXISTING_EOA,,CALLCODE,336.2537795322404,337,False,False,test_account_access,CALLCODE,target_coef
COLD_ACCOUNT_NOCODE_ACCESS,nethermind,0.00299656760887163,0.001,0.0028213015981578297,0.0031779660761213084,test_account_access,CALLCODE,target_coef,presets[cold_account_nocode_access],1.8979868212490646e-05,0.8890549839347052,0.888325082513223,AccountMode.NON_EXISTING_ACCOUNT,,CALLCODE,299.656760887163,300,False,False,test_account_access,CALLCODE,target_coef
COLD_ACCOUNT_NOCODE_ACCESS,nethermind,0.003579780611562188,0.001,0.003371586101493477,0.0037935645482020286,test_account_access,DELEGATECALL,target_coef,presets[cold_account_nocode_access],9.489934106245323e-06,0.8991059350465023,0.8984421583033871,AccountMode.EXISTING_EOA,,DELEGATECALL,357.9780611562188,358,False,False,test_account_access,DELEGATECALL,target_coef
COLD_ACCOUNT_NOCODE_ACCESS,nethermind,0.0035907959231438434,0.001,0.0034025149798033033,0.0037660804983657855,test_account_access,DELEGATECALL,target_coef,presets[cold_account_nocode_access],9.489934106245323e-06,0.9113221370767969,0.9107387300838811,AccountMode.NON_EXISTING_ACCOUNT,,DELEGATECALL,359.07959231438434,360,False,False,test_account_access,DELEGATECALL,target_coef
COLD_ACCOUNT_NOCODE_ACCESS,nethermind,0.0032935440967959157,0.001,0.0031290953326640683,0.003463164959824584,test_account_access,EXTCODECOPY,target_coef,presets[cold_account_nocode_access],1.6646873127814356e-06,0.9069391292992511,0.9063268867288514,AccountMode.EXISTING_EOA,,EXTCODECOPY,329.3544096795916,330,False,False,test_account_access,EXTCODECOPY,target_coef
COLD_ACCOUNT_NOCODE_ACCESS,nethermind,0.003270459147632512,0.001,0.00309561782339395,0.0034508862447120646,test_account_access,EXTCODECOPY,target_coef,presets[cold_account_nocode_access],1.6646873127814356e-06,0.898415238437814,0.8977469176380628,AccountMode.NON_EXISTING_ACCOUNT,,EXTCODECOPY,327.0459147632512,328,False,False,test_account_access,EXTCODECOPY,target_coef
COLD_ACCOUNT_NOCODE_ACCESS,nethermind,0.0033922928805591975,0.001,0.0032187883323063467,0.0035574860604434076,test_account_access,EXTCODEHASH,target_coef,presets[cold_account_nocode_access],1.6646873127814356e-06,0.9139738251670012,0.9134078634904683,AccountMode.EXISTING_EOA,,EXTCODEHASH,339.22928805591977,340,False,False,test_account_access,EXTCODEHASH,target_coef
COLD_ACCOUNT_NOCODE_ACCESS,nethermind,0.0031919947146799026,0.001,0.003023693426648235,0.0034021058095358467,test_account_access,EXTCODEHASH,target_coef,presets[cold_account_nocode_access],1.6646873127814356e-06,0.898290445752268,0.8976213039480067,AccountMode.NON_EXISTING_ACCOUNT,,EXTCODEHASH,319.19947146799024,320,False,False,test_account_access,EXTCODEHASH,target_coef
COLD_ACCOUNT_NOCODE_ACCESS,nethermind,0.003045451881473111,0.001,0.002902385675582078,0.003194694787447987,test_account_access,EXTCODESIZE,target_coef,presets[cold_account_nocode_access],1.6646873127814356e-06,0.9114990210832836,0.9109167778009368,AccountMode.EXISTING_EOA,,EXTCODESIZE,304.5451881473111,305,False,False,test_account_access,EXTCODESIZE,target_coef
COLD_ACCOUNT_NOCODE_ACCESS,nethermind,0.0030473475277854587,0.001,0.002889121978586435,0.003196433412593173,test_account_access,EXTCODESIZE,target_coef,presets[cold_account_nocode_access],1.6646873127814356e-06,0.8966684270235388,0.8959886140434304,AccountMode.NON_EXISTING_ACCOUNT,,EXTCODESIZE,304.7347527785459,305,False,False,test_account_access,EXTCODESIZE,target_coef
COLD_ACCOUNT_NOCODE_ACCESS,nethermind,0.003465980465897469,0.001,0.003305980283255689,0.0036340735344290664,test_account_access,STATICCALL,target_coef,presets[cold_account_nocode_access],9.489934106245323e-06,0.9222956483262736,0.921784435486315,AccountMode.EXISTING_EOA,,STATICCALL,346.5980465897469,347,False,False,test_account_access,STATICCALL,target_coef
COLD_ACCOUNT_NOCODE_ACCESS,nethermind,0.0034123514625141946,0.001,0.0032160692095394325,0.0036101256176320922,test_account_access,STATICCALL,target_coef,presets[cold_account_nocode_access],9.489934106245323e-06,0.8934947801056241,0.8927940878694769,AccountMode.NON_EXISTING_ACCOUNT,,STATICCALL,341.23514625141945,342,False,False,test_account_access,STATICCALL,target_coef
COLD_ACCOUNT_NOCODE_ACCESS,reth,0.004017134704432442,0.001,0.00392931539846337,0.0041099624748161985,test_account_access,BALANCE,target_coef,presets[cold_account_nocode_access],3.134165626855742e-05,0.9707216475577265,0.9705802062415803,AccountMode.EXISTING_EOA,,BALANCE,401.71347044324426,402,False,False,test_account_access,BALANCE,target_coef
COLD_ACCOUNT_NOCODE_ACCESS,reth,0.00401061828512789,0.001,0.003913847941035101,0.004107087517462865,test_account_access,BALANCE,target_coef,presets[cold_account_nocode_access],3.134165626855742e-05,0.9663399699412855,0.9661773611004221,AccountMode.NON_EXISTING_ACCOUNT,,BALANCE,401.06182851278896,402,False,False,test_account_access,BALANCE,target_coef
COLD_ACCOUNT_NOCODE_ACCESS,reth,0.004219426987881127,0.001,0.00412148389054601,0.004317045476436884,test_account_access,CALL,target_coef,presets[cold_account_nocode_access],7.363951114430664e-05,0.968026303080022,0.9678718407760608,AccountMode.EXISTING_EOA,,CALL,421.9426987881127,422,False,False,test_account_access,CALL,target_coef
COLD_ACCOUNT_NOCODE_ACCESS,reth,0.004108059216921646,0.001,0.004013851970972589,0.004192454774006187,test_account_access,CALL,target_coef,presets[cold_account_nocode_access],7.363951114430664e-05,0.974095470152761,0.9739703274964941,AccountMode.NON_EXISTING_ACCOUNT,,CALL,410.8059216921646,411,False,False,test_account_access,CALL,target_coef
COLD_ACCOUNT_NOCODE_ACCESS,reth,0.003959771493461749,0.001,0.003864054028841587,0.004060346316193447,test_account_access,CALLCODE,target_coef,presets[cold_account_nocode_access],7.363951114430664e-05,0.9705122946786681,0.9703698419959563,AccountMode.EXISTING_EOA,,CALLCODE,395.9771493461749,396,False,False,test_account_access,CALLCODE,target_coef
COLD_ACCOUNT_NOCODE_ACCESS,reth,0.0040411978792232565,0.001,0.003952620396740307,0.004129214336906694,test_account_access,CALLCODE,target_coef,presets[cold_account_nocode_access],7.363951114430664e-05,0.9741859534076155,0.9740612478685219,AccountMode.NON_EXISTING_ACCOUNT,,CALLCODE,404.11978792232566,405,False,False,test_account_access,CALLCODE,target_coef
COLD_ACCOUNT_NOCODE_ACCESS,reth,0.004055178960384984,0.001,0.0039523972346939195,0.004161080816754,test_account_access,DELEGATECALL,target_coef,presets[cold_account_nocode_access],3.681975557215332e-05,0.9710900774305725,0.9709504159688844,AccountMode.EXISTING_EOA,,DELEGATECALL,405.5178960384984,406,False,False,test_account_access,DELEGATECALL,target_coef
COLD_ACCOUNT_NOCODE_ACCESS,reth,0.003985224615277654,0.001,0.0038856849961726504,0.004082652704451311,test_account_access,DELEGATECALL,target_coef,presets[cold_account_nocode_access],3.681975557215332e-05,0.9650966972646311,0.9649280822755714,AccountMode.NON_EXISTING_ACCOUNT,,DELEGATECALL,398.5224615277654,399,False,False,test_account_access,DELEGATECALL,target_coef
COLD_ACCOUNT_NOCODE_ACCESS,reth,0.00413979955894071,0.001,0.004042205885499304,0.004238596031699972,test_account_access,EXTCODECOPY,target_coef,presets[cold_account_nocode_access],3.134165626855742e-05,0.9679591021355306,0.9678043151893254,AccountMode.EXISTING_EOA,,EXTCODECOPY,413.97995589407105,414,False,False,test_account_access,EXTCODECOPY,target_coef
COLD_ACCOUNT_NOCODE_ACCESS,reth,0.004077818056638248,0.001,0.003976114071847372,0.0041896683234524884,test_account_access,EXTCODECOPY,target_coef,presets[cold_account_nocode_access],3.134165626855742e-05,0.9718234151741286,0.9716872964068539,AccountMode.NON_EXISTING_ACCOUNT,,EXTCODECOPY,407.78180566382485,408,False,False,test_account_access,EXTCODECOPY,target_coef
COLD_ACCOUNT_NOCODE_ACCESS,reth,0.004059228567144776,0.001,0.0039604208895230196,0.0041527599411996805,test_account_access,EXTCODEHASH,target_coef,presets[cold_account_nocode_access],3.134165626855742e-05,0.9705746636547067,0.970432512271396,AccountMode.EXISTING_EOA,,EXTCODEHASH,405.92285671447763,406,False,False,test_account_access,EXTCODEHASH,target_coef
COLD_ACCOUNT_NOCODE_ACCESS,reth,0.00393668992625969,0.001,0.003839213899541665,0.004040579255352793,test_account_access,EXTCODEHASH,target_coef,presets[cold_account_nocode_access],3.134165626855742e-05,0.9653725423134331,0.9652052599091501,AccountMode.NON_EXISTING_ACCOUNT,,EXTCODEHASH,393.668992625969,394,False,False,test_account_access,EXTCODEHASH,target_coef
COLD_ACCOUNT_NOCODE_ACCESS,reth,0.004057350777351103,0.001,0.003961945155580864,0.004161303760298728,test_account_access,EXTCODESIZE,target_coef,presets[cold_account_nocode_access],3.134165626855742e-05,0.9680273231799386,0.9678728658039962,AccountMode.EXISTING_EOA,,EXTCODESIZE,405.7350777351103,406,False,False,test_account_access,EXTCODESIZE,target_coef
COLD_ACCOUNT_NOCODE_ACCESS,reth,0.003932801631032696,0.001,0.003827609265731361,0.004037576867689177,test_account_access,EXTCODESIZE,target_coef,presets[cold_account_nocode_access],3.134165626855742e-05,0.9634864864881277,0.9633100927030462,AccountMode.NON_EXISTING_ACCOUNT,,EXTCODESIZE,393.2801631032697,394,False,False,test_account_access,EXTCODESIZE,target_coef
COLD_ACCOUNT_NOCODE_ACCESS,reth,0.004278824827156306,0.001,0.0041853631924807615,0.004381830552844265,test_account_access,STATICCALL,target_coef,presets[cold_account_nocode_access],3.681975557215332e-05,0.9676017022182727,0.9674451887024189,AccountMode.EXISTING_EOA,,STATICCALL,427.88248271563054,428,False,True,test_account_access,STATICCALL,target_coef
COLD_ACCOUNT_NOCODE_ACCESS,reth,0.0040283633710278665,0.001,0.0039443047206828424,0.004115933767390663,test_account_access,STATICCALL,target_coef,presets[cold_account_nocode_access],3.681975557215332e-05,0.9705776163717343,0.9704354792527572,AccountMode.NON_EXISTING_ACCOUNT,,STATICCALL,402.8363371027866,403,False,False,test_account_access,STATICCALL,target_coef
COLD_ACCOUNT_NOCODE_WRITE,besu,0.0755010808881556,0.001,0.07334579377710415,0.07767776449794556,test_account_access,CALL,target_coef,presets[cold_account_nocode_write],0.001889211734938181,0.9782902544630004,0.9780892383006208,AccountMode.EXISTING_EOA,,CALL,7550.10808881556,7551,False,False,test_account_access,CALL,target_coef
COLD_ACCOUNT_NOCODE_WRITE,besu,0.14272964075226013,0.001,0.136242733264261,0.1493767312586634,test_account_access,CALL,target_coef,presets[cold_account_nocode_write],0.0018892709197427995,0.9486780552338084,0.9482028520415289,AccountMode.NON_EXISTING_ACCOUNT,,CALL,14272.964075226013,14273,False,True,test_account_access,CALL,target_coef
COLD_ACCOUNT_NOCODE_WRITE,besu,0.022452347962685335,0.001,0.02130065199017918,0.023396140691852214,test_account_access,CALLCODE,target_coef,presets[cold_account_nocode_write],0.001889211734938181,0.9572524075118638,0.956856596470307,AccountMode.EXISTING_EOA,,CALLCODE,2245.2347962685335,2246,False,False,test_account_access,CALLCODE,target_coef
COLD_ACCOUNT_NOCODE_WRITE,besu,0.015622117239179154,0.001,0.0148050025081531,0.016405845018362303,test_account_access,CALLCODE,target_coef,presets[cold_account_nocode_write],0.001889211734938181,0.9440874451121136,0.9435697362705591,AccountMode.NON_EXISTING_ACCOUNT,,CALLCODE,1562.2117239179152,1563,False,False,test_account_access,CALLCODE,target_coef
COLD_ACCOUNT_NOCODE_WRITE,erigon,0.07846062668184549,0.001,0.07674583600476893,0.08028235776349518,test_account_access,CALL,target_coef,presets[cold_account_nocode_write],2.3011238860460234e-05,0.9930794991387255,0.9929990281984782,AccountMode.EXISTING_EOA,,CALL,7846.062668184549,7847,False,False,test_account_access,CALL,target_coef
COLD_ACCOUNT_NOCODE_WRITE,erigon,0.33666803869328776,0.001,0.3267265533550274,0.34710545852657604,test_account_access,CALL,target_coef,presets[cold_account_nocode_write],2.3011238860460234e-05,0.9821736169277632,0.9819663334036673,AccountMode.NON_EXISTING_ACCOUNT,,CALL,33666.803869328774,33667,False,True,test_account_access,CALL,target_coef
COLD_ACCOUNT_NOCODE_WRITE,erigon,0.007856850841067539,0.001,0.0076629894004471896,0.008028064200799047,test_account_access,CALLCODE,target_coef,presets[cold_account_nocode_write],2.3011238860460234e-05,0.9866494224903276,0.9864941832169594,AccountMode.EXISTING_EOA,,CALLCODE,785.685084106754,786,False,False,test_account_access,CALLCODE,target_coef
COLD_ACCOUNT_NOCODE_WRITE,erigon,0.007888726442607982,0.001,0.007678814382970728,0.008116519848977296,test_account_access,CALLCODE,target_coef,presets[cold_account_nocode_write],2.3011238860460234e-05,0.9826559473082672,0.982454272276968,AccountMode.NON_EXISTING_ACCOUNT,,CALLCODE,788.8726442607982,789,False,False,test_account_access,CALLCODE,target_coef
COLD_ACCOUNT_NOCODE_WRITE,geth,0.0861125470189685,0.001,0.0788579049650971,0.0923125356745909,test_account_access,CALL,target_coef,presets[cold_account_nocode_write],0.0,0.8972226801396356,0.8958523158748307,AccountMode.EXISTING_EOA,,CALL,8611.25470189685,8612,False,False,test_account_access,CALL,target_coef
COLD_ACCOUNT_NOCODE_WRITE,geth,0.10302138875260931,0.001,0.08576452798274053,0.1207937499404409,test_account_access,CALL,target_coef,presets[cold_account_nocode_write],0.0,0.6153544356846214,0.6102258281604164,AccountMode.NON_EXISTING_ACCOUNT,,CALL,10302.138875260931,10303,False,True,test_account_access,CALL,target_coef
COLD_ACCOUNT_NOCODE_WRITE,geth,0.022556941587780675,0.001,0.020351183093511048,0.024519274470657396,test_account_access,CALLCODE,target_coef,presets[cold_account_nocode_write],0.0,0.8562893768631981,0.854373235221374,AccountMode.EXISTING_EOA,,CALLCODE,2255.6941587780675,2256,False,False,test_account_access,CALLCODE,target_coef
COLD_ACCOUNT_NOCODE_WRITE,geth,0.024785626869945062,0.001,0.022831183364292396,0.02682693094169717,test_account_access,CALLCODE,target_coef,presets[cold_account_nocode_write],0.0,0.8800144374397713,0.8784146299389682,AccountMode.NON_EXISTING_ACCOUNT,,CALLCODE,2478.562686994506,2479,False,False,test_account_access,CALLCODE,target_coef
COLD_ACCOUNT_NOCODE_WRITE,nethermind,0.03290574183526476,0.001,0.031347218262816216,0.03435638822288127,test_account_access,CALL,target_coef,presets[cold_account_nocode_write],1.8979868212490646e-05,0.9278544106682661,0.9273797686331889,AccountMode.EXISTING_EOA,,CALL,3290.574183526476,3291,False,False,test_account_access,CALL,target_coef
COLD_ACCOUNT_NOCODE_WRITE,nethermind,0.08577003248256432,0.001,0.08246018853340625,0.08903208129816569,test_account_access,CALL,target_coef,presets[cold_account_nocode_write],1.8979868212490646e-05,0.9441772596713779,0.9438100048007949,AccountMode.NON_EXISTING_ACCOUNT,,CALL,8577.003248256431,8578,False,True,test_account_access,CALL,target_coef
COLD_ACCOUNT_NOCODE_WRITE,nethermind,0.005909473708497178,0.001,0.005494052185488324,0.006305810836477328,test_account_access,CALLCODE,target_coef,presets[cold_account_nocode_write],1.8979868212490646e-05,0.8666687317380022,0.8657915523415417,AccountMode.EXISTING_EOA,,CALLCODE,590.9473708497178,591,False,False,test_account_access,CALLCODE,target_coef
COLD_ACCOUNT_NOCODE_WRITE,nethermind,0.004551182433032267,0.001,0.004151074217077566,0.004920702737115203,test_account_access,CALLCODE,target_coef,presets[cold_account_nocode_write],1.8979868212490646e-05,0.7697828876906844,0.7682683014254915,AccountMode.NON_EXISTING_ACCOUNT,,CALLCODE,455.11824330322673,456,False,False,test_account_access,CALLCODE,target_coef
COLD_ACCOUNT_NOCODE_WRITE,reth,0.02828500744962333,0.001,0.027793035714401785,0.02876371732883381,test_account_access,CALL,target_coef,presets[cold_account_nocode_write],7.363951114430664e-05,0.9833204586648954,0.9832398811705229,AccountMode.EXISTING_EOA,,CALL,2828.5007449623326,2829,False,False,test_account_access,CALL,target_coef
COLD_ACCOUNT_NOCODE_WRITE,reth,0.04882475067174933,0.001,0.045525051045050495,0.0523864799671583,test_account_access,CALL,target_coef,presets[cold_account_nocode_write],7.363951114430664e-05,0.7687472320660752,0.7676300689359596,AccountMode.NON_EXISTING_ACCOUNT,,CALL,4882.4750671749325,4883,False,True,test_account_access,CALL,target_coef
COLD_ACCOUNT_NOCODE_WRITE,reth,0.00608463416793462,0.001,0.005856777363623846,0.006297770442901228,test_account_access,CALLCODE,target_coef,presets[cold_account_nocode_write],7.363951114430664e-05,0.9438363697993528,0.9435650479143255,AccountMode.EXISTING_EOA,,CALLCODE,608.463416793462,609,False,False,test_account_access,CALLCODE,target_coef
COLD_ACCOUNT_NOCODE_WRITE,reth,0.005960254575697601,0.001,0.005739837900465216,0.006165121050965298,test_account_access,CALLCODE,target_coef,presets[cold_account_nocode_write],7.363951114430664e-05,0.9370485540802819,0.9367444408149692,AccountMode.NON_EXISTING_ACCOUNT,,CALLCODE,596.0254575697601,597,False,False,test_account_access,CALLCODE,target_coef
COLD_ACCOUNT_CODE_ACCESS,besu,0.019811503043529317,0.001,0.019310969526644288,0.020243745975597596,test_account_access,BALANCE,target_coef,presets[cold_account_code_access],1.7626442861263142e-07,0.9807523093135943,0.9805740899553868,AccountMode.EXISTING_CONTRACT_DIFF_MAX,,BALANCE,1981.1503043529317,1982,False,False,test_account_access,BALANCE,target_coef
COLD_ACCOUNT_CODE_ACCESS,besu,0.011644088257159832,0.001,0.011272844736402133,0.012045652836530083,test_account_access,BALANCE,target_coef,presets[cold_account_code_access],1.7626442861263142e-07,0.9773115885528559,0.9771015106690861,AccountMode.EXISTING_CONTRACT_MINIMAL,,BALANCE,1164.4088257159833,1165,False,False,test_account_access,BALANCE,target_coef
COLD_ACCOUNT_CODE_ACCESS,besu,0.01054591056054567,0.001,0.01010644057012369,0.010969259048057801,test_account_access,BALANCE,target_coef,presets[cold_account_code_access],1.7626442861263142e-07,0.9602060102640684,0.9598375473961431,AccountMode.EXISTING_CONTRACT_SAME_MAX,,BALANCE,1054.591056054567,1055,False,False,test_account_access,BALANCE,target_coef
COLD_ACCOUNT_CODE_ACCESS,besu,0.02231362976355835,0.001,0.02179946723099917,0.02279219222742835,test_account_access,CALL,target_coef,presets[cold_account_code_access],0.0008594398391806653,0.9843116845060663,0.984166422325567,AccountMode.EXISTING_CONTRACT_DIFF_MAX,,CALL,2231.3629763558347,2232,False,False,test_account_access,CALL,target_coef
COLD_ACCOUNT_CODE_ACCESS,besu,0.014278975970013378,0.001,0.013835319374636938,0.014736562826742893,test_account_access,CALL,target_coef,presets[cold_account_code_access],0.0008594398391806653,0.9799855625743521,0.9798002437092999,AccountMode.EXISTING_CONTRACT_MINIMAL,,CALL,1427.897597001338,1428,False,False,test_account_access,CALL,target_coef
COLD_ACCOUNT_CODE_ACCESS,besu,0.01241921231112753,0.001,0.011953914885777064,0.012879642968865266,test_account_access,CALL,target_coef,presets[cold_account_code_access],0.0008594398391806653,0.9711705567125922,0.970903617422894,AccountMode.EXISTING_CONTRACT_SAME_MAX,,CALL,1241.921231112753,1242,False,False,test_account_access,CALL,target_coef
COLD_ACCOUNT_CODE_ACCESS,besu,0.021361814797123468,0.001,0.02089325331213835,0.021787763411986176,test_account_access,CALLCODE,target_coef,presets[cold_account_code_access],0.0008594398391806653,0.9832040621318111,0.9830485441885871,AccountMode.EXISTING_CONTRACT_DIFF_MAX,,CALLCODE,2136.1814797123466,2137,False,False,test_account_access,CALLCODE,target_coef
COLD_ACCOUNT_CODE_ACCESS,besu,0.013390387155943699,0.001,0.01301613681453889,0.01376172542676515,test_account_access,CALLCODE,target_coef,presets[cold_account_code_access],0.0008594398391806653,0.9819321706576167,0.9817648759414835,AccountMode.EXISTING_CONTRACT_MINIMAL,,CALLCODE,1339.03871559437,1340,False,False,test_account_access,CALLCODE,target_coef
COLD_ACCOUNT_CODE_ACCESS,besu,0.011767082016309967,0.001,0.011315950142870708,0.012195346484703499,test_account_access,CALLCODE,target_coef,presets[cold_account_code_access],0.0008594398391806653,0.9720927760357784,0.9718343758138874,AccountMode.EXISTING_CONTRACT_SAME_MAX,,CALLCODE,1176.7082016309969,1177,False,False,test_account_access,CALLCODE,target_coef
COLD_ACCOUNT_CODE_ACCESS,besu,0.02172024310429567,0.001,0.02123454781405239,0.022179773604495297,test_account_access,DELEGATECALL,target_coef,presets[cold_account_code_access],0.00034357755670945785,0.9800682710399707,0.9798837179940445,AccountMode.EXISTING_CONTRACT_DIFF_MAX,,DELEGATECALL,2172.024310429567,2173,False,False,test_account_access,DELEGATECALL,target_coef
COLD_ACCOUNT_CODE_ACCESS,besu,0.013180722679226991,0.001,0.012793559086284791,0.013544272110175013,test_account_access,DELEGATECALL,target_coef,presets[cold_account_code_access],0.00034357755670945785,0.9798076977236658,0.979620731961848,AccountMode.EXISTING_CONTRACT_MINIMAL,,DELEGATECALL,1318.0722679226992,1319,False,False,test_account_access,DELEGATECALL,target_coef
COLD_ACCOUNT_CODE_ACCESS,besu,0.012433136025629201,0.001,0.011922295395399143,0.012914656772543649,test_account_access,DELEGATECALL,target_coef,presets[cold_account_code_access],0.00034357755670945785,0.9730056227384265,0.9727556748008194,AccountMode.EXISTING_CONTRACT_SAME_MAX,,DELEGATECALL,1243.31360256292,1244,False,False,test_account_access,DELEGATECALL,target_coef
COLD_ACCOUNT_CODE_ACCESS,besu,0.019609038126079465,0.001,0.01908146134768163,0.020100330862167035,test_account_access,EXTCODECOPY,target_coef,presets[cold_account_code_access],0.0002577722954395021,0.9791127464641324,0.9789193459684299,AccountMode.EXISTING_CONTRACT_DIFF_MAX,,EXTCODECOPY,1960.9038126079465,1961,False,False,test_account_access,EXTCODECOPY,target_coef
COLD_ACCOUNT_CODE_ACCESS,besu,0.012162811610739555,0.001,0.011793698868559842,0.01254648250701299,test_account_access,EXTCODECOPY,target_coef,presets[cold_account_code_access],0.0002577722954395021,0.9759462215826198,0.9757235014120885,AccountMode.EXISTING_CONTRACT_MINIMAL,,EXTCODECOPY,1216.2811610739554,1217,False,False,test_account_access,EXTCODECOPY,target_coef
COLD_ACCOUNT_CODE_ACCESS,besu,0.01039998824590311,0.001,0.009950996129173993,0.010821471852091055,test_account_access,EXTCODECOPY,target_coef,presets[cold_account_code_access],0.0002577722954395021,0.9600246870718073,0.9596545452854351,AccountMode.EXISTING_CONTRACT_SAME_MAX,,EXTCODECOPY,1039.998824590311,1040,False,False,test_account_access,EXTCODECOPY,target_coef
COLD_ACCOUNT_CODE_ACCESS,besu,0.01973202769660854,0.001,0.019284897638741964,0.020221564267886398,test_account_access,EXTCODEHASH,target_coef,presets[cold_account_code_access],1.7626442861263142e-07,0.9836000101725297,0.983448158414868,AccountMode.EXISTING_CONTRACT_DIFF_MAX,,EXTCODEHASH,1973.202769660854,1974,False,False,test_account_access,EXTCODEHASH,target_coef
COLD_ACCOUNT_CODE_ACCESS,besu,0.012044834870154193,0.001,0.011615851048675064,0.012435096830468102,test_account_access,EXTCODEHASH,target_coef,presets[cold_account_code_access],1.7626442861263142e-07,0.9747461592258349,0.9745123273668148,AccountMode.EXISTING_CONTRACT_MINIMAL,,EXTCODEHASH,1204.483487015419,1205,False,False,test_account_access,EXTCODEHASH,target_coef
COLD_ACCOUNT_CODE_ACCESS,besu,0.010706545153554911,0.001,0.010290161210947942,0.011085407960884858,test_account_access,EXTCODEHASH,target_coef,presets[cold_account_code_access],1.7626442861263142e-07,0.9688068953085135,0.9685180702650737,AccountMode.EXISTING_CONTRACT_SAME_MAX,,EXTCODEHASH,1070.6545153554912,1071,False,False,test_account_access,EXTCODEHASH,target_coef
COLD_ACCOUNT_CODE_ACCESS,besu,0.019603304092100645,0.001,0.019172863819184795,0.02014418981361786,test_account_access,EXTCODESIZE,target_coef,presets[cold_account_code_access],1.8193841922638613e-07,0.9826691806979024,0.9825087101488089,AccountMode.EXISTING_CONTRACT_DIFF_MAX,,EXTCODESIZE,1960.3304092100645,1961,False,False,test_account_access,EXTCODESIZE,target_coef
COLD_ACCOUNT_CODE_ACCESS,besu,0.012122435809733642,0.001,0.011765020774445132,0.01248268506399615,test_account_access,EXTCODESIZE,target_coef,presets[cold_account_code_access],1.8193841922638613e-07,0.9803000330941264,0.9801176259931461,AccountMode.EXISTING_CONTRACT_MINIMAL,,EXTCODESIZE,1212.2435809733643,1213,False,False,test_account_access,EXTCODESIZE,target_coef
COLD_ACCOUNT_CODE_ACCESS,besu,0.010775934975864659,0.001,0.010359328155705535,0.011200030964284862,test_account_access,EXTCODESIZE,target_coef,presets[cold_account_code_access],1.8193841922638613e-07,0.9681767477230551,0.9678820879797501,AccountMode.EXISTING_CONTRACT_SAME_MAX,,EXTCODESIZE,1077.593497586466,1078,False,False,test_account_access,EXTCODESIZE,target_coef
COLD_ACCOUNT_CODE_ACCESS,besu,0.022667042246258234,0.001,0.022108813880104033,0.023238039579927122,test_account_access,STATICCALL,target_coef,presets[cold_account_code_access],0.00034357755670945785,0.9810321257753074,0.9808564973102639,AccountMode.EXISTING_CONTRACT_DIFF_MAX,,STATICCALL,2266.7042246258234,2267,False,True,test_account_access,STATICCALL,target_coef
COLD_ACCOUNT_CODE_ACCESS,besu,0.01453347619281404,0.001,0.014056158564960305,0.015071552108998895,test_account_access,STATICCALL,target_coef,presets[cold_account_code_access],0.00034357755670945785,0.975877465135619,0.9756541083313192,AccountMode.EXISTING_CONTRACT_MINIMAL,,STATICCALL,1453.3476192814041,1454,False,False,test_account_access,STATICCALL,target_coef
COLD_ACCOUNT_CODE_ACCESS,besu,0.012735956942662463,0.001,0.012266650475842494,0.013199371209731862,test_account_access,STATICCALL,target_coef,presets[cold_account_code_access],0.00034357755670945785,0.9722485679513335,0.9719916102471792,AccountMode.EXISTING_CONTRACT_SAME_MAX,,STATICCALL,1273.5956942662465,1274,False,False,test_account_access,STATICCALL,target_coef
COLD_ACCOUNT_CODE_ACCESS,erigon,0.009059832178698853,0.001,0.008914524634009208,0.00919987057493208,test_account_access,BALANCE,target_coef,presets[cold_account_code_access],0.0,0.9943049691890276,0.9942387479005279,AccountMode.EXISTING_CONTRACT_DIFF_MAX,,BALANCE,905.9832178698853,906,False,False,test_account_access,BALANCE,target_coef
COLD_ACCOUNT_CODE_ACCESS,erigon,0.008077956979347893,0.001,0.00791550371598477,0.00825716442490144,test_account_access,BALANCE,target_coef,presets[cold_account_code_access],0.0,0.9881014055910763,0.9879630498421353,AccountMode.EXISTING_CONTRACT_MINIMAL,,BALANCE,807.7956979347894,808,False,False,test_account_access,BALANCE,target_coef
COLD_ACCOUNT_CODE_ACCESS,erigon,0.008341583797139571,0.001,0.008163915718194636,0.008498762833432925,test_account_access,BALANCE,target_coef,presets[cold_account_code_access],0.0,0.9880560890109913,0.9879172063250726,AccountMode.EXISTING_CONTRACT_SAME_MAX,,BALANCE,834.1583797139571,835,False,False,test_account_access,BALANCE,target_coef
COLD_ACCOUNT_CODE_ACCESS,erigon,0.026821939584326947,0.001,0.024245185748885054,0.029911988502389016,test_account_access,CALL,target_coef,presets[cold_account_code_access],0.0,0.8213585083151436,0.8192812816676452,AccountMode.EXISTING_CONTRACT_DIFF_MAX,,CALL,2682.1939584326947,2683,False,True,test_account_access,CALL,target_coef
COLD_ACCOUNT_CODE_ACCESS,erigon,0.0089187717571442,0.001,0.008765396273285925,0.009087883018893697,test_account_access,CALL,target_coef,presets[cold_account_code_access],0.0,0.991921308360325,0.9918273700854451,AccountMode.EXISTING_CONTRACT_MINIMAL,,CALL,891.87717571442,892,False,False,test_account_access,CALL,target_coef
COLD_ACCOUNT_CODE_ACCESS,erigon,0.008918292727966888,0.001,0.008755391622234307,0.009098777956377693,test_account_access,CALL,target_coef,presets[cold_account_code_access],0.0,0.9912883420085992,0.991187043659862,AccountMode.EXISTING_CONTRACT_SAME_MAX,,CALL,891.8292727966888,892,False,False,test_account_access,CALL,target_coef
COLD_ACCOUNT_CODE_ACCESS,erigon,0.026307279030833214,0.001,0.023890110383972558,0.02907294775324914,test_account_access,CALLCODE,target_coef,presets[cold_account_code_access],0.0,0.8168939644137396,0.8147648244650622,AccountMode.EXISTING_CONTRACT_DIFF_MAX,,CALLCODE,2630.727903083321,2631,False,False,test_account_access,CALLCODE,target_coef
COLD_ACCOUNT_CODE_ACCESS,erigon,0.008628094805478829,0.001,0.008493988591953676,0.008780199639165917,test_account_access,CALLCODE,target_coef,presets[cold_account_code_access],0.0,0.9921059150094466,0.9920141233235099,AccountMode.EXISTING_CONTRACT_MINIMAL,,CALLCODE,862.8094805478828,863,False,False,test_account_access,CALLCODE,target_coef
COLD_ACCOUNT_CODE_ACCESS,erigon,0.0085957252407613,0.001,0.008386876536324153,0.008795097040919853,test_account_access,CALLCODE,target_coef,presets[cold_account_code_access],0.0,0.9880427595858611,0.9879037219066269,AccountMode.EXISTING_CONTRACT_SAME_MAX,,CALLCODE,859.57252407613,860,False,False,test_account_access,CALLCODE,target_coef
COLD_ACCOUNT_CODE_ACCESS,erigon,0.026173417871547214,0.001,0.02368183040315163,0.028830507583053805,test_account_access,DELEGATECALL,target_coef,presets[cold_account_code_access],0.0,0.8240744443856673,0.8220287983901519,AccountMode.EXISTING_CONTRACT_DIFF_MAX,,DELEGATECALL,2617.3417871547217,2618,False,False,test_account_access,DELEGATECALL,target_coef
COLD_ACCOUNT_CODE_ACCESS,erigon,0.00871709846751711,0.001,0.008532769921865488,0.00891267385937376,test_account_access,DELEGATECALL,target_coef,presets[cold_account_code_access],0.0,0.9902920084068646,0.9901791247836886,AccountMode.EXISTING_CONTRACT_MINIMAL,,DELEGATECALL,871.709846751711,872,False,False,test_account_access,DELEGATECALL,target_coef
COLD_ACCOUNT_CODE_ACCESS,erigon,0.008844050050576443,0.001,0.008670081932710495,0.009037046889849071,test_account_access,DELEGATECALL,target_coef,presets[cold_account_code_access],0.0,0.9890396590768933,0.988912213252206,AccountMode.EXISTING_CONTRACT_SAME_MAX,,DELEGATECALL,884.4050050576443,885,False,False,test_account_access,DELEGATECALL,target_coef
COLD_ACCOUNT_CODE_ACCESS,erigon,0.02534345533239115,0.001,0.02291818637805875,0.028043624421233666,test_account_access,EXTCODECOPY,target_coef,presets[cold_account_code_access],0.0,0.8201421902719621,0.8180508203914035,AccountMode.EXISTING_CONTRACT_DIFF_MAX,,EXTCODECOPY,2534.345533239115,2535,False,False,test_account_access,EXTCODECOPY,target_coef
COLD_ACCOUNT_CODE_ACCESS,erigon,0.008181516396979935,0.001,0.008014905741019247,0.00832133705318056,test_account_access,EXTCODECOPY,target_coef,presets[cold_account_code_access],0.0,0.9917251134537899,0.9916288938427874,AccountMode.EXISTING_CONTRACT_MINIMAL,,EXTCODECOPY,818.1516396979936,819,False,False,test_account_access,EXTCODECOPY,target_coef
COLD_ACCOUNT_CODE_ACCESS,erigon,0.008178243925334186,0.001,0.008024381404071645,0.008318645914489858,test_account_access,EXTCODECOPY,target_coef,presets[cold_account_code_access],0.0,0.9912088746787976,0.9911066522913418,AccountMode.EXISTING_CONTRACT_SAME_MAX,,EXTCODECOPY,817.8243925334186,818,False,False,test_account_access,EXTCODECOPY,target_coef
COLD_ACCOUNT_CODE_ACCESS,erigon,0.008983076981488383,0.001,0.00885659549027989,0.009109655003321537,test_account_access,EXTCODEHASH,target_coef,presets[cold_account_code_access],0.0,0.9943068286618909,0.9942406289951687,AccountMode.EXISTING_CONTRACT_DIFF_MAX,,EXTCODEHASH,898.3076981488383,899,False,False,test_account_access,EXTCODEHASH,target_coef
COLD_ACCOUNT_CODE_ACCESS,erigon,0.008477563783275213,0.001,0.00832127435157722,0.008628679960277818,test_account_access,EXTCODEHASH,target_coef,presets[cold_account_code_access],0.0,0.992124831570264,0.9920332598443369,AccountMode.EXISTING_CONTRACT_MINIMAL,,EXTCODEHASH,847.7563783275212,848,False,False,test_account_access,EXTCODEHASH,target_coef
COLD_ACCOUNT_CODE_ACCESS,erigon,0.00833913370019577,0.001,0.008179536578410643,0.008497537559238587,test_account_access,EXTCODEHASH,target_coef,presets[cold_account_code_access],0.0,0.9901301760440208,0.9900154106491837,AccountMode.EXISTING_CONTRACT_SAME_MAX,,EXTCODEHASH,833.913370019577,834,False,False,test_account_access,EXTCODEHASH,target_coef
COLD_ACCOUNT_CODE_ACCESS,erigon,0.02264210478185419,0.001,0.019197338509152697,0.026377463358631517,test_account_access,EXTCODESIZE,target_coef,presets[cold_account_code_access],0.0,0.6343470147926341,0.630095235894874,AccountMode.EXISTING_CONTRACT_DIFF_MAX,,EXTCODESIZE,2264.210478185419,2265,False,False,test_account_access,EXTCODESIZE,target_coef
COLD_ACCOUNT_CODE_ACCESS,erigon,0.008077384041071944,0.001,0.007928721561090342,0.008236590691468485,test_account_access,EXTCODESIZE,target_coef,presets[cold_account_code_access],0.0,0.9909581439871475,0.9908530061265329,AccountMode.EXISTING_CONTRACT_MINIMAL,,EXTCODESIZE,807.7384041071944,808,False,False,test_account_access,EXTCODESIZE,target_coef
COLD_ACCOUNT_CODE_ACCESS,erigon,0.008227443254810384,0.001,0.008124546431025217,0.008321988660748703,test_account_access,EXTCODESIZE,target_coef,presets[cold_account_code_access],0.0,0.994654812562791,0.9945926592204979,AccountMode.EXISTING_CONTRACT_SAME_MAX,,EXTCODESIZE,822.7443254810385,823,False,False,test_account_access,EXTCODESIZE,target_coef
COLD_ACCOUNT_CODE_ACCESS,erigon,0.026455734170058542,0.001,0.024023929821092232,0.02929205523001796,test_account_access,STATICCALL,target_coef,presets[cold_account_code_access],0.0,0.818442078573696,0.8163309399524599,AccountMode.EXISTING_CONTRACT_DIFF_MAX,,STATICCALL,2645.573417005854,2646,False,False,test_account_access,STATICCALL,target_coef
COLD_ACCOUNT_CODE_ACCESS,erigon,0.008855528884260729,0.001,0.008700457260285562,0.009003700916025837,test_account_access,STATICCALL,target_coef,presets[cold_account_code_access],0.0,0.9913748723437661,0.9912745801617169,AccountMode.EXISTING_CONTRACT_MINIMAL,,STATICCALL,885.5528884260729,886,False,False,test_account_access,STATICCALL,target_coef
COLD_ACCOUNT_CODE_ACCESS,erigon,0.008979139200568245,0.001,0.008833163013954442,0.009148978434809798,test_account_access,STATICCALL,target_coef,presets[cold_account_code_access],0.0,0.9930031306458017,0.9929217716998227,AccountMode.EXISTING_CONTRACT_SAME_MAX,,STATICCALL,897.9139200568245,898,False,False,test_account_access,STATICCALL,target_coef
COLD_ACCOUNT_CODE_ACCESS,geth,0.003494420085205451,0.001,0.003424760934936522,0.003574230806807637,test_account_access,BALANCE,target_coef,presets[cold_account_code_access],0.0,0.9248831434035029,0.9238815853155495,AccountMode.EXISTING_CONTRACT_DIFF_MAX,,BALANCE,349.4420085205451,350,False,False,test_account_access,BALANCE,target_coef
COLD_ACCOUNT_CODE_ACCESS,geth,0.01620182197357744,0.001,0.011771584714977837,0.019442175432681785,test_account_access,BALANCE,target_coef,presets[cold_account_code_access],0.0,0.46581200654343013,0.4586894999640092,AccountMode.EXISTING_CONTRACT_MINIMAL,,BALANCE,1620.182197357744,1621,True,False,test_account_access,BALANCE,target_coef
COLD_ACCOUNT_CODE_ACCESS,geth,0.01566053834181289,0.001,0.011168506331200173,0.018994593445044124,test_account_access,BALANCE,target_coef,presets[cold_account_code_access],0.0,0.4493729229421647,0.44203122858139354,AccountMode.EXISTING_CONTRACT_SAME_MAX,,BALANCE,1566.053834181289,1567,True,False,test_account_access,BALANCE,target_coef
COLD_ACCOUNT_CODE_ACCESS,geth,0.026555787274739825,0.001,0.024105104277070615,0.02914548873912158,test_account_access,CALL,target_coef,presets[cold_account_code_access],0.0,0.864293179643296,0.8624837553718733,AccountMode.EXISTING_CONTRACT_DIFF_MAX,,CALL,2655.578727473983,2656,False,False,test_account_access,CALL,target_coef
COLD_ACCOUNT_CODE_ACCESS,geth,0.016572215266004716,0.001,0.012246301513798482,0.019658234565930573,test_account_access,CALL,target_coef,presets[cold_account_code_access],0.0,0.4662226467142735,0.45910561533713046,AccountMode.EXISTING_CONTRACT_MINIMAL,,CALL,1657.2215266004716,1658,True,False,test_account_access,CALL,target_coef
COLD_ACCOUNT_CODE_ACCESS,geth,0.016098816294608888,0.001,0.011893716662953946,0.019484499706535575,test_account_access,CALL,target_coef,presets[cold_account_code_access],0.0,0.4697370048669579,0.4626668315985174,AccountMode.EXISTING_CONTRACT_SAME_MAX,,CALL,1609.8816294608887,1610,True,False,test_account_access,CALL,target_coef
COLD_ACCOUNT_CODE_ACCESS,geth,0.026684806059071423,0.001,0.023920471402352397,0.029255744003690486,test_account_access,CALLCODE,target_coef,presets[cold_account_code_access],0.0,0.8514709697534365,0.8494905826834823,AccountMode.EXISTING_CONTRACT_DIFF_MAX,,CALLCODE,2668.480605907142,2669,False,False,test_account_access,CALLCODE,target_coef
COLD_ACCOUNT_CODE_ACCESS,geth,0.01662328063337306,0.001,0.012133843094144506,0.019648443998250366,test_account_access,CALLCODE,target_coef,presets[cold_account_code_access],0.0,0.47352147798514277,0.46650176435827806,AccountMode.EXISTING_CONTRACT_MINIMAL,,CALLCODE,1662.328063337306,1663,True,False,test_account_access,CALLCODE,target_coef
COLD_ACCOUNT_CODE_ACCESS,geth,0.016351569341348585,0.001,0.012247053468057018,0.019509056662538195,test_account_access,CALLCODE,target_coef,presets[cold_account_code_access],0.0,0.472166889277977,0.46512911446835004,AccountMode.EXISTING_CONTRACT_SAME_MAX,,CALLCODE,1635.1569341348584,1636,True,False,test_account_access,CALLCODE,target_coef
COLD_ACCOUNT_CODE_ACCESS,geth,0.026705743703011615,0.001,0.024089177342623076,0.029364678958314506,test_account_access,DELEGATECALL,target_coef,presets[cold_account_code_access],0.0,0.8597538066283632,0.857883857383408,AccountMode.EXISTING_CONTRACT_DIFF_MAX,,DELEGATECALL,2670.5743703011613,2671,False,False,test_account_access,DELEGATECALL,target_coef
COLD_ACCOUNT_CODE_ACCESS,geth,0.016515441456285945,0.001,0.012181967355897222,0.019676275393847937,test_account_access,DELEGATECALL,target_coef,presets[cold_account_code_access],0.0,0.47014419654327655,0.46307945249718685,AccountMode.EXISTING_CONTRACT_MINIMAL,,DELEGATECALL,1651.5441456285946,1652,True,False,test_account_access,DELEGATECALL,target_coef
COLD_ACCOUNT_CODE_ACCESS,geth,0.016072741934225854,0.001,0.01166851266945705,0.019484791684304767,test_account_access,DELEGATECALL,target_coef,presets[cold_account_code_access],0.0,0.46052286873878945,0.4533298403219733,AccountMode.EXISTING_CONTRACT_SAME_MAX,,DELEGATECALL,1607.2741934225855,1608,True,False,test_account_access,DELEGATECALL,target_coef
COLD_ACCOUNT_CODE_ACCESS,geth,0.027456004487630175,0.001,0.02514473204589507,0.02984063757139975,test_account_access,EXTCODECOPY,target_coef,presets[cold_account_code_access],0.0,0.8741797015412062,0.8725020975617556,AccountMode.EXISTING_CONTRACT_DIFF_MAX,,EXTCODECOPY,2745.6004487630175,2746,False,True,test_account_access,EXTCODECOPY,target_coef
COLD_ACCOUNT_CODE_ACCESS,geth,0.01646239820321726,0.001,0.012192121803972856,0.01967954202820562,test_account_access,EXTCODECOPY,target_coef,presets[cold_account_code_access],0.0,0.4723896301945697,0.46535482526383054,AccountMode.EXISTING_CONTRACT_MINIMAL,,EXTCODECOPY,1646.2398203217258,1647,True,False,test_account_access,EXTCODECOPY,target_coef
COLD_ACCOUNT_CODE_ACCESS,geth,0.016305767794306477,0.001,0.011848010271506393,0.01936932732635968,test_account_access,EXTCODECOPY,target_coef,presets[cold_account_code_access],0.0,0.47019855592431514,0.4631345366699726,AccountMode.EXISTING_CONTRACT_SAME_MAX,,EXTCODECOPY,1630.5767794306475,1631,True,False,test_account_access,EXTCODECOPY,target_coef
COLD_ACCOUNT_CODE_ACCESS,geth,0.003484762317248843,0.001,0.0033343804598423288,0.00354379551933869,test_account_access,EXTCODEHASH,target_coef,presets[cold_account_code_access],0.0,0.9483692351952409,0.9476808249978441,AccountMode.EXISTING_CONTRACT_DIFF_MAX,,EXTCODEHASH,348.4762317248843,349,False,False,test_account_access,EXTCODEHASH,target_coef
COLD_ACCOUNT_CODE_ACCESS,geth,0.016332806146388323,0.001,0.0118704987362248,0.019327985859550173,test_account_access,EXTCODEHASH,target_coef,presets[cold_account_code_access],0.0,0.4691091850961959,0.4620306408974785,AccountMode.EXISTING_CONTRACT_MINIMAL,,EXTCODEHASH,1633.2806146388325,1634,True,False,test_account_access,EXTCODEHASH,target_coef
COLD_ACCOUNT_CODE_ACCESS,geth,0.015854305173949746,0.001,0.011931301986658645,0.01918951979024368,test_account_access,EXTCODEHASH,target_coef,presets[cold_account_code_access],0.0,0.46231114841924237,0.45514196373149896,AccountMode.EXISTING_CONTRACT_SAME_MAX,,EXTCODEHASH,1585.4305173949747,1586,True,False,test_account_access,EXTCODEHASH,target_coef
COLD_ACCOUNT_CODE_ACCESS,geth,0.027019633561299404,0.001,0.02446807552554559,0.029559472673005474,test_account_access,EXTCODESIZE,target_coef,presets[cold_account_code_access],0.0,0.8645719404970187,0.862766233036979,AccountMode.EXISTING_CONTRACT_DIFF_MAX,,EXTCODESIZE,2701.9633561299406,2702,False,False,test_account_access,EXTCODESIZE,target_coef
COLD_ACCOUNT_CODE_ACCESS,geth,0.016471477342081313,0.001,0.012124845927221408,0.019468747208964923,test_account_access,EXTCODESIZE,target_coef,presets[cold_account_code_access],0.0,0.4738616313444657,0.46684645309572526,AccountMode.EXISTING_CONTRACT_MINIMAL,,EXTCODESIZE,1647.1477342081312,1648,True,False,test_account_access,EXTCODESIZE,target_coef
COLD_ACCOUNT_CODE_ACCESS,geth,0.016422150806897174,0.001,0.01232988917982493,0.019494376830312986,test_account_access,EXTCODESIZE,target_coef,presets[cold_account_code_access],0.0,0.4762897800997561,0.4693069771677528,AccountMode.EXISTING_CONTRACT_SAME_MAX,,EXTCODESIZE,1642.2150806897173,1643,True,False,test_account_access,EXTCODESIZE,target_coef
COLD_ACCOUNT_CODE_ACCESS,geth,0.027085580649837893,0.001,0.024668937969213947,0.0294191749713875,test_account_access,STATICCALL,target_coef,presets[cold_account_code_access],0.0,0.8618470550716135,0.8600050158059017,AccountMode.EXISTING_CONTRACT_DIFF_MAX,,STATICCALL,2708.5580649837893,2709,False,False,test_account_access,STATICCALL,target_coef
COLD_ACCOUNT_CODE_ACCESS,geth,0.016703108708250227,0.001,0.012499481459505715,0.019762299739963303,test_account_access,STATICCALL,target_coef,presets[cold_account_code_access],0.0,0.4847995466402656,0.47793020726213575,AccountMode.EXISTING_CONTRACT_MINIMAL,,STATICCALL,1670.3108708250227,1671,True,False,test_account_access,STATICCALL,target_coef
COLD_ACCOUNT_CODE_ACCESS,geth,0.016341061873314643,0.001,0.012095534715355755,0.019511500392772146,test_account_access,STATICCALL,target_coef,presets[cold_account_code_access],0.0,0.47376910519658355,0.4667526932658713,AccountMode.EXISTING_CONTRACT_SAME_MAX,,STATICCALL,1634.1061873314643,1635,True,False,test_account_access,STATICCALL,target_coef
COLD_ACCOUNT_CODE_ACCESS,nethermind,0.0019114811016391559,0.001,0.0017069452208043926,0.002109274294953191,test_account_access,BALANCE,target_coef,presets[cold_account_code_access],0.0,0.7142985808619322,0.7124189662623397,AccountMode.EXISTING_CONTRACT_DIFF_MAX,,BALANCE,191.1481101639156,192,False,False,test_account_access,BALANCE,target_coef
COLD_ACCOUNT_CODE_ACCESS,nethermind,0.0017262805109559947,0.001,0.0015434234089691278,0.0018925567620105162,test_account_access,BALANCE,target_coef,presets[cold_account_code_access],0.0,0.7272163228182023,0.7254216933630588,AccountMode.EXISTING_CONTRACT_MINIMAL,,BALANCE,172.6280510955995,173,False,False,test_account_access,BALANCE,target_coef
COLD_ACCOUNT_CODE_ACCESS,nethermind,0.001520849311251417,0.001,0.001365806275705113,0.0016642174860022555,test_account_access,BALANCE,target_coef,presets[cold_account_code_access],0.0,0.7015362528451943,0.699572675561281,AccountMode.EXISTING_CONTRACT_SAME_MAX,,BALANCE,152.08493112514168,153,False,False,test_account_access,BALANCE,target_coef
COLD_ACCOUNT_CODE_ACCESS,nethermind,0.015504494300965503,0.001,0.01452848440326165,0.016533702354201808,test_account_access,CALL,target_coef,presets[cold_account_code_access],1.5650493586927774e-05,0.8962637153453327,0.8955812397883941,AccountMode.EXISTING_CONTRACT_DIFF_MAX,,CALL,1550.4494300965505,1551,False,False,test_account_access,CALL,target_coef
COLD_ACCOUNT_CODE_ACCESS,nethermind,0.00310005269506209,0.001,0.0027614481350771176,0.003456320905763628,test_account_access,CALL,target_coef,presets[cold_account_code_access],1.5650493586927774e-05,0.7040061743813177,0.7020588465811948,AccountMode.EXISTING_CONTRACT_MINIMAL,,CALL,310.005269506209,311,False,False,test_account_access,CALL,target_coef
COLD_ACCOUNT_CODE_ACCESS,nethermind,0.0030795486485407212,0.001,0.002759406907711105,0.0033928616653704207,test_account_access,CALL,target_coef,presets[cold_account_code_access],1.5650493586927774e-05,0.7154649943444515,0.7135930535177704,AccountMode.EXISTING_CONTRACT_SAME_MAX,,CALL,307.9548648540721,308,False,False,test_account_access,CALL,target_coef
COLD_ACCOUNT_CODE_ACCESS,nethermind,0.015799336174564124,0.001,0.014768551763664884,0.016802238533683404,test_account_access,CALLCODE,target_coef,presets[cold_account_code_access],1.5650493586927774e-05,0.9022321004327214,0.9015888905671472,AccountMode.EXISTING_CONTRACT_DIFF_MAX,,CALLCODE,1579.9336174564123,1580,False,True,test_account_access,CALLCODE,target_coef
COLD_ACCOUNT_CODE_ACCESS,nethermind,0.002776772312836486,0.001,0.002469576075778262,0.0030949666516306446,test_account_access,CALLCODE,target_coef,presets[cold_account_code_access],1.5650493586927774e-05,0.6732940139714023,0.6711446324843721,AccountMode.EXISTING_CONTRACT_MINIMAL,,CALLCODE,277.67723128364867,278,False,False,test_account_access,CALLCODE,target_coef
COLD_ACCOUNT_CODE_ACCESS,nethermind,0.0030958596757956437,0.001,0.002820890967077613,0.003401059245736505,test_account_access,CALLCODE,target_coef,presets[cold_account_code_access],1.5650493586927774e-05,0.7235331927921753,0.7217143322184396,AccountMode.EXISTING_CONTRACT_SAME_MAX,,CALLCODE,309.5859675795644,310,False,False,test_account_access,CALLCODE,target_coef
COLD_ACCOUNT_CODE_ACCESS,nethermind,0.015394412697032348,0.001,0.014305155274790921,0.016588476050168725,test_account_access,DELEGATECALL,target_coef,presets[cold_account_code_access],7.825246793463887e-06,0.8833970769545729,0.882629952460853,AccountMode.EXISTING_CONTRACT_DIFF_MAX,,DELEGATECALL,1539.4412697032349,1540,False,False,test_account_access,DELEGATECALL,target_coef
COLD_ACCOUNT_CODE_ACCESS,nethermind,0.0027013094543339444,0.001,0.00241643253474209,0.00302544389010612,test_account_access,DELEGATECALL,target_coef,presets[cold_account_code_access],7.825246793463887e-06,0.6505345359367904,0.6482354210416378,AccountMode.EXISTING_CONTRACT_MINIMAL,,DELEGATECALL,270.13094543339446,271,False,False,test_account_access,DELEGATECALL,target_coef
COLD_ACCOUNT_CODE_ACCESS,nethermind,0.0025100151497265966,0.001,0.002221322750931055,0.002795482387995925,test_account_access,DELEGATECALL,target_coef,presets[cold_account_code_access],7.825246793463887e-06,0.6649043549229434,0.6626997783105943,AccountMode.EXISTING_CONTRACT_SAME_MAX,,DELEGATECALL,251.00151497265963,252,False,False,test_account_access,DELEGATECALL,target_coef
COLD_ACCOUNT_CODE_ACCESS,nethermind,0.015796067662272727,0.001,0.014819280264628976,0.016841909482640693,test_account_access,EXTCODECOPY,target_coef,presets[cold_account_code_access],0.0,0.9033624483071468,0.9027266749407465,AccountMode.EXISTING_CONTRACT_DIFF_MAX,,EXTCODECOPY,1579.6067662272726,1580,False,False,test_account_access,EXTCODECOPY,target_coef
COLD_ACCOUNT_CODE_ACCESS,nethermind,0.0018406432006405115,0.001,0.0016578810095690985,0.002029027312687453,test_account_access,EXTCODECOPY,target_coef,presets[cold_account_code_access],0.0,0.7149132112368495,0.7130376402581445,AccountMode.EXISTING_CONTRACT_MINIMAL,,EXTCODECOPY,184.06432006405115,185,False,False,test_account_access,EXTCODECOPY,target_coef
COLD_ACCOUNT_CODE_ACCESS,nethermind,0.0019390517140246328,0.001,0.001759607937039595,0.002131242917425371,test_account_access,EXTCODECOPY,target_coef,presets[cold_account_code_access],0.0,0.7439377983466232,0.7422531785989037,AccountMode.EXISTING_CONTRACT_SAME_MAX,,EXTCODECOPY,193.90517140246328,194,False,False,test_account_access,EXTCODECOPY,target_coef
COLD_ACCOUNT_CODE_ACCESS,nethermind,0.002133559263084204,0.001,0.001971095278589252,0.0023179465744414054,test_account_access,EXTCODEHASH,target_coef,presets[cold_account_code_access],0.0,0.777613505768116,0.7761504367271168,AccountMode.EXISTING_CONTRACT_DIFF_MAX,,EXTCODEHASH,213.3559263084204,214,False,False,test_account_access,EXTCODEHASH,target_coef
COLD_ACCOUNT_CODE_ACCESS,nethermind,0.0017300440346278035,0.001,0.0015952417119401764,0.0018905275865707407,test_account_access,EXTCODEHASH,target_coef,presets[cold_account_code_access],0.0,0.759509963775013,0.7579277924840592,AccountMode.EXISTING_CONTRACT_MINIMAL,,EXTCODEHASH,173.00440346278035,174,False,False,test_account_access,EXTCODEHASH,target_coef
COLD_ACCOUNT_CODE_ACCESS,nethermind,0.0020726604986586743,0.001,0.0018750364715567082,0.0022619202327543763,test_account_access,EXTCODEHASH,target_coef,presets[cold_account_code_access],0.0,0.7577562123685445,0.7561625032393902,AccountMode.EXISTING_CONTRACT_SAME_MAX,,EXTCODEHASH,207.26604986586742,208,False,False,test_account_access,EXTCODEHASH,target_coef
COLD_ACCOUNT_CODE_ACCESS,nethermind,0.015322309418688814,0.001,0.014289189240800958,0.016247075395657954,test_account_access,EXTCODESIZE,target_coef,presets[cold_account_code_access],0.0,0.8897212285369791,0.8889957103036698,AccountMode.EXISTING_CONTRACT_DIFF_MAX,,EXTCODESIZE,1532.2309418688815,1533,False,False,test_account_access,EXTCODESIZE,target_coef
COLD_ACCOUNT_CODE_ACCESS,nethermind,0.0018669636314440712,0.001,0.001715867018357883,0.002023104652683125,test_account_access,EXTCODESIZE,target_coef,presets[cold_account_code_access],0.0,0.7836593573210552,0.78223606361922,AccountMode.EXISTING_CONTRACT_MINIMAL,,EXTCODESIZE,186.69636314440712,187,False,False,test_account_access,EXTCODESIZE,target_coef
COLD_ACCOUNT_CODE_ACCESS,nethermind,0.001819538383119137,0.001,0.0016396645007912005,0.001996695001693116,test_account_access,EXTCODESIZE,target_coef,presets[cold_account_code_access],0.0,0.7317327058298495,0.7299677894208354,AccountMode.EXISTING_CONTRACT_SAME_MAX,,EXTCODESIZE,181.95383831191367,182,False,False,test_account_access,EXTCODESIZE,target_coef
COLD_ACCOUNT_CODE_ACCESS,nethermind,0.015706668499083434,0.001,0.014652300075852089,0.016720309157380868,test_account_access,STATICCALL,target_coef,presets[cold_account_code_access],7.825246793463887e-06,0.8951070625180954,0.8944169774030828,AccountMode.EXISTING_CONTRACT_DIFF_MAX,,STATICCALL,1570.6668499083435,1571,False,False,test_account_access,STATICCALL,target_coef
COLD_ACCOUNT_CODE_ACCESS,nethermind,0.0028910736511585633,0.001,0.0025887731075526096,0.003175424256724534,test_account_access,STATICCALL,target_coef,presets[cold_account_code_access],7.825246793463887e-06,0.7236948028149708,0.7218770054650693,AccountMode.EXISTING_CONTRACT_MINIMAL,,STATICCALL,289.10736511585634,290,False,False,test_account_access,STATICCALL,target_coef
COLD_ACCOUNT_CODE_ACCESS,nethermind,0.002941740665651832,0.001,0.002648473110086688,0.00324853873117168,test_account_access,STATICCALL,target_coef,presets[cold_account_code_access],7.825246793463887e-06,0.7317399279027497,0.729975059007373,AccountMode.EXISTING_CONTRACT_SAME_MAX,,STATICCALL,294.1740665651832,295,False,False,test_account_access,STATICCALL,target_coef
COLD_ACCOUNT_CODE_ACCESS,reth,0.018643330108224578,0.001,0.018400744404555303,0.01887624906948267,test_account_access,BALANCE,target_coef,presets[cold_account_code_access],0.0,0.992431099678565,0.9923945349427127,AccountMode.EXISTING_CONTRACT_DIFF_MAX,,BALANCE,1864.3330108224577,1865,False,False,test_account_access,BALANCE,target_coef
COLD_ACCOUNT_CODE_ACCESS,reth,0.0038799426622115538,0.001,0.0037665840193716956,0.004000494142167809,test_account_access,BALANCE,target_coef,presets[cold_account_code_access],0.0,0.9565367107957692,0.9563267432150724,AccountMode.EXISTING_CONTRACT_MINIMAL,,BALANCE,387.9942662211553,388,False,False,test_account_access,BALANCE,target_coef
COLD_ACCOUNT_CODE_ACCESS,reth,0.003895250482471518,0.001,0.0037981859073861163,0.003987016451307939,test_account_access,BALANCE,target_coef,presets[cold_account_code_access],0.0,0.965937866043286,0.9657733146715145,AccountMode.EXISTING_CONTRACT_SAME_MAX,,BALANCE,389.5250482471518,390,False,False,test_account_access,BALANCE,target_coef
COLD_ACCOUNT_CODE_ACCESS,reth,0.02207040069617573,0.001,0.021847553091994078,0.022292142936964274,test_account_access,CALL,target_coef,presets[cold_account_code_access],1.0956198607191802e-05,0.9948170134146095,0.9947919748320714,AccountMode.EXISTING_CONTRACT_DIFF_MAX,,CALL,2207.0400696175725,2208,False,True,test_account_access,CALL,target_coef
COLD_ACCOUNT_CODE_ACCESS,reth,0.004340735324966544,0.001,0.004239936133179882,0.004447717664301414,test_account_access,CALL,target_coef,presets[cold_account_code_access],1.0956198607191802e-05,0.9684344304359727,0.9682819397617503,AccountMode.EXISTING_CONTRACT_MINIMAL,,CALL,434.0735324966544,435,False,False,test_account_access,CALL,target_coef
COLD_ACCOUNT_CODE_ACCESS,reth,0.004361297234763109,0.001,0.00425213642553044,0.0044673606212348865,test_account_access,CALL,target_coef,presets[cold_account_code_access],1.0956198607191802e-05,0.9656977905953033,0.9655320794387589,AccountMode.EXISTING_CONTRACT_SAME_MAX,,CALL,436.1297234763109,437,False,False,test_account_access,CALL,target_coef
COLD_ACCOUNT_CODE_ACCESS,reth,0.02077252830884719,0.001,0.020561505575494025,0.020990084913455883,test_account_access,CALLCODE,target_coef,presets[cold_account_code_access],1.0956198607191802e-05,0.9943381962647178,0.9943108445558516,AccountMode.EXISTING_CONTRACT_DIFF_MAX,,CALLCODE,2077.252830884719,2078,False,False,test_account_access,CALLCODE,target_coef
COLD_ACCOUNT_CODE_ACCESS,reth,0.003945307532305399,0.001,0.003830259409611841,0.004056927417654361,test_account_access,CALLCODE,target_coef,presets[cold_account_code_access],1.0956198607191802e-05,0.9643270771795747,0.9641547442190895,AccountMode.EXISTING_CONTRACT_MINIMAL,,CALLCODE,394.5307532305399,395,False,False,test_account_access,CALLCODE,target_coef
COLD_ACCOUNT_CODE_ACCESS,reth,0.004003833587765374,0.001,0.0039010532151232315,0.004106475126487622,test_account_access,CALLCODE,target_coef,presets[cold_account_code_access],1.0956198607191802e-05,0.9634679293746051,0.9632914459416322,AccountMode.EXISTING_CONTRACT_SAME_MAX,,CALLCODE,400.38335877653736,401,False,False,test_account_access,CALLCODE,target_coef
COLD_ACCOUNT_CODE_ACCESS,reth,0.02081922711378767,0.001,0.02061034014724129,0.021047447171483078,test_account_access,DELEGATECALL,target_coef,presets[cold_account_code_access],5.478099303595901e-06,0.9942659241542412,0.9942382233047448,AccountMode.EXISTING_CONTRACT_DIFF_MAX,,DELEGATECALL,2081.922711378767,2082,False,False,test_account_access,DELEGATECALL,target_coef
COLD_ACCOUNT_CODE_ACCESS,reth,0.003823797726728416,0.001,0.0037257102726174053,0.003926314145870151,test_account_access,DELEGATECALL,target_coef,presets[cold_account_code_access],5.478099303595901e-06,0.9655670675644514,0.9654007248956806,AccountMode.EXISTING_CONTRACT_MINIMAL,,DELEGATECALL,382.3797726728416,383,False,False,test_account_access,DELEGATECALL,target_coef
COLD_ACCOUNT_CODE_ACCESS,reth,0.003929659587320946,0.001,0.0038347218051397133,0.00403440114296691,test_account_access,DELEGATECALL,target_coef,presets[cold_account_code_access],5.478099303595901e-06,0.9633833349447526,0.9632064428430365,AccountMode.EXISTING_CONTRACT_SAME_MAX,,DELEGATECALL,392.9659587320946,393,False,False,test_account_access,DELEGATECALL,target_coef
COLD_ACCOUNT_CODE_ACCESS,reth,0.020871039219678592,0.001,0.02068116337852911,0.02105900226340072,test_account_access,EXTCODECOPY,target_coef,presets[cold_account_code_access],0.0,0.9951872844714829,0.9951640346380117,AccountMode.EXISTING_CONTRACT_DIFF_MAX,,EXTCODECOPY,2087.103921967859,2088,False,False,test_account_access,EXTCODECOPY,target_coef
COLD_ACCOUNT_CODE_ACCESS,reth,0.004024918080157474,0.001,0.003921956859794688,0.00412831747854068,test_account_access,EXTCODECOPY,target_coef,presets[cold_account_code_access],0.0,0.9645769678592263,0.9644058421000922,AccountMode.EXISTING_CONTRACT_MINIMAL,,EXTCODECOPY,402.4918080157474,403,False,False,test_account_access,EXTCODECOPY,target_coef
COLD_ACCOUNT_CODE_ACCESS,reth,0.003972336949607551,0.001,0.0038807248169838823,0.004073302212468165,test_account_access,EXTCODECOPY,target_coef,presets[cold_account_code_access],0.0,0.9696362834605553,0.9694895988395918,AccountMode.EXISTING_CONTRACT_SAME_MAX,,EXTCODECOPY,397.23369496075514,398,False,False,test_account_access,EXTCODECOPY,target_coef
COLD_ACCOUNT_CODE_ACCESS,reth,0.018442405604155932,0.001,0.018276100713299364,0.018603606561000553,test_account_access,EXTCODEHASH,target_coef,presets[cold_account_code_access],0.0,0.9960881022809113,0.9960692042242973,AccountMode.EXISTING_CONTRACT_DIFF_MAX,,EXTCODEHASH,1844.240560415593,1845,False,False,test_account_access,EXTCODEHASH,target_coef
COLD_ACCOUNT_CODE_ACCESS,reth,0.003875906416099443,0.001,0.003770964162396638,0.003980484617346193,test_account_access,EXTCODEHASH,target_coef,presets[cold_account_code_access],0.0,0.9608734094237248,0.9606843920779456,AccountMode.EXISTING_CONTRACT_MINIMAL,,EXTCODEHASH,387.59064160994427,388,False,False,test_account_access,EXTCODEHASH,target_coef
COLD_ACCOUNT_CODE_ACCESS,reth,0.0038463085587014502,0.001,0.003749478553961521,0.003938174455483679,test_account_access,EXTCODEHASH,target_coef,presets[cold_account_code_access],0.0,0.9679862377150276,0.9678315818585784,AccountMode.EXISTING_CONTRACT_SAME_MAX,,EXTCODEHASH,384.630855870145,385,False,False,test_account_access,EXTCODEHASH,target_coef
COLD_ACCOUNT_CODE_ACCESS,reth,0.020936601217548274,0.001,0.020733360937042984,0.02115359819760473,test_account_access,EXTCODESIZE,target_coef,presets[cold_account_code_access],0.0,0.9949965639241449,0.9949723927353726,AccountMode.EXISTING_CONTRACT_DIFF_MAX,,EXTCODESIZE,2093.6601217548273,2094,False,False,test_account_access,EXTCODESIZE,target_coef
COLD_ACCOUNT_CODE_ACCESS,reth,0.003892452676485467,0.001,0.003803949865987857,0.003992016686102189,test_account_access,EXTCODESIZE,target_coef,presets[cold_account_code_access],0.0,0.9657916941995888,0.9656264366836448,AccountMode.EXISTING_CONTRACT_MINIMAL,,EXTCODESIZE,389.24526764854664,390,False,False,test_account_access,EXTCODESIZE,target_coef
COLD_ACCOUNT_CODE_ACCESS,reth,0.0038583599355831695,0.001,0.00376230391825182,0.003960541551208705,test_account_access,EXTCODESIZE,target_coef,presets[cold_account_code_access],0.0,0.9674712672882505,0.9673141236519619,AccountMode.EXISTING_CONTRACT_SAME_MAX,,EXTCODESIZE,385.83599355831694,386,False,False,test_account_access,EXTCODESIZE,target_coef
COLD_ACCOUNT_CODE_ACCESS,reth,0.021912377718627633,0.001,0.02169374859509578,0.022136658182883073,test_account_access,STATICCALL,target_coef,presets[cold_account_code_access],5.478099303595901e-06,0.9950206827530897,0.9949966280803993,AccountMode.EXISTING_CONTRACT_DIFF_MAX,,STATICCALL,2191.2377718627636,2192,False,False,test_account_access,STATICCALL,target_coef
COLD_ACCOUNT_CODE_ACCESS,reth,0.004214834603545076,0.001,0.004118339015098949,0.00431552886373265,test_account_access,STATICCALL,target_coef,presets[cold_account_code_access],5.478099303595901e-06,0.9664752429908966,0.9663132876430265,AccountMode.EXISTING_CONTRACT_MINIMAL,,STATICCALL,421.48346035450754,422,False,False,test_account_access,STATICCALL,target_coef
COLD_ACCOUNT_CODE_ACCESS,reth,0.004324666440075633,0.001,0.004221075743985924,0.004430353624098961,test_account_access,STATICCALL,target_coef,presets[cold_account_code_access],5.478099303595901e-06,0.9649002390176505,0.9647306749549339,AccountMode.EXISTING_CONTRACT_SAME_MAX,,STATICCALL,432.4666440075632,433,False,False,test_account_access,STATICCALL,target_coef
COLD_ACCOUNT_CODE_WRITE,besu,0.07151751844331021,0.001,0.06978836507653223,0.07317404519466442,test_account_access,CALL,target_coef,presets[cold_account_code_write],0.0008594398391806653,0.9849803088625518,0.9848412376483162,AccountMode.EXISTING_CONTRACT_DIFF_MAX,,CALL,7151.751844331022,7152,False,True,test_account_access,CALL,target_coef
COLD_ACCOUNT_CODE_WRITE,besu,0.06547635353637143,0.001,0.06320775746810815,0.0677841550280894,test_account_access,CALL,target_coef,presets[cold_account_code_write],0.0008594398391806653,0.9728475021985273,0.972596090181847,AccountMode.EXISTING_CONTRACT_MINIMAL,,CALL,6547.635353637143,6548,False,False,test_account_access,CALL,target_coef
COLD_ACCOUNT_CODE_WRITE,besu,0.06577729964273545,0.001,0.06325489399144144,0.06793358641941595,test_account_access,CALL,target_coef,presets[cold_account_code_write],0.0008594398391806653,0.9699764174079331,0.9696984212728214,AccountMode.EXISTING_CONTRACT_SAME_MAX,,CALL,6577.729964273545,6578,False,False,test_account_access,CALL,target_coef
COLD_ACCOUNT_CODE_WRITE,besu,0.02674079052748299,0.001,0.02507124241119434,0.02816829665166443,test_account_access,CALLCODE,target_coef,presets[cold_account_code_write],0.0008594398391806653,0.9454655148636675,0.94496056592722,AccountMode.EXISTING_CONTRACT_DIFF_MAX,,CALLCODE,2674.079052748299,2675,False,False,test_account_access,CALLCODE,target_coef
COLD_ACCOUNT_CODE_WRITE,besu,0.021357137019068516,0.001,0.02033814676631931,0.022280772207469345,test_account_access,CALLCODE,target_coef,presets[cold_account_code_write],0.0008594398391806653,0.9584794384105576,0.9580949887662109,AccountMode.EXISTING_CONTRACT_MINIMAL,,CALLCODE,2135.7137019068514,2136,False,False,test_account_access,CALLCODE,target_coef
COLD_ACCOUNT_CODE_WRITE,besu,0.021263161519833283,0.001,0.020409171327223686,0.022099090581197838,test_account_access,CALLCODE,target_coef,presets[cold_account_code_write],0.0008594398391806653,0.9630860053272046,0.9627442090802343,AccountMode.EXISTING_CONTRACT_SAME_MAX,,CALLCODE,2126.3161519833284,2127,False,False,test_account_access,CALLCODE,target_coef
COLD_ACCOUNT_CODE_WRITE,erigon,0.04661283152378767,0.001,0.04139787565812007,0.05123766900640978,test_account_access,CALL,target_coef,presets[cold_account_code_write],0.0,0.8008864439536518,0.7985711700461362,AccountMode.EXISTING_CONTRACT_DIFF_MAX,,CALL,4661.283152378768,4662,False,False,test_account_access,CALL,target_coef
COLD_ACCOUNT_CODE_WRITE,erigon,0.04912038297194193,0.001,0.04503291362569664,0.05304139330857659,test_account_access,CALL,target_coef,presets[cold_account_code_write],0.0,0.8659040386002865,0.8643447832351736,AccountMode.EXISTING_CONTRACT_MINIMAL,,CALL,4912.038297194194,4913,False,False,test_account_access,CALL,target_coef
COLD_ACCOUNT_CODE_WRITE,erigon,0.0501140574488468,0.001,0.04619463084792143,0.05418373649079818,test_account_access,CALL,target_coef,presets[cold_account_code_write],0.0,0.8828578894635623,0.881495771899185,AccountMode.EXISTING_CONTRACT_SAME_MAX,,CALL,5011.40574488468,5012,False,True,test_account_access,CALL,target_coef
COLD_ACCOUNT_CODE_WRITE,erigon,0.024911113560401005,0.001,0.02227736834377008,0.0278510029921893,test_account_access,CALLCODE,target_coef,presets[cold_account_code_write],0.0,0.7856529404419925,0.7831605327727134,AccountMode.EXISTING_CONTRACT_DIFF_MAX,,CALLCODE,2491.1113560401004,2492,False,False,test_account_access,CALLCODE,target_coef
COLD_ACCOUNT_CODE_WRITE,erigon,0.009870565859487986,0.001,0.009185641735873945,0.010628461327675887,test_account_access,CALLCODE,target_coef,presets[cold_account_code_write],0.0,0.9025862290975615,0.901453510831254,AccountMode.EXISTING_CONTRACT_MINIMAL,,CALLCODE,987.0565859487986,988,False,False,test_account_access,CALLCODE,target_coef
COLD_ACCOUNT_CODE_WRITE,erigon,0.010375749518314043,0.001,0.009752728606691602,0.011064666097248852,test_account_access,CALLCODE,target_coef,presets[cold_account_code_write],0.0,0.9153474037373808,0.9143630712226991,AccountMode.EXISTING_CONTRACT_SAME_MAX,,CALLCODE,1037.5749518314042,1038,False,False,test_account_access,CALLCODE,target_coef
COLD_ACCOUNT_CODE_WRITE,geth,0.04699812939112774,0.001,0.04397230386104769,0.04996169140455876,test_account_access,CALL,target_coef,presets[cold_account_code_write],0.0,0.9469563159828662,0.9462490668626378,AccountMode.EXISTING_CONTRACT_DIFF_MAX,,CALL,4699.812939112774,4700,False,False,test_account_access,CALL,target_coef
COLD_ACCOUNT_CODE_WRITE,geth,0.08285608393585311,0.001,0.07212758375399111,0.09084625666685495,test_account_access,CALL,target_coef,presets[cold_account_code_write],0.0,0.7842098202861397,0.7813326178899549,AccountMode.EXISTING_CONTRACT_MINIMAL,,CALL,8285.608393585311,8286,False,True,test_account_access,CALL,target_coef
COLD_ACCOUNT_CODE_WRITE,geth,0.0825447282789821,0.001,0.07146011205462864,0.09027112771327314,test_account_access,CALL,target_coef,presets[cold_account_code_write],0.0,0.7759331213175799,0.7729455629351476,AccountMode.EXISTING_CONTRACT_SAME_MAX,,CALL,8254.47282789821,8255,False,False,test_account_access,CALL,target_coef
COLD_ACCOUNT_CODE_WRITE,geth,0.030534658821170665,0.001,0.02784400746934039,0.0332788618736946,test_account_access,CALLCODE,target_coef,presets[cold_account_code_write],0.0,0.8820479049169472,0.8804752103158398,AccountMode.EXISTING_CONTRACT_DIFF_MAX,,CALLCODE,3053.4658821170665,3054,False,False,test_account_access,CALLCODE,target_coef
COLD_ACCOUNT_CODE_WRITE,geth,0.019863617470181786,0.001,0.014955598226048122,0.024105400605612115,test_account_access,CALLCODE,target_coef,presets[cold_account_code_write],0.0,0.49648384131668444,0.4897702925342403,AccountMode.EXISTING_CONTRACT_MINIMAL,,CALLCODE,1986.3617470181787,1987,True,False,test_account_access,CALLCODE,target_coef
COLD_ACCOUNT_CODE_WRITE,geth,0.020391822424403964,0.001,0.015135273025621591,0.024194923880530506,test_account_access,CALLCODE,target_coef,presets[cold_account_code_write],0.0,0.4897654728076365,0.4829623457784049,AccountMode.EXISTING_CONTRACT_SAME_MAX,,CALLCODE,2039.1822424403965,2040,True,False,test_account_access,CALLCODE,target_coef
COLD_ACCOUNT_CODE_WRITE,nethermind,0.050359783091471974,0.001,0.04877782228830982,0.05187233632395813,test_account_access,CALL,target_coef,presets[cold_account_code_write],1.5650493586927774e-05,0.9666540668436019,0.966434685704415,AccountMode.EXISTING_CONTRACT_DIFF_MAX,,CALL,5035.978309147198,5036,False,True,test_account_access,CALL,target_coef
COLD_ACCOUNT_CODE_WRITE,nethermind,0.03196745023083949,0.001,0.03038498018457082,0.03354123621243822,test_account_access,CALL,target_coef,presets[cold_account_code_write],1.5650493586927774e-05,0.9224113201961494,0.9219008683553346,AccountMode.EXISTING_CONTRACT_MINIMAL,,CALL,3196.745023083949,3197,False,False,test_account_access,CALL,target_coef
COLD_ACCOUNT_CODE_WRITE,nethermind,0.03114424861759042,0.001,0.029420506263179123,0.03264917635107356,test_account_access,CALL,target_coef,presets[cold_account_code_write],1.5650493586927774e-05,0.9245632762320468,0.9240669819967313,AccountMode.EXISTING_CONTRACT_SAME_MAX,,CALL,3114.424861759042,3115,False,False,test_account_access,CALL,target_coef
COLD_ACCOUNT_CODE_WRITE,nethermind,0.025563474408824352,0.001,0.02349714916176365,0.027546034911812314,test_account_access,CALLCODE,target_coef,presets[cold_account_code_write],1.5650493586927774e-05,0.8395330041872042,0.8384773002673832,AccountMode.EXISTING_CONTRACT_DIFF_MAX,,CALLCODE,2556.347440882435,2557,False,False,test_account_access,CALLCODE,target_coef
COLD_ACCOUNT_CODE_WRITE,nethermind,0.004557223818132802,0.001,0.004122835007195576,0.0049785848649340205,test_account_access,CALLCODE,target_coef,presets[cold_account_code_write],1.5650493586927774e-05,0.7369435440463186,0.7352129094676759,AccountMode.EXISTING_CONTRACT_MINIMAL,,CALLCODE,455.72238181328015,456,False,False,test_account_access,CALLCODE,target_coef
COLD_ACCOUNT_CODE_WRITE,nethermind,0.005439347565393992,0.001,0.005033675745205904,0.005894058034778046,test_account_access,CALLCODE,target_coef,presets[cold_account_code_write],1.5650493586927774e-05,0.8019080890305511,0.8006048527741731,AccountMode.EXISTING_CONTRACT_SAME_MAX,,CALLCODE,543.9347565393991,544,False,False,test_account_access,CALLCODE,target_coef
COLD_ACCOUNT_CODE_WRITE,reth,0.04776428537786698,0.001,0.047006733516075934,0.04848850608853564,test_account_access,CALL,target_coef,presets[cold_account_code_write],1.0956198607191802e-05,0.9873337112403269,0.9872725214395555,AccountMode.EXISTING_CONTRACT_DIFF_MAX,,CALL,4776.428537786698,4777,False,True,test_account_access,CALL,target_coef
COLD_ACCOUNT_CODE_WRITE,reth,0.027824167831880006,0.001,0.02735073951340613,0.028325642681211075,test_account_access,CALL,target_coef,presets[cold_account_code_write],1.0956198607191802e-05,0.9843674226453466,0.9842919029479811,AccountMode.EXISTING_CONTRACT_MINIMAL,,CALL,2782.416783188001,2783,False,False,test_account_access,CALL,target_coef
COLD_ACCOUNT_CODE_WRITE,reth,0.0276208185604852,0.001,0.027116724861815454,0.02808792508649291,test_account_access,CALL,target_coef,presets[cold_account_code_write],1.0956198607191802e-05,0.9843283037094,0.9842525950316677,AccountMode.EXISTING_CONTRACT_SAME_MAX,,CALL,2762.0818560485195,2763,False,False,test_account_access,CALL,target_coef
COLD_ACCOUNT_CODE_WRITE,reth,0.023276013771994033,0.001,0.022843863420248012,0.02368967857828969,test_account_access,CALLCODE,target_coef,presets[cold_account_code_write],1.0956198607191802e-05,0.9781860049774529,0.9780806233589865,AccountMode.EXISTING_CONTRACT_DIFF_MAX,,CALLCODE,2327.6013771994035,2328,False,False,test_account_access,CALLCODE,target_coef
COLD_ACCOUNT_CODE_WRITE,reth,0.005749774098845115,0.001,0.005534858799631446,0.005960511347777322,test_account_access,CALLCODE,target_coef,presets[cold_account_code_write],1.0956198607191802e-05,0.9403542834755367,0.9400661399174476,AccountMode.EXISTING_CONTRACT_MINIMAL,,CALLCODE,574.9774098845115,575,False,False,test_account_access,CALLCODE,target_coef
COLD_ACCOUNT_CODE_WRITE,reth,0.005793093823939922,0.001,0.005582581278975269,0.0060004096002022975,test_account_access,CALLCODE,target_coef,presets[cold_account_code_write],1.0956198607191802e-05,0.9411466748160608,0.9408623592354621,AccountMode.EXISTING_CONTRACT_SAME_MAX,,CALLCODE,579.3093823939922,580,False,False,test_account_access,CALLCODE,target_coef
STORAGE_WRITE,,,,,,<derived>,<derived>,<derived>,<derived>,0.0,,,,,,14787.0,14787,False,False,,,
ACCOUNT_WRITE,,,,,,<derived>,<derived>,<derived>,<derived>,0.0,,,,,,31629.0,31629,False,False,,,
REFUND_STORAGE_CLEAR,,,,,,<derived>,<derived>,<derived>,<derived>,0.0,,,,,,16168.32,16169,False,False,,,
TX_ACCESS_LIST_STORAGE_KEY,,,,,,<derived>,<derived>,<derived>,<derived>,0.0,,,,,,2055.0,2055,False,False,,,
TX_ACCESS_LIST_ADDRESS,,,,,,<derived>,<derived>,<derived>,<derived>,0.0,,,,,,2746.0,2746,False,False,,,
