gas_param,client_name,runtime_ms,pvalue,conf_int_low,conf_int_high,test_name,target_opcode,model_coef_name,source_label,glue_adjustment,rsquared,rsquared_adj,param_account_mode,param_existing_slots,param_opcode,new_gas_decimal,new_gas_rounded,poor_fit,is_winner,selected_test,selected_opcode,selected_model_coef_name
COLD_STORAGE_ACCESS,besu,0.006334610150129956,0.001,0.00609601688314613,0.0065379085266916645,test_sload_bloated,SLOAD,target_coef,presets[cold_storage_sload],0.00025964580116024727,0.9822236335801784,0.9819458778548686,,False,,633.4610150129955,634,False,False,test_sload_bloated,SLOAD,target_coef
COLD_STORAGE_ACCESS,besu,0.01475890237615346,0.001,0.014317345753070813,0.015151621730316861,test_sload_bloated,SLOAD,target_coef,presets[cold_storage_sload],0.00025964580116024727,0.9895528415739254,0.989389604723518,,True,,1475.890237615346,1476,False,False,test_sload_bloated,SLOAD,target_coef
COLD_STORAGE_ACCESS,besu,0.007815730700409026,0.001,0.007548347774186927,0.008076835711362019,test_sstore_bloated,SSTORE,target_coef,presets[cold_storage_sstore_access],0.0005195878829279586,0.9878785252702779,0.9876891272276259,,False,,781.5730700409026,782,False,False,test_sstore_bloated,SSTORE,target_coef
COLD_STORAGE_ACCESS,besu,0.015211548700010725,0.001,0.014828545238020113,0.015591541823385811,test_sstore_bloated,SSTORE,target_coef,presets[cold_storage_sstore_access],0.0004329895007161025,0.9910527436936074,0.99091294281382,,True,,1521.1548700010726,1522,False,True,test_sstore_bloated,SSTORE,target_coef
COLD_STORAGE_ACCESS,erigon,0.006364098327200569,0.001,0.005969587062938866,0.006849060925451943,test_sload_bloated,SLOAD,target_coef,presets[cold_storage_sload],9.899145605670161e-06,0.9664532681536286,0.9627258535040318,,False,,636.4098327200569,637,False,True,test_sload_bloated,SLOAD,target_coef
COLD_STORAGE_ACCESS,erigon,0.005619153953707216,0.001,0.005370847818525199,0.0058256394497316465,test_sload_bloated,SLOAD,target_coef,presets[cold_storage_sload],9.899145605670161e-06,0.9950472378848253,0.9944969309831392,,True,,561.9153953707216,562,False,False,test_sload_bloated,SLOAD,target_coef
COLD_STORAGE_ACCESS,erigon,0.006190669060625193,0.001,0.005940020124932901,0.006382371855040917,test_sstore_bloated,SSTORE,target_coef,presets[cold_storage_sstore_access],0.0,0.9977875824422453,0.9975417582691615,,False,,619.0669060625193,620,False,False,test_sstore_bloated,SSTORE,target_coef
COLD_STORAGE_ACCESS,erigon,0.005570648091099818,0.001,0.00508487263044094,0.0057886376386287845,test_sstore_bloated,SSTORE,target_coef,presets[cold_storage_sstore_access],0.0,0.9893101751078738,0.9881224167865265,,True,,557.0648091099818,558,False,False,test_sstore_bloated,SSTORE,target_coef
COLD_STORAGE_ACCESS,geth,0.02295253838617827,0.001,0.022198253827455553,0.023796405910892448,test_sload_bloated,SLOAD,target_coef,presets[cold_storage_sload],0.0,0.9731425025826276,0.9728914979338671,,False,,2295.253838617827,2296,False,True,test_sload_bloated,SLOAD,target_coef
COLD_STORAGE_ACCESS,geth,0.022339098731845832,0.001,0.021517848980962196,0.023104389052678212,test_sload_bloated,SLOAD,target_coef,presets[cold_storage_sload],0.0,0.9730031601383353,0.9727460473777481,,True,,2233.9098731845834,2234,False,False,test_sload_bloated,SLOAD,target_coef
COLD_STORAGE_ACCESS,geth,0.02256315755742065,0.001,0.021893095369160523,0.02315826757548039,test_sstore_bloated,SSTORE,target_coef,presets[cold_storage_sstore_access],0.0,0.978996547112884,0.9787984013309301,,False,,2256.315755742065,2257,False,False,test_sstore_bloated,SSTORE,target_coef
COLD_STORAGE_ACCESS,geth,0.022077142108551523,0.001,0.021368042439155698,0.02271141688775663,test_sstore_bloated,SSTORE,target_coef,presets[cold_storage_sstore_access],0.0,0.9759960294381306,0.9757695768856601,,True,,2207.7142108551525,2208,False,False,test_sstore_bloated,SSTORE,target_coef
COLD_STORAGE_ACCESS,nethermind,0.0027530945337982888,0.001,0.002475185066098022,0.003047470962816009,test_sload_bloated,SLOAD,target_coef,presets[cold_storage_sload],8.900351207114404e-06,0.9130440350381451,0.9109736549200057,,False,,275.3094533798289,276,False,False,test_sload_bloated,SLOAD,target_coef
COLD_STORAGE_ACCESS,nethermind,0.00782591180992702,0.001,0.007489085830815014,0.008231410071092089,test_sload_bloated,SLOAD,target_coef,presets[cold_storage_sload],8.900351207114404e-06,0.9836664115093128,0.9832775165452488,,True,,782.5911809927019,783,False,True,test_sload_bloated,SLOAD,target_coef
COLD_STORAGE_ACCESS,nethermind,0.0026767024568264066,0.001,0.002458324374428146,0.002959764972273785,test_sstore_bloated,SSTORE,target_coef,presets[cold_storage_sstore_access],0.0,0.9177383104430225,0.9157796987869039,,False,,267.67024568264065,268,False,False,test_sstore_bloated,SSTORE,target_coef
COLD_STORAGE_ACCESS,nethermind,0.0077790311693361576,0.001,0.007541736265581685,0.008019011048302839,test_sstore_bloated,SSTORE,target_coef,presets[cold_storage_sstore_access],0.0,0.991242790493247,0.9910342855049911,,True,,777.9031169336157,778,False,False,test_sstore_bloated,SSTORE,target_coef
COLD_STORAGE_ACCESS,reth,0.001338448049222617,0.001,0.0012824641416447694,0.0013978952353260244,test_sload_bloated,SLOAD,target_coef,presets[cold_storage_sload],0.0,0.955659081776692,0.9552485177190688,,False,,133.84480492226172,134,False,False,test_sload_bloated,SLOAD,target_coef
COLD_STORAGE_ACCESS,reth,0.001452988193274036,0.001,0.0013816332465257056,0.001513890483516463,test_sload_bloated,SLOAD,target_coef,presets[cold_storage_sload],0.0,0.9450094439029082,0.9445002720871943,,True,,145.29881932740358,146,False,False,test_sload_bloated,SLOAD,target_coef
COLD_STORAGE_ACCESS,reth,0.0013593934996729542,0.001,0.0012984471073233183,0.001414412796066495,test_sstore_bloated,SSTORE,target_coef,presets[cold_storage_sstore_access],0.0,0.9518269508935178,0.9513809041425318,,False,,135.9393499672954,136,False,False,test_sstore_bloated,SSTORE,target_coef
COLD_STORAGE_ACCESS,reth,0.0014600661281374504,0.001,0.0014130120798036207,0.0015144298830798149,test_sstore_bloated,SSTORE,target_coef,presets[cold_storage_sstore_access],0.0,0.956843752174888,0.9564441572876184,,True,,146.00661281374505,147,False,True,test_sstore_bloated,SSTORE,target_coef
COLD_STORAGE_WRITE,besu,0.10211564332901789,0.001,0.09745694937154412,0.10706625412295334,test_sstore_bloated,SSTORE,target_coef,presets[cold_storage_sstore_write],0.0005195878829279586,0.9460121064448246,0.945168545608025,,False,,10211.56433290179,10212,False,True,test_sstore_bloated,SSTORE,target_coef
COLD_STORAGE_WRITE,besu,0.0605059909218583,0.001,0.05762866296436602,0.06301359390591683,test_sstore_bloated,SSTORE,target_coef,presets[cold_storage_sstore_write],0.0004329895007161025,0.9717819882899452,0.9713410818569757,,True,,6050.59909218583,6051,False,False,test_sstore_bloated,SSTORE,target_coef
COLD_STORAGE_WRITE,erigon,0.16725706875371443,0.001,0.16199741305761833,0.17261737882119826,test_sstore_bloated,SSTORE,target_coef,presets[cold_storage_sstore_write],0.0,0.9964577865136506,0.9960642072373895,,False,,16725.706875371445,16726,False,True,test_sstore_bloated,SSTORE,target_coef
COLD_STORAGE_WRITE,erigon,0.10182904616122,0.001,0.10029906459342941,0.10406063009014291,test_sstore_bloated,SSTORE,target_coef,presets[cold_storage_sstore_write],0.0,0.9993874730586544,0.999319414509616,,True,,10182.904616122,10183,False,False,test_sstore_bloated,SSTORE,target_coef
COLD_STORAGE_WRITE,geth,0.14124101016648066,0.001,0.13410845417613118,0.14826811590330424,test_sstore_bloated,SSTORE,target_coef,presets[cold_storage_sstore_write],0.0,0.9328451901009378,0.9322175750551522,,False,,14124.101016648066,14125,False,True,test_sstore_bloated,SSTORE,target_coef
COLD_STORAGE_WRITE,geth,0.1079369523981128,0.001,0.10615691143956606,0.10979930400250562,test_sstore_bloated,SSTORE,target_coef,presets[cold_storage_sstore_write],0.0,0.9910841915404706,0.9910016377584379,,True,,10793.695239811279,10794,False,False,test_sstore_bloated,SSTORE,target_coef
COLD_STORAGE_WRITE,nethermind,0.06437680419295409,0.001,0.05810593631277513,0.06987370325692566,test_sstore_bloated,SSTORE,target_coef,presets[cold_storage_sstore_write],0.0,0.9225936420112972,0.9207506334877567,,False,,6437.68041929541,6438,False,True,test_sstore_bloated,SSTORE,target_coef
COLD_STORAGE_WRITE,nethermind,0.05467899414279051,0.001,0.05025920886702758,0.05937670574887045,test_sstore_bloated,SSTORE,target_coef,presets[cold_storage_sstore_write],0.0,0.9266393609052086,0.9248926790219992,,True,,5467.899414279051,5468,False,False,test_sstore_bloated,SSTORE,target_coef
COLD_STORAGE_WRITE,reth,0.036789791902278574,0.001,0.03526221241587899,0.0384793504160509,test_sstore_bloated,SSTORE,target_coef,presets[cold_storage_sstore_write],0.0,0.9366140122704756,0.9360271049766837,,False,,3678.9791902278575,3679,False,True,test_sstore_bloated,SSTORE,target_coef
COLD_STORAGE_WRITE,reth,0.0249436488532113,0.001,0.024487391986901145,0.025446769159638425,test_sstore_bloated,SSTORE,target_coef,presets[cold_storage_sstore_write],0.0,0.9903243264956453,0.9902347369261605,,True,,2494.3648853211303,2495,False,False,test_sstore_bloated,SSTORE,target_coef
WARM_ACCESS,besu,0.0,0.001,0.0,0.0,test_ext_account_query_warm,BALANCE,target_coef,presets[warm_account_access],8.657171207213987e-05,0.864020017201224,0.8618953299699932,,,BALANCE,0.0,0,False,False,test_ext_account_query_warm,BALANCE,target_coef
WARM_ACCESS,besu,0.0,0.001,0.0,2.6625678367788765e-05,test_ext_account_query_warm,CALL,target_coef,presets[warm_account_access],0.0005194084717328301,0.9153263635402096,0.9140033379705254,,,CALL,0.0,0,False,False,test_ext_account_query_warm,CALL,target_coef
WARM_ACCESS,besu,0.0,0.001,0.0,0.0,test_ext_account_query_warm,CALLCODE,target_coef,presets[warm_account_access],0.0005194084717328301,0.9250672433477216,0.9238964190250297,,,CALLCODE,0.0,0,False,False,test_ext_account_query_warm,CALLCODE,target_coef
WARM_ACCESS,besu,0.0,0.001,0.0,4.152113414296397e-06,test_ext_account_query_warm,DELEGATECALL,target_coef,presets[warm_account_access],0.0004328418000734428,0.8809378522876834,0.8790775062296785,,,DELEGATECALL,0.0,0,False,False,test_ext_account_query_warm,DELEGATECALL,target_coef
WARM_ACCESS,besu,0.0,0.001,0.0,0.0,test_ext_account_query_warm,EXTCODEHASH,target_coef,presets[warm_account_access],8.657171207213987e-05,0.8138866646981868,0.810978643834096,,,EXTCODEHASH,0.0,0,False,False,test_ext_account_query_warm,EXTCODEHASH,target_coef
WARM_ACCESS,besu,3.7605875091289976e-05,0.001,2.7640967573814283e-05,4.665805069383944e-05,test_ext_account_query_warm,EXTCODESIZE,target_coef,presets[warm_account_access],8.657311064748404e-05,0.8972516785757578,0.895646236053504,,,EXTCODESIZE,3.7605875091289978,4,False,False,test_ext_account_query_warm,EXTCODESIZE,target_coef
WARM_ACCESS,besu,0.0,0.001,0.0,2.6675647348807247e-05,test_ext_account_query_warm,STATICCALL,target_coef,presets[warm_account_access],0.0004328418000734428,0.9471096117525372,0.9462831994361706,,,STATICCALL,0.0,0,False,False,test_ext_account_query_warm,STATICCALL,target_coef
WARM_ACCESS,besu,7.426245145348442e-05,0.001,6.87909707955842e-05,8.026821928496121e-05,test_sload_same_key_benchmark,SLOAD,target_coef,presets[warm_storage_access_sload],0.0,0.8336098326790946,0.8323299083150877,,,,7.4262451453484415,8,False,True,test_sload_same_key_benchmark,SLOAD,target_coef
WARM_ACCESS,erigon,1.7699498382037667e-05,0.001,1.4315575036637738e-05,2.3996214755805606e-05,test_ext_account_query_warm,BALANCE,target_coef,presets[warm_account_access],0.0,0.8505463242750251,0.8339403603055834,,,BALANCE,1.7699498382037666,2,False,False,test_ext_account_query_warm,BALANCE,target_coef
WARM_ACCESS,erigon,8.822538099576539e-05,0.001,7.32954639879172e-05,9.991212025234678e-05,test_ext_account_query_warm,CALL,target_coef,presets[warm_account_access],0.0,0.9548130553520903,0.9497922837245447,,,CALL,8.822538099576539,9,False,True,test_ext_account_query_warm,CALL,target_coef
WARM_ACCESS,erigon,6.038495837679025e-05,0.001,5.1858350805246916e-05,6.67823137177146e-05,test_ext_account_query_warm,CALLCODE,target_coef,presets[warm_account_access],0.0,0.9565376067235422,0.9517084519150468,,,CALLCODE,6.038495837679026,7,False,False,test_ext_account_query_warm,CALLCODE,target_coef
WARM_ACCESS,erigon,5.196733849475596e-05,0.001,4.263120388086135e-05,5.8508180436158984e-05,test_ext_account_query_warm,DELEGATECALL,target_coef,presets[warm_account_access],0.0,0.9381786547168087,0.9313096163520097,,,DELEGATECALL,5.196733849475596,6,False,False,test_ext_account_query_warm,DELEGATECALL,target_coef
WARM_ACCESS,erigon,2.7312407378712953e-05,0.001,2.0606962421157823e-05,3.590529176309254e-05,test_ext_account_query_warm,EXTCODEHASH,target_coef,presets[warm_account_access],0.0,0.8786418940847932,0.8651576600942147,,,EXTCODEHASH,2.7312407378712953,3,False,False,test_ext_account_query_warm,EXTCODEHASH,target_coef
WARM_ACCESS,erigon,1.8694788547299212e-05,0.001,1.125680211498065e-05,3.0455340157781176e-05,test_ext_account_query_warm,EXTCODESIZE,target_coef,presets[warm_account_access],0.0,0.6832241360398148,0.6480268178220164,,,EXTCODESIZE,1.8694788547299213,2,False,False,test_ext_account_query_warm,EXTCODESIZE,target_coef
WARM_ACCESS,erigon,6.245255090638715e-05,0.001,5.374862526926357e-05,7.321751164583288e-05,test_ext_account_query_warm,STATICCALL,target_coef,presets[warm_account_access],0.0,0.9528267859993834,0.9475853177770927,,,STATICCALL,6.245255090638715,7,False,False,test_ext_account_query_warm,STATICCALL,target_coef
WARM_ACCESS,erigon,1.2802402171410027e-05,0.001,9.287389473312416e-06,1.601937508132872e-05,test_sload_same_key_benchmark,SLOAD,target_coef,presets[warm_storage_access_sload],0.0,0.7673326065382594,0.7556992368651724,,,,1.2802402171410026,2,False,False,test_sload_same_key_benchmark,SLOAD,target_coef
WARM_ACCESS,geth,2.7978485427032486e-05,0.001,2.4798976982435293e-05,3.104770734592062e-05,test_ext_account_query_warm,BALANCE,target_coef,presets[warm_account_access],0.0,0.7503399390167776,0.7480282717854515,,,BALANCE,2.7978485427032487,3,False,False,test_ext_account_query_warm,BALANCE,target_coef
WARM_ACCESS,geth,0.00012866688587213063,0.001,0.0001211989165245838,0.0001366615940928206,test_ext_account_query_warm,CALL,target_coef,presets[warm_account_access],0.0,0.9012760595842843,0.9003619490248795,,,CALL,12.866688587213064,13,False,False,test_ext_account_query_warm,CALL,target_coef
WARM_ACCESS,geth,0.00017035354257412952,0.001,0.00016027769107368383,0.000181690019865726,test_ext_account_query_warm,CALLCODE,target_coef,presets[warm_account_access],0.0,0.9047170229672995,0.9038347731799596,,,CALLCODE,17.035354257412955,18,False,True,test_ext_account_query_warm,CALLCODE,target_coef
WARM_ACCESS,geth,0.00015037366433783068,0.001,0.00014106409385638592,0.00016126697541251302,test_ext_account_query_warm,DELEGATECALL,target_coef,presets[warm_account_access],0.0,0.9056652685442448,0.9047836355399854,,,DELEGATECALL,15.037366433783069,16,False,False,test_ext_account_query_warm,DELEGATECALL,target_coef
WARM_ACCESS,geth,4.164451741230865e-05,0.001,3.847010294416399e-05,4.5108735554642384e-05,test_ext_account_query_warm,EXTCODEHASH,target_coef,presets[warm_account_access],0.0,0.8387998602194149,0.8373072663325576,,,EXTCODEHASH,4.164451741230865,5,False,False,test_ext_account_query_warm,EXTCODEHASH,target_coef
WARM_ACCESS,geth,3.189574314191542e-05,0.001,2.8302570581901508e-05,3.5663379498103875e-05,test_ext_account_query_warm,EXTCODESIZE,target_coef,presets[warm_account_access],0.0,0.7147256049518625,0.7120841753680835,,,EXTCODESIZE,3.1895743141915425,4,False,False,test_ext_account_query_warm,EXTCODESIZE,target_coef
WARM_ACCESS,geth,0.00016857714453929933,0.001,0.0001581124908144829,0.00018029393696779766,test_ext_account_query_warm,STATICCALL,target_coef,presets[warm_account_access],0.0,0.9054136707364171,0.9045296863507761,,,STATICCALL,16.857714453929933,17,False,False,test_ext_account_query_warm,STATICCALL,target_coef
WARM_ACCESS,geth,4.7491078608763694e-05,0.001,4.473537479732997e-05,5.037387619994221e-05,test_sload_same_key_benchmark,SLOAD,target_coef,presets[warm_storage_access_sload],0.0,0.8469823930824946,0.8462772428202019,,,,4.749107860876369,5,False,False,test_sload_same_key_benchmark,SLOAD,target_coef
WARM_ACCESS,nethermind,0.00011198207295488753,0.001,7.8329627081945e-05,0.00014332856282271402,test_ext_account_query_warm,BALANCE,target_coef,presets[warm_account_access],3.174345488422943e-06,0.5515156793593167,0.5408374812488241,,,BALANCE,11.198207295488753,12,False,False,test_ext_account_query_warm,BALANCE,target_coef
WARM_ACCESS,nethermind,0.00024071950863831926,0.001,0.00020961399111454657,0.0002729491095321836,test_ext_account_query_warm,CALL,target_coef,presets[warm_account_access],1.20763275183143e-05,0.8064929549580446,0.8018856443618075,,,CALL,24.071950863831926,25,False,False,test_ext_account_query_warm,CALL,target_coef
WARM_ACCESS,nethermind,0.00014171419987719125,0.001,0.00010091432354510197,0.00018019132177187405,test_ext_account_query_warm,CALLCODE,target_coef,presets[warm_account_access],1.20763275183143e-05,0.5215660825070523,0.5101747987572203,,,CALLCODE,14.171419987719124,15,False,False,test_ext_account_query_warm,CALLCODE,target_coef
WARM_ACCESS,nethermind,0.0003706667583138733,0.001,0.00030835938837232184,0.0004291017726646707,test_ext_account_query_warm,DELEGATECALL,target_coef,presets[warm_account_access],1.20763275183143e-05,0.7569322444677695,0.7511449169550973,,,DELEGATECALL,37.06667583138733,38,False,True,test_ext_account_query_warm,DELEGATECALL,target_coef
WARM_ACCESS,nethermind,0.0002011742942239455,0.001,0.00016625633119248196,0.00023785353659101454,test_ext_account_query_warm,EXTCODEHASH,target_coef,presets[warm_account_access],3.174345488422943e-06,0.7322838881764594,0.7259096950378037,,,EXTCODEHASH,20.11742942239455,21,False,False,test_ext_account_query_warm,EXTCODEHASH,target_coef
WARM_ACCESS,nethermind,0.00021661114006339894,0.001,0.0001736388315100585,0.00026128374437586494,test_ext_account_query_warm,EXTCODESIZE,target_coef,presets[warm_account_access],3.174345488422943e-06,0.6882398461081582,0.6808169853012096,,,EXTCODESIZE,21.661114006339893,22,False,False,test_ext_account_query_warm,EXTCODESIZE,target_coef
WARM_ACCESS,nethermind,0.0002979365377158809,0.001,0.0002494631394992679,0.0003449768399296639,test_ext_account_query_warm,STATICCALL,target_coef,presets[warm_account_access],1.20763275183143e-05,0.7765518794194534,0.7712316860722974,,,STATICCALL,29.793653771588087,30,False,False,test_ext_account_query_warm,STATICCALL,target_coef
WARM_ACCESS,nethermind,0.00013940176269954557,0.001,0.00011701644931734664,0.00016509055870521868,test_sload_same_key_benchmark,SLOAD,target_coef,presets[warm_storage_access_sload],0.0,0.6037580641192879,0.599150599748582,,,,13.940176269954557,14,False,False,test_sload_same_key_benchmark,SLOAD,target_coef
WARM_ACCESS,reth,1.180589669493223e-05,0.001,1.0176975827092051e-05,1.331279461116087e-05,test_ext_account_query_warm,BALANCE,target_coef,presets[warm_account_access],0.0,0.576681476125967,0.5727618601641704,,,BALANCE,1.180589669493223,2,False,False,test_ext_account_query_warm,BALANCE,target_coef
WARM_ACCESS,reth,6.03520502476709e-05,0.001,5.759137705075807e-05,6.326096019901436e-05,test_ext_account_query_warm,CALL,target_coef,presets[warm_account_access],0.0,0.9443303488371204,0.9438148891041308,,,CALL,6.03520502476709,7,False,True,test_ext_account_query_warm,CALL,target_coef
WARM_ACCESS,reth,5.7302618195991896e-05,0.001,5.3984627844211743e-05,6.0482706340501464e-05,test_ext_account_query_warm,CALLCODE,target_coef,presets[warm_account_access],0.0,0.9277513358872511,0.927082366775096,,,CALLCODE,5.73026181959919,6,False,False,test_ext_account_query_warm,CALLCODE,target_coef
WARM_ACCESS,reth,5.632912125519136e-05,0.001,5.422132780656688e-05,5.852492417651146e-05,test_ext_account_query_warm,DELEGATECALL,target_coef,presets[warm_account_access],0.0,0.9396679977728908,0.9391093681226398,,,DELEGATECALL,5.632912125519136,6,False,False,test_ext_account_query_warm,DELEGATECALL,target_coef
WARM_ACCESS,reth,1.369939439045011e-05,0.001,1.2182444707625516e-05,1.518116324910498e-05,test_ext_account_query_warm,EXTCODEHASH,target_coef,presets[warm_account_access],0.0,0.728267500633577,0.7257514589727768,,,EXTCODEHASH,1.3699394390450108,2,False,False,test_ext_account_query_warm,EXTCODEHASH,target_coef
WARM_ACCESS,reth,1.0426002817995442e-05,0.001,8.62735281287025e-06,1.2249851437892143e-05,test_ext_account_query_warm,EXTCODESIZE,target_coef,presets[warm_account_access],0.0,0.5164972380649151,0.5120203606395903,,,EXTCODESIZE,1.0426002817995441,2,False,False,test_ext_account_query_warm,EXTCODESIZE,target_coef
WARM_ACCESS,reth,5.6658165691095615e-05,0.001,5.319653564497526e-05,5.986949520461526e-05,test_ext_account_query_warm,STATICCALL,target_coef,presets[warm_account_access],0.0,0.9196835571471413,0.9189398863799852,,,STATICCALL,5.665816569109562,6,False,False,test_ext_account_query_warm,STATICCALL,target_coef
WARM_ACCESS,reth,7.795809169225667e-06,0.001,6.647982885348466e-06,8.92519113117225e-06,test_sload_same_key_benchmark,SLOAD,target_coef,presets[warm_storage_access_sload],0.0,0.4826540656969355,0.4802809192093067,,,,0.7795809169225667,1,True,False,test_sload_same_key_benchmark,SLOAD,target_coef
COLD_ACCOUNT_NOCODE_ACCESS,besu,0.013779724811263185,0.001,0.013371111319476483,0.014265183078031674,test_account_access,BALANCE,target_coef,presets[cold_account_nocode_access],0.0005194822005129883,0.9842413128378771,0.9839950833509689,AccountMode.EXISTING_EOA,,BALANCE,1377.9724811263184,1378,False,False,test_account_access,BALANCE,target_coef
COLD_ACCOUNT_NOCODE_ACCESS,besu,0.014183266663017538,0.001,0.013836014646378379,0.014604202673069753,test_account_access,BALANCE,target_coef,presets[cold_account_nocode_access],0.0005194822005129883,0.986264668974729,0.9860500544274591,AccountMode.NON_EXISTING_ACCOUNT,,BALANCE,1418.326666301754,1419,False,False,test_account_access,BALANCE,target_coef
COLD_ACCOUNT_NOCODE_ACCESS,besu,0.015583388639561917,0.001,0.015022934054967695,0.016138264360570292,test_account_access,CALL,target_coef,presets[cold_account_nocode_access],0.0019049313337896991,0.981854090969026,0.981570561140417,AccountMode.EXISTING_EOA,,CALL,1558.3388639561917,1559,False,False,test_account_access,CALL,target_coef
COLD_ACCOUNT_NOCODE_ACCESS,besu,0.01708951854107118,0.001,0.0165740791866373,0.017638234614946503,test_account_access,CALL,target_coef,presets[cold_account_nocode_access],0.0019049910110544104,0.9862112495692384,0.9859958003437578,AccountMode.NON_EXISTING_ACCOUNT,,CALL,1708.951854107118,1709,False,False,test_account_access,CALL,target_coef
COLD_ACCOUNT_NOCODE_ACCESS,besu,0.014590430475591994,0.001,0.013983307037645634,0.015228727328054598,test_account_access,CALLCODE,target_coef,presets[cold_account_nocode_access],0.0019049313337896991,0.9774135729003365,0.9770606599769043,AccountMode.EXISTING_EOA,,CALLCODE,1459.0430475591993,1460,False,False,test_account_access,CALLCODE,target_coef
COLD_ACCOUNT_NOCODE_ACCESS,besu,0.014464190458604968,0.001,0.014077131084060737,0.014886076150902906,test_account_access,CALLCODE,target_coef,presets[cold_account_nocode_access],0.0019049313337896991,0.9895142805883576,0.9893504412225507,AccountMode.NON_EXISTING_ACCOUNT,,CALLCODE,1446.419045860497,1447,False,False,test_account_access,CALLCODE,target_coef
COLD_ACCOUNT_NOCODE_ACCESS,besu,0.01505461578099545,0.001,0.014670124888482093,0.015491552732758557,test_account_access,DELEGATECALL,target_coef,presets[cold_account_nocode_access],0.0008657404718138514,0.9894648232652696,0.9893002111287895,AccountMode.EXISTING_EOA,,DELEGATECALL,1505.4615780995448,1506,False,False,test_account_access,DELEGATECALL,target_coef
COLD_ACCOUNT_NOCODE_ACCESS,besu,0.0151685167770443,0.001,0.01481461183441948,0.015549265228219613,test_account_access,DELEGATECALL,target_coef,presets[cold_account_nocode_access],0.0008657404718138514,0.9901543805886313,0.9900005427853287,AccountMode.NON_EXISTING_ACCOUNT,,DELEGATECALL,1516.85167770443,1517,False,False,test_account_access,DELEGATECALL,target_coef
COLD_ACCOUNT_NOCODE_ACCESS,besu,0.014338456140433055,0.001,0.013897760570975833,0.014849446308363894,test_account_access,EXTCODECOPY,target_coef,presets[cold_account_nocode_access],0.0007792158367394682,0.9794994968858362,0.9791791765246773,AccountMode.EXISTING_EOA,,EXTCODECOPY,1433.8456140433057,1434,False,False,test_account_access,EXTCODECOPY,target_coef
COLD_ACCOUNT_NOCODE_ACCESS,besu,0.014075535894254088,0.001,0.013757030126773833,0.01448377804702555,test_account_access,EXTCODECOPY,target_coef,presets[cold_account_nocode_access],0.0007792158367394682,0.9871668110076645,0.9869662924296592,AccountMode.NON_EXISTING_ACCOUNT,,EXTCODECOPY,1407.5535894254087,1408,False,False,test_account_access,EXTCODECOPY,target_coef
COLD_ACCOUNT_NOCODE_ACCESS,besu,0.013768845269986672,0.001,0.013352866496821839,0.014265381701187302,test_account_access,EXTCODEHASH,target_coef,presets[cold_account_nocode_access],0.0005194822005129883,0.9804531039402828,0.9801476836893498,AccountMode.EXISTING_EOA,,EXTCODEHASH,1376.8845269986673,1377,False,False,test_account_access,EXTCODEHASH,target_coef
COLD_ACCOUNT_NOCODE_ACCESS,besu,0.014240538103328237,0.001,0.013897037075939922,0.014563953742025364,test_account_access,EXTCODEHASH,target_coef,presets[cold_account_nocode_access],0.0005194822005129883,0.9887393155967314,0.9885633674029304,AccountMode.NON_EXISTING_ACCOUNT,,EXTCODEHASH,1424.0538103328238,1425,False,False,test_account_access,EXTCODEHASH,target_coef
COLD_ACCOUNT_NOCODE_ACCESS,besu,0.0138195160873847,0.001,0.013437347681354744,0.01421360703772233,test_account_access,EXTCODESIZE,target_coef,presets[cold_account_nocode_access],0.0005194853190587013,0.9881121357522427,0.9879263878733715,AccountMode.EXISTING_EOA,,EXTCODESIZE,1381.9516087384702,1382,False,False,test_account_access,EXTCODESIZE,target_coef
COLD_ACCOUNT_NOCODE_ACCESS,besu,0.013997187285714923,0.001,0.01370424777779172,0.01435683754394669,test_account_access,EXTCODESIZE,target_coef,presets[cold_account_nocode_access],0.0005194853190587013,0.9895958075206132,0.9894332420131228,AccountMode.NON_EXISTING_ACCOUNT,,EXTCODESIZE,1399.7187285714922,1400,False,False,test_account_access,EXTCODESIZE,target_coef
COLD_ACCOUNT_NOCODE_ACCESS,besu,0.016067397121099884,0.001,0.01561999945530406,0.016503578183083668,test_account_access,STATICCALL,target_coef,presets[cold_account_nocode_access],0.0008657404718138514,0.9887843042649128,0.988609059019052,AccountMode.EXISTING_EOA,,STATICCALL,1606.7397121099884,1607,False,False,test_account_access,STATICCALL,target_coef
COLD_ACCOUNT_NOCODE_ACCESS,besu,0.01795690463695581,0.001,0.017455811212807457,0.018506326118890647,test_account_access,STATICCALL,target_coef,presets[cold_account_nocode_access],0.0008657404718138514,0.988346879980496,0.9881647999801912,AccountMode.NON_EXISTING_ACCOUNT,,STATICCALL,1795.690463695581,1796,False,True,test_account_access,STATICCALL,target_coef
COLD_ACCOUNT_NOCODE_ACCESS,erigon,0.008422886172750488,0.001,0.008038056909228103,0.00851735086963066,test_account_access,BALANCE,target_coef,presets[cold_account_nocode_access],9.900959438826901e-06,0.9956711146525571,0.9951901273917301,AccountMode.EXISTING_EOA,,BALANCE,842.2886172750489,843,False,False,test_account_access,BALANCE,target_coef
COLD_ACCOUNT_NOCODE_ACCESS,erigon,0.008123692305313394,0.001,0.0075547836992405455,0.00829146017836039,test_account_access,BALANCE,target_coef,presets[cold_account_nocode_access],9.900959438826901e-06,0.9903178956788234,0.9892421063098038,AccountMode.NON_EXISTING_ACCOUNT,,BALANCE,812.3692305313394,813,False,False,test_account_access,BALANCE,target_coef
COLD_ACCOUNT_NOCODE_ACCESS,erigon,0.008563603110531648,0.001,0.00818711666762851,0.008665845146672742,test_account_access,CALL,target_coef,presets[cold_account_nocode_access],1.9801918877653802e-05,0.9977071376220538,0.9974523751356152,AccountMode.EXISTING_EOA,,CALL,856.3603110531648,857,False,False,test_account_access,CALL,target_coef
COLD_ACCOUNT_NOCODE_ACCESS,erigon,0.00820992558383553,0.001,0.007782922648267956,0.00835835772952474,test_account_access,CALL,target_coef,presets[cold_account_nocode_access],1.9801918877653802e-05,0.995229346932687,0.9946992743696523,AccountMode.NON_EXISTING_ACCOUNT,,CALL,820.992558383553,821,False,False,test_account_access,CALL,target_coef
COLD_ACCOUNT_NOCODE_ACCESS,erigon,0.008119319772791829,0.001,0.0076992463658109595,0.00821293304860844,test_account_access,CALLCODE,target_coef,presets[cold_account_nocode_access],1.9801918877653802e-05,0.9947499922894405,0.9941666580993783,AccountMode.EXISTING_EOA,,CALLCODE,811.9319772791829,812,False,False,test_account_access,CALLCODE,target_coef
COLD_ACCOUNT_NOCODE_ACCESS,erigon,0.007973518420846946,0.001,0.007852757260354986,0.008076827108603503,test_account_access,CALLCODE,target_coef,presets[cold_account_nocode_access],1.9801918877653802e-05,0.9951742812471436,0.9946380902746039,AccountMode.NON_EXISTING_ACCOUNT,,CALLCODE,797.3518420846947,798,False,False,test_account_access,CALLCODE,target_coef
COLD_ACCOUNT_NOCODE_ACCESS,erigon,0.008102915762191534,0.001,0.007866829519730162,0.008197381580196226,test_account_access,DELEGATECALL,target_coef,presets[cold_account_nocode_access],9.900959438826901e-06,0.9958810849775072,0.9954234277527857,AccountMode.EXISTING_EOA,,DELEGATECALL,810.2915762191535,811,False,False,test_account_access,DELEGATECALL,target_coef
COLD_ACCOUNT_NOCODE_ACCESS,erigon,0.008070555144604669,0.001,0.007930798184354894,0.00816519212012798,test_account_access,DELEGATECALL,target_coef,presets[cold_account_nocode_access],9.900959438826901e-06,0.9952208235147918,0.9946898039053242,AccountMode.NON_EXISTING_ACCOUNT,,DELEGATECALL,807.055514460467,808,False,False,test_account_access,DELEGATECALL,target_coef
COLD_ACCOUNT_NOCODE_ACCESS,erigon,0.007918078443049478,0.001,0.007692453553260432,0.008002378034984669,test_account_access,EXTCODECOPY,target_coef,presets[cold_account_nocode_access],9.900959438826901e-06,0.9958694465305702,0.995410496145078,AccountMode.EXISTING_EOA,,EXTCODECOPY,791.8078443049478,792,False,False,test_account_access,EXTCODECOPY,target_coef
COLD_ACCOUNT_NOCODE_ACCESS,erigon,0.007809979353019596,0.001,0.007541259282761748,0.007914748393137973,test_account_access,EXTCODECOPY,target_coef,presets[cold_account_nocode_access],9.900959438826901e-06,0.9963542555011361,0.9959491727790402,AccountMode.NON_EXISTING_ACCOUNT,,EXTCODECOPY,780.9979353019596,781,False,False,test_account_access,EXTCODECOPY,target_coef
COLD_ACCOUNT_NOCODE_ACCESS,erigon,0.008437620278394758,0.001,0.008145017040132395,0.008529593280442177,test_account_access,EXTCODEHASH,target_coef,presets[cold_account_nocode_access],9.900959438826901e-06,0.9977337132891749,0.9974819036546388,AccountMode.EXISTING_EOA,,EXTCODEHASH,843.7620278394759,844,False,False,test_account_access,EXTCODEHASH,target_coef
COLD_ACCOUNT_NOCODE_ACCESS,erigon,0.007921196440386438,0.001,0.007790208894778718,0.007995179682181526,test_account_access,EXTCODEHASH,target_coef,presets[cold_account_nocode_access],9.900959438826901e-06,0.9963180717180056,0.9959089685755618,AccountMode.NON_EXISTING_ACCOUNT,,EXTCODEHASH,792.1196440386439,793,False,False,test_account_access,EXTCODEHASH,target_coef
COLD_ACCOUNT_NOCODE_ACCESS,erigon,0.007885432104955101,0.001,0.007718289558525381,0.008009578172272698,test_account_access,EXTCODESIZE,target_coef,presets[cold_account_nocode_access],9.900959438826901e-06,0.99359960400725,0.9928884488969445,AccountMode.EXISTING_EOA,,EXTCODESIZE,788.5432104955102,789,False,False,test_account_access,EXTCODESIZE,target_coef
COLD_ACCOUNT_NOCODE_ACCESS,erigon,0.007826627335023461,0.001,0.007703530075634116,0.00793611102146861,test_account_access,EXTCODESIZE,target_coef,presets[cold_account_nocode_access],9.900959438826901e-06,0.9954073204705047,0.9948970227450052,AccountMode.NON_EXISTING_ACCOUNT,,EXTCODESIZE,782.6627335023461,783,False,False,test_account_access,EXTCODESIZE,target_coef
COLD_ACCOUNT_NOCODE_ACCESS,erigon,0.008575717468151408,0.001,0.008449004917578232,0.008643971551843075,test_account_access,STATICCALL,target_coef,presets[cold_account_nocode_access],9.900959438826901e-06,0.9974799051721869,0.9971998946357632,AccountMode.EXISTING_EOA,,STATICCALL,857.5717468151408,858,False,False,test_account_access,STATICCALL,target_coef
COLD_ACCOUNT_NOCODE_ACCESS,erigon,0.008799630115009862,0.001,0.008676100365395616,0.008868249691195209,test_account_access,STATICCALL,target_coef,presets[cold_account_nocode_access],9.900959438826901e-06,0.9985926646746723,0.9984362940829693,AccountMode.NON_EXISTING_ACCOUNT,,STATICCALL,879.9630115009862,880,False,True,test_account_access,STATICCALL,target_coef
COLD_ACCOUNT_NOCODE_ACCESS,geth,0.011431978079710565,0.001,0.01105685538329697,0.01183781066313772,test_account_access,BALANCE,target_coef,presets[cold_account_nocode_access],0.0,0.9731744756589525,0.9729237698239894,AccountMode.EXISTING_EOA,,BALANCE,1143.1978079710566,1144,False,False,test_account_access,BALANCE,target_coef
COLD_ACCOUNT_NOCODE_ACCESS,geth,0.021992244179839873,0.001,0.02133230346533145,0.02260560963849772,test_account_access,BALANCE,target_coef,presets[cold_account_nocode_access],0.0,0.9806416196476093,0.9804623753850872,AccountMode.NON_EXISTING_ACCOUNT,,BALANCE,2199.224417983987,2200,False,False,test_account_access,BALANCE,target_coef
COLD_ACCOUNT_NOCODE_ACCESS,geth,0.011648380213883907,0.001,0.011308636758475129,0.011973710378908762,test_account_access,CALL,target_coef,presets[cold_account_nocode_access],0.0,0.9800114757006024,0.9798246670622903,AccountMode.EXISTING_EOA,,CALL,1164.8380213883909,1165,False,False,test_account_access,CALL,target_coef
COLD_ACCOUNT_NOCODE_ACCESS,geth,0.022113688918205605,0.001,0.02161189086463488,0.02263530097854927,test_account_access,CALL,target_coef,presets[cold_account_nocode_access],0.0,0.9848141610862025,0.9846735514666303,AccountMode.NON_EXISTING_ACCOUNT,,CALL,2211.3688918205607,2212,False,False,test_account_access,CALL,target_coef
COLD_ACCOUNT_NOCODE_ACCESS,geth,0.011614883075589279,0.001,0.011244673927794002,0.011957052074129629,test_account_access,CALLCODE,target_coef,presets[cold_account_nocode_access],0.0,0.9756345191131074,0.9754089128085991,AccountMode.EXISTING_EOA,,CALLCODE,1161.488307558928,1162,False,False,test_account_access,CALLCODE,target_coef
COLD_ACCOUNT_NOCODE_ACCESS,geth,0.02217969039059323,0.001,0.021558925544422968,0.022721562548798712,test_account_access,CALLCODE,target_coef,presets[cold_account_nocode_access],0.0,0.9832034589313494,0.9830464819120163,AccountMode.NON_EXISTING_ACCOUNT,,CALLCODE,2217.9690390593228,2218,False,False,test_account_access,CALLCODE,target_coef
COLD_ACCOUNT_NOCODE_ACCESS,geth,0.011451158725227069,0.001,0.011053032184376565,0.011816995762751152,test_account_access,DELEGATECALL,target_coef,presets[cold_account_nocode_access],0.0,0.9731537581330918,0.9729051818195094,AccountMode.EXISTING_EOA,,DELEGATECALL,1145.115872522707,1146,False,False,test_account_access,DELEGATECALL,target_coef
COLD_ACCOUNT_NOCODE_ACCESS,geth,0.022236217282185576,0.001,0.021577234003428696,0.022835785349731633,test_account_access,DELEGATECALL,target_coef,presets[cold_account_nocode_access],0.0,0.9785336955799635,0.9783292545854869,AccountMode.NON_EXISTING_ACCOUNT,,DELEGATECALL,2223.6217282185576,2224,False,False,test_account_access,DELEGATECALL,target_coef
COLD_ACCOUNT_NOCODE_ACCESS,geth,0.011911872871338887,0.001,0.011595879738284997,0.012238348133687443,test_account_access,EXTCODECOPY,target_coef,presets[cold_account_nocode_access],0.0,0.9770181587817078,0.9768013489588938,AccountMode.EXISTING_EOA,,EXTCODECOPY,1191.1872871338885,1192,False,False,test_account_access,EXTCODECOPY,target_coef
COLD_ACCOUNT_NOCODE_ACCESS,geth,0.022160303891267573,0.001,0.021551856808329245,0.022713687651898882,test_account_access,EXTCODECOPY,target_coef,presets[cold_account_nocode_access],0.0,0.9809696488988736,0.9807917951502649,AccountMode.NON_EXISTING_ACCOUNT,,EXTCODECOPY,2216.030389126757,2217,False,False,test_account_access,EXTCODECOPY,target_coef
COLD_ACCOUNT_NOCODE_ACCESS,geth,0.011377881325010369,0.001,0.011056616522582321,0.011713364096676756,test_account_access,EXTCODEHASH,target_coef,presets[cold_account_nocode_access],0.0,0.9749437685808653,0.9747073890391753,AccountMode.EXISTING_EOA,,EXTCODEHASH,1137.788132501037,1138,False,False,test_account_access,EXTCODEHASH,target_coef
COLD_ACCOUNT_NOCODE_ACCESS,geth,0.021204507208510682,0.001,0.020514750465849482,0.021854123058096846,test_account_access,EXTCODEHASH,target_coef,presets[cold_account_nocode_access],0.0,0.9776709479736382,0.9774622652444198,AccountMode.NON_EXISTING_ACCOUNT,,EXTCODEHASH,2120.4507208510686,2121,False,False,test_account_access,EXTCODEHASH,target_coef
COLD_ACCOUNT_NOCODE_ACCESS,geth,0.011397016619427538,0.001,0.011010332559899758,0.011781572747081652,test_account_access,EXTCODESIZE,target_coef,presets[cold_account_nocode_access],0.0,0.9750954297486696,0.9748648318759721,AccountMode.EXISTING_EOA,,EXTCODESIZE,1139.7016619427536,1140,False,False,test_account_access,EXTCODESIZE,target_coef
COLD_ACCOUNT_NOCODE_ACCESS,geth,0.02164576289251627,0.001,0.02102593345022749,0.02230824816459611,test_account_access,EXTCODESIZE,target_coef,presets[cold_account_nocode_access],0.0,0.9789052617659977,0.9787043594971024,AccountMode.NON_EXISTING_ACCOUNT,,EXTCODESIZE,2164.576289251627,2165,False,False,test_account_access,EXTCODESIZE,target_coef
COLD_ACCOUNT_NOCODE_ACCESS,geth,0.011373239187391282,0.001,0.011018701612846061,0.011701922568069253,test_account_access,STATICCALL,target_coef,presets[cold_account_nocode_access],0.0,0.9787732868106592,0.9785749063135626,AccountMode.EXISTING_EOA,,STATICCALL,1137.3239187391282,1138,False,False,test_account_access,STATICCALL,target_coef
COLD_ACCOUNT_NOCODE_ACCESS,geth,0.02234294899184202,0.001,0.021825629909623768,0.022863502264132824,test_account_access,STATICCALL,target_coef,presets[cold_account_nocode_access],0.0,0.9850369431764555,0.9848983963540153,AccountMode.NON_EXISTING_ACCOUNT,,STATICCALL,2234.2948991842018,2235,False,True,test_account_access,STATICCALL,target_coef
COLD_ACCOUNT_NOCODE_ACCESS,nethermind,0.0031538456267812638,0.001,0.002880929519715377,0.0034554458764052072,test_account_access,BALANCE,target_coef,presets[cold_account_nocode_access],6.348690976845886e-06,0.893829693674102,0.8913018292377711,AccountMode.EXISTING_EOA,,BALANCE,315.3845626781264,316,False,False,test_account_access,BALANCE,target_coef
COLD_ACCOUNT_NOCODE_ACCESS,nethermind,0.0029617897269084282,0.001,0.0025727421414997024,0.003387967419617035,test_account_access,BALANCE,target_coef,presets[cold_account_nocode_access],6.348690976845886e-06,0.8441723747519015,0.8404621931983753,AccountMode.NON_EXISTING_ACCOUNT,,BALANCE,296.17897269084284,297,False,False,test_account_access,BALANCE,target_coef
COLD_ACCOUNT_NOCODE_ACCESS,nethermind,0.003834501440875822,0.001,0.0035012041767927965,0.0041539602890086555,test_account_access,CALL,target_coef,presets[cold_account_nocode_access],3.0501346013474483e-05,0.9395590478769934,0.9381199775883504,AccountMode.EXISTING_EOA,,CALL,383.4501440875822,384,False,False,test_account_access,CALL,target_coef
COLD_ACCOUNT_NOCODE_ACCESS,nethermind,0.003976614111199646,0.001,0.003645223743061855,0.004353240278722847,test_account_access,CALL,target_coef,presets[cold_account_nocode_access],3.0501346013474483e-05,0.9252719575685726,0.9234927184630625,AccountMode.NON_EXISTING_ACCOUNT,,CALL,397.66141111996455,398,False,True,test_account_access,CALL,target_coef
COLD_ACCOUNT_NOCODE_ACCESS,nethermind,0.00358083944006469,0.001,0.0031849534769834175,0.003990276013662894,test_account_access,CALLCODE,target_coef,presets[cold_account_nocode_access],3.0501346013474483e-05,0.9008389027426374,0.8984779242365097,AccountMode.EXISTING_EOA,,CALLCODE,358.08394400646904,359,False,False,test_account_access,CALLCODE,target_coef
COLD_ACCOUNT_NOCODE_ACCESS,nethermind,0.002922484074558973,0.001,0.0026259312357324958,0.003241994943217872,test_account_access,CALLCODE,target_coef,presets[cold_account_nocode_access],3.0501346013474483e-05,0.8870714586467043,0.8843826838525782,AccountMode.NON_EXISTING_ACCOUNT,,CALLCODE,292.24840745589734,293,False,False,test_account_access,CALLCODE,target_coef
COLD_ACCOUNT_NOCODE_ACCESS,nethermind,0.0033946455236098503,0.001,0.0030096172314897644,0.0037739024828275704,test_account_access,DELEGATECALL,target_coef,presets[cold_account_nocode_access],1.5250673006737241e-05,0.8877623189920547,0.8850899932537704,AccountMode.EXISTING_EOA,,DELEGATECALL,339.464552360985,340,False,False,test_account_access,DELEGATECALL,target_coef
COLD_ACCOUNT_NOCODE_ACCESS,nethermind,0.003421633594069623,0.001,0.003067590663327125,0.0037603532230542536,test_account_access,DELEGATECALL,target_coef,presets[cold_account_nocode_access],1.5250673006737241e-05,0.8722718318563569,0.869230684995794,AccountMode.NON_EXISTING_ACCOUNT,,DELEGATECALL,342.1633594069623,343,False,False,test_account_access,DELEGATECALL,target_coef
COLD_ACCOUNT_NOCODE_ACCESS,nethermind,0.0029891109558215175,0.001,0.002692474252164663,0.0032597291971289697,test_account_access,EXTCODECOPY,target_coef,presets[cold_account_nocode_access],6.348690976845886e-06,0.9122443192708923,0.9101548983011517,AccountMode.EXISTING_EOA,,EXTCODECOPY,298.91109558215175,299,False,False,test_account_access,EXTCODECOPY,target_coef
COLD_ACCOUNT_NOCODE_ACCESS,nethermind,0.0029295757314263364,0.001,0.0026967622874753423,0.0031633364648072063,test_account_access,EXTCODECOPY,target_coef,presets[cold_account_nocode_access],6.348690976845886e-06,0.9372643333835344,0.9357706270355234,AccountMode.NON_EXISTING_ACCOUNT,,EXTCODECOPY,292.95757314263363,293,False,False,test_account_access,EXTCODECOPY,target_coef
COLD_ACCOUNT_NOCODE_ACCESS,nethermind,0.0031492619183428588,0.001,0.0028441715648342835,0.003481391185163756,test_account_access,EXTCODEHASH,target_coef,presets[cold_account_nocode_access],6.348690976845886e-06,0.8968002739588089,0.8943431376244948,AccountMode.EXISTING_EOA,,EXTCODEHASH,314.9261918342859,315,False,False,test_account_access,EXTCODEHASH,target_coef
COLD_ACCOUNT_NOCODE_ACCESS,nethermind,0.003353728140806279,0.001,0.003059105619171234,0.0036271542364863024,test_account_access,EXTCODEHASH,target_coef,presets[cold_account_nocode_access],6.348690976845886e-06,0.9331380757372169,0.9315461251595315,AccountMode.NON_EXISTING_ACCOUNT,,EXTCODEHASH,335.37281408062785,336,False,False,test_account_access,EXTCODEHASH,target_coef
COLD_ACCOUNT_NOCODE_ACCESS,nethermind,0.002942662720310557,0.001,0.002694402288419865,0.003199835340557686,test_account_access,EXTCODESIZE,target_coef,presets[cold_account_nocode_access],6.348690976845886e-06,0.9066044213983944,0.9043807171459752,AccountMode.EXISTING_EOA,,EXTCODESIZE,294.2662720310557,295,False,False,test_account_access,EXTCODESIZE,target_coef
COLD_ACCOUNT_NOCODE_ACCESS,nethermind,0.002977977567904668,0.001,0.002670582657891179,0.0033581845551975673,test_account_access,EXTCODESIZE,target_coef,presets[cold_account_nocode_access],6.348690976845886e-06,0.8907904064629233,0.8881901780453738,AccountMode.NON_EXISTING_ACCOUNT,,EXTCODESIZE,297.7977567904668,298,False,False,test_account_access,EXTCODESIZE,target_coef
COLD_ACCOUNT_NOCODE_ACCESS,nethermind,0.003941138779808104,0.001,0.0036725526492954073,0.004227645553470751,test_account_access,STATICCALL,target_coef,presets[cold_account_nocode_access],1.5250673006737241e-05,0.9422513669108462,0.9408763994563425,AccountMode.EXISTING_EOA,,STATICCALL,394.11387798081034,395,False,False,test_account_access,STATICCALL,target_coef
COLD_ACCOUNT_NOCODE_ACCESS,nethermind,0.0035064093768503927,0.001,0.0031203197790355477,0.003921296914609748,test_account_access,STATICCALL,target_coef,presets[cold_account_nocode_access],1.5250673006737241e-05,0.9028852073788298,0.9005729504116591,AccountMode.NON_EXISTING_ACCOUNT,,STATICCALL,350.6409376850393,351,False,False,test_account_access,STATICCALL,target_coef
COLD_ACCOUNT_NOCODE_ACCESS,reth,0.001130986034345936,0.001,0.0010690093545992832,0.0011884875717170808,test_account_access,BALANCE,target_coef,presets[cold_account_nocode_access],0.0,0.9163316310657453,0.9155569239459838,AccountMode.EXISTING_EOA,,BALANCE,113.0986034345936,114,False,False,test_account_access,BALANCE,target_coef
COLD_ACCOUNT_NOCODE_ACCESS,reth,0.0009431081034883749,0.001,0.0008990703424583867,0.0009915983177226388,test_account_access,BALANCE,target_coef,presets[cold_account_nocode_access],0.0,0.9196173909171037,0.9188731074996694,AccountMode.NON_EXISTING_ACCOUNT,,BALANCE,94.31081034883749,95,False,False,test_account_access,BALANCE,target_coef
COLD_ACCOUNT_NOCODE_ACCESS,reth,0.001624095641285504,0.001,0.0015485707245405957,0.001705289182406761,test_account_access,CALL,target_coef,presets[cold_account_nocode_access],0.0,0.9380764841745742,0.9375031182873018,AccountMode.EXISTING_EOA,,CALL,162.40956412855041,163,False,True,test_account_access,CALL,target_coef
COLD_ACCOUNT_NOCODE_ACCESS,reth,0.0010973972395823127,0.001,0.0010429888352078097,0.0011559752810570193,test_account_access,CALL,target_coef,presets[cold_account_nocode_access],0.0,0.9310825911937678,0.9304444670381545,AccountMode.NON_EXISTING_ACCOUNT,,CALL,109.73972395823128,110,False,False,test_account_access,CALL,target_coef
COLD_ACCOUNT_NOCODE_ACCESS,reth,0.0011699028728403226,0.001,0.001113262094002088,0.0012230588758005792,test_account_access,CALLCODE,target_coef,presets[cold_account_nocode_access],0.0,0.9408133433517871,0.9402653187531925,AccountMode.EXISTING_EOA,,CALLCODE,116.99028728403225,117,False,False,test_account_access,CALLCODE,target_coef
COLD_ACCOUNT_NOCODE_ACCESS,reth,0.000917371597311792,0.001,0.000865008134771397,0.0009736406649976565,test_account_access,CALLCODE,target_coef,presets[cold_account_nocode_access],0.0,0.9195543671225154,0.9188095001514276,AccountMode.NON_EXISTING_ACCOUNT,,CALLCODE,91.7371597311792,92,False,False,test_account_access,CALLCODE,target_coef
COLD_ACCOUNT_NOCODE_ACCESS,reth,0.0011749018946893817,0.001,0.0011034390925762974,0.0012471683294615426,test_account_access,DELEGATECALL,target_coef,presets[cold_account_nocode_access],0.0,0.9173967008708894,0.9166318555085828,AccountMode.EXISTING_EOA,,DELEGATECALL,117.49018946893817,118,False,False,test_account_access,DELEGATECALL,target_coef
COLD_ACCOUNT_NOCODE_ACCESS,reth,0.0009709561965266247,0.001,0.0009123111695770341,0.0010280681924708511,test_account_access,DELEGATECALL,target_coef,presets[cold_account_nocode_access],0.0,0.9261686783415841,0.925485054992895,AccountMode.NON_EXISTING_ACCOUNT,,DELEGATECALL,97.09561965266246,98,False,False,test_account_access,DELEGATECALL,target_coef
COLD_ACCOUNT_NOCODE_ACCESS,reth,0.0011641773579649458,0.001,0.0010976395570804537,0.0012325727926488059,test_account_access,EXTCODECOPY,target_coef,presets[cold_account_nocode_access],0.0,0.9158189541623062,0.9150395000341793,AccountMode.EXISTING_EOA,,EXTCODECOPY,116.41773579649458,117,False,False,test_account_access,EXTCODECOPY,target_coef
COLD_ACCOUNT_NOCODE_ACCESS,reth,0.0009544633541560745,0.001,0.0008979928146828922,0.0010105994623377489,test_account_access,EXTCODECOPY,target_coef,presets[cold_account_nocode_access],0.0,0.905874647249659,0.9050031162056744,AccountMode.NON_EXISTING_ACCOUNT,,EXTCODECOPY,95.44633541560745,96,False,False,test_account_access,EXTCODECOPY,target_coef
COLD_ACCOUNT_NOCODE_ACCESS,reth,0.0011486206963288626,0.001,0.0010872887388438958,0.0012127614168532838,test_account_access,EXTCODEHASH,target_coef,presets[cold_account_nocode_access],0.0,0.9153747394288563,0.9145911722013457,AccountMode.EXISTING_EOA,,EXTCODEHASH,114.86206963288626,115,False,False,test_account_access,EXTCODEHASH,target_coef
COLD_ACCOUNT_NOCODE_ACCESS,reth,0.0009358695688235407,0.001,0.0008735203164066448,0.0010046533742527545,test_account_access,EXTCODEHASH,target_coef,presets[cold_account_nocode_access],0.0,0.8909168833143082,0.8899068544561073,AccountMode.NON_EXISTING_ACCOUNT,,EXTCODEHASH,93.58695688235406,94,False,False,test_account_access,EXTCODEHASH,target_coef
COLD_ACCOUNT_NOCODE_ACCESS,reth,0.0012079800354493314,0.001,0.0011551374493809176,0.001262020098157634,test_account_access,EXTCODESIZE,target_coef,presets[cold_account_nocode_access],0.0,0.9407514234221103,0.9402028254908334,AccountMode.EXISTING_EOA,,EXTCODESIZE,120.79800354493314,121,False,False,test_account_access,EXTCODESIZE,target_coef
COLD_ACCOUNT_NOCODE_ACCESS,reth,0.0008998890198085761,0.001,0.0008442735867811809,0.0009625177326508356,test_account_access,EXTCODESIZE,target_coef,presets[cold_account_nocode_access],0.0,0.9059571304743201,0.9050863631638972,AccountMode.NON_EXISTING_ACCOUNT,,EXTCODESIZE,89.9889019808576,90,False,False,test_account_access,EXTCODESIZE,target_coef
COLD_ACCOUNT_NOCODE_ACCESS,reth,0.0015686631864111349,0.001,0.0014943686554937062,0.0016438265000755623,test_account_access,STATICCALL,target_coef,presets[cold_account_nocode_access],0.0,0.9303213329984895,0.929676160155883,AccountMode.EXISTING_EOA,,STATICCALL,156.8663186411135,157,False,False,test_account_access,STATICCALL,target_coef
COLD_ACCOUNT_NOCODE_ACCESS,reth,0.0010811106805920447,0.001,0.0010261945324394253,0.0011357839661084116,test_account_access,STATICCALL,target_coef,presets[cold_account_nocode_access],0.0,0.9366491691090305,0.9360625873415216,AccountMode.NON_EXISTING_ACCOUNT,,STATICCALL,108.11106805920447,109,False,False,test_account_access,STATICCALL,target_coef
COLD_ACCOUNT_NOCODE_WRITE,besu,0.07669986079143608,0.001,0.07355888756329593,0.07989619438687524,test_account_access,CALL,target_coef,presets[cold_account_nocode_write],0.0019049313337896991,0.9804382138484474,0.9801325609398294,AccountMode.EXISTING_EOA,,CALL,7669.986079143608,7670,False,False,test_account_access,CALL,target_coef
COLD_ACCOUNT_NOCODE_WRITE,besu,0.1494882611130477,0.001,0.14128444459666553,0.1578275262709632,test_account_access,CALL,target_coef,presets[cold_account_nocode_write],0.0019049910110544104,0.9498186305269453,0.9490345466289288,AccountMode.NON_EXISTING_ACCOUNT,,CALL,14948.82611130477,14949,False,True,test_account_access,CALL,target_coef
COLD_ACCOUNT_NOCODE_WRITE,besu,0.022106420327035855,0.001,0.020711172471132425,0.02325838842534152,test_account_access,CALLCODE,target_coef,presets[cold_account_nocode_write],0.0019049313337896991,0.9597027368777756,0.9590730921414908,AccountMode.EXISTING_EOA,,CALLCODE,2210.6420327035853,2211,False,False,test_account_access,CALLCODE,target_coef
COLD_ACCOUNT_NOCODE_WRITE,besu,0.015041687174393161,0.001,0.01414441678812368,0.015875196144920747,test_account_access,CALLCODE,target_coef,presets[cold_account_nocode_write],0.0019049313337896991,0.9516348302453059,0.9508791244678888,AccountMode.NON_EXISTING_ACCOUNT,,CALLCODE,1504.1687174393162,1505,False,False,test_account_access,CALLCODE,target_coef
COLD_ACCOUNT_NOCODE_WRITE,erigon,0.058907867812013265,0.001,0.05726161574492587,0.06151996462448646,test_account_access,CALL,target_coef,presets[cold_account_nocode_write],1.9801918877653802e-05,0.9979516715427289,0.997724079491921,AccountMode.EXISTING_EOA,,CALL,5890.786781201326,5891,False,False,test_account_access,CALL,target_coef
COLD_ACCOUNT_NOCODE_WRITE,erigon,0.2895924199989269,0.001,0.264088526555338,0.30919064725587186,test_account_access,CALL,target_coef,presets[cold_account_nocode_write],1.9801918877653802e-05,0.9939507797832983,0.9932786442036647,AccountMode.NON_EXISTING_ACCOUNT,,CALL,28959.24199989269,28960,False,True,test_account_access,CALL,target_coef
COLD_ACCOUNT_NOCODE_WRITE,erigon,0.008037239091536457,0.001,0.007719212633355949,0.00836881000878898,test_account_access,CALLCODE,target_coef,presets[cold_account_nocode_write],1.9801918877653802e-05,0.995757771355815,0.9952864126175722,AccountMode.EXISTING_EOA,,CALLCODE,803.7239091536458,804,False,False,test_account_access,CALLCODE,target_coef
COLD_ACCOUNT_NOCODE_WRITE,erigon,0.0070667693883855395,0.001,0.006740016192176635,0.00745516474703026,test_account_access,CALLCODE,target_coef,presets[cold_account_nocode_write],1.9801918877653802e-05,0.9964862956755202,0.9960958840839113,AccountMode.NON_EXISTING_ACCOUNT,,CALLCODE,706.676938838554,707,False,False,test_account_access,CALLCODE,target_coef
COLD_ACCOUNT_NOCODE_WRITE,geth,0.06449469719927027,0.001,0.06269732533899015,0.06627123415428228,test_account_access,CALL,target_coef,presets[cold_account_nocode_write],0.0,0.9814891696483536,0.9813161712338523,AccountMode.EXISTING_EOA,,CALL,6449.469719927027,6450,False,False,test_account_access,CALL,target_coef
COLD_ACCOUNT_NOCODE_WRITE,geth,0.12322964223522924,0.001,0.1104982699384633,0.13533040516864503,test_account_access,CALL,target_coef,presets[cold_account_nocode_write],0.0,0.7708545841732,0.7687328673599888,AccountMode.NON_EXISTING_ACCOUNT,,CALL,12322.964223522924,12323,False,True,test_account_access,CALL,target_coef
COLD_ACCOUNT_NOCODE_WRITE,geth,0.01715510823119229,0.001,0.01624787425414113,0.017995582586147148,test_account_access,CALLCODE,target_coef,presets[cold_account_nocode_write],0.0,0.9341551474942,0.9335397750408748,AccountMode.EXISTING_EOA,,CALLCODE,1715.510823119229,1716,False,False,test_account_access,CALLCODE,target_coef
COLD_ACCOUNT_NOCODE_WRITE,geth,0.03057369638016998,0.001,0.029372101036042195,0.031773075136985685,test_account_access,CALLCODE,target_coef,presets[cold_account_nocode_write],0.0,0.9536702802579391,0.9532332074301838,AccountMode.NON_EXISTING_ACCOUNT,,CALLCODE,3057.3696380169977,3058,False,False,test_account_access,CALLCODE,target_coef
COLD_ACCOUNT_NOCODE_WRITE,nethermind,0.03383473559257568,0.001,0.031554219568472895,0.036240099749898516,test_account_access,CALL,target_coef,presets[cold_account_nocode_write],3.0501346013474483e-05,0.9507391840795589,0.9495663075100246,AccountMode.EXISTING_EOA,,CALL,3383.473559257568,3384,False,False,test_account_access,CALL,target_coef
COLD_ACCOUNT_NOCODE_WRITE,nethermind,0.08119565616497056,0.001,0.07369913176106133,0.08720316201505972,test_account_access,CALL,target_coef,presets[cold_account_nocode_write],3.0501346013474483e-05,0.9253266226379117,0.9235486850816714,AccountMode.NON_EXISTING_ACCOUNT,,CALL,8119.565616497056,8120,False,True,test_account_access,CALL,target_coef
COLD_ACCOUNT_NOCODE_WRITE,nethermind,0.005604880365330241,0.001,0.004960470377601671,0.006198626787630146,test_account_access,CALLCODE,target_coef,presets[cold_account_nocode_write],3.0501346013474483e-05,0.8860779698727657,0.883365540584022,AccountMode.EXISTING_EOA,,CALLCODE,560.4880365330241,561,False,False,test_account_access,CALLCODE,target_coef
COLD_ACCOUNT_NOCODE_WRITE,nethermind,0.004985599445465793,0.001,0.004243000965510549,0.005596917711277575,test_account_access,CALLCODE,target_coef,presets[cold_account_nocode_write],3.0501346013474483e-05,0.84647670355732,0.8428213869753514,AccountMode.NON_EXISTING_ACCOUNT,,CALLCODE,498.55994454657935,499,False,False,test_account_access,CALLCODE,target_coef
COLD_ACCOUNT_NOCODE_WRITE,reth,0.02894594990091088,0.001,0.028508869545484174,0.029368987179185135,test_account_access,CALL,target_coef,presets[cold_account_nocode_write],0.0,0.993279932555879,0.9932177097091741,AccountMode.EXISTING_EOA,,CALL,2894.5949900910878,2895,False,False,test_account_access,CALL,target_coef
COLD_ACCOUNT_NOCODE_WRITE,reth,0.04362136502597114,0.001,0.040525647577427076,0.04688814634446262,test_account_access,CALL,target_coef,presets[cold_account_nocode_write],0.0,0.8531079651309368,0.8517478536969639,AccountMode.NON_EXISTING_ACCOUNT,,CALL,4362.1365025971145,4363,False,True,test_account_access,CALL,target_coef
COLD_ACCOUNT_NOCODE_WRITE,reth,0.002041457926103411,0.001,0.0019066745535823294,0.002174983237444617,test_account_access,CALLCODE,target_coef,presets[cold_account_nocode_write],0.0,0.8597565677037661,0.8584580174047268,AccountMode.EXISTING_EOA,,CALLCODE,204.1457926103411,205,False,False,test_account_access,CALLCODE,target_coef
COLD_ACCOUNT_NOCODE_WRITE,reth,0.0016664125390177368,0.001,0.001451200104674535,0.0018633451085440986,test_account_access,CALLCODE,target_coef,presets[cold_account_nocode_write],0.0,0.6516719442085706,0.648446684432724,AccountMode.NON_EXISTING_ACCOUNT,,CALLCODE,166.6412539017737,167,False,False,test_account_access,CALLCODE,target_coef
COLD_ACCOUNT_CODE_ACCESS,besu,0.01895886025072543,0.001,0.01836150045658894,0.01965794865757271,test_account_access,BALANCE,target_coef,presets[cold_account_code_access],1.777310752877185e-07,0.9805026013166142,0.9801979544621863,AccountMode.EXISTING_CONTRACT_DIFF_MAX,,BALANCE,1895.8860250725431,1896,False,False,test_account_access,BALANCE,target_coef
COLD_ACCOUNT_CODE_ACCESS,besu,0.011803092118689535,0.001,0.011235263896429952,0.012396933538373473,test_account_access,BALANCE,target_coef,presets[cold_account_code_access],1.777310752877185e-07,0.9690424995734442,0.9685587886292794,AccountMode.EXISTING_CONTRACT_MINIMAL,,BALANCE,1180.3092118689535,1181,False,False,test_account_access,BALANCE,target_coef
COLD_ACCOUNT_CODE_ACCESS,besu,0.010955345198534595,0.001,0.010447738336542325,0.011499271632829017,test_account_access,BALANCE,target_coef,presets[cold_account_code_access],1.777310752877185e-07,0.9649641066521745,0.9644166708186147,AccountMode.EXISTING_CONTRACT_SAME_MAX,,BALANCE,1095.5345198534594,1096,False,False,test_account_access,BALANCE,target_coef
COLD_ACCOUNT_CODE_ACCESS,besu,0.022135059550691366,0.001,0.02146570080562154,0.02280876688482923,test_account_access,CALL,target_coef,presets[cold_account_code_access],0.0008665909960674687,0.9794656604204187,0.9791448113644877,AccountMode.EXISTING_CONTRACT_DIFF_MAX,,CALL,2213.5059550691367,2214,False,False,test_account_access,CALL,target_coef
COLD_ACCOUNT_CODE_ACCESS,besu,0.014097951229092753,0.001,0.01359272824862945,0.014638229024764473,test_account_access,CALL,target_coef,presets[cold_account_code_access],0.0008665909960674687,0.9852747270045811,0.9850446446140276,AccountMode.EXISTING_CONTRACT_MINIMAL,,CALL,1409.7951229092753,1410,False,False,test_account_access,CALL,target_coef
COLD_ACCOUNT_CODE_ACCESS,besu,0.01277846529360902,0.001,0.012161737079575184,0.013373972759251847,test_account_access,CALL,target_coef,presets[cold_account_code_access],0.0008665909960674687,0.9748616881438651,0.974468902021113,AccountMode.EXISTING_CONTRACT_SAME_MAX,,CALL,1277.846529360902,1278,False,False,test_account_access,CALL,target_coef
COLD_ACCOUNT_CODE_ACCESS,besu,0.021576714208891706,0.001,0.020951796653163827,0.02219379228155962,test_account_access,CALLCODE,target_coef,presets[cold_account_code_access],0.0008665909960674687,0.9845752941929321,0.9843342831646966,AccountMode.EXISTING_CONTRACT_DIFF_MAX,,CALLCODE,2157.671420889171,2158,False,False,test_account_access,CALLCODE,target_coef
COLD_ACCOUNT_CODE_ACCESS,besu,0.012960886921012708,0.001,0.01244118848244391,0.013444133658484505,test_account_access,CALLCODE,target_coef,presets[cold_account_code_access],0.0008665909960674687,0.98017385206639,0.9798640685049274,AccountMode.EXISTING_CONTRACT_MINIMAL,,CALLCODE,1296.088692101271,1297,False,False,test_account_access,CALLCODE,target_coef
COLD_ACCOUNT_CODE_ACCESS,besu,0.011653063287624913,0.001,0.011157368082679855,0.012160853027148713,test_account_access,CALLCODE,target_coef,presets[cold_account_code_access],0.0008665909960674687,0.9765443494412721,0.9761778549012919,AccountMode.EXISTING_CONTRACT_SAME_MAX,,CALLCODE,1165.3063287624911,1166,False,False,test_account_access,CALLCODE,target_coef
COLD_ACCOUNT_CODE_ACCESS,besu,0.02201337081453631,0.001,0.02146991142384342,0.022576508301041603,test_account_access,DELEGATECALL,target_coef,presets[cold_account_code_access],0.00034643636880869245,0.9850408875440657,0.9848071514119418,AccountMode.EXISTING_CONTRACT_DIFF_MAX,,DELEGATECALL,2201.337081453631,2202,False,False,test_account_access,DELEGATECALL,target_coef
COLD_ACCOUNT_CODE_ACCESS,besu,0.013590464802879001,0.001,0.013123510691125287,0.014099273434186882,test_account_access,DELEGATECALL,target_coef,presets[cold_account_code_access],0.00034643636880869245,0.9858704761267925,0.9856497023162736,AccountMode.EXISTING_CONTRACT_MINIMAL,,DELEGATECALL,1359.0464802879003,1360,False,False,test_account_access,DELEGATECALL,target_coef
COLD_ACCOUNT_CODE_ACCESS,besu,0.012038592500936706,0.001,0.011493547550943735,0.012536618280375205,test_account_access,DELEGATECALL,target_coef,presets[cold_account_code_access],0.00034643636880869245,0.9745669517924187,0.9741695604141752,AccountMode.EXISTING_CONTRACT_SAME_MAX,,DELEGATECALL,1203.8592500936707,1204,False,False,test_account_access,DELEGATECALL,target_coef
COLD_ACCOUNT_CODE_ACCESS,besu,0.019646569243825213,0.001,0.0189606871416693,0.020314299312394764,test_account_access,EXTCODECOPY,target_coef,presets[cold_account_code_access],0.00025991714612214756,0.9832432230767949,0.9829813984373699,AccountMode.EXISTING_CONTRACT_DIFF_MAX,,EXTCODECOPY,1964.6569243825213,1965,False,False,test_account_access,EXTCODECOPY,target_coef
COLD_ACCOUNT_CODE_ACCESS,besu,0.012256637625773255,0.001,0.011668037151745603,0.012804956614972175,test_account_access,EXTCODECOPY,target_coef,presets[cold_account_code_access],0.00025991714612214756,0.9698737274838772,0.9694030044758128,AccountMode.EXISTING_CONTRACT_MINIMAL,,EXTCODECOPY,1225.6637625773255,1226,False,False,test_account_access,EXTCODECOPY,target_coef
COLD_ACCOUNT_CODE_ACCESS,besu,0.010589019606977664,0.001,0.010042886762591562,0.011152389797687328,test_account_access,EXTCODECOPY,target_coef,presets[cold_account_code_access],0.00025991714612214756,0.9646738173802443,0.9641218457768106,AccountMode.EXISTING_CONTRACT_SAME_MAX,,EXTCODECOPY,1058.9019606977663,1059,False,False,test_account_access,EXTCODECOPY,target_coef
COLD_ACCOUNT_CODE_ACCESS,besu,0.01950394251507888,0.001,0.018898812450935065,0.02013397776771308,test_account_access,EXTCODEHASH,target_coef,presets[cold_account_code_access],1.777310752877185e-07,0.9800930384455864,0.9797819921712987,AccountMode.EXISTING_CONTRACT_DIFF_MAX,,EXTCODEHASH,1950.394251507888,1951,False,False,test_account_access,EXTCODEHASH,target_coef
COLD_ACCOUNT_CODE_ACCESS,besu,0.011889878005456558,0.001,0.01130269242462942,0.012521824376812417,test_account_access,EXTCODEHASH,target_coef,presets[cold_account_code_access],1.777310752877185e-07,0.9620629865434659,0.9614702207082075,AccountMode.EXISTING_CONTRACT_MINIMAL,,EXTCODEHASH,1188.987800545656,1189,False,False,test_account_access,EXTCODEHASH,target_coef
COLD_ACCOUNT_CODE_ACCESS,besu,0.010471575080719707,0.001,0.009897931565210249,0.010964957353645383,test_account_access,EXTCODEHASH,target_coef,presets[cold_account_code_access],1.777310752877185e-07,0.9651224896234613,0.9645775285238278,AccountMode.EXISTING_CONTRACT_SAME_MAX,,EXTCODEHASH,1047.1575080719708,1048,False,False,test_account_access,EXTCODEHASH,target_coef
COLD_ACCOUNT_CODE_ACCESS,besu,0.01956644147734888,0.001,0.018963042799940818,0.020090656616805765,test_account_access,EXTCODESIZE,target_coef,presets[cold_account_code_access],1.834522775795959e-07,0.9848357424128167,0.984598800888017,AccountMode.EXISTING_CONTRACT_DIFF_MAX,,EXTCODESIZE,1956.6441477348878,1957,False,False,test_account_access,EXTCODESIZE,target_coef
COLD_ACCOUNT_CODE_ACCESS,besu,0.01216455492221269,0.001,0.011659049794288869,0.012609456749620999,test_account_access,EXTCODESIZE,target_coef,presets[cold_account_code_access],1.834522775795959e-07,0.9789190292353556,0.978589639067158,AccountMode.EXISTING_CONTRACT_MINIMAL,,EXTCODESIZE,1216.4554922212687,1217,False,False,test_account_access,EXTCODESIZE,target_coef
COLD_ACCOUNT_CODE_ACCESS,besu,0.01064995213370992,0.001,0.010029238548334726,0.01124048045020896,test_account_access,EXTCODESIZE,target_coef,presets[cold_account_code_access],1.834522775795959e-07,0.9618469222183731,0.9612507803780351,AccountMode.EXISTING_CONTRACT_SAME_MAX,,EXTCODESIZE,1064.9952133709921,1065,False,False,test_account_access,EXTCODESIZE,target_coef
COLD_ACCOUNT_CODE_ACCESS,besu,0.02249349924545124,0.001,0.02194232404864821,0.023074857631344998,test_account_access,STATICCALL,target_coef,presets[cold_account_code_access],0.00034643636880869245,0.9821423607115051,0.9818633350976224,AccountMode.EXISTING_CONTRACT_DIFF_MAX,,STATICCALL,2249.3499245451235,2250,False,True,test_account_access,STATICCALL,target_coef
COLD_ACCOUNT_CODE_ACCESS,besu,0.014819559343540126,0.001,0.014380425305636348,0.015311924765791353,test_account_access,STATICCALL,target_coef,presets[cold_account_code_access],0.00034643636880869245,0.9877727378657178,0.9875816868948697,AccountMode.EXISTING_CONTRACT_MINIMAL,,STATICCALL,1481.9559343540127,1482,False,False,test_account_access,STATICCALL,target_coef
COLD_ACCOUNT_CODE_ACCESS,besu,0.01280936175203977,0.001,0.012205148660275817,0.013282252203735374,test_account_access,STATICCALL,target_coef,presets[cold_account_code_access],0.00034643636880869245,0.9749686618738668,0.9745775472156459,AccountMode.EXISTING_CONTRACT_SAME_MAX,,STATICCALL,1280.9361752039772,1281,False,False,test_account_access,STATICCALL,target_coef
COLD_ACCOUNT_CODE_ACCESS,erigon,0.009244445538560391,0.001,0.008375950423616392,0.009755893646684085,test_account_access,BALANCE,target_coef,presets[cold_account_code_access],0.0,0.98595663145408,0.9843962571711999,AccountMode.EXISTING_CONTRACT_DIFF_MAX,,BALANCE,924.4445538560391,925,False,False,test_account_access,BALANCE,target_coef
COLD_ACCOUNT_CODE_ACCESS,erigon,0.008547436905604484,0.001,0.007508116274582291,0.009219977157041004,test_account_access,BALANCE,target_coef,presets[cold_account_code_access],0.0,0.9766157630923139,0.9740175145470155,AccountMode.EXISTING_CONTRACT_MINIMAL,,BALANCE,854.7436905604485,855,False,False,test_account_access,BALANCE,target_coef
COLD_ACCOUNT_CODE_ACCESS,erigon,0.008372806784596697,0.001,0.007340000129098893,0.00895574888286515,test_account_access,BALANCE,target_coef,presets[cold_account_code_access],0.0,0.9792720874596167,0.9769689860662407,AccountMode.EXISTING_CONTRACT_SAME_MAX,,BALANCE,837.2806784596697,838,False,False,test_account_access,BALANCE,target_coef
COLD_ACCOUNT_CODE_ACCESS,erigon,0.12002800003001103,0.001,0.0885895422813669,0.13479026280663692,test_account_access,CALL,target_coef,presets[cold_account_code_access],0.0,0.8906077264526575,0.8784530293918417,AccountMode.EXISTING_CONTRACT_DIFF_MAX,,CALL,12002.800003001103,12003,False,False,test_account_access,CALL,target_coef
COLD_ACCOUNT_CODE_ACCESS,erigon,0.009444566589553059,0.001,0.008853879376390431,0.009863363890191518,test_account_access,CALL,target_coef,presets[cold_account_code_access],0.0,0.9938213079001879,0.9931347865557643,AccountMode.EXISTING_CONTRACT_MINIMAL,,CALL,944.4566589553059,945,False,False,test_account_access,CALL,target_coef
COLD_ACCOUNT_CODE_ACCESS,erigon,0.009433121453544637,0.001,0.00875533381572592,0.00990004232762041,test_account_access,CALL,target_coef,presets[cold_account_code_access],0.0,0.9898661395230157,0.988740155025573,AccountMode.EXISTING_CONTRACT_SAME_MAX,,CALL,943.3121453544637,944,False,False,test_account_access,CALL,target_coef
COLD_ACCOUNT_CODE_ACCESS,erigon,0.1193837239067984,0.001,0.0881255052613403,0.1340590745603777,test_account_access,CALLCODE,target_coef,presets[cold_account_code_access],0.0,0.8871455478790942,0.8746061643101046,AccountMode.EXISTING_CONTRACT_DIFF_MAX,,CALLCODE,11938.37239067984,11939,False,False,test_account_access,CALLCODE,target_coef
COLD_ACCOUNT_CODE_ACCESS,erigon,0.009191886713479938,0.001,0.00854387545190034,0.00972382780752938,test_account_access,CALLCODE,target_coef,presets[cold_account_code_access],0.0,0.9863534990647094,0.9848372211830104,AccountMode.EXISTING_CONTRACT_MINIMAL,,CALLCODE,919.1886713479938,920,False,False,test_account_access,CALLCODE,target_coef
COLD_ACCOUNT_CODE_ACCESS,erigon,0.008928845983937608,0.001,0.007830952402891046,0.009544077478013913,test_account_access,CALLCODE,target_coef,presets[cold_account_code_access],0.0,0.9808730808763375,0.978747867640375,AccountMode.EXISTING_CONTRACT_SAME_MAX,,CALLCODE,892.8845983937608,893,False,False,test_account_access,CALLCODE,target_coef
COLD_ACCOUNT_CODE_ACCESS,erigon,0.11904922478209562,0.001,0.08816258397449193,0.13441138758269194,test_account_access,DELEGATECALL,target_coef,presets[cold_account_code_access],0.0,0.8869824193958349,0.8744249104398165,AccountMode.EXISTING_CONTRACT_DIFF_MAX,,DELEGATECALL,11904.922478209563,11905,False,False,test_account_access,DELEGATECALL,target_coef
COLD_ACCOUNT_CODE_ACCESS,erigon,0.009107032528308417,0.001,0.008102478420592701,0.009643434669725115,test_account_access,DELEGATECALL,target_coef,presets[cold_account_code_access],0.0,0.9854177627517706,0.983797514168634,AccountMode.EXISTING_CONTRACT_MINIMAL,,DELEGATECALL,910.7032528308417,911,False,False,test_account_access,DELEGATECALL,target_coef
COLD_ACCOUNT_CODE_ACCESS,erigon,0.008806786651992766,0.001,0.007962086472073785,0.009295434545115722,test_account_access,DELEGATECALL,target_coef,presets[cold_account_code_access],0.0,0.9860236017663776,0.9844706686293084,AccountMode.EXISTING_CONTRACT_SAME_MAX,,DELEGATECALL,880.6786651992766,881,False,False,test_account_access,DELEGATECALL,target_coef
COLD_ACCOUNT_CODE_ACCESS,erigon,0.11941319246793625,0.001,0.08827095099548876,0.13379219064271072,test_account_access,EXTCODECOPY,target_coef,presets[cold_account_code_access],0.0,0.888143661650734,0.8757151796119267,AccountMode.EXISTING_CONTRACT_DIFF_MAX,,EXTCODECOPY,11941.319246793624,11942,False,False,test_account_access,EXTCODECOPY,target_coef
COLD_ACCOUNT_CODE_ACCESS,erigon,0.00860204232490861,0.001,0.007585497722663721,0.009129142806854212,test_account_access,EXTCODECOPY,target_coef,presets[cold_account_code_access],0.0,0.9827330164319243,0.9808144627021381,AccountMode.EXISTING_CONTRACT_MINIMAL,,EXTCODECOPY,860.2042324908609,861,False,False,test_account_access,EXTCODECOPY,target_coef
COLD_ACCOUNT_CODE_ACCESS,erigon,0.008101021072619818,0.001,0.007414170169906639,0.008551349284583083,test_account_access,EXTCODECOPY,target_coef,presets[cold_account_code_access],0.0,0.9876717596019925,0.986301955113325,AccountMode.EXISTING_CONTRACT_SAME_MAX,,EXTCODECOPY,810.1021072619818,811,False,False,test_account_access,EXTCODECOPY,target_coef
COLD_ACCOUNT_CODE_ACCESS,erigon,0.009298711580320558,0.001,0.008353948999675238,0.010032126542615505,test_account_access,EXTCODEHASH,target_coef,presets[cold_account_code_access],0.0,0.9834665823766869,0.9816295359740966,AccountMode.EXISTING_CONTRACT_DIFF_MAX,,EXTCODEHASH,929.8711580320559,930,False,False,test_account_access,EXTCODEHASH,target_coef
COLD_ACCOUNT_CODE_ACCESS,erigon,0.008681317195256406,0.001,0.007859043585745733,0.009245142932710485,test_account_access,EXTCODEHASH,target_coef,presets[cold_account_code_access],0.0,0.9845689483100011,0.9828543870111123,AccountMode.EXISTING_CONTRACT_MINIMAL,,EXTCODEHASH,868.1317195256406,869,False,False,test_account_access,EXTCODEHASH,target_coef
COLD_ACCOUNT_CODE_ACCESS,erigon,0.00841875276159064,0.001,0.007457128869385692,0.00901627259957194,test_account_access,EXTCODEHASH,target_coef,presets[cold_account_code_access],0.0,0.9835579200712999,0.9817310223014444,AccountMode.EXISTING_CONTRACT_SAME_MAX,,EXTCODEHASH,841.8752761590639,842,False,False,test_account_access,EXTCODEHASH,target_coef
COLD_ACCOUNT_CODE_ACCESS,erigon,0.13732804000408927,0.001,0.10055854793610572,0.1553803359435659,test_account_access,EXTCODESIZE,target_coef,presets[cold_account_code_access],0.0,0.8866921011245028,0.8741023345827809,AccountMode.EXISTING_CONTRACT_DIFF_MAX,,EXTCODESIZE,13732.804000408927,13733,False,True,test_account_access,EXTCODESIZE,target_coef
COLD_ACCOUNT_CODE_ACCESS,erigon,0.008501985408454682,0.001,0.007636301157518741,0.009027301886291788,test_account_access,EXTCODESIZE,target_coef,presets[cold_account_code_access],0.0,0.9862671132781456,0.9847412369757174,AccountMode.EXISTING_CONTRACT_MINIMAL,,EXTCODESIZE,850.1985408454682,851,False,False,test_account_access,EXTCODESIZE,target_coef
COLD_ACCOUNT_CODE_ACCESS,erigon,0.008448053153208346,0.001,0.0075142462984749,0.009013295941690255,test_account_access,EXTCODESIZE,target_coef,presets[cold_account_code_access],0.0,0.9823162985399793,0.9803514428221992,AccountMode.EXISTING_CONTRACT_SAME_MAX,,EXTCODESIZE,844.8053153208347,845,False,False,test_account_access,EXTCODESIZE,target_coef
COLD_ACCOUNT_CODE_ACCESS,erigon,0.11881804002942713,0.001,0.0859081866743224,0.13415223350533265,test_account_access,STATICCALL,target_coef,presets[cold_account_code_access],0.0,0.8866969953335603,0.8741077725928448,AccountMode.EXISTING_CONTRACT_DIFF_MAX,,STATICCALL,11881.804002942714,11882,False,False,test_account_access,STATICCALL,target_coef
COLD_ACCOUNT_CODE_ACCESS,erigon,0.009600796972452847,0.001,0.008725729607509987,0.010140639918149074,test_account_access,STATICCALL,target_coef,presets[cold_account_code_access],0.0,0.9875641247009178,0.9861823607787976,AccountMode.EXISTING_CONTRACT_MINIMAL,,STATICCALL,960.0796972452847,961,False,False,test_account_access,STATICCALL,target_coef
COLD_ACCOUNT_CODE_ACCESS,erigon,0.009241135753974554,0.001,0.008239272560433684,0.009894976082674149,test_account_access,STATICCALL,target_coef,presets[cold_account_code_access],0.0,0.9776978390490394,0.9752198211655994,AccountMode.EXISTING_CONTRACT_SAME_MAX,,STATICCALL,924.1135753974554,925,False,False,test_account_access,STATICCALL,target_coef
COLD_ACCOUNT_CODE_ACCESS,geth,0.003878620227297744,0.001,0.003831499360408842,0.003923336911069648,test_account_access,BALANCE,target_coef,presets[cold_account_code_access],0.0,0.96021079302342,0.9598318481950717,AccountMode.EXISTING_CONTRACT_DIFF_MAX,,BALANCE,387.8620227297744,388,False,False,test_account_access,BALANCE,target_coef
COLD_ACCOUNT_CODE_ACCESS,geth,0.0050740304419507705,0.001,0.004857860738407252,0.005279591614423669,test_account_access,BALANCE,target_coef,presets[cold_account_code_access],0.0,0.9598393410427489,0.9594640077814662,AccountMode.EXISTING_CONTRACT_MINIMAL,,BALANCE,507.40304419507703,508,False,False,test_account_access,BALANCE,target_coef
COLD_ACCOUNT_CODE_ACCESS,geth,0.004665764247003022,0.001,0.004464609761193306,0.004864110331368584,test_account_access,BALANCE,target_coef,presets[cold_account_code_access],0.0,0.9433412590686936,0.9428067426448133,AccountMode.EXISTING_CONTRACT_SAME_MAX,,BALANCE,466.57642470030225,467,False,False,test_account_access,BALANCE,target_coef
COLD_ACCOUNT_CODE_ACCESS,geth,0.021527490802563855,0.001,0.02021520315147214,0.022987895714707947,test_account_access,CALL,target_coef,presets[cold_account_code_access],0.0,0.9207293379527002,0.9199815015182917,AccountMode.EXISTING_CONTRACT_DIFF_MAX,,CALL,2152.7490802563857,2153,False,False,test_account_access,CALL,target_coef
COLD_ACCOUNT_CODE_ACCESS,geth,0.005233697296021877,0.001,0.004980703089406577,0.005518874724765436,test_account_access,CALL,target_coef,presets[cold_account_code_access],0.0,0.9363243613886464,0.935734772142245,AccountMode.EXISTING_CONTRACT_MINIMAL,,CALL,523.3697296021877,524,False,False,test_account_access,CALL,target_coef
COLD_ACCOUNT_CODE_ACCESS,geth,0.005302059669835914,0.001,0.005035160480424197,0.005559951272801843,test_account_access,CALL,target_coef,presets[cold_account_code_access],0.0,0.9470048742443095,0.9465141786354605,AccountMode.EXISTING_CONTRACT_SAME_MAX,,CALL,530.2059669835913,531,False,False,test_account_access,CALL,target_coef
COLD_ACCOUNT_CODE_ACCESS,geth,0.021798180014470377,0.001,0.02061294231344947,0.023005648608992034,test_account_access,CALLCODE,target_coef,presets[cold_account_code_access],0.0,0.933911098439962,0.9332934451543542,AccountMode.EXISTING_CONTRACT_DIFF_MAX,,CALLCODE,2179.8180014470377,2180,False,False,test_account_access,CALLCODE,target_coef
COLD_ACCOUNT_CODE_ACCESS,geth,0.005195263200076944,0.001,0.004932859225812542,0.0054681851999702265,test_account_access,CALLCODE,target_coef,presets[cold_account_code_access],0.0,0.9405358378171597,0.93996406702694,AccountMode.EXISTING_CONTRACT_MINIMAL,,CALLCODE,519.5263200076944,520,False,False,test_account_access,CALLCODE,target_coef
COLD_ACCOUNT_CODE_ACCESS,geth,0.005370705341549591,0.001,0.005157188606881842,0.005587080084454951,test_account_access,CALLCODE,target_coef,presets[cold_account_code_access],0.0,0.9500635547658559,0.9496011802729472,AccountMode.EXISTING_CONTRACT_SAME_MAX,,CALLCODE,537.070534154959,538,False,False,test_account_access,CALLCODE,target_coef
COLD_ACCOUNT_CODE_ACCESS,geth,0.021480040536272154,0.001,0.020177699189685986,0.022790621976137862,test_account_access,DELEGATECALL,target_coef,presets[cold_account_code_access],0.0,0.9158424356062719,0.9150631988989225,AccountMode.EXISTING_CONTRACT_DIFF_MAX,,DELEGATECALL,2148.0040536272154,2149,False,False,test_account_access,DELEGATECALL,target_coef
COLD_ACCOUNT_CODE_ACCESS,geth,0.005372083002632132,0.001,0.0051696728579531245,0.005604390793210576,test_account_access,DELEGATECALL,target_coef,presets[cold_account_code_access],0.0,0.9611722771513063,0.9608024893146521,AccountMode.EXISTING_CONTRACT_MINIMAL,,DELEGATECALL,537.2083002632132,538,False,False,test_account_access,DELEGATECALL,target_coef
COLD_ACCOUNT_CODE_ACCESS,geth,0.0052686595349577085,0.001,0.005057731474558886,0.005492909374482073,test_account_access,DELEGATECALL,target_coef,presets[cold_account_code_access],0.0,0.9576291777696323,0.95722945303161,AccountMode.EXISTING_CONTRACT_SAME_MAX,,DELEGATECALL,526.8659534957708,527,False,False,test_account_access,DELEGATECALL,target_coef
COLD_ACCOUNT_CODE_ACCESS,geth,0.022340300261489577,0.001,0.021085579911994713,0.023481853785183356,test_account_access,EXTCODECOPY,target_coef,presets[cold_account_code_access],0.0,0.9372668459775128,0.9366859834402675,AccountMode.EXISTING_CONTRACT_DIFF_MAX,,EXTCODECOPY,2234.030026148958,2235,False,True,test_account_access,EXTCODECOPY,target_coef
COLD_ACCOUNT_CODE_ACCESS,geth,0.005288085362613845,0.001,0.005023280971250588,0.005557055348585697,test_account_access,EXTCODECOPY,target_coef,presets[cold_account_code_access],0.0,0.9401374794113396,0.9395727386510693,AccountMode.EXISTING_CONTRACT_MINIMAL,,EXTCODECOPY,528.8085362613845,529,False,False,test_account_access,EXTCODECOPY,target_coef
COLD_ACCOUNT_CODE_ACCESS,geth,0.0049514435277945015,0.001,0.0047285017647611845,0.0051775350474233565,test_account_access,EXTCODECOPY,target_coef,presets[cold_account_code_access],0.0,0.9412893267547533,0.9407457094098899,AccountMode.EXISTING_CONTRACT_SAME_MAX,,EXTCODECOPY,495.1443527794501,496,False,False,test_account_access,EXTCODECOPY,target_coef
COLD_ACCOUNT_CODE_ACCESS,geth,0.003805848318726046,0.001,0.0036641533005149986,0.003941120421960184,test_account_access,EXTCODEHASH,target_coef,presets[cold_account_code_access],0.0,0.9539588147318865,0.9535285232807826,AccountMode.EXISTING_CONTRACT_DIFF_MAX,,EXTCODEHASH,380.58483187260464,381,False,False,test_account_access,EXTCODEHASH,target_coef
COLD_ACCOUNT_CODE_ACCESS,geth,0.0049565026921437865,0.001,0.004733778797902573,0.005163823595226867,test_account_access,EXTCODEHASH,target_coef,presets[cold_account_code_access],0.0,0.9544827968926276,0.9540613413083001,AccountMode.EXISTING_CONTRACT_MINIMAL,,EXTCODEHASH,495.6502692143787,496,False,False,test_account_access,EXTCODEHASH,target_coef
COLD_ACCOUNT_CODE_ACCESS,geth,0.005112862137622684,0.001,0.004896630655413642,0.005376262349590876,test_account_access,EXTCODEHASH,target_coef,presets[cold_account_code_access],0.0,0.9459442778191898,0.9454390841539485,AccountMode.EXISTING_CONTRACT_SAME_MAX,,EXTCODEHASH,511.2862137622684,512,False,False,test_account_access,EXTCODEHASH,target_coef
COLD_ACCOUNT_CODE_ACCESS,geth,0.021653585253940254,0.001,0.020412321690569987,0.022882936614912825,test_account_access,EXTCODESIZE,target_coef,presets[cold_account_code_access],0.0,0.9337880708329578,0.9331634299917593,AccountMode.EXISTING_CONTRACT_DIFF_MAX,,EXTCODESIZE,2165.358525394025,2166,False,False,test_account_access,EXTCODESIZE,target_coef
COLD_ACCOUNT_CODE_ACCESS,geth,0.004918347094532933,0.001,0.004707678323123584,0.00514830661010267,test_account_access,EXTCODESIZE,target_coef,presets[cold_account_code_access],0.0,0.9390739419918144,0.9385045395805229,AccountMode.EXISTING_CONTRACT_MINIMAL,,EXTCODESIZE,491.83470945329327,492,False,False,test_account_access,EXTCODESIZE,target_coef
COLD_ACCOUNT_CODE_ACCESS,geth,0.004981419586795261,0.001,0.004753678066932353,0.005247512464694348,test_account_access,EXTCODESIZE,target_coef,presets[cold_account_code_access],0.0,0.9393709530021043,0.9388095729373089,AccountMode.EXISTING_CONTRACT_SAME_MAX,,EXTCODESIZE,498.14195867952606,499,False,False,test_account_access,EXTCODESIZE,target_coef
COLD_ACCOUNT_CODE_ACCESS,geth,0.0211907885138214,0.001,0.020036132485389317,0.02239561838724838,test_account_access,STATICCALL,target_coef,presets[cold_account_code_access],0.0,0.9263581856931172,0.9256634515958825,AccountMode.EXISTING_CONTRACT_DIFF_MAX,,STATICCALL,2119.07885138214,2120,False,False,test_account_access,STATICCALL,target_coef
COLD_ACCOUNT_CODE_ACCESS,geth,0.005377557516141944,0.001,0.005090752857626163,0.005643089313084425,test_account_access,STATICCALL,target_coef,presets[cold_account_code_access],0.0,0.941808780023305,0.9412699724309282,AccountMode.EXISTING_CONTRACT_MINIMAL,,STATICCALL,537.7557516141943,538,False,False,test_account_access,STATICCALL,target_coef
COLD_ACCOUNT_CODE_ACCESS,geth,0.0051895798480174875,0.001,0.00500306010027863,0.005387942038325668,test_account_access,STATICCALL,target_coef,presets[cold_account_code_access],0.0,0.9549233245180304,0.9544980728625402,AccountMode.EXISTING_CONTRACT_SAME_MAX,,STATICCALL,518.9579848017488,519,False,False,test_account_access,STATICCALL,target_coef
COLD_ACCOUNT_CODE_ACCESS,nethermind,0.001829149717942099,0.001,0.0014305270076830766,0.0022543673072496187,test_account_access,BALANCE,target_coef,presets[cold_account_code_access],0.0,0.6565235577562782,0.6483455472266658,AccountMode.EXISTING_CONTRACT_DIFF_MAX,,BALANCE,182.91497179420992,183,False,False,test_account_access,BALANCE,target_coef
COLD_ACCOUNT_CODE_ACCESS,nethermind,0.0020615763024181594,0.001,0.0017352162441646136,0.002391002287549303,test_account_access,BALANCE,target_coef,presets[cold_account_code_access],0.0,0.7829901647560155,0.777823263916873,AccountMode.EXISTING_CONTRACT_MINIMAL,,BALANCE,206.15763024181592,207,False,False,test_account_access,BALANCE,target_coef
COLD_ACCOUNT_CODE_ACCESS,nethermind,0.0019086834591229233,0.001,0.0016111815018153633,0.0022032819667766714,test_account_access,BALANCE,target_coef,presets[cold_account_code_access],0.0,0.7871123819100692,0.7820436290984041,AccountMode.EXISTING_CONTRACT_SAME_MAX,,BALANCE,190.86834591229234,191,False,False,test_account_access,BALANCE,target_coef
COLD_ACCOUNT_CODE_ACCESS,nethermind,0.015852833496770864,0.001,0.01377767719435722,0.01794536751907767,test_account_access,CALL,target_coef,presets[cold_account_code_access],1.780396405978271e-05,0.8907803896566541,0.8881799227437173,AccountMode.EXISTING_CONTRACT_DIFF_MAX,,CALL,1585.2833496770863,1586,False,True,test_account_access,CALL,target_coef
COLD_ACCOUNT_CODE_ACCESS,nethermind,0.002770622784015082,0.001,0.002243962894305822,0.003430965685967895,test_account_access,CALL,target_coef,presets[cold_account_code_access],1.780396405978271e-05,0.6688431880629218,0.66095850206442,AccountMode.EXISTING_CONTRACT_MINIMAL,,CALL,277.0622784015082,278,False,False,test_account_access,CALL,target_coef
COLD_ACCOUNT_CODE_ACCESS,nethermind,0.003036294042474013,0.001,0.002461167944140931,0.003646465359719329,test_account_access,CALL,target_coef,presets[cold_account_code_access],1.780396405978271e-05,0.7569163452476967,0.7511286391821657,AccountMode.EXISTING_CONTRACT_SAME_MAX,,CALL,303.62940424740134,304,False,False,test_account_access,CALL,target_coef
COLD_ACCOUNT_CODE_ACCESS,nethermind,0.01514478542533018,0.001,0.013228986944596637,0.016993735251255724,test_account_access,CALLCODE,target_coef,presets[cold_account_code_access],1.780396405978271e-05,0.8984709888210952,0.8960536314120737,AccountMode.EXISTING_CONTRACT_DIFF_MAX,,CALLCODE,1514.4785425330178,1515,False,False,test_account_access,CALLCODE,target_coef
COLD_ACCOUNT_CODE_ACCESS,nethermind,0.00272564539477733,0.001,0.002067166418487462,0.0033874977590509533,test_account_access,CALLCODE,target_coef,presets[cold_account_code_access],1.780396405978271e-05,0.6480164849227792,0.6396359250399882,AccountMode.EXISTING_CONTRACT_MINIMAL,,CALLCODE,272.564539477733,273,False,False,test_account_access,CALLCODE,target_coef
COLD_ACCOUNT_CODE_ACCESS,nethermind,0.0029047644514952555,0.001,0.0023274037138441795,0.003512454155311972,test_account_access,CALLCODE,target_coef,presets[cold_account_code_access],1.780396405978271e-05,0.6981122460229597,0.6909244423568397,AccountMode.EXISTING_CONTRACT_SAME_MAX,,CALLCODE,290.47644514952555,291,False,False,test_account_access,CALLCODE,target_coef
COLD_ACCOUNT_CODE_ACCESS,nethermind,0.01479303473521737,0.001,0.012755007648178569,0.01656816832028098,test_account_access,DELEGATECALL,target_coef,presets[cold_account_code_access],8.901982029891355e-06,0.8853934016481747,0.8826646731159884,AccountMode.EXISTING_CONTRACT_DIFF_MAX,,DELEGATECALL,1479.3034735217368,1480,False,False,test_account_access,DELEGATECALL,target_coef
COLD_ACCOUNT_CODE_ACCESS,nethermind,0.0026666067502166316,0.001,0.0022206998766659447,0.0031883968306079865,test_account_access,DELEGATECALL,target_coef,presets[cold_account_code_access],8.901982029891355e-06,0.757658890344334,0.7518888639239609,AccountMode.EXISTING_CONTRACT_MINIMAL,,DELEGATECALL,266.6606750216631,267,False,False,test_account_access,DELEGATECALL,target_coef
COLD_ACCOUNT_CODE_ACCESS,nethermind,0.0028912127376245255,0.001,0.0023243961375289984,0.0035398239199282526,test_account_access,DELEGATECALL,target_coef,presets[cold_account_code_access],8.901982029891355e-06,0.7205434247010767,0.713889696717769,AccountMode.EXISTING_CONTRACT_SAME_MAX,,DELEGATECALL,289.1212737624525,290,False,False,test_account_access,DELEGATECALL,target_coef
COLD_ACCOUNT_CODE_ACCESS,nethermind,0.01514321619999521,0.001,0.01347376612162155,0.016706835824966668,test_account_access,EXTCODECOPY,target_coef,presets[cold_account_code_access],0.0,0.8982445657633432,0.8958218173291371,AccountMode.EXISTING_CONTRACT_DIFF_MAX,,EXTCODECOPY,1514.321619999521,1515,False,False,test_account_access,EXTCODECOPY,target_coef
COLD_ACCOUNT_CODE_ACCESS,nethermind,0.0018421451516231532,0.001,0.0016033488854346875,0.002093018696421196,test_account_access,EXTCODECOPY,target_coef,presets[cold_account_code_access],0.0,0.8046524927493908,0.8000013616243762,AccountMode.EXISTING_CONTRACT_MINIMAL,,EXTCODECOPY,184.2145151623153,185,False,False,test_account_access,EXTCODECOPY,target_coef
COLD_ACCOUNT_CODE_ACCESS,nethermind,0.001968650272008997,0.001,0.0015720927849938603,0.0023398581192051117,test_account_access,EXTCODECOPY,target_coef,presets[cold_account_code_access],0.0,0.7166331093405962,0.7098862786106104,AccountMode.EXISTING_CONTRACT_SAME_MAX,,EXTCODECOPY,196.8650272008997,197,False,False,test_account_access,EXTCODECOPY,target_coef
COLD_ACCOUNT_CODE_ACCESS,nethermind,0.002093358137872861,0.001,0.0017079466977708685,0.0024457759339493474,test_account_access,EXTCODEHASH,target_coef,presets[cold_account_code_access],0.0,0.7255381520899216,0.7190033461873007,AccountMode.EXISTING_CONTRACT_DIFF_MAX,,EXTCODEHASH,209.3358137872861,210,False,False,test_account_access,EXTCODEHASH,target_coef
COLD_ACCOUNT_CODE_ACCESS,nethermind,0.002297002754286568,0.001,0.0019853949364080285,0.0026145154883732277,test_account_access,EXTCODEHASH,target_coef,presets[cold_account_code_access],0.0,0.8195811793292362,0.8152854931227895,AccountMode.EXISTING_CONTRACT_MINIMAL,,EXTCODEHASH,229.70027542865677,230,False,False,test_account_access,EXTCODEHASH,target_coef
COLD_ACCOUNT_CODE_ACCESS,nethermind,0.0022226132833019475,0.001,0.0019283380898316852,0.00250148835945617,test_account_access,EXTCODEHASH,target_coef,presets[cold_account_code_access],0.0,0.7824623220432319,0.7772828535204517,AccountMode.EXISTING_CONTRACT_SAME_MAX,,EXTCODEHASH,222.26132833019474,223,False,False,test_account_access,EXTCODEHASH,target_coef
COLD_ACCOUNT_CODE_ACCESS,nethermind,0.01492478715517739,0.001,0.0127667603609082,0.016766462425025757,test_account_access,EXTCODESIZE,target_coef,presets[cold_account_code_access],0.0,0.8817053457759267,0.8788888063896393,AccountMode.EXISTING_CONTRACT_DIFF_MAX,,EXTCODESIZE,1492.4787155177391,1493,False,False,test_account_access,EXTCODESIZE,target_coef
COLD_ACCOUNT_CODE_ACCESS,nethermind,0.0020332716189246057,0.001,0.0016341414248424615,0.002417336658503166,test_account_access,EXTCODESIZE,target_coef,presets[cold_account_code_access],0.0,0.7479928367123609,0.7419926661578933,AccountMode.EXISTING_CONTRACT_MINIMAL,,EXTCODESIZE,203.32716189246057,204,False,False,test_account_access,EXTCODESIZE,target_coef
COLD_ACCOUNT_CODE_ACCESS,nethermind,0.0014581894398897875,0.001,0.0011546220029558653,0.00178014205912858,test_account_access,EXTCODESIZE,target_coef,presets[cold_account_code_access],0.0,0.6499643457112554,0.6416301634662853,AccountMode.EXISTING_CONTRACT_SAME_MAX,,EXTCODESIZE,145.81894398897876,146,False,False,test_account_access,EXTCODESIZE,target_coef
COLD_ACCOUNT_CODE_ACCESS,nethermind,0.015588683358040784,0.001,0.013863009643803898,0.01735518336734297,test_account_access,STATICCALL,target_coef,presets[cold_account_code_access],8.901982029891355e-06,0.901751145532798,0.8994118870931027,AccountMode.EXISTING_CONTRACT_DIFF_MAX,,STATICCALL,1558.8683358040782,1559,False,False,test_account_access,STATICCALL,target_coef
COLD_ACCOUNT_CODE_ACCESS,nethermind,0.002318045964979401,0.001,0.0016683628368388212,0.002904077884266552,test_account_access,STATICCALL,target_coef,presets[cold_account_code_access],8.901982029891355e-06,0.5909982230065698,0.5812600854591071,AccountMode.EXISTING_CONTRACT_MINIMAL,,STATICCALL,231.8045964979401,232,False,False,test_account_access,STATICCALL,target_coef
COLD_ACCOUNT_CODE_ACCESS,nethermind,0.0025921681715664617,0.001,0.002116448639693917,0.0030630417688167332,test_account_access,STATICCALL,target_coef,presets[cold_account_code_access],8.901982029891355e-06,0.7281534630796913,0.7216809264863506,AccountMode.EXISTING_CONTRACT_SAME_MAX,,STATICCALL,259.2168171566462,260,False,False,test_account_access,STATICCALL,target_coef
COLD_ACCOUNT_CODE_ACCESS,reth,0.018527057449160136,0.001,0.018250676026696534,0.018799393753283142,test_account_access,BALANCE,target_coef,presets[cold_account_code_access],0.0,0.9939158100265191,0.993859474934172,AccountMode.EXISTING_CONTRACT_DIFF_MAX,,BALANCE,1852.7057449160136,1853,False,False,test_account_access,BALANCE,target_coef
COLD_ACCOUNT_CODE_ACCESS,reth,0.003516757830280554,0.001,0.0034193770954749677,0.003617147632327407,test_account_access,BALANCE,target_coef,presets[cold_account_code_access],0.0,0.9747785824265286,0.9745450507823298,AccountMode.EXISTING_CONTRACT_MINIMAL,,BALANCE,351.6757830280554,352,False,False,test_account_access,BALANCE,target_coef
COLD_ACCOUNT_CODE_ACCESS,reth,0.003656105277550444,0.001,0.0035429517443991954,0.003770095510540636,test_account_access,BALANCE,target_coef,presets[cold_account_code_access],0.0,0.9700051104699481,0.9697273800113365,AccountMode.EXISTING_CONTRACT_SAME_MAX,,BALANCE,365.6105277550444,366,False,False,test_account_access,BALANCE,target_coef
COLD_ACCOUNT_CODE_ACCESS,reth,0.021612013195144598,0.001,0.021361144953712625,0.021857768408927288,test_account_access,CALL,target_coef,presets[cold_account_code_access],0.0,0.9964170998349754,0.9963839248334474,AccountMode.EXISTING_CONTRACT_DIFF_MAX,,CALL,2161.20131951446,2162,False,True,test_account_access,CALL,target_coef
COLD_ACCOUNT_CODE_ACCESS,reth,0.0038656943496005536,0.001,0.0037648515454187202,0.003968573226402594,test_account_access,CALL,target_coef,presets[cold_account_code_access],0.0,0.977408073265268,0.977198888758465,AccountMode.EXISTING_CONTRACT_MINIMAL,,CALL,386.56943496005533,387,False,False,test_account_access,CALL,target_coef
COLD_ACCOUNT_CODE_ACCESS,reth,0.004002961125002801,0.001,0.003886769077256753,0.00411827203894796,test_account_access,CALL,target_coef,presets[cold_account_code_access],0.0,0.976673841067699,0.976457858114622,AccountMode.EXISTING_CONTRACT_SAME_MAX,,CALL,400.29611250028006,401,False,False,test_account_access,CALL,target_coef
COLD_ACCOUNT_CODE_ACCESS,reth,0.020714642258041257,0.001,0.02050157011998732,0.02097434650394627,test_account_access,CALLCODE,target_coef,presets[cold_account_code_access],0.0,0.9968364986249679,0.9968072069455695,AccountMode.EXISTING_CONTRACT_DIFF_MAX,,CALLCODE,2071.464225804126,2072,False,False,test_account_access,CALLCODE,target_coef
COLD_ACCOUNT_CODE_ACCESS,reth,0.0034997278941748203,0.001,0.0033877920905936295,0.003621768017532574,test_account_access,CALLCODE,target_coef,presets[cold_account_code_access],0.0,0.9719210039321795,0.9716610132278478,AccountMode.EXISTING_CONTRACT_MINIMAL,,CALLCODE,349.97278941748203,350,False,False,test_account_access,CALLCODE,target_coef
COLD_ACCOUNT_CODE_ACCESS,reth,0.003549850069319383,0.001,0.0034456297057763228,0.0036391322957672113,test_account_access,CALLCODE,target_coef,presets[cold_account_code_access],0.0,0.976490084650801,0.9762724002494195,AccountMode.EXISTING_CONTRACT_SAME_MAX,,CALLCODE,354.9850069319383,355,False,False,test_account_access,CALLCODE,target_coef
COLD_ACCOUNT_CODE_ACCESS,reth,0.02058339071029006,0.001,0.020361671556547365,0.020789819426831196,test_account_access,DELEGATECALL,target_coef,presets[cold_account_code_access],0.0,0.9961906098329917,0.9961553377018156,AccountMode.EXISTING_CONTRACT_DIFF_MAX,,DELEGATECALL,2058.339071029006,2059,False,False,test_account_access,DELEGATECALL,target_coef
COLD_ACCOUNT_CODE_ACCESS,reth,0.003620901761393508,0.001,0.003512289633695398,0.0037270945050346424,test_account_access,DELEGATECALL,target_coef,presets[cold_account_code_access],0.0,0.9779764877781386,0.9777725663686769,AccountMode.EXISTING_CONTRACT_MINIMAL,,DELEGATECALL,362.09017613935083,363,False,False,test_account_access,DELEGATECALL,target_coef
COLD_ACCOUNT_CODE_ACCESS,reth,0.0035712363416736843,0.001,0.0034768266716084938,0.0036679073455801988,test_account_access,DELEGATECALL,target_coef,presets[cold_account_code_access],0.0,0.9820543296539599,0.9818881660396447,AccountMode.EXISTING_CONTRACT_SAME_MAX,,DELEGATECALL,357.1236341673684,358,False,False,test_account_access,DELEGATECALL,target_coef
COLD_ACCOUNT_CODE_ACCESS,reth,0.020754272440820683,0.001,0.020568263339563957,0.02095114301979679,test_account_access,EXTCODECOPY,target_coef,presets[cold_account_code_access],0.0,0.9972741136899237,0.9972488740018675,AccountMode.EXISTING_CONTRACT_DIFF_MAX,,EXTCODECOPY,2075.4272440820682,2076,False,False,test_account_access,EXTCODECOPY,target_coef
COLD_ACCOUNT_CODE_ACCESS,reth,0.0036680102877160647,0.001,0.003538917164179488,0.003806361186221477,test_account_access,EXTCODECOPY,target_coef,presets[cold_account_code_access],0.0,0.9664354761612792,0.9661246935331429,AccountMode.EXISTING_CONTRACT_MINIMAL,,EXTCODECOPY,366.80102877160647,367,False,False,test_account_access,EXTCODECOPY,target_coef
COLD_ACCOUNT_CODE_ACCESS,reth,0.003571376267448948,0.001,0.003457281071981756,0.0036859553782646287,test_account_access,EXTCODECOPY,target_coef,presets[cold_account_code_access],0.0,0.9771361365801943,0.976924434141122,AccountMode.EXISTING_CONTRACT_SAME_MAX,,EXTCODECOPY,357.1376267448948,358,False,False,test_account_access,EXTCODECOPY,target_coef
COLD_ACCOUNT_CODE_ACCESS,reth,0.01818345104088097,0.001,0.01793106347069852,0.018436832081323875,test_account_access,EXTCODEHASH,target_coef,presets[cold_account_code_access],0.0,0.9953334801475864,0.9952902716304344,AccountMode.EXISTING_CONTRACT_DIFF_MAX,,EXTCODEHASH,1818.3451040880968,1819,False,False,test_account_access,EXTCODEHASH,target_coef
COLD_ACCOUNT_CODE_ACCESS,reth,0.0035730269433526963,0.001,0.0034560110135893655,0.0036993382455894207,test_account_access,EXTCODEHASH,target_coef,presets[cold_account_code_access],0.0,0.9716440938951248,0.9713815392089686,AccountMode.EXISTING_CONTRACT_MINIMAL,,EXTCODEHASH,357.3026943352696,358,False,False,test_account_access,EXTCODEHASH,target_coef
COLD_ACCOUNT_CODE_ACCESS,reth,0.0036316468803918797,0.001,0.003510676177644685,0.0037544825069040096,test_account_access,EXTCODEHASH,target_coef,presets[cold_account_code_access],0.0,0.9754654932881389,0.9752383219296957,AccountMode.EXISTING_CONTRACT_SAME_MAX,,EXTCODEHASH,363.164688039188,364,False,False,test_account_access,EXTCODEHASH,target_coef
COLD_ACCOUNT_CODE_ACCESS,reth,0.020458156985147816,0.001,0.020170713639269512,0.020772225836524008,test_account_access,EXTCODESIZE,target_coef,presets[cold_account_code_access],0.0,0.9938965065196332,0.9938399926911113,AccountMode.EXISTING_CONTRACT_DIFF_MAX,,EXTCODESIZE,2045.8156985147816,2046,False,False,test_account_access,EXTCODESIZE,target_coef
COLD_ACCOUNT_CODE_ACCESS,reth,0.00353009955797794,0.001,0.0034066769797681845,0.003654040502612097,test_account_access,EXTCODESIZE,target_coef,presets[cold_account_code_access],0.0,0.9679660331340924,0.9676694223297784,AccountMode.EXISTING_CONTRACT_MINIMAL,,EXTCODESIZE,353.00995579779396,354,False,False,test_account_access,EXTCODESIZE,target_coef
COLD_ACCOUNT_CODE_ACCESS,reth,0.0034841497824152764,0.001,0.003330958373882161,0.0036553938020944345,test_account_access,EXTCODESIZE,target_coef,presets[cold_account_code_access],0.0,0.9598089890795546,0.9594368500895505,AccountMode.EXISTING_CONTRACT_SAME_MAX,,EXTCODESIZE,348.41497824152765,349,False,False,test_account_access,EXTCODESIZE,target_coef
COLD_ACCOUNT_CODE_ACCESS,reth,0.021502428641232453,0.001,0.021303611419027244,0.021710807200397506,test_account_access,STATICCALL,target_coef,presets[cold_account_code_access],0.0,0.9958980417593003,0.995860060664479,AccountMode.EXISTING_CONTRACT_DIFF_MAX,,STATICCALL,2150.2428641232455,2151,False,False,test_account_access,STATICCALL,target_coef
COLD_ACCOUNT_CODE_ACCESS,reth,0.003927196038965878,0.001,0.0038073954153287114,0.0040588752459769775,test_account_access,STATICCALL,target_coef,presets[cold_account_code_access],0.0,0.9702243059126853,0.9699486050415065,AccountMode.EXISTING_CONTRACT_MINIMAL,,STATICCALL,392.71960389658784,393,False,False,test_account_access,STATICCALL,target_coef
COLD_ACCOUNT_CODE_ACCESS,reth,0.003999400117097111,0.001,0.0038807319724639103,0.0041180079746044665,test_account_access,STATICCALL,target_coef,presets[cold_account_code_access],0.0,0.9753136513020471,0.9750850739992882,AccountMode.EXISTING_CONTRACT_SAME_MAX,,STATICCALL,399.9400117097111,400,False,False,test_account_access,STATICCALL,target_coef
COLD_ACCOUNT_CODE_WRITE,besu,0.07211685968716526,0.001,0.0696059108902859,0.07479948202363378,test_account_access,CALL,target_coef,presets[cold_account_code_write],0.0008665909960674687,0.981585821060117,0.9812980995141813,AccountMode.EXISTING_CONTRACT_DIFF_MAX,,CALL,7211.685968716526,7212,False,True,test_account_access,CALL,target_coef
COLD_ACCOUNT_CODE_WRITE,besu,0.06782288928561114,0.001,0.06463854802603655,0.07101031824862555,test_account_access,CALL,target_coef,presets[cold_account_code_write],0.0008665909960674687,0.9718941533252345,0.9714549994709414,AccountMode.EXISTING_CONTRACT_MINIMAL,,CALL,6782.2889285611145,6783,False,False,test_account_access,CALL,target_coef
COLD_ACCOUNT_CODE_WRITE,besu,0.06433650754909652,0.001,0.061148998228597054,0.06732923535960594,test_account_access,CALL,target_coef,presets[cold_account_code_write],0.0008665909960674687,0.9656008613119473,0.9650633747699465,AccountMode.EXISTING_CONTRACT_SAME_MAX,,CALL,6433.650754909652,6434,False,False,test_account_access,CALL,target_coef
COLD_ACCOUNT_CODE_WRITE,besu,0.026293135200802027,0.001,0.023975067140525122,0.028494919876695956,test_account_access,CALLCODE,target_coef,presets[cold_account_code_write],0.0008665909960674687,0.9266734660401071,0.9255277389469838,AccountMode.EXISTING_CONTRACT_DIFF_MAX,,CALLCODE,2629.3135200802026,2630,False,False,test_account_access,CALLCODE,target_coef
COLD_ACCOUNT_CODE_WRITE,besu,0.02173240923571073,0.001,0.02048817713448239,0.022980286017190925,test_account_access,CALLCODE,target_coef,presets[cold_account_code_write],0.0008665909960674687,0.9582682025292446,0.9576161431937641,AccountMode.EXISTING_CONTRACT_MINIMAL,,CALLCODE,2173.240923571073,2174,False,False,test_account_access,CALLCODE,target_coef
COLD_ACCOUNT_CODE_WRITE,besu,0.021621726968225903,0.001,0.020243189884921683,0.022710965532088775,test_account_access,CALLCODE,target_coef,presets[cold_account_code_write],0.0008665909960674687,0.9592501955925832,0.9586134798987173,AccountMode.EXISTING_CONTRACT_SAME_MAX,,CALLCODE,2162.1726968225903,2163,False,False,test_account_access,CALLCODE,target_coef
COLD_ACCOUNT_CODE_WRITE,erigon,0.1595831502040926,0.001,0.1424163259378593,0.17535300214946722,test_account_access,CALL,target_coef,presets[cold_account_code_write],0.0,0.9767811302813046,0.9742012558681162,AccountMode.EXISTING_CONTRACT_DIFF_MAX,,CALL,15958.315020409262,15959,False,True,test_account_access,CALL,target_coef
COLD_ACCOUNT_CODE_WRITE,erigon,0.0815557152911961,0.001,0.07493285690423408,0.08830476695783651,test_account_access,CALL,target_coef,presets[cold_account_code_write],0.0,0.9904230452415954,0.9893589391573282,AccountMode.EXISTING_CONTRACT_MINIMAL,,CALL,8155.57152911961,8156,False,False,test_account_access,CALL,target_coef
COLD_ACCOUNT_CODE_WRITE,erigon,0.08362216409201885,0.001,0.07847783537861101,0.08957039762625152,test_account_access,CALL,target_coef,presets[cold_account_code_write],0.0,0.9945078180498605,0.9938975756109562,AccountMode.EXISTING_CONTRACT_SAME_MAX,,CALL,8362.216409201885,8363,False,False,test_account_access,CALL,target_coef
COLD_ACCOUNT_CODE_WRITE,erigon,0.1253886542428557,0.001,0.08790218174449943,0.14117667949221266,test_account_access,CALLCODE,target_coef,presets[cold_account_code_write],0.0,0.8771486977231083,0.8634985530256759,AccountMode.EXISTING_CONTRACT_DIFF_MAX,,CALLCODE,12538.86542428557,12539,False,False,test_account_access,CALLCODE,target_coef
COLD_ACCOUNT_CODE_WRITE,erigon,0.01337575575672201,0.001,0.010421187306500905,0.015307655021003274,test_account_access,CALLCODE,target_coef,presets[cold_account_code_write],0.0,0.9437198893800716,0.9374665437556351,AccountMode.EXISTING_CONTRACT_MINIMAL,,CALLCODE,1337.5755756722008,1338,False,False,test_account_access,CALLCODE,target_coef
COLD_ACCOUNT_CODE_WRITE,erigon,0.012414406811208627,0.001,0.009587060033874916,0.014491455286230696,test_account_access,CALLCODE,target_coef,presets[cold_account_code_write],0.0,0.9210193511151795,0.9122437234613106,AccountMode.EXISTING_CONTRACT_SAME_MAX,,CALLCODE,1241.4406811208628,1242,False,False,test_account_access,CALLCODE,target_coef
COLD_ACCOUNT_CODE_WRITE,geth,0.04818113201389489,0.001,0.04582125160444054,0.05014252004043343,test_account_access,CALL,target_coef,presets[cold_account_code_write],0.0,0.95169977334434,0.9512525490234542,AccountMode.EXISTING_CONTRACT_DIFF_MAX,,CALL,4818.1132013894885,4819,False,False,test_account_access,CALL,target_coef
COLD_ACCOUNT_CODE_WRITE,geth,0.05023143288618558,0.001,0.04884350682436859,0.05157664476556635,test_account_access,CALL,target_coef,presets[cold_account_code_write],0.0,0.9747298974946695,0.9744959150640646,AccountMode.EXISTING_CONTRACT_MINIMAL,,CALL,5023.1432886185585,5024,False,False,test_account_access,CALL,target_coef
COLD_ACCOUNT_CODE_WRITE,geth,0.052060538950571555,0.001,0.050652473853799965,0.05329024292465991,test_account_access,CALL,target_coef,presets[cold_account_code_write],0.0,0.9803749053857183,0.9801897629836968,AccountMode.EXISTING_CONTRACT_SAME_MAX,,CALL,5206.053895057155,5207,False,True,test_account_access,CALL,target_coef
COLD_ACCOUNT_CODE_WRITE,geth,0.0290155157503288,0.001,0.027369882564662846,0.030509978551853112,test_account_access,CALLCODE,target_coef,presets[cold_account_code_write],0.0,0.9173594924890137,0.9165798650596648,AccountMode.EXISTING_CONTRACT_DIFF_MAX,,CALLCODE,2901.55157503288,2902,False,False,test_account_access,CALLCODE,target_coef
COLD_ACCOUNT_CODE_WRITE,geth,0.005408228783097468,0.001,0.00467424815153699,0.006086227121108573,test_account_access,CALLCODE,target_coef,presets[cold_account_code_write],0.0,0.7027009604403368,0.6998423158291862,AccountMode.EXISTING_CONTRACT_MINIMAL,,CALLCODE,540.8228783097469,541,False,False,test_account_access,CALLCODE,target_coef
COLD_ACCOUNT_CODE_WRITE,geth,0.005554737785947936,0.001,0.004938621750712201,0.006166724132135127,test_account_access,CALLCODE,target_coef,presets[cold_account_code_write],0.0,0.7334730180725896,0.7309586125827083,AccountMode.EXISTING_CONTRACT_SAME_MAX,,CALLCODE,555.4737785947935,556,False,False,test_account_access,CALLCODE,target_coef
COLD_ACCOUNT_CODE_WRITE,nethermind,0.05113697281172348,0.001,0.04827617845927338,0.05414458933755059,test_account_access,CALL,target_coef,presets[cold_account_code_write],1.780396405978271e-05,0.9569545683161271,0.9559296770855588,AccountMode.EXISTING_CONTRACT_DIFF_MAX,,CALL,5113.697281172348,5114,False,True,test_account_access,CALL,target_coef
COLD_ACCOUNT_CODE_WRITE,nethermind,0.033696035146113655,0.001,0.03145111017728489,0.03600533050538058,test_account_access,CALL,target_coef,presets[cold_account_code_write],1.780396405978271e-05,0.9306520879537956,0.9290009471907907,AccountMode.EXISTING_CONTRACT_MINIMAL,,CALL,3369.603514611366,3370,False,False,test_account_access,CALL,target_coef
COLD_ACCOUNT_CODE_WRITE,nethermind,0.03285663964477032,0.001,0.030172353441568486,0.03540349010626201,test_account_access,CALL,target_coef,presets[cold_account_code_write],1.780396405978271e-05,0.9349298076569181,0.9333805173630352,AccountMode.EXISTING_CONTRACT_SAME_MAX,,CALL,3285.663964477032,3286,False,False,test_account_access,CALL,target_coef
COLD_ACCOUNT_CODE_WRITE,nethermind,0.02464664131343081,0.001,0.020260554546502094,0.028598290825517923,test_account_access,CALLCODE,target_coef,presets[cold_account_code_write],1.780396405978271e-05,0.8052530284136502,0.8006161957568323,AccountMode.EXISTING_CONTRACT_DIFF_MAX,,CALLCODE,2464.664131343081,2465,False,False,test_account_access,CALLCODE,target_coef
COLD_ACCOUNT_CODE_WRITE,nethermind,0.004577349782422319,0.001,0.0038063292879879987,0.005247411990118827,test_account_access,CALLCODE,target_coef,presets[cold_account_code_write],1.780396405978271e-05,0.7644182168279934,0.7588091267524695,AccountMode.EXISTING_CONTRACT_MINIMAL,,CALLCODE,457.73497824223193,458,False,False,test_account_access,CALLCODE,target_coef
COLD_ACCOUNT_CODE_WRITE,nethermind,0.0054115432649889895,0.001,0.004532310318051433,0.006276732739371496,test_account_access,CALLCODE,target_coef,presets[cold_account_code_write],1.780396405978271e-05,0.8253842599587935,0.8212267423387648,AccountMode.EXISTING_CONTRACT_SAME_MAX,,CALLCODE,541.1543264988989,542,False,False,test_account_access,CALLCODE,target_coef
COLD_ACCOUNT_CODE_WRITE,reth,0.052222110819912536,0.001,0.050930525549054424,0.053514114484680214,test_account_access,CALL,target_coef,presets[cold_account_code_write],0.0,0.9837623731603811,0.9836120247637179,AccountMode.EXISTING_CONTRACT_DIFF_MAX,,CALL,5222.211081991253,5223,False,True,test_account_access,CALL,target_coef
COLD_ACCOUNT_CODE_WRITE,reth,0.031987950942841924,0.001,0.031448569235889796,0.03251700560966442,test_account_access,CALL,target_coef,presets[cold_account_code_write],0.0,0.9903179843021703,0.9902283360086719,AccountMode.EXISTING_CONTRACT_MINIMAL,,CALL,3198.795094284192,3199,False,False,test_account_access,CALL,target_coef
COLD_ACCOUNT_CODE_WRITE,reth,0.03303195577907374,0.001,0.03245426293556414,0.033679442556580765,test_account_access,CALL,target_coef,presets[cold_account_code_write],0.0,0.9898599943531,0.989766105411925,AccountMode.EXISTING_CONTRACT_SAME_MAX,,CALL,3303.1955779073737,3304,False,False,test_account_access,CALL,target_coef
COLD_ACCOUNT_CODE_WRITE,reth,0.023014459522022527,0.001,0.022521228928156316,0.023516122196737585,test_account_access,CALLCODE,target_coef,presets[cold_account_code_write],0.0,0.9855947618723823,0.9854613800378673,AccountMode.EXISTING_CONTRACT_DIFF_MAX,,CALLCODE,2301.4459522022526,2302,False,False,test_account_access,CALLCODE,target_coef
COLD_ACCOUNT_CODE_WRITE,reth,0.005954027150150981,0.001,0.005717768146907323,0.006188187640780896,test_account_access,CALLCODE,target_coef,presets[cold_account_code_write],0.0,0.952638476079014,0.9521999434501159,AccountMode.EXISTING_CONTRACT_MINIMAL,,CALLCODE,595.4027150150981,596,False,False,test_account_access,CALLCODE,target_coef
COLD_ACCOUNT_CODE_WRITE,reth,0.0058424190104115715,0.001,0.005587749606978535,0.006099403971123819,test_account_access,CALLCODE,target_coef,presets[cold_account_code_write],0.0,0.9523751156927729,0.95193414454178,AccountMode.EXISTING_CONTRACT_SAME_MAX,,CALLCODE,584.2419010411572,585,False,False,test_account_access,CALLCODE,target_coef
STORAGE_WRITE,,,,,,<derived>,<derived>,<derived>,<derived>,0.0,,,,,,14430.0,14430,False,False,,,
ACCOUNT_WRITE,,,,,,<derived>,<derived>,<derived>,<derived>,0.0,,,,,,26725.0,26725,False,False,,,
REFUND_STORAGE_CLEAR,,,,,,<derived>,<derived>,<derived>,<derived>,0.0,,,,,,16056.96,16057,False,False,,,
TX_ACCESS_LIST_STORAGE_KEY,,,,,,<derived>,<derived>,<derived>,<derived>,0.0,,,,,,2296.0,2296,False,False,,,
TX_ACCESS_LIST_ADDRESS,,,,,,<derived>,<derived>,<derived>,<derived>,0.0,,,,,,13733.0,13733,False,False,,,
