gas_param,client_name,runtime_ms,pvalue,conf_int_low,conf_int_high,test_name,target_opcode,model_coef_name,source_label,glue_adjustment,rsquared,rsquared_adj,param_account_mode,param_existing_slots,param_opcode,new_gas_decimal,new_gas_rounded,poor_fit,is_winner,selected_test,selected_opcode,selected_model_coef_name
COLD_STORAGE_ACCESS,besu,0.016153020857039152,0.001,0.015553530674116366,0.016750543455734714,test_sload_bloated,SLOAD,target_coef,presets[cold_storage_sload],0.0,0.9884822304246822,0.9881106894706397,,False,,1615.3020857039153,1616,False,False,test_sload_bloated,SLOAD,target_coef
COLD_STORAGE_ACCESS,besu,0.015912331218557407,0.001,0.0153091160886993,0.016595986790741746,test_sload_bloated,SLOAD,target_coef,presets[cold_storage_sload],0.0,0.9870802886604554,0.9866635237785346,,True,,1591.2331218557406,1592,False,False,test_sload_bloated,SLOAD,target_coef
COLD_STORAGE_ACCESS,besu,0.016699919985481964,0.001,0.015317505794600495,0.017933741909041106,test_sstore_bloated,SSTORE,target_coef,presets[cold_storage_sstore_access],0.0,0.930239299869818,0.9279889547043283,,False,,1669.9919985481963,1670,False,False,test_sstore_bloated,SSTORE,target_coef
COLD_STORAGE_ACCESS,besu,0.017537074375007258,0.001,0.015586707267605027,0.019998838347739616,test_sstore_bloated,SSTORE,target_coef,presets[cold_storage_sstore_access],0.0,0.8764899567825699,0.8725057618400722,,True,,1753.7074375007257,1754,False,True,test_sstore_bloated,SSTORE,target_coef
COLD_STORAGE_ACCESS,erigon,0.006479391535181014,0.001,0.006372379207526004,0.006582628052437681,test_sload_bloated,SLOAD,target_coef,presets[cold_storage_sload],0.0,0.9982231515622366,0.9981343091403485,,False,,647.9391535181014,648,False,False,test_sload_bloated,SLOAD,target_coef
COLD_STORAGE_ACCESS,erigon,0.006360351083440221,0.001,0.006304550057386512,0.006410305348909861,test_sload_bloated,SLOAD,target_coef,presets[cold_storage_sload],0.0,0.996664977759574,0.9964982266475526,,True,,636.0351083440221,637,False,False,test_sload_bloated,SLOAD,target_coef
COLD_STORAGE_ACCESS,erigon,0.006620170154959281,0.001,0.006496651612928485,0.006742779426117465,test_sstore_bloated,SSTORE,target_coef,presets[cold_storage_sstore_access],0.0,0.998018564631706,0.9979194928632913,,False,,662.0170154959281,663,False,True,test_sstore_bloated,SSTORE,target_coef
COLD_STORAGE_ACCESS,erigon,0.006412191965891347,0.001,0.006279148374424339,0.006447762209160975,test_sstore_bloated,SSTORE,target_coef,presets[cold_storage_sstore_access],0.0,0.9972715971363663,0.9971351769931845,,True,,641.2191965891348,642,False,False,test_sstore_bloated,SSTORE,target_coef
COLD_STORAGE_ACCESS,ethrex,0.00859189012649993,0.001,0.008315915125603467,0.00869656201011606,test_sload_bloated,SLOAD,target_coef,presets[cold_storage_sload],0.0,0.9796100667796346,0.9791245921791497,,False,,859.189012649993,860,False,False,test_sload_bloated,SLOAD,target_coef
COLD_STORAGE_ACCESS,ethrex,0.013253977513536314,0.001,0.013095428836440893,0.013406181305395747,test_sload_bloated,SLOAD,target_coef,presets[cold_storage_sload],0.0,0.986564241908996,0.9862443429068293,,True,,1325.3977513536315,1326,False,True,test_sload_bloated,SLOAD,target_coef
COLD_STORAGE_ACCESS,ethrex,0.008389263134749934,0.001,0.008183500958437246,0.008546318346241158,test_sstore_bloated,SSTORE,target_coef,presets[cold_storage_sstore_access],0.0,0.9689571015722851,0.9682179849430538,,False,,838.9263134749934,839,False,False,test_sstore_bloated,SSTORE,target_coef
COLD_STORAGE_ACCESS,ethrex,0.013052895181513325,0.001,0.012888433223437773,0.013231899005813785,test_sstore_bloated,SSTORE,target_coef,presets[cold_storage_sstore_access],0.0,0.9864674440728833,0.9861452403603329,,True,,1305.2895181513327,1306,False,False,test_sstore_bloated,SSTORE,target_coef
COLD_STORAGE_ACCESS,geth,0.021613908074724665,0.001,0.020382468292930576,0.022630068524698402,test_sload_bloated,SLOAD,target_coef,presets[cold_storage_sload],0.0,0.9715062676707764,0.9708278454724616,,False,,2161.3908074724663,2162,False,True,test_sload_bloated,SLOAD,target_coef
COLD_STORAGE_ACCESS,geth,0.020378630075978607,0.001,0.01916611515206104,0.021298666163547086,test_sload_bloated,SLOAD,target_coef,presets[cold_storage_sload],0.0,0.9759277211181077,0.9753545716209198,,True,,2037.8630075978606,2038,False,False,test_sload_bloated,SLOAD,target_coef
COLD_STORAGE_ACCESS,geth,0.021458361709110287,0.001,0.020228012094147176,0.02252950059638422,test_sstore_bloated,SSTORE,target_coef,presets[cold_storage_sstore_access],0.0,0.9725770049599888,0.9719240765066551,,False,,2145.8361709110286,2146,False,False,test_sstore_bloated,SSTORE,target_coef
COLD_STORAGE_ACCESS,geth,0.020805116576730714,0.001,0.0196074663218894,0.021802764403991624,test_sstore_bloated,SSTORE,target_coef,presets[cold_storage_sstore_access],0.0,0.9799439645682826,0.9794664399151465,,True,,2080.5116576730716,2081,False,False,test_sstore_bloated,SSTORE,target_coef
COLD_STORAGE_ACCESS,nethermind,0.008633751480226689,0.001,0.008298936306857812,0.0089560342815947,test_sload_bloated,SLOAD,target_coef,presets[cold_storage_sload],0.0,0.9868821850204456,0.9864590296985244,,False,,863.3751480226689,864,False,False,test_sload_bloated,SLOAD,target_coef
COLD_STORAGE_ACCESS,nethermind,0.008976827060155424,0.001,0.008552873421986466,0.009335092869390051,test_sload_bloated,SLOAD,target_coef,presets[cold_storage_sload],0.0,0.985798861823832,0.9853407605923428,,True,,897.6827060155424,898,False,False,test_sload_bloated,SLOAD,target_coef
COLD_STORAGE_ACCESS,nethermind,0.009053376404701803,0.001,0.00858049867972072,0.009539591789602607,test_sstore_bloated,SSTORE,target_coef,presets[cold_storage_sstore_access],0.0,0.9716571468544201,0.9707428612690788,,False,,905.3376404701803,906,False,True,test_sstore_bloated,SSTORE,target_coef
COLD_STORAGE_ACCESS,nethermind,0.00899974354475322,0.001,0.008664954331711714,0.009347862224840629,test_sstore_bloated,SSTORE,target_coef,presets[cold_storage_sstore_access],0.0,0.9849649121964464,0.9844799093640737,,True,,899.974354475322,900,False,False,test_sstore_bloated,SSTORE,target_coef
COLD_STORAGE_ACCESS,reth,0.004142697097503228,0.001,0.003980898572779922,0.004292403271663665,test_sload_bloated,SLOAD,target_coef,presets[cold_storage_sload],0.0,0.9754610582034258,0.9748767976844597,,False,,414.26970975032276,415,False,False,test_sload_bloated,SLOAD,target_coef
COLD_STORAGE_ACCESS,reth,0.004062829726443296,0.001,0.0038742177502957297,0.00423100327040142,test_sload_bloated,SLOAD,target_coef,presets[cold_storage_sload],0.0,0.9819529240067572,0.9815232317212037,,True,,406.2829726443296,407,False,False,test_sload_bloated,SLOAD,target_coef
COLD_STORAGE_ACCESS,reth,0.004154422258438438,0.001,0.003997614617006888,0.0043081413849744045,test_sstore_bloated,SSTORE,target_coef,presets[cold_storage_sstore_access],0.0,0.9878532039664882,0.987563994537119,,False,,415.44222584384374,416,False,False,test_sstore_bloated,SSTORE,target_coef
COLD_STORAGE_ACCESS,reth,0.004184937254172437,0.001,0.0040162998662950115,0.004342624778732214,test_sstore_bloated,SSTORE,target_coef,presets[cold_storage_sstore_access],0.0,0.9833171565975248,0.9829199460403231,,True,,418.49372541724375,419,False,True,test_sstore_bloated,SSTORE,target_coef
COLD_STORAGE_WRITE,besu,0.1346606370971099,0.001,0.12252366723087868,0.1453586782097773,test_sstore_bloated,SSTORE,target_coef,presets[cold_storage_sstore_write],0.0,0.9431381999521367,0.9413039483376895,,False,,13466.06370971099,13467,False,True,test_sstore_bloated,SSTORE,target_coef
COLD_STORAGE_WRITE,besu,0.09198464266812767,0.001,0.08808210705351564,0.09545024763010207,test_sstore_bloated,SSTORE,target_coef,presets[cold_storage_sstore_write],0.0,0.9845115427722496,0.9840119151197415,,True,,9198.464266812767,9199,False,False,test_sstore_bloated,SSTORE,target_coef
COLD_STORAGE_WRITE,erigon,0.22572904520942094,0.001,0.21913485774565294,0.2312406827724899,test_sstore_bloated,SSTORE,target_coef,presets[cold_storage_sstore_write],0.0,0.9965007264323569,0.9963257627539748,,False,,22572.904520942095,22573,False,True,test_sstore_bloated,SSTORE,target_coef
COLD_STORAGE_WRITE,erigon,0.13894449646605322,0.001,0.13595100988473827,0.14242812644533762,test_sstore_bloated,SSTORE,target_coef,presets[cold_storage_sstore_write],0.0,0.99825715462676,0.998170012358098,,True,,13894.449646605322,13895,False,False,test_sstore_bloated,SSTORE,target_coef
COLD_STORAGE_WRITE,ethrex,0.0,1.0,0.0,0.0,test_sstore_bloated,SSTORE,target_coef,presets[cold_storage_sstore_write],0.0,0.0,-0.023809523809523725,,False,,0.0,0,True,False,test_sstore_bloated,SSTORE,target_coef
COLD_STORAGE_WRITE,ethrex,0.009236819569734163,0.001,0.004901416078013133,0.012705993316010626,test_sstore_bloated,SSTORE,target_coef,presets[cold_storage_sstore_write],0.0,0.22015087926026933,0.20158304305218044,,True,,923.6819569734163,924,True,True,test_sstore_bloated,SSTORE,target_coef
COLD_STORAGE_WRITE,geth,0.14025906578556613,0.001,0.12497977116974997,0.15440356301270913,test_sstore_bloated,SSTORE,target_coef,presets[cold_storage_sstore_write],0.0,0.8879366348097665,0.8852684594480943,,False,,14025.906578556613,14026,False,True,test_sstore_bloated,SSTORE,target_coef
COLD_STORAGE_WRITE,geth,0.09123656899970574,0.001,0.08912839113120069,0.09331728154528025,test_sstore_bloated,SSTORE,target_coef,presets[cold_storage_sstore_write],0.0,0.993591609535531,0.9934390288101865,,True,,9123.656899970574,9124,False,False,test_sstore_bloated,SSTORE,target_coef
COLD_STORAGE_WRITE,nethermind,0.07543561979139216,0.001,0.07128610352186725,0.07933526343350744,test_sstore_bloated,SSTORE,target_coef,presets[cold_storage_sstore_write],0.0,0.9706144491433734,0.9696665281479983,,False,,7543.5619791392155,7544,False,True,test_sstore_bloated,SSTORE,target_coef
COLD_STORAGE_WRITE,nethermind,0.05907029620966096,0.001,0.05686689609204132,0.06146599851172451,test_sstore_bloated,SSTORE,target_coef,presets[cold_storage_sstore_write],0.0,0.9900420609926963,0.989720837153751,,True,,5907.0296209660955,5908,False,False,test_sstore_bloated,SSTORE,target_coef
COLD_STORAGE_WRITE,reth,0.04282373789045414,0.001,0.039519575871787484,0.045985654555861635,test_sstore_bloated,SSTORE,target_coef,presets[cold_storage_sstore_write],0.0,0.9244646154165582,0.9226661538788572,,False,,4282.373789045414,4283,False,True,test_sstore_bloated,SSTORE,target_coef
COLD_STORAGE_WRITE,reth,0.02790810883673636,0.001,0.02668360005769544,0.02906120275168744,test_sstore_bloated,SSTORE,target_coef,presets[cold_storage_sstore_write],0.0,0.9830084206486082,0.9826038592354798,,True,,2790.8108836736365,2791,False,False,test_sstore_bloated,SSTORE,target_coef
WARM_ACCESS,besu,0.00011151863860810812,0.001,8.831803584083192e-05,0.00013724627740227026,test_ext_account_query_warm,BALANCE,target_coef,presets[warm_account_access],0.0,0.7740019949241576,0.7667117366959045,,,BALANCE,11.151863860810812,12,False,False,test_ext_account_query_warm,BALANCE,target_coef
WARM_ACCESS,besu,0.00037911274443138554,0.001,0.00028983717665967423,0.00046681258696446633,test_ext_account_query_warm,CALL,target_coef,presets[warm_account_access],0.0,0.6977032626628055,0.6879517550067669,,,CALL,37.91127444313855,38,False,False,test_ext_account_query_warm,CALL,target_coef
WARM_ACCESS,besu,0.000445934539393973,0.001,0.0003643677854277106,0.0005437873277447636,test_ext_account_query_warm,CALLCODE,target_coef,presets[warm_account_access],0.0,0.7735477858232369,0.7662428756885026,,,CALLCODE,44.5934539393973,45,False,True,test_ext_account_query_warm,CALLCODE,target_coef
WARM_ACCESS,besu,0.0004216986450289828,0.001,0.0003413757808244252,0.0004913574831053754,test_ext_account_query_warm,DELEGATECALL,target_coef,presets[warm_account_access],0.0,0.8080765848217168,0.80188550691274,,,DELEGATECALL,42.16986450289828,43,False,False,test_ext_account_query_warm,DELEGATECALL,target_coef
WARM_ACCESS,besu,6.506565151459462e-05,0.001,2.4931525372108708e-05,9.919634787400672e-05,test_ext_account_query_warm,EXTCODEHASH,target_coef,presets[warm_account_access],0.0,0.34069832575408354,0.3194305298106669,,,EXTCODEHASH,6.506565151459462,7,True,False,test_ext_account_query_warm,EXTCODEHASH,target_coef
WARM_ACCESS,besu,0.00014265472107462707,0.001,8.538339124055432e-05,0.00020044786370957334,test_ext_account_query_warm,EXTCODESIZE,target_coef,presets[warm_account_access],0.0,0.33660990711528826,0.3152102266996524,,,EXTCODESIZE,14.265472107462706,15,True,False,test_ext_account_query_warm,EXTCODESIZE,target_coef
WARM_ACCESS,besu,0.0004072838007160689,0.001,0.0003197937151948459,0.0004854338613380996,test_ext_account_query_warm,STATICCALL,target_coef,presets[warm_account_access],0.0,0.7304487382522524,0.7217535362603896,,,STATICCALL,40.728380071606885,41,False,False,test_ext_account_query_warm,STATICCALL,target_coef
WARM_ACCESS,besu,5.662031813568023e-05,0.001,3.5575044749099456e-05,7.742011737112599e-05,test_sload_same_key_benchmark,SLOAD,target_coef,presets[warm_storage_access_sload],0.0,0.2539001037580719,0.24224229287929178,,,,5.6620318135680225,6,True,False,test_sload_same_key_benchmark,SLOAD,target_coef
WARM_ACCESS,erigon,5.096367586211435e-05,0.001,4.782858376837939e-05,5.364504778678075e-05,test_ext_account_query_warm,BALANCE,target_coef,presets[warm_account_access],0.0,0.9835487489624368,0.9827261864105586,,,BALANCE,5.096367586211435,6,False,False,test_ext_account_query_warm,BALANCE,target_coef
WARM_ACCESS,erigon,0.0003612060463760563,0.001,0.0003347854796294468,0.00037877794043219973,test_ext_account_query_warm,CALL,target_coef,presets[warm_account_access],0.0,0.9725271566038578,0.9711535144340507,,,CALL,36.12060463760563,37,False,True,test_ext_account_query_warm,CALL,target_coef
WARM_ACCESS,erigon,0.00011255512504051433,0.001,0.00010430856477768292,0.00012068017403033938,test_ext_account_query_warm,CALLCODE,target_coef,presets[warm_account_access],0.0,0.9607899791798388,0.9588294781388307,,,CALLCODE,11.255512504051433,12,False,False,test_ext_account_query_warm,CALLCODE,target_coef
WARM_ACCESS,erigon,0.00010915804188673762,0.001,0.00010089801263261629,0.00011607573756325745,test_ext_account_query_warm,DELEGATECALL,target_coef,presets[warm_account_access],0.0,0.9788624737667767,0.9778055974551155,,,DELEGATECALL,10.915804188673762,11,False,False,test_ext_account_query_warm,DELEGATECALL,target_coef
WARM_ACCESS,erigon,0.00035416102313670775,0.001,0.0003400375790527956,0.0003644488165418175,test_ext_account_query_warm,EXTCODEHASH,target_coef,presets[warm_account_access],0.0,0.9938540370562836,0.9935467389090978,,,EXTCODEHASH,35.41610231367078,36,False,False,test_ext_account_query_warm,EXTCODEHASH,target_coef
WARM_ACCESS,erigon,4.7412424130534424e-05,0.001,4.387532480166815e-05,4.99251190701549e-05,test_ext_account_query_warm,EXTCODESIZE,target_coef,presets[warm_account_access],0.0,0.9682909099143695,0.966705455410088,,,EXTCODESIZE,4.741242413053443,5,False,False,test_ext_account_query_warm,EXTCODESIZE,target_coef
WARM_ACCESS,erigon,0.0003572267001589496,0.001,0.0003214712589530474,0.00037931798312418905,test_ext_account_query_warm,STATICCALL,target_coef,presets[warm_account_access],0.0,0.9536942920616337,0.9513790066647154,,,STATICCALL,35.72267001589496,36,False,False,test_ext_account_query_warm,STATICCALL,target_coef
WARM_ACCESS,erigon,5.338162668556378e-05,0.001,5.099037663281138e-05,5.5553597885693924e-05,test_sload_same_key_benchmark,SLOAD,target_coef,presets[warm_storage_access_sload],0.0,0.976172960754011,0.9756056502957732,,,,5.338162668556379,6,False,False,test_sload_same_key_benchmark,SLOAD,target_coef
WARM_ACCESS,ethrex,1.7802476571175345e-05,0.001,1.495297492331921e-05,2.0498186876533385e-05,test_ext_account_query_warm,BALANCE,target_coef,presets[warm_account_access],0.0,0.7164715736551921,0.7097208968374586,,,BALANCE,1.7802476571175345,2,False,False,test_ext_account_query_warm,BALANCE,target_coef
WARM_ACCESS,ethrex,9.923811452469194e-05,0.001,9.263939731685508e-05,0.00010648672048660966,test_ext_account_query_warm,CALL,target_coef,presets[warm_account_access],0.0,0.9404640375301284,0.9390465146141791,,,CALL,9.923811452469193,10,False,False,test_ext_account_query_warm,CALL,target_coef
WARM_ACCESS,ethrex,0.00010329284945129382,0.001,9.513011189827194e-05,0.00011051452632436169,test_ext_account_query_warm,CALLCODE,target_coef,presets[warm_account_access],0.0,0.954744879387311,0.9536673765155803,,,CALLCODE,10.329284945129382,11,False,True,test_ext_account_query_warm,CALLCODE,target_coef
WARM_ACCESS,ethrex,0.00010082178706784872,0.001,9.137974467330146e-05,0.00011117517823528611,test_ext_account_query_warm,DELEGATECALL,target_coef,presets[warm_account_access],0.0,0.9257401076321151,0.9239720149566892,,,DELEGATECALL,10.082178706784873,11,False,False,test_ext_account_query_warm,DELEGATECALL,target_coef
WARM_ACCESS,ethrex,1.5376400745489578e-05,0.001,1.231590394333462e-05,1.8621863307348677e-05,test_ext_account_query_warm,EXTCODEHASH,target_coef,presets[warm_account_access],0.0,0.7416316998344397,0.7354800736400215,,,EXTCODEHASH,1.5376400745489578,2,False,False,test_ext_account_query_warm,EXTCODEHASH,target_coef
WARM_ACCESS,ethrex,1.5040481121651854e-05,0.001,1.2291332931621045e-05,1.780218003570632e-05,test_ext_account_query_warm,EXTCODESIZE,target_coef,presets[warm_account_access],0.0,0.7069340683469656,0.6999563080695124,,,EXTCODESIZE,1.5040481121651854,2,False,False,test_ext_account_query_warm,EXTCODESIZE,target_coef
WARM_ACCESS,ethrex,9.84846132571991e-05,0.001,9.133844856918914e-05,0.00010486142857903181,test_ext_account_query_warm,STATICCALL,target_coef,presets[warm_account_access],0.0,0.9432957618168325,0.9419456609077095,,,STATICCALL,9.84846132571991,10,False,False,test_ext_account_query_warm,STATICCALL,target_coef
WARM_ACCESS,ethrex,2.2479347922131595e-05,0.001,1.9873720316178694e-05,2.531768652657158e-05,test_sload_same_key_benchmark,SLOAD,target_coef,presets[warm_storage_access_sload],0.0,0.7588940578661545,0.7560905003994819,,,,2.24793479221316,3,False,False,test_sload_same_key_benchmark,SLOAD,target_coef
WARM_ACCESS,geth,2.176246981204171e-05,0.001,1.7256991481124543e-05,2.6875441285476794e-05,test_ext_account_query_warm,BALANCE,target_coef,presets[warm_account_access],0.0,0.7177576390945828,0.711037582882549,,,BALANCE,2.1762469812041707,3,False,False,test_ext_account_query_warm,BALANCE,target_coef
WARM_ACCESS,geth,0.00014164886259308244,0.001,0.0001322088172207747,0.00015117976486067527,test_ext_account_query_warm,CALL,target_coef,presets[warm_account_access],0.0,0.9590097325361595,0.9580337737870205,,,CALL,14.164886259308243,15,False,False,test_ext_account_query_warm,CALL,target_coef
WARM_ACCESS,geth,0.0001788463241687221,0.001,0.00016366327715101813,0.00019686770714545464,test_ext_account_query_warm,CALLCODE,target_coef,presets[warm_account_access],0.0,0.936939187241933,0.9354377393191219,,,CALLCODE,17.884632416872208,18,False,False,test_ext_account_query_warm,CALLCODE,target_coef
WARM_ACCESS,geth,0.0001557327841018578,0.001,0.0001462533205054099,0.00016680982362216054,test_ext_account_query_warm,DELEGATECALL,target_coef,presets[warm_account_access],0.0,0.9409714633038205,0.9395660219539115,,,DELEGATECALL,15.573278410185779,16,False,False,test_ext_account_query_warm,DELEGATECALL,target_coef
WARM_ACCESS,geth,3.804803616272153e-05,0.001,3.352581204929556e-05,4.303475320321402e-05,test_ext_account_query_warm,EXTCODEHASH,target_coef,presets[warm_account_access],0.0,0.8780988280650813,0.875196419209488,,,EXTCODEHASH,3.8048036162721535,4,False,False,test_ext_account_query_warm,EXTCODEHASH,target_coef
WARM_ACCESS,geth,0.0,1.0,0.0,6.099440341569564e-06,test_ext_account_query_warm,EXTCODESIZE,target_coef,presets[warm_account_access],0.0,-2.220446049250313e-16,-0.023809523809523947,,,EXTCODESIZE,0.0,0,True,False,test_ext_account_query_warm,EXTCODESIZE,target_coef
WARM_ACCESS,geth,0.00018400239678746663,0.001,0.00017205131487150796,0.000196046377057207,test_ext_account_query_warm,STATICCALL,target_coef,presets[warm_account_access],0.0,0.9614029343613483,0.9604839566080471,,,STATICCALL,18.400239678746665,19,False,True,test_ext_account_query_warm,STATICCALL,target_coef
WARM_ACCESS,geth,4.674931512601478e-05,0.001,4.4057099143176675e-05,4.9068135132557845e-05,test_sload_same_key_benchmark,SLOAD,target_coef,presets[warm_storage_access_sload],0.0,0.9257554446736218,0.9248921358907569,,,,4.674931512601478,5,False,False,test_sload_same_key_benchmark,SLOAD,target_coef
WARM_ACCESS,nethermind,0.00015626703209743693,0.001,0.00011872662587572649,0.00020254616792107644,test_ext_account_query_warm,BALANCE,target_coef,presets[warm_account_access],0.0,0.6505577830388449,0.6392854534594528,,,BALANCE,15.626703209743694,16,False,False,test_ext_account_query_warm,BALANCE,target_coef
WARM_ACCESS,nethermind,0.0003708831505811734,0.001,0.00033005630906114886,0.00040974248098646056,test_ext_account_query_warm,CALL,target_coef,presets[warm_account_access],0.0,0.8874505414620909,0.8838199137673196,,,CALL,37.08831505811734,38,False,False,test_ext_account_query_warm,CALL,target_coef
WARM_ACCESS,nethermind,0.00018396552215891164,0.001,0.00015407008062028708,0.00021566902535148581,test_ext_account_query_warm,CALLCODE,target_coef,presets[warm_account_access],0.0,0.7733782701708192,0.7660678917892327,,,CALLCODE,18.396552215891163,19,False,False,test_ext_account_query_warm,CALLCODE,target_coef
WARM_ACCESS,nethermind,0.00047835494933953207,0.001,0.0004320694070899681,0.0005261898033095819,test_ext_account_query_warm,DELEGATECALL,target_coef,presets[warm_account_access],0.0,0.9151639485388282,0.9124273017175001,,,DELEGATECALL,47.83549493395321,48,False,True,test_ext_account_query_warm,DELEGATECALL,target_coef
WARM_ACCESS,nethermind,0.0002394293678864648,0.001,0.0002079388592902492,0.0002766879104635477,test_ext_account_query_warm,EXTCODEHASH,target_coef,presets[warm_account_access],0.0,0.8662176530302974,0.8619020934506296,,,EXTCODEHASH,23.942936788646477,24,False,False,test_ext_account_query_warm,EXTCODEHASH,target_coef
WARM_ACCESS,nethermind,0.0002677241388291042,0.001,0.0002197850691592858,0.00031912034283450275,test_ext_account_query_warm,EXTCODESIZE,target_coef,presets[warm_account_access],0.0,0.7549036637690522,0.7469973303422475,,,EXTCODESIZE,26.77241388291042,27,False,False,test_ext_account_query_warm,EXTCODESIZE,target_coef
WARM_ACCESS,nethermind,0.0003552164908685144,0.001,0.000324044096362262,0.00039695428932094544,test_ext_account_query_warm,STATICCALL,target_coef,presets[warm_account_access],0.0,0.9111705101580414,0.9083050427437847,,,STATICCALL,35.52164908685144,36,False,False,test_ext_account_query_warm,STATICCALL,target_coef
WARM_ACCESS,nethermind,0.00014599084005362554,0.001,0.00011790963832001934,0.00018280261636760735,test_sload_same_key_benchmark,SLOAD,target_coef,presets[warm_storage_access_sload],0.0,0.6284548365318338,0.6226494433526437,,,,14.599084005362554,15,False,False,test_sload_same_key_benchmark,SLOAD,target_coef
WARM_ACCESS,reth,1.3708474564373762e-05,0.001,1.0713438242523306e-05,1.647805589089431e-05,test_ext_account_query_warm,BALANCE,target_coef,presets[warm_account_access],0.0,0.7007780770369354,0.6936537455378148,,,BALANCE,1.3708474564373763,2,False,False,test_ext_account_query_warm,BALANCE,target_coef
WARM_ACCESS,reth,5.8339880964164206e-05,0.001,5.2954452034222155e-05,6.286940436472348e-05,test_ext_account_query_warm,CALL,target_coef,presets[warm_account_access],0.0,0.9333390244914601,0.9317518584079234,,,CALL,5.83398809641642,6,False,True,test_ext_account_query_warm,CALL,target_coef
WARM_ACCESS,reth,5.7032244316592895e-05,0.001,5.2445616024202064e-05,6.15731380131817e-05,test_ext_account_query_warm,CALLCODE,target_coef,presets[warm_account_access],0.0,0.9238736745484686,0.9220611429900988,,,CALLCODE,5.703224431659289,6,False,False,test_ext_account_query_warm,CALLCODE,target_coef
WARM_ACCESS,reth,5.0916331804863104e-05,0.001,4.5600807016603755e-05,5.563867638450667e-05,test_ext_account_query_warm,DELEGATECALL,target_coef,presets[warm_account_access],0.0,0.9012641886500546,0.8989133359988655,,,DELEGATECALL,5.09163318048631,6,False,False,test_ext_account_query_warm,DELEGATECALL,target_coef
WARM_ACCESS,reth,1.3838094565190587e-05,0.001,1.0257109731620031e-05,1.794955175627278e-05,test_ext_account_query_warm,EXTCODEHASH,target_coef,presets[warm_account_access],0.0,0.39388220639388327,0.3794508303556424,,,EXTCODEHASH,1.3838094565190586,2,True,False,test_ext_account_query_warm,EXTCODEHASH,target_coef
WARM_ACCESS,reth,7.117593027684912e-06,0.002,2.652405132366663e-06,1.1462607495549258e-05,test_ext_account_query_warm,EXTCODESIZE,target_coef,presets[warm_account_access],0.0,0.1895341985669482,0.17023739377092317,,,EXTCODESIZE,0.7117593027684912,1,True,False,test_ext_account_query_warm,EXTCODESIZE,target_coef
WARM_ACCESS,reth,5.518993341525208e-05,0.001,4.995277055154478e-05,5.957663114607258e-05,test_ext_account_query_warm,STATICCALL,target_coef,presets[warm_account_access],0.0,0.9204978750612651,0.9186049673246286,,,STATICCALL,5.518993341525208,6,False,False,test_ext_account_query_warm,STATICCALL,target_coef
WARM_ACCESS,reth,7.65881538858226e-06,0.001,6.250132084661692e-06,8.95276629666477e-06,test_sload_same_key_benchmark,SLOAD,target_coef,presets[warm_storage_access_sload],0.0,0.5770033178154979,0.572084751743585,,,,0.765881538858226,1,False,False,test_sload_same_key_benchmark,SLOAD,target_coef
COLD_ACCOUNT_NOCODE_ACCESS,besu,0.03122658677972004,0.001,0.02808442688780843,0.03435037449107807,test_account_access,BALANCE,target_coef,presets[cold_account_nocode_access],0.0,0.9026890488713988,0.8995499859317665,AccountMode.EXISTING_EOA,,BALANCE,3122.6586779720037,3123,False,False,test_account_access,BALANCE,target_coef
COLD_ACCOUNT_NOCODE_ACCESS,besu,0.030859254420852206,0.001,0.02771384560357222,0.033905664603746236,test_account_access,BALANCE,target_coef,presets[cold_account_nocode_access],0.0,0.9110700166788787,0.9082013075394877,AccountMode.NON_EXISTING_ACCOUNT,,BALANCE,3085.9254420852203,3086,False,False,test_account_access,BALANCE,target_coef
COLD_ACCOUNT_NOCODE_ACCESS,besu,0.032760303040374195,0.001,0.029360324441023763,0.03669760444648502,test_account_access,CALL,target_coef,presets[cold_account_nocode_access],0.0,0.9128895903235926,0.9100795771082246,AccountMode.EXISTING_EOA,,CALL,3276.0303040374197,3277,False,False,test_account_access,CALL,target_coef
COLD_ACCOUNT_NOCODE_ACCESS,besu,0.032726935254181425,0.001,0.02939716685329934,0.036219568440069086,test_account_access,CALL,target_coef,presets[cold_account_nocode_access],0.0,0.9113774023936813,0.9085186089225097,AccountMode.NON_EXISTING_ACCOUNT,,CALL,3272.693525418142,3273,False,False,test_account_access,CALL,target_coef
COLD_ACCOUNT_NOCODE_ACCESS,besu,0.03202967952122916,0.001,0.02835293723842716,0.03616841794582164,test_account_access,CALLCODE,target_coef,presets[cold_account_nocode_access],0.0,0.8962334799571827,0.8928861728590274,AccountMode.EXISTING_EOA,,CALLCODE,3202.9679521229164,3203,False,False,test_account_access,CALLCODE,target_coef
COLD_ACCOUNT_NOCODE_ACCESS,besu,0.03241182302236394,0.001,0.029073625140213322,0.035782076490109276,test_account_access,CALLCODE,target_coef,presets[cold_account_nocode_access],0.0,0.9151928157588075,0.9124571001381239,AccountMode.NON_EXISTING_ACCOUNT,,CALLCODE,3241.1823022363947,3242,False,False,test_account_access,CALLCODE,target_coef
COLD_ACCOUNT_NOCODE_ACCESS,besu,0.032887843108948704,0.001,0.029146464541029492,0.03640721206634252,test_account_access,DELEGATECALL,target_coef,presets[cold_account_nocode_access],0.0,0.9026243653779102,0.8994832158739718,AccountMode.EXISTING_EOA,,DELEGATECALL,3288.78431089487,3289,False,True,test_account_access,DELEGATECALL,target_coef
COLD_ACCOUNT_NOCODE_ACCESS,besu,0.03225175331429823,0.001,0.02818989362317421,0.0359448718754069,test_account_access,DELEGATECALL,target_coef,presets[cold_account_nocode_access],0.0,0.8916813819521004,0.8881872329828133,AccountMode.NON_EXISTING_ACCOUNT,,DELEGATECALL,3225.175331429823,3226,False,False,test_account_access,DELEGATECALL,target_coef
COLD_ACCOUNT_NOCODE_ACCESS,besu,0.03088956529670377,0.001,0.027512790089813017,0.03424912056128267,test_account_access,EXTCODECOPY,target_coef,presets[cold_account_nocode_access],0.0,0.9008145539651495,0.8976150234478963,AccountMode.EXISTING_EOA,,EXTCODECOPY,3088.9565296703768,3089,False,False,test_account_access,EXTCODECOPY,target_coef
COLD_ACCOUNT_NOCODE_ACCESS,besu,0.03159289542852169,0.001,0.028337515493743172,0.03438954014766502,test_account_access,EXTCODECOPY,target_coef,presets[cold_account_nocode_access],0.0,0.9105756936521247,0.9076910386086448,AccountMode.NON_EXISTING_ACCOUNT,,EXTCODECOPY,3159.2895428521692,3160,False,False,test_account_access,EXTCODECOPY,target_coef
COLD_ACCOUNT_NOCODE_ACCESS,besu,0.0313844253916689,0.001,0.028008685057195996,0.03444198156578389,test_account_access,EXTCODEHASH,target_coef,presets[cold_account_nocode_access],0.0,0.9009596677943228,0.8977648183683332,AccountMode.EXISTING_EOA,,EXTCODEHASH,3138.44253916689,3139,False,False,test_account_access,EXTCODEHASH,target_coef
COLD_ACCOUNT_NOCODE_ACCESS,besu,0.03024958488762077,0.001,0.027035475289217757,0.03352144214797155,test_account_access,EXTCODEHASH,target_coef,presets[cold_account_nocode_access],0.0,0.9132682259521753,0.9104704267893422,AccountMode.NON_EXISTING_ACCOUNT,,EXTCODEHASH,3024.9584887620767,3025,False,False,test_account_access,EXTCODEHASH,target_coef
COLD_ACCOUNT_NOCODE_ACCESS,besu,0.03166421489870565,0.001,0.02816445386910269,0.03472567252540131,test_account_access,EXTCODESIZE,target_coef,presets[cold_account_nocode_access],0.0,0.9005276386493538,0.897318852799333,AccountMode.EXISTING_EOA,,EXTCODESIZE,3166.4214898705645,3167,False,False,test_account_access,EXTCODESIZE,target_coef
COLD_ACCOUNT_NOCODE_ACCESS,besu,0.03126627672141237,0.001,0.02787360570816725,0.034507633578304976,test_account_access,EXTCODESIZE,target_coef,presets[cold_account_nocode_access],0.0,0.9043619378663948,0.9012768390878915,AccountMode.NON_EXISTING_ACCOUNT,,EXTCODESIZE,3126.6276721412373,3127,False,False,test_account_access,EXTCODESIZE,target_coef
COLD_ACCOUNT_NOCODE_ACCESS,besu,0.03252609883732904,0.001,0.028551719176774563,0.03659023040490849,test_account_access,STATICCALL,target_coef,presets[cold_account_nocode_access],0.0,0.8922215442115157,0.888744819831242,AccountMode.EXISTING_EOA,,STATICCALL,3252.609883732904,3253,False,False,test_account_access,STATICCALL,target_coef
COLD_ACCOUNT_NOCODE_ACCESS,besu,0.032793980905646905,0.001,0.029277106748610296,0.036653135721627206,test_account_access,STATICCALL,target_coef,presets[cold_account_nocode_access],0.0,0.9131550745541456,0.9103536253462148,AccountMode.NON_EXISTING_ACCOUNT,,STATICCALL,3279.3980905646904,3280,False,False,test_account_access,STATICCALL,target_coef
COLD_ACCOUNT_NOCODE_ACCESS,erigon,0.009607546025285945,0.001,0.009552288084339278,0.009656153972325204,test_account_access,BALANCE,target_coef,presets[cold_account_nocode_access],0.0,0.9985261980952639,0.998452508000027,AccountMode.EXISTING_EOA,,BALANCE,960.7546025285945,961,False,False,test_account_access,BALANCE,target_coef
COLD_ACCOUNT_NOCODE_ACCESS,erigon,0.008384896461550108,0.001,0.008177249806999302,0.008423887133594076,test_account_access,BALANCE,target_coef,presets[cold_account_nocode_access],0.0,0.9961213076863388,0.9959273730706557,AccountMode.NON_EXISTING_ACCOUNT,,BALANCE,838.4896461550107,839,False,False,test_account_access,BALANCE,target_coef
COLD_ACCOUNT_NOCODE_ACCESS,erigon,0.010790361327284823,0.001,0.010699121226527407,0.010853139491912535,test_account_access,CALL,target_coef,presets[cold_account_nocode_access],0.0,0.9983552593134213,0.9982730222790923,AccountMode.EXISTING_EOA,,CALL,1079.0361327284825,1080,False,False,test_account_access,CALL,target_coef
COLD_ACCOUNT_NOCODE_ACCESS,erigon,0.009350306517555411,0.001,0.00928281074728939,0.009400328885733816,test_account_access,CALL,target_coef,presets[cold_account_nocode_access],0.0,0.9978435345509806,0.9977357112785297,AccountMode.NON_EXISTING_ACCOUNT,,CALL,935.030651755541,936,False,False,test_account_access,CALL,target_coef
COLD_ACCOUNT_NOCODE_ACCESS,erigon,0.009808075934109503,0.001,0.009727929786138019,0.009849252094566354,test_account_access,CALLCODE,target_coef,presets[cold_account_nocode_access],0.0,0.9983283278252718,0.9982447442165354,AccountMode.EXISTING_EOA,,CALLCODE,980.8075934109503,981,False,False,test_account_access,CALLCODE,target_coef
COLD_ACCOUNT_NOCODE_ACCESS,erigon,0.008527373907627544,0.001,0.008449906384335064,0.008597014176269202,test_account_access,CALLCODE,target_coef,presets[cold_account_nocode_access],0.0,0.996430081712411,0.9962515857980315,AccountMode.NON_EXISTING_ACCOUNT,,CALLCODE,852.7373907627543,853,False,False,test_account_access,CALLCODE,target_coef
COLD_ACCOUNT_NOCODE_ACCESS,erigon,0.009768498079417227,0.001,0.009718256183074947,0.009802535599745314,test_account_access,DELEGATECALL,target_coef,presets[cold_account_nocode_access],0.0,0.9990217969317214,0.9989728867783075,AccountMode.EXISTING_EOA,,DELEGATECALL,976.8498079417227,977,False,False,test_account_access,DELEGATECALL,target_coef
COLD_ACCOUNT_NOCODE_ACCESS,erigon,0.00850801782310667,0.001,0.008458594618187876,0.008550651985265958,test_account_access,DELEGATECALL,target_coef,presets[cold_account_nocode_access],0.0,0.998281838167924,0.9981959300763202,AccountMode.NON_EXISTING_ACCOUNT,,DELEGATECALL,850.801782310667,851,False,False,test_account_access,DELEGATECALL,target_coef
COLD_ACCOUNT_NOCODE_ACCESS,erigon,0.009574209409173109,0.001,0.009508398666431491,0.009625938801596323,test_account_access,EXTCODECOPY,target_coef,presets[cold_account_nocode_access],0.0,0.997935026248846,0.9978317775612883,AccountMode.EXISTING_EOA,,EXTCODECOPY,957.4209409173109,958,False,False,test_account_access,EXTCODECOPY,target_coef
COLD_ACCOUNT_NOCODE_ACCESS,erigon,0.00827384007343636,0.001,0.008208627899389698,0.008323376921886658,test_account_access,EXTCODECOPY,target_coef,presets[cold_account_nocode_access],0.0,0.9975449201831844,0.9974221661923436,AccountMode.NON_EXISTING_ACCOUNT,,EXTCODECOPY,827.384007343636,828,False,False,test_account_access,EXTCODECOPY,target_coef
COLD_ACCOUNT_NOCODE_ACCESS,erigon,0.009128233699147736,0.001,0.009076125995345796,0.009181020680328599,test_account_access,EXTCODEHASH,target_coef,presets[cold_account_nocode_access],0.0,0.9980110434738693,0.9979115956475627,AccountMode.EXISTING_EOA,,EXTCODEHASH,912.8233699147736,913,False,False,test_account_access,EXTCODEHASH,target_coef
COLD_ACCOUNT_NOCODE_ACCESS,erigon,0.008099459809264107,0.001,0.008029884515754806,0.008147866398183145,test_account_access,EXTCODEHASH,target_coef,presets[cold_account_nocode_access],0.0,0.9970473824828572,0.9968997516070001,AccountMode.NON_EXISTING_ACCOUNT,,EXTCODEHASH,809.9459809264107,810,False,False,test_account_access,EXTCODEHASH,target_coef
COLD_ACCOUNT_NOCODE_ACCESS,erigon,0.009505845573562806,0.001,0.009447048783332046,0.009542190987637707,test_account_access,EXTCODESIZE,target_coef,presets[cold_account_nocode_access],0.0,0.9989757366828819,0.998924523517026,AccountMode.EXISTING_EOA,,EXTCODESIZE,950.5845573562805,951,False,False,test_account_access,EXTCODESIZE,target_coef
COLD_ACCOUNT_NOCODE_ACCESS,erigon,0.008223378633095198,0.001,0.00816364057254651,0.00827083819707312,test_account_access,EXTCODESIZE,target_coef,presets[cold_account_nocode_access],0.0,0.9977447615450931,0.9976319996223477,AccountMode.NON_EXISTING_ACCOUNT,,EXTCODESIZE,822.3378633095198,823,False,False,test_account_access,EXTCODESIZE,target_coef
COLD_ACCOUNT_NOCODE_ACCESS,erigon,0.009997236345918648,0.001,0.009805847905538775,0.010042038117841254,test_account_access,STATICCALL,target_coef,presets[cold_account_nocode_access],0.0,0.9978376927424313,0.9977295773795528,AccountMode.EXISTING_EOA,,STATICCALL,999.7236345918648,1000,False,False,test_account_access,STATICCALL,target_coef
COLD_ACCOUNT_NOCODE_ACCESS,erigon,0.10460668488806983,0.001,0.10272260270952166,0.10654821481342404,test_account_access,STATICCALL,target_coef,presets[cold_account_nocode_access],0.0,0.998800489851797,0.9987405143443869,AccountMode.NON_EXISTING_ACCOUNT,,STATICCALL,10460.668488806983,10461,False,True,test_account_access,STATICCALL,target_coef
COLD_ACCOUNT_NOCODE_ACCESS,ethrex,0.01833718900669513,0.001,0.017457062964432685,0.019206582619126552,test_account_access,BALANCE,target_coef,presets[cold_account_nocode_access],0.0,0.9807705403833344,0.9803126961067472,AccountMode.EXISTING_EOA,,BALANCE,1833.718900669513,1834,False,False,test_account_access,BALANCE,target_coef
COLD_ACCOUNT_NOCODE_ACCESS,ethrex,0.0024639586652460493,0.001,0.0023084349406647495,0.0026253430230829375,test_account_access,BALANCE,target_coef,presets[cold_account_nocode_access],0.0,0.9569559925916378,0.955931135272391,AccountMode.NON_EXISTING_ACCOUNT,,BALANCE,246.39586652460494,247,False,False,test_account_access,BALANCE,target_coef
COLD_ACCOUNT_NOCODE_ACCESS,ethrex,0.018324490729418517,0.001,0.017454646653995275,0.019282278897899158,test_account_access,CALL,target_coef,presets[cold_account_nocode_access],0.0,0.9804874908198858,0.9800229072679784,AccountMode.EXISTING_EOA,,CALL,1832.449072941852,1833,False,False,test_account_access,CALL,target_coef
COLD_ACCOUNT_NOCODE_ACCESS,ethrex,0.0025064556995528266,0.001,0.0023443424234450977,0.002683206647347335,test_account_access,CALL,target_coef,presets[cold_account_nocode_access],0.0,0.955931351225178,0.9548820976829203,AccountMode.NON_EXISTING_ACCOUNT,,CALL,250.64556995528267,251,False,False,test_account_access,CALL,target_coef
COLD_ACCOUNT_NOCODE_ACCESS,ethrex,0.018332224777150852,0.001,0.017423753612218266,0.01918099383451926,test_account_access,CALLCODE,target_coef,presets[cold_account_nocode_access],0.0,0.9807810738361261,0.9803234803560339,AccountMode.EXISTING_EOA,,CALLCODE,1833.2224777150852,1834,False,False,test_account_access,CALLCODE,target_coef
COLD_ACCOUNT_NOCODE_ACCESS,ethrex,0.002417677838975593,0.001,0.0022600218903745563,0.0025671255649727886,test_account_access,CALLCODE,target_coef,presets[cold_account_nocode_access],0.0,0.96045870303488,0.9595172435833296,AccountMode.NON_EXISTING_ACCOUNT,,CALLCODE,241.7677838975593,242,False,False,test_account_access,CALLCODE,target_coef
COLD_ACCOUNT_NOCODE_ACCESS,ethrex,0.018327773689727277,0.001,0.017426706342554773,0.019221402719590875,test_account_access,DELEGATECALL,target_coef,presets[cold_account_nocode_access],0.0,0.9809185385815596,0.9804642180715968,AccountMode.EXISTING_EOA,,DELEGATECALL,1832.7773689727278,1833,False,False,test_account_access,DELEGATECALL,target_coef
COLD_ACCOUNT_NOCODE_ACCESS,ethrex,0.002502414358148011,0.001,0.0023233515317147616,0.0026774488799178224,test_account_access,DELEGATECALL,target_coef,presets[cold_account_nocode_access],0.0,0.9586827143626055,0.9576989694664771,AccountMode.NON_EXISTING_ACCOUNT,,DELEGATECALL,250.2414358148011,251,False,False,test_account_access,DELEGATECALL,target_coef
COLD_ACCOUNT_NOCODE_ACCESS,ethrex,0.018339578198204143,0.001,0.017579671429215907,0.019192353945162444,test_account_access,EXTCODECOPY,target_coef,presets[cold_account_nocode_access],0.0,0.9825801244015131,0.9821653654586919,AccountMode.EXISTING_EOA,,EXTCODECOPY,1833.9578198204142,1834,False,False,test_account_access,EXTCODECOPY,target_coef
COLD_ACCOUNT_NOCODE_ACCESS,ethrex,0.002322521713361317,0.001,0.002151228085124162,0.0025029360702559043,test_account_access,EXTCODECOPY,target_coef,presets[cold_account_nocode_access],0.0,0.9467594706799436,0.9454918390294661,AccountMode.NON_EXISTING_ACCOUNT,,EXTCODECOPY,232.2521713361317,233,False,False,test_account_access,EXTCODECOPY,target_coef
COLD_ACCOUNT_NOCODE_ACCESS,ethrex,0.018165983933092662,0.001,0.01731130715028136,0.019089101014788085,test_account_access,EXTCODEHASH,target_coef,presets[cold_account_nocode_access],0.0,0.9808776009276133,0.9804223057116042,AccountMode.EXISTING_EOA,,EXTCODEHASH,1816.5983933092664,1817,False,False,test_account_access,EXTCODEHASH,target_coef
COLD_ACCOUNT_NOCODE_ACCESS,ethrex,0.0023645791702549324,0.001,0.002225161949427612,0.002507475672060554,test_account_access,EXTCODEHASH,target_coef,presets[cold_account_nocode_access],0.0,0.9582879402375128,0.9572947959574536,AccountMode.NON_EXISTING_ACCOUNT,,EXTCODEHASH,236.45791702549326,237,False,False,test_account_access,EXTCODEHASH,target_coef
COLD_ACCOUNT_NOCODE_ACCESS,ethrex,0.018195572311569267,0.001,0.01733365232804382,0.019087806733938673,test_account_access,EXTCODESIZE,target_coef,presets[cold_account_nocode_access],0.0,0.9805920207772836,0.9801299260338856,AccountMode.EXISTING_EOA,,EXTCODESIZE,1819.5572311569265,1820,False,False,test_account_access,EXTCODESIZE,target_coef
COLD_ACCOUNT_NOCODE_ACCESS,ethrex,0.0023485054486849658,0.001,0.002204437528652895,0.0025063724249174226,test_account_access,EXTCODESIZE,target_coef,presets[cold_account_nocode_access],0.0,0.9608330379094994,0.9599004911930589,AccountMode.NON_EXISTING_ACCOUNT,,EXTCODESIZE,234.85054486849657,235,False,False,test_account_access,EXTCODESIZE,target_coef
COLD_ACCOUNT_NOCODE_ACCESS,ethrex,0.018496347164759723,0.001,0.017653779428099124,0.01936928912483493,test_account_access,STATICCALL,target_coef,presets[cold_account_nocode_access],0.0,0.9816011823865607,0.9811631153005265,AccountMode.EXISTING_EOA,,STATICCALL,1849.6347164759723,1850,False,True,test_account_access,STATICCALL,target_coef
COLD_ACCOUNT_NOCODE_ACCESS,ethrex,0.00259780191676036,0.001,0.0024557342959822407,0.002740546088551296,test_account_access,STATICCALL,target_coef,presets[cold_account_nocode_access],0.0,0.9719580244274059,0.9712903583423441,AccountMode.NON_EXISTING_ACCOUNT,,STATICCALL,259.780191676036,260,False,False,test_account_access,STATICCALL,target_coef
COLD_ACCOUNT_NOCODE_ACCESS,geth,0.020679666100965062,0.001,0.020323920080887684,0.02104953974820833,test_account_access,BALANCE,target_coef,presets[cold_account_nocode_access],0.0,0.9972418871782625,0.9971762178253639,AccountMode.EXISTING_EOA,,BALANCE,2067.9666100965064,2068,False,False,test_account_access,BALANCE,target_coef
COLD_ACCOUNT_NOCODE_ACCESS,geth,0.0202523735984171,0.001,0.019887978029641033,0.020643687405687196,test_account_access,BALANCE,target_coef,presets[cold_account_nocode_access],0.0,0.9962356240716806,0.9961459960733874,AccountMode.NON_EXISTING_ACCOUNT,,BALANCE,2025.2373598417103,2026,False,False,test_account_access,BALANCE,target_coef
COLD_ACCOUNT_NOCODE_ACCESS,geth,0.020870918897577823,0.001,0.020434993766846613,0.021300526523180225,test_account_access,CALL,target_coef,presets[cold_account_nocode_access],0.0,0.9956050735403478,0.9955004324341655,AccountMode.EXISTING_EOA,,CALL,2087.091889757782,2088,False,False,test_account_access,CALL,target_coef
COLD_ACCOUNT_NOCODE_ACCESS,geth,0.020764710674012983,0.001,0.02043277807622587,0.021102398857557218,test_account_access,CALL,target_coef,presets[cold_account_nocode_access],0.0,0.9968186674684897,0.9967429214558347,AccountMode.NON_EXISTING_ACCOUNT,,CALL,2076.471067401298,2077,False,False,test_account_access,CALL,target_coef
COLD_ACCOUNT_NOCODE_ACCESS,geth,0.02091299103586337,0.001,0.020459894684626768,0.021376376424742726,test_account_access,CALLCODE,target_coef,presets[cold_account_nocode_access],0.0,0.9956838658131619,0.9955811007134753,AccountMode.EXISTING_EOA,,CALLCODE,2091.299103586337,2092,False,False,test_account_access,CALLCODE,target_coef
COLD_ACCOUNT_NOCODE_ACCESS,geth,0.021130661968833248,0.001,0.020691154513606796,0.021537589918510337,test_account_access,CALLCODE,target_coef,presets[cold_account_nocode_access],0.0,0.9962387884746112,0.9961492358192449,AccountMode.NON_EXISTING_ACCOUNT,,CALLCODE,2113.066196883325,2114,False,False,test_account_access,CALLCODE,target_coef
COLD_ACCOUNT_NOCODE_ACCESS,geth,0.020908268034108494,0.001,0.020457892069696216,0.02137003428274298,test_account_access,DELEGATECALL,target_coef,presets[cold_account_nocode_access],0.0,0.9953505996623421,0.9952398996543026,AccountMode.EXISTING_EOA,,DELEGATECALL,2090.8268034108496,2091,False,False,test_account_access,DELEGATECALL,target_coef
COLD_ACCOUNT_NOCODE_ACCESS,geth,0.021362102170993102,0.001,0.02094102935962573,0.021825761556558174,test_account_access,DELEGATECALL,target_coef,presets[cold_account_nocode_access],0.0,0.9959002738674892,0.9958026613405248,AccountMode.NON_EXISTING_ACCOUNT,,DELEGATECALL,2136.2102170993103,2137,False,False,test_account_access,DELEGATECALL,target_coef
COLD_ACCOUNT_NOCODE_ACCESS,geth,0.021320757169850327,0.001,0.020904114077030748,0.021769895660168397,test_account_access,EXTCODECOPY,target_coef,presets[cold_account_nocode_access],0.0,0.9958603589175106,0.9957617960345941,AccountMode.EXISTING_EOA,,EXTCODECOPY,2132.075716985033,2133,False,False,test_account_access,EXTCODECOPY,target_coef
COLD_ACCOUNT_NOCODE_ACCESS,geth,0.02035022094421574,0.001,0.01997199965858042,0.020752023114492736,test_account_access,EXTCODECOPY,target_coef,presets[cold_account_nocode_access],0.0,0.9968944579488332,0.9968205164714246,AccountMode.NON_EXISTING_ACCOUNT,,EXTCODECOPY,2035.022094421574,2036,False,False,test_account_access,EXTCODECOPY,target_coef
COLD_ACCOUNT_NOCODE_ACCESS,geth,0.020458214114886318,0.001,0.020029273746579496,0.020870357284265853,test_account_access,EXTCODEHASH,target_coef,presets[cold_account_nocode_access],0.0,0.9964232115961243,0.9963380499674607,AccountMode.EXISTING_EOA,,EXTCODEHASH,2045.8214114886318,2046,False,False,test_account_access,EXTCODEHASH,target_coef
COLD_ACCOUNT_NOCODE_ACCESS,geth,0.0200352683956803,0.001,0.01960054238453684,0.02045806069151361,test_account_access,EXTCODEHASH,target_coef,presets[cold_account_nocode_access],0.0,0.9958299931088279,0.9957307072304666,AccountMode.NON_EXISTING_ACCOUNT,,EXTCODEHASH,2003.5268395680298,2004,False,False,test_account_access,EXTCODEHASH,target_coef
COLD_ACCOUNT_NOCODE_ACCESS,geth,0.020694731840854446,0.001,0.020373345841139062,0.02101385437948326,test_account_access,EXTCODESIZE,target_coef,presets[cold_account_nocode_access],0.0,0.9972650263703161,0.9971999079505617,AccountMode.EXISTING_EOA,,EXTCODESIZE,2069.4731840854447,2070,False,False,test_account_access,EXTCODESIZE,target_coef
COLD_ACCOUNT_NOCODE_ACCESS,geth,0.020076426573195496,0.001,0.019736758410146407,0.020425782119271797,test_account_access,EXTCODESIZE,target_coef,presets[cold_account_nocode_access],0.0,0.9969399910719126,0.996867133716482,AccountMode.NON_EXISTING_ACCOUNT,,EXTCODESIZE,2007.6426573195497,2008,False,False,test_account_access,EXTCODESIZE,target_coef
COLD_ACCOUNT_NOCODE_ACCESS,geth,0.020777525175369977,0.001,0.020395827455706905,0.02115942322444448,test_account_access,STATICCALL,target_coef,presets[cold_account_nocode_access],0.0,0.9962096899686561,0.9961194444917193,AccountMode.EXISTING_EOA,,STATICCALL,2077.752517536998,2078,False,False,test_account_access,STATICCALL,target_coef
COLD_ACCOUNT_NOCODE_ACCESS,geth,0.021365321822350698,0.001,0.02086487388792621,0.021833916545462222,test_account_access,STATICCALL,target_coef,presets[cold_account_nocode_access],0.0,0.9956948111868769,0.9955923066913263,AccountMode.NON_EXISTING_ACCOUNT,,STATICCALL,2136.5321822350697,2137,False,True,test_account_access,STATICCALL,target_coef
COLD_ACCOUNT_NOCODE_ACCESS,nethermind,0.010423130744844793,0.001,0.009981493865290366,0.010932241823561421,test_account_access,BALANCE,target_coef,presets[cold_account_nocode_access],0.0,0.9825802842780446,0.982018357964433,AccountMode.EXISTING_EOA,,BALANCE,1042.3130744844793,1043,False,False,test_account_access,BALANCE,target_coef
COLD_ACCOUNT_NOCODE_ACCESS,nethermind,0.010104233127644498,0.001,0.009622394601359337,0.01060504174934633,test_account_access,BALANCE,target_coef,presets[cold_account_nocode_access],0.0,0.9795947185638453,0.978936483678808,AccountMode.NON_EXISTING_ACCOUNT,,BALANCE,1010.4233127644499,1011,False,False,test_account_access,BALANCE,target_coef
COLD_ACCOUNT_NOCODE_ACCESS,nethermind,0.010924349772154458,0.001,0.010515869172077174,0.011410589791193351,test_account_access,CALL,target_coef,presets[cold_account_nocode_access],0.0,0.9853195816919808,0.9848460198110769,AccountMode.EXISTING_EOA,,CALL,1092.4349772154458,1093,False,False,test_account_access,CALL,target_coef
COLD_ACCOUNT_NOCODE_ACCESS,nethermind,0.01061453130829221,0.001,0.010238267010497083,0.01098620983302842,test_account_access,CALL,target_coef,presets[cold_account_nocode_access],0.0,0.9904091980585781,0.9900998173507902,AccountMode.NON_EXISTING_ACCOUNT,,CALL,1061.453130829221,1062,False,False,test_account_access,CALL,target_coef
COLD_ACCOUNT_NOCODE_ACCESS,nethermind,0.010738631343949753,0.001,0.010367833738342153,0.011201933946613826,test_account_access,CALLCODE,target_coef,presets[cold_account_nocode_access],0.0,0.9856252088068483,0.9851615058651337,AccountMode.EXISTING_EOA,,CALLCODE,1073.863134394975,1074,False,False,test_account_access,CALLCODE,target_coef
COLD_ACCOUNT_NOCODE_ACCESS,nethermind,0.010528126521727372,0.001,0.010136215604475737,0.010961697637183439,test_account_access,CALLCODE,target_coef,presets[cold_account_nocode_access],0.0,0.9815066940138837,0.9809101357562671,AccountMode.NON_EXISTING_ACCOUNT,,CALLCODE,1052.8126521727372,1053,False,False,test_account_access,CALLCODE,target_coef
COLD_ACCOUNT_NOCODE_ACCESS,nethermind,0.01063738759579247,0.001,0.010175125265894862,0.011126774812216992,test_account_access,DELEGATECALL,target_coef,presets[cold_account_nocode_access],0.0,0.9761176282406644,0.9753472291516536,AccountMode.EXISTING_EOA,,DELEGATECALL,1063.738759579247,1064,False,False,test_account_access,DELEGATECALL,target_coef
COLD_ACCOUNT_NOCODE_ACCESS,nethermind,0.01071483566616818,0.001,0.010191577191768227,0.01131643280744427,test_account_access,DELEGATECALL,target_coef,presets[cold_account_nocode_access],0.0,0.9800688010467747,0.9794258591450578,AccountMode.NON_EXISTING_ACCOUNT,,DELEGATECALL,1071.483566616818,1072,False,False,test_account_access,DELEGATECALL,target_coef
COLD_ACCOUNT_NOCODE_ACCESS,nethermind,0.010496589677904278,0.001,0.010038045295500252,0.01100774466134703,test_account_access,EXTCODECOPY,target_coef,presets[cold_account_nocode_access],0.0,0.9852107013298113,0.98473362717916,AccountMode.EXISTING_EOA,,EXTCODECOPY,1049.6589677904278,1050,False,False,test_account_access,EXTCODECOPY,target_coef
COLD_ACCOUNT_NOCODE_ACCESS,nethermind,0.010495177601896404,0.001,0.010088837075718598,0.010933814221995432,test_account_access,EXTCODECOPY,target_coef,presets[cold_account_nocode_access],0.0,0.9808379480465573,0.9802198173383817,AccountMode.NON_EXISTING_ACCOUNT,,EXTCODECOPY,1049.5177601896403,1050,False,False,test_account_access,EXTCODECOPY,target_coef
COLD_ACCOUNT_NOCODE_ACCESS,nethermind,0.010144078497632525,0.001,0.009763174569965165,0.010499694712223059,test_account_access,EXTCODEHASH,target_coef,presets[cold_account_nocode_access],0.0,0.989120811576815,0.9887698700147768,AccountMode.EXISTING_EOA,,EXTCODEHASH,1014.4078497632524,1015,False,False,test_account_access,EXTCODEHASH,target_coef
COLD_ACCOUNT_NOCODE_ACCESS,nethermind,0.010232596473907712,0.001,0.00985089182727605,0.010695353357636809,test_account_access,EXTCODEHASH,target_coef,presets[cold_account_nocode_access],0.0,0.9837417859915337,0.9832173274751316,AccountMode.NON_EXISTING_ACCOUNT,,EXTCODEHASH,1023.2596473907712,1024,False,False,test_account_access,EXTCODEHASH,target_coef
COLD_ACCOUNT_NOCODE_ACCESS,nethermind,0.010409581133364324,0.001,0.010040523330840411,0.010878333214174349,test_account_access,EXTCODESIZE,target_coef,presets[cold_account_nocode_access],0.0,0.9807248451663668,0.9801030659781851,AccountMode.EXISTING_EOA,,EXTCODESIZE,1040.9581133364325,1041,False,False,test_account_access,EXTCODESIZE,target_coef
COLD_ACCOUNT_NOCODE_ACCESS,nethermind,0.010302354343543096,0.001,0.00989560152124608,0.010710296737417172,test_account_access,EXTCODESIZE,target_coef,presets[cold_account_nocode_access],0.0,0.989295228359918,0.9889499131457218,AccountMode.NON_EXISTING_ACCOUNT,,EXTCODESIZE,1030.2354343543097,1031,False,False,test_account_access,EXTCODESIZE,target_coef
COLD_ACCOUNT_NOCODE_ACCESS,nethermind,0.010988511994516384,0.001,0.010621217834544857,0.01131974196043909,test_account_access,STATICCALL,target_coef,presets[cold_account_nocode_access],0.0,0.9887058434479938,0.9883415158172839,AccountMode.EXISTING_EOA,,STATICCALL,1098.8511994516384,1099,False,False,test_account_access,STATICCALL,target_coef
COLD_ACCOUNT_NOCODE_ACCESS,nethermind,0.011133229853393973,0.001,0.010724771348887429,0.011570349410604818,test_account_access,STATICCALL,target_coef,presets[cold_account_nocode_access],0.0,0.984949037958414,0.9844635230538468,AccountMode.NON_EXISTING_ACCOUNT,,STATICCALL,1113.3229853393973,1114,False,True,test_account_access,STATICCALL,target_coef
COLD_ACCOUNT_NOCODE_ACCESS,reth,0.004472625482306116,0.001,0.004282357751896238,0.0046503679304998715,test_account_access,BALANCE,target_coef,presets[cold_account_nocode_access],0.0,0.9853225018630251,0.9849730376216685,AccountMode.EXISTING_EOA,,BALANCE,447.2625482306116,448,False,False,test_account_access,BALANCE,target_coef
COLD_ACCOUNT_NOCODE_ACCESS,reth,0.004526105363828036,0.001,0.0043010028150785315,0.004728462856793896,test_account_access,BALANCE,target_coef,presets[cold_account_nocode_access],0.0,0.9733310736337157,0.9726960991964233,AccountMode.NON_EXISTING_ACCOUNT,,BALANCE,452.6105363828036,453,False,False,test_account_access,BALANCE,target_coef
COLD_ACCOUNT_NOCODE_ACCESS,reth,0.004921812224664885,0.001,0.004718058736433195,0.005145669121175618,test_account_access,CALL,target_coef,presets[cold_account_nocode_access],0.0,0.9773153429220873,0.9767752320392799,AccountMode.EXISTING_EOA,,CALL,492.18122246648846,493,False,True,test_account_access,CALL,target_coef
COLD_ACCOUNT_NOCODE_ACCESS,reth,0.004687450925523339,0.001,0.00447290522411846,0.004919231229301347,test_account_access,CALL,target_coef,presets[cold_account_nocode_access],0.0,0.9818108022802455,0.9813777261440609,AccountMode.NON_EXISTING_ACCOUNT,,CALL,468.74509255233386,469,False,False,test_account_access,CALL,target_coef
COLD_ACCOUNT_NOCODE_ACCESS,reth,0.004760247048759589,0.001,0.00452960908100821,0.005021319061486752,test_account_access,CALLCODE,target_coef,presets[cold_account_nocode_access],0.0,0.9792650879910663,0.9787713996099012,AccountMode.EXISTING_EOA,,CALLCODE,476.0247048759589,477,False,False,test_account_access,CALLCODE,target_coef
COLD_ACCOUNT_NOCODE_ACCESS,reth,0.004182525135938405,0.001,0.003956622980309331,0.004409665276483015,test_account_access,CALLCODE,target_coef,presets[cold_account_nocode_access],0.0,0.9715780364498764,0.9709013230320163,AccountMode.NON_EXISTING_ACCOUNT,,CALLCODE,418.2525135938405,419,False,False,test_account_access,CALLCODE,target_coef
COLD_ACCOUNT_NOCODE_ACCESS,reth,0.004615650940099978,0.001,0.004407496238546073,0.004807407742840389,test_account_access,DELEGATECALL,target_coef,presets[cold_account_nocode_access],0.0,0.9798501152919559,0.9793703561322405,AccountMode.EXISTING_EOA,,DELEGATECALL,461.5650940099978,462,False,False,test_account_access,DELEGATECALL,target_coef
COLD_ACCOUNT_NOCODE_ACCESS,reth,0.004479059986884211,0.001,0.004249364511608476,0.004727083028259796,test_account_access,DELEGATECALL,target_coef,presets[cold_account_nocode_access],0.0,0.9766188031479498,0.9760621079848057,AccountMode.NON_EXISTING_ACCOUNT,,DELEGATECALL,447.9059986884211,448,False,False,test_account_access,DELEGATECALL,target_coef
COLD_ACCOUNT_NOCODE_ACCESS,reth,0.00474171131333163,0.001,0.004560791660736692,0.004972703064904944,test_account_access,EXTCODECOPY,target_coef,presets[cold_account_nocode_access],0.0,0.9812922590443254,0.9808468366406189,AccountMode.EXISTING_EOA,,EXTCODECOPY,474.171131333163,475,False,False,test_account_access,EXTCODECOPY,target_coef
COLD_ACCOUNT_NOCODE_ACCESS,reth,0.004611626348071259,0.001,0.004374571591899289,0.00486987265960761,test_account_access,EXTCODECOPY,target_coef,presets[cold_account_nocode_access],0.0,0.9764198360908203,0.9758584036167922,AccountMode.NON_EXISTING_ACCOUNT,,EXTCODECOPY,461.1626348071259,462,False,False,test_account_access,EXTCODECOPY,target_coef
COLD_ACCOUNT_NOCODE_ACCESS,reth,0.004654815779132273,0.001,0.0044830934137759446,0.0048259289149111,test_account_access,EXTCODEHASH,target_coef,presets[cold_account_nocode_access],0.0,0.9794124244350947,0.9789222440645017,AccountMode.EXISTING_EOA,,EXTCODEHASH,465.48157791322734,466,False,False,test_account_access,EXTCODEHASH,target_coef
COLD_ACCOUNT_NOCODE_ACCESS,reth,0.004467277436454383,0.001,0.004292953812502656,0.004637857378153524,test_account_access,EXTCODEHASH,target_coef,presets[cold_account_nocode_access],0.0,0.9826124377137029,0.9821984481354578,AccountMode.NON_EXISTING_ACCOUNT,,EXTCODEHASH,446.7277436454383,447,False,False,test_account_access,EXTCODEHASH,target_coef
COLD_ACCOUNT_NOCODE_ACCESS,reth,0.004559463467052634,0.001,0.0043764142477659175,0.0047403245974902974,test_account_access,EXTCODESIZE,target_coef,presets[cold_account_nocode_access],0.0,0.9817952413105283,0.9813617946750647,AccountMode.EXISTING_EOA,,EXTCODESIZE,455.9463467052634,456,False,False,test_account_access,EXTCODESIZE,target_coef
COLD_ACCOUNT_NOCODE_ACCESS,reth,0.0043408011607841265,0.001,0.004127975110220601,0.004584181971625027,test_account_access,EXTCODESIZE,target_coef,presets[cold_account_nocode_access],0.0,0.9796156097553548,0.9791302671304822,AccountMode.NON_EXISTING_ACCOUNT,,EXTCODESIZE,434.08011607841263,435,False,False,test_account_access,EXTCODESIZE,target_coef
COLD_ACCOUNT_NOCODE_ACCESS,reth,0.004729246542802144,0.001,0.004556146134955887,0.004932809207667551,test_account_access,STATICCALL,target_coef,presets[cold_account_nocode_access],0.0,0.9794751283359551,0.9789864409153826,AccountMode.EXISTING_EOA,,STATICCALL,472.9246542802144,473,False,False,test_account_access,STATICCALL,target_coef
COLD_ACCOUNT_NOCODE_ACCESS,reth,0.004668126170258835,0.001,0.0044775793005480385,0.004868518342321427,test_account_access,STATICCALL,target_coef,presets[cold_account_nocode_access],0.0,0.9779573775162756,0.9774325531714251,AccountMode.NON_EXISTING_ACCOUNT,,STATICCALL,466.81261702588347,467,False,False,test_account_access,STATICCALL,target_coef
COLD_ACCOUNT_NOCODE_WRITE,besu,0.11581172552878807,0.001,0.10765043890955577,0.12424620673992628,test_account_access,CALL,target_coef,presets[cold_account_nocode_write],0.0,0.960207815248328,0.9589241963853709,AccountMode.EXISTING_EOA,,CALL,11581.172552878808,11582,False,False,test_account_access,CALL,target_coef
COLD_ACCOUNT_NOCODE_WRITE,besu,0.17042120060138652,0.001,0.14852242960656095,0.19572226274049254,test_account_access,CALL,target_coef,presets[cold_account_nocode_write],0.0,0.8657155851783361,0.8613838298615083,AccountMode.NON_EXISTING_ACCOUNT,,CALL,17042.12006013865,17043,False,True,test_account_access,CALL,target_coef
COLD_ACCOUNT_NOCODE_WRITE,besu,0.03662922936437601,0.001,0.029941502356661095,0.041142157732661194,test_account_access,CALLCODE,target_coef,presets[cold_account_nocode_write],0.0,0.7832966981759554,0.7763062690848572,AccountMode.EXISTING_EOA,,CALLCODE,3662.9229364376006,3663,False,False,test_account_access,CALLCODE,target_coef
COLD_ACCOUNT_NOCODE_WRITE,besu,0.03696171505795192,0.001,0.03038338270729128,0.040246956772096824,test_account_access,CALLCODE,target_coef,presets[cold_account_nocode_write],0.0,0.8154338493242252,0.8094801025282325,AccountMode.NON_EXISTING_ACCOUNT,,CALLCODE,3696.171505795192,3697,False,False,test_account_access,CALLCODE,target_coef
COLD_ACCOUNT_NOCODE_WRITE,erigon,0.1460745915044622,0.001,0.14246880994654976,0.15136924762365453,test_account_access,CALL,target_coef,presets[cold_account_nocode_write],0.0,0.9974134918449122,0.9972841664371579,AccountMode.EXISTING_EOA,,CALL,14607.459150446219,14608,False,False,test_account_access,CALL,target_coef
COLD_ACCOUNT_NOCODE_WRITE,erigon,0.2704112148039583,0.001,0.2624985781165127,0.2775104989125769,test_account_access,CALL,target_coef,presets[cold_account_nocode_write],0.0,0.9974457035954358,0.9973179887752076,AccountMode.NON_EXISTING_ACCOUNT,,CALL,27041.121480395832,27042,False,True,test_account_access,CALL,target_coef
COLD_ACCOUNT_NOCODE_WRITE,erigon,0.00906646956392736,0.001,0.008789428240676684,0.009346709373927172,test_account_access,CALLCODE,target_coef,presets[cold_account_nocode_write],0.0,0.9958598287636466,0.995652820201829,AccountMode.EXISTING_EOA,,CALLCODE,906.646956392736,907,False,False,test_account_access,CALLCODE,target_coef
COLD_ACCOUNT_NOCODE_WRITE,erigon,0.008126177147826586,0.001,0.007593320049561741,0.00867553982118542,test_account_access,CALLCODE,target_coef,presets[cold_account_nocode_write],0.0,0.9690601574258555,0.9675131652971483,AccountMode.NON_EXISTING_ACCOUNT,,CALLCODE,812.6177147826586,813,False,False,test_account_access,CALLCODE,target_coef
COLD_ACCOUNT_NOCODE_WRITE,ethrex,0.03623706091208676,0.001,0.03560423869163975,0.03700614476820138,test_account_access,CALL,target_coef,presets[cold_account_nocode_write],0.0,0.9954454503748972,0.9953370087171567,AccountMode.EXISTING_EOA,,CALL,3623.7060912086763,3624,False,False,test_account_access,CALL,target_coef
COLD_ACCOUNT_NOCODE_WRITE,ethrex,0.05118200775548357,0.001,0.04475315195436761,0.056536139503698374,test_account_access,CALL,target_coef,presets[cold_account_nocode_write],0.0,0.8791737058608313,0.8762968893337083,AccountMode.NON_EXISTING_ACCOUNT,,CALL,5118.200775548357,5119,False,True,test_account_access,CALL,target_coef
COLD_ACCOUNT_NOCODE_WRITE,ethrex,0.018822649554545705,0.001,0.01772309770979527,0.019903693025611516,test_account_access,CALLCODE,target_coef,presets[cold_account_nocode_write],0.0,0.9751786967943911,0.9745877133847337,AccountMode.EXISTING_EOA,,CALLCODE,1882.2649554545706,1883,False,False,test_account_access,CALLCODE,target_coef
COLD_ACCOUNT_NOCODE_WRITE,ethrex,0.0028228425456307033,0.001,0.0024421136574048668,0.003187715997613124,test_account_access,CALLCODE,target_coef,presets[cold_account_nocode_write],0.0,0.7948563762002196,0.7899720042049868,AccountMode.NON_EXISTING_ACCOUNT,,CALLCODE,282.2842545630703,283,False,False,test_account_access,CALLCODE,target_coef
COLD_ACCOUNT_NOCODE_WRITE,geth,0.10227613178023981,0.001,0.10013566670096219,0.10446077652837782,test_account_access,CALL,target_coef,presets[cold_account_nocode_write],0.0,0.995749789807096,0.9956485943263126,AccountMode.EXISTING_EOA,,CALL,10227.613178023981,10228,False,False,test_account_access,CALL,target_coef
COLD_ACCOUNT_NOCODE_WRITE,geth,0.1579143765519496,0.001,0.15132363064816717,0.16678709491357543,test_account_access,CALL,target_coef,presets[cold_account_nocode_write],0.0,0.9814218346020595,0.9809794973306799,AccountMode.NON_EXISTING_ACCOUNT,,CALL,15791.437655194959,15792,False,True,test_account_access,CALL,target_coef
COLD_ACCOUNT_NOCODE_WRITE,geth,0.03170052194145253,0.001,0.030626073633128487,0.03273279111396385,test_account_access,CALLCODE,target_coef,presets[cold_account_nocode_write],0.0,0.9870919015012735,0.9867845658227323,AccountMode.EXISTING_EOA,,CALLCODE,3170.052194145253,3171,False,False,test_account_access,CALLCODE,target_coef
COLD_ACCOUNT_NOCODE_WRITE,geth,0.03091525900390889,0.001,0.03022597089787682,0.03168221693942114,test_account_access,CALLCODE,target_coef,presets[cold_account_nocode_write],0.0,0.9931208110382987,0.9929570208249249,AccountMode.NON_EXISTING_ACCOUNT,,CALLCODE,3091.525900390889,3092,False,False,test_account_access,CALLCODE,target_coef
COLD_ACCOUNT_NOCODE_WRITE,nethermind,0.06644581626652742,0.001,0.06270341970175683,0.07050167680993782,test_account_access,CALL,target_coef,presets[cold_account_nocode_write],0.0,0.9743146299906115,0.973486069667728,AccountMode.EXISTING_EOA,,CALL,6644.581626652742,6645,False,False,test_account_access,CALL,target_coef
COLD_ACCOUNT_NOCODE_WRITE,nethermind,0.09417568900870202,0.001,0.08787768872830153,0.100794208569693,test_account_access,CALL,target_coef,presets[cold_account_nocode_write],0.0,0.9343240704857009,0.9322054921142718,AccountMode.NON_EXISTING_ACCOUNT,,CALL,9417.568900870203,9418,False,True,test_account_access,CALL,target_coef
COLD_ACCOUNT_NOCODE_WRITE,nethermind,0.01385452754955124,0.001,0.0127621458587688,0.014997773525830808,test_account_access,CALLCODE,target_coef,presets[cold_account_nocode_write],0.0,0.9642935531673498,0.9631417323017804,AccountMode.EXISTING_EOA,,CALLCODE,1385.452754955124,1386,False,False,test_account_access,CALLCODE,target_coef
COLD_ACCOUNT_NOCODE_WRITE,nethermind,0.013224056815602556,0.001,0.012491173625775509,0.013935822271070389,test_account_access,CALLCODE,target_coef,presets[cold_account_nocode_write],0.0,0.9761714982464152,0.9754028368995254,AccountMode.NON_EXISTING_ACCOUNT,,CALLCODE,1322.4056815602555,1323,False,False,test_account_access,CALLCODE,target_coef
COLD_ACCOUNT_NOCODE_WRITE,reth,0.03484570710460502,0.001,0.03396907472251751,0.0357517482238641,test_account_access,CALL,target_coef,presets[cold_account_nocode_write],0.0,0.9924085095846578,0.9922277598128639,AccountMode.EXISTING_EOA,,CALL,3484.570710460502,3485,False,False,test_account_access,CALL,target_coef
COLD_ACCOUNT_NOCODE_WRITE,reth,0.048118802846293836,0.001,0.03984368956693229,0.055723760559661106,test_account_access,CALL,target_coef,presets[cold_account_nocode_write],0.0,0.7583349104503149,0.7525809797467509,AccountMode.NON_EXISTING_ACCOUNT,,CALL,4811.880284629383,4812,False,True,test_account_access,CALL,target_coef
COLD_ACCOUNT_NOCODE_WRITE,reth,0.006419949695266189,0.001,0.005984497091891287,0.006894922762637765,test_account_access,CALLCODE,target_coef,presets[cold_account_nocode_write],0.0,0.9486144584791847,0.9473909932048795,AccountMode.EXISTING_EOA,,CALLCODE,641.9949695266189,642,False,False,test_account_access,CALLCODE,target_coef
COLD_ACCOUNT_NOCODE_WRITE,reth,0.006774950218795195,0.001,0.0063832282621918675,0.007176171469641383,test_account_access,CALLCODE,target_coef,presets[cold_account_nocode_write],0.0,0.9719985396160217,0.9713318381783079,AccountMode.NON_EXISTING_ACCOUNT,,CALLCODE,677.4950218795194,678,False,False,test_account_access,CALLCODE,target_coef
COLD_ACCOUNT_CODE_ACCESS,besu,0.044106999518405965,0.001,0.03895692016273878,0.04911340388244264,test_account_access,BALANCE,target_coef,models.custom[0],0.0,0.9026533929975156,0.8995131798684032,AccountMode.EXISTING_CONTRACT_DIFF_MAX,,BALANCE,4410.699951840596,4411,False,False,test_account_access,BALANCE,target_coef
COLD_ACCOUNT_CODE_ACCESS,besu,0.02569001964392932,0.001,0.021632645260063397,0.029990547425542906,test_account_access,BALANCE,target_coef,models.custom[0],0.0,0.8226554219616814,0.8169346291217356,AccountMode.EXISTING_CONTRACT_MINIMAL,,BALANCE,2569.001964392932,2570,False,False,test_account_access,BALANCE,target_coef
COLD_ACCOUNT_CODE_ACCESS,besu,0.025707239772016905,0.001,0.021909365091530335,0.029854280806504267,test_account_access,BALANCE,target_coef,models.custom[0],0.0,0.8250145876905745,0.8193698969709156,AccountMode.EXISTING_CONTRACT_SAME_MAX,,BALANCE,2570.7239772016906,2571,False,False,test_account_access,BALANCE,target_coef
COLD_ACCOUNT_CODE_ACCESS,besu,0.030859254420852206,0.001,0.02771384560357222,0.033905664603746236,test_account_access,BALANCE,target_coef,models.custom[0],0.0,0.9110700166788787,0.9082013075394877,AccountMode.NON_EXISTING_ACCOUNT,,BALANCE,3085.9254420852203,3086,False,False,test_account_access,BALANCE,target_coef
COLD_ACCOUNT_CODE_ACCESS,besu,0.04623217008644925,0.001,0.04053716517998615,0.05148034204578516,test_account_access,CALL,target_coef,models.custom[0],0.0,0.90072893612686,0.8975266437438555,AccountMode.EXISTING_CONTRACT_DIFF_MAX,,CALL,4623.217008644924,4624,False,True,test_account_access,CALL,target_coef
COLD_ACCOUNT_CODE_ACCESS,besu,0.02719639069008184,0.001,0.023709189989575174,0.030972958088954807,test_account_access,CALL,target_coef,models.custom[0],0.0,0.8603893078361342,0.8558857371211708,AccountMode.EXISTING_CONTRACT_MINIMAL,,CALL,2719.639069008184,2720,False,False,test_account_access,CALL,target_coef
COLD_ACCOUNT_CODE_ACCESS,besu,0.02686650070338566,0.001,0.02349011608748917,0.03044608938381144,test_account_access,CALL,target_coef,models.custom[0],0.0,0.8644682819362293,0.8600962910309463,AccountMode.EXISTING_CONTRACT_SAME_MAX,,CALL,2686.650070338566,2687,False,False,test_account_access,CALL,target_coef
COLD_ACCOUNT_CODE_ACCESS,besu,0.032726935254181425,0.001,0.02939716685329934,0.036219568440069086,test_account_access,CALL,target_coef,models.custom[0],0.0,0.9113774023936813,0.9085186089225097,AccountMode.NON_EXISTING_ACCOUNT,,CALL,3272.693525418142,3273,False,False,test_account_access,CALL,target_coef
COLD_ACCOUNT_CODE_ACCESS,besu,0.04577263157313484,0.001,0.04066298164140062,0.05092842826348978,test_account_access,CALLCODE,target_coef,models.custom[0],0.0,0.8958173828856522,0.8924566533013184,AccountMode.EXISTING_CONTRACT_DIFF_MAX,,CALLCODE,4577.263157313484,4578,False,False,test_account_access,CALLCODE,target_coef
COLD_ACCOUNT_CODE_ACCESS,besu,0.026889798325355336,0.001,0.022876866474081804,0.031376979291725345,test_account_access,CALLCODE,target_coef,models.custom[0],0.0,0.8450931029464837,0.840096106267338,AccountMode.EXISTING_CONTRACT_MINIMAL,,CALLCODE,2688.9798325355337,2689,False,False,test_account_access,CALLCODE,target_coef
COLD_ACCOUNT_CODE_ACCESS,besu,0.027269953128355322,0.001,0.023470391743439345,0.031190174385481863,test_account_access,CALLCODE,target_coef,models.custom[0],0.0,0.8458144934839814,0.8408407674673357,AccountMode.EXISTING_CONTRACT_SAME_MAX,,CALLCODE,2726.9953128355323,2727,False,False,test_account_access,CALLCODE,target_coef
COLD_ACCOUNT_CODE_ACCESS,besu,0.03241182302236394,0.001,0.029073625140213322,0.035782076490109276,test_account_access,CALLCODE,target_coef,models.custom[0],0.0,0.9151928157588075,0.9124571001381239,AccountMode.NON_EXISTING_ACCOUNT,,CALLCODE,3241.1823022363947,3242,False,False,test_account_access,CALLCODE,target_coef
COLD_ACCOUNT_CODE_ACCESS,besu,0.04584229452716903,0.001,0.04001762739333661,0.05171006593827774,test_account_access,DELEGATECALL,target_coef,models.custom[0],0.0,0.8919293819151903,0.8884432329447126,AccountMode.EXISTING_CONTRACT_DIFF_MAX,,DELEGATECALL,4584.229452716902,4585,False,False,test_account_access,DELEGATECALL,target_coef
COLD_ACCOUNT_CODE_ACCESS,besu,0.0276494956148745,0.001,0.023466106660710983,0.03216595385696663,test_account_access,DELEGATECALL,target_coef,models.custom[0],0.0,0.8376669191871716,0.8324303681932095,AccountMode.EXISTING_CONTRACT_MINIMAL,,DELEGATECALL,2764.9495614874504,2765,False,False,test_account_access,DELEGATECALL,target_coef
COLD_ACCOUNT_CODE_ACCESS,besu,0.027486725701263568,0.001,0.023366054034963325,0.032172749889684604,test_account_access,DELEGATECALL,target_coef,models.custom[0],0.0,0.8112725715163178,0.8051845899523281,AccountMode.EXISTING_CONTRACT_SAME_MAX,,DELEGATECALL,2748.672570126357,2749,False,False,test_account_access,DELEGATECALL,target_coef
COLD_ACCOUNT_CODE_ACCESS,besu,0.03225175331429823,0.001,0.02818989362317421,0.0359448718754069,test_account_access,DELEGATECALL,target_coef,models.custom[0],0.0,0.8916813819521004,0.8881872329828133,AccountMode.NON_EXISTING_ACCOUNT,,DELEGATECALL,3225.175331429823,3226,False,False,test_account_access,DELEGATECALL,target_coef
COLD_ACCOUNT_CODE_ACCESS,besu,0.044842936524177854,0.001,0.03929945380210317,0.05012327490902605,test_account_access,EXTCODECOPY,target_coef,models.custom[0],0.0,0.8885512992172585,0.8849561798371701,AccountMode.EXISTING_CONTRACT_DIFF_MAX,,EXTCODECOPY,4484.293652417786,4485,False,False,test_account_access,EXTCODECOPY,target_coef
COLD_ACCOUNT_CODE_ACCESS,besu,0.025411065985665195,0.001,0.02169367146210306,0.029636071341991678,test_account_access,EXTCODECOPY,target_coef,models.custom[0],0.0,0.8172636728898864,0.8113689526605279,AccountMode.EXISTING_CONTRACT_MINIMAL,,EXTCODECOPY,2541.1065985665196,2542,False,False,test_account_access,EXTCODECOPY,target_coef
COLD_ACCOUNT_CODE_ACCESS,besu,0.0263242764168653,0.001,0.021886445814091233,0.030649591468763504,test_account_access,EXTCODECOPY,target_coef,models.custom[0],0.0,0.8227528036005557,0.8170351521037994,AccountMode.EXISTING_CONTRACT_SAME_MAX,,EXTCODECOPY,2632.42764168653,2633,False,False,test_account_access,EXTCODECOPY,target_coef
COLD_ACCOUNT_CODE_ACCESS,besu,0.03159289542852169,0.001,0.028337515493743172,0.03438954014766502,test_account_access,EXTCODECOPY,target_coef,models.custom[0],0.0,0.9105756936521247,0.9076910386086448,AccountMode.NON_EXISTING_ACCOUNT,,EXTCODECOPY,3159.2895428521692,3160,False,False,test_account_access,EXTCODECOPY,target_coef
COLD_ACCOUNT_CODE_ACCESS,besu,0.042901858621027945,0.001,0.037583563701825855,0.048316454770330176,test_account_access,EXTCODEHASH,target_coef,models.custom[0],0.0,0.8952395816208437,0.8918602132860323,AccountMode.EXISTING_CONTRACT_DIFF_MAX,,EXTCODEHASH,4290.185862102794,4291,False,False,test_account_access,EXTCODEHASH,target_coef
COLD_ACCOUNT_CODE_ACCESS,besu,0.025568124854807184,0.001,0.022021238797666157,0.029597809736760197,test_account_access,EXTCODEHASH,target_coef,models.custom[0],0.0,0.8312251983747994,0.8257808499352768,AccountMode.EXISTING_CONTRACT_MINIMAL,,EXTCODEHASH,2556.8124854807184,2557,False,False,test_account_access,EXTCODEHASH,target_coef
COLD_ACCOUNT_CODE_ACCESS,besu,0.025075614359382388,0.001,0.021344497692043274,0.029120083887792372,test_account_access,EXTCODEHASH,target_coef,models.custom[0],0.0,0.829432304089541,0.823930120350494,AccountMode.EXISTING_CONTRACT_SAME_MAX,,EXTCODEHASH,2507.5614359382384,2508,False,False,test_account_access,EXTCODEHASH,target_coef
COLD_ACCOUNT_CODE_ACCESS,besu,0.03024958488762077,0.001,0.027035475289217757,0.03352144214797155,test_account_access,EXTCODEHASH,target_coef,models.custom[0],0.0,0.9132682259521753,0.9104704267893422,AccountMode.NON_EXISTING_ACCOUNT,,EXTCODEHASH,3024.9584887620767,3025,False,False,test_account_access,EXTCODEHASH,target_coef
COLD_ACCOUNT_CODE_ACCESS,besu,0.04441649384886046,0.001,0.03871329340731486,0.04962015066271174,test_account_access,EXTCODESIZE,target_coef,models.custom[0],0.0,0.8870135861233607,0.883368863095082,AccountMode.EXISTING_CONTRACT_DIFF_MAX,,EXTCODESIZE,4441.649384886046,4442,False,False,test_account_access,EXTCODESIZE,target_coef
COLD_ACCOUNT_CODE_ACCESS,besu,0.025390689664336663,0.001,0.021796802511953234,0.02937802083658421,test_account_access,EXTCODESIZE,target_coef,models.custom[0],0.0,0.8494196354427983,0.8445622043280498,AccountMode.EXISTING_CONTRACT_MINIMAL,,EXTCODESIZE,2539.068966433666,2540,False,False,test_account_access,EXTCODESIZE,target_coef
COLD_ACCOUNT_CODE_ACCESS,besu,0.025245232836359564,0.001,0.020887270047202387,0.03000066991048827,test_account_access,EXTCODESIZE,target_coef,models.custom[0],0.0,0.8096902801742336,0.8035512569540476,AccountMode.EXISTING_CONTRACT_SAME_MAX,,EXTCODESIZE,2524.5232836359564,2525,False,False,test_account_access,EXTCODESIZE,target_coef
COLD_ACCOUNT_CODE_ACCESS,besu,0.03126627672141237,0.001,0.02787360570816725,0.034507633578304976,test_account_access,EXTCODESIZE,target_coef,models.custom[0],0.0,0.9043619378663948,0.9012768390878915,AccountMode.NON_EXISTING_ACCOUNT,,EXTCODESIZE,3126.6276721412373,3127,False,False,test_account_access,EXTCODESIZE,target_coef
COLD_ACCOUNT_CODE_ACCESS,besu,0.04619651287403219,0.001,0.040599924983160916,0.051812834882687966,test_account_access,STATICCALL,target_coef,models.custom[0],0.0,0.8954604823091928,0.8920882398030378,AccountMode.EXISTING_CONTRACT_DIFF_MAX,,STATICCALL,4619.651287403219,4620,False,False,test_account_access,STATICCALL,target_coef
COLD_ACCOUNT_CODE_ACCESS,besu,0.025672595718502333,0.001,0.021392421350563025,0.029373477264425213,test_account_access,STATICCALL,target_coef,models.custom[0],0.0,0.8306902513718359,0.825228646577379,AccountMode.EXISTING_CONTRACT_MINIMAL,,STATICCALL,2567.2595718502334,2568,False,False,test_account_access,STATICCALL,target_coef
COLD_ACCOUNT_CODE_ACCESS,besu,0.027140716635841146,0.001,0.023700360220320082,0.030415073477759284,test_account_access,STATICCALL,target_coef,models.custom[0],0.0,0.8706926316378274,0.8665214262067895,AccountMode.EXISTING_CONTRACT_SAME_MAX,,STATICCALL,2714.0716635841145,2715,False,False,test_account_access,STATICCALL,target_coef
COLD_ACCOUNT_CODE_ACCESS,besu,0.032793980905646905,0.001,0.029277106748610296,0.036653135721627206,test_account_access,STATICCALL,target_coef,models.custom[0],0.0,0.9131550745541456,0.9103536253462148,AccountMode.NON_EXISTING_ACCOUNT,,STATICCALL,3279.3980905646904,3280,False,False,test_account_access,STATICCALL,target_coef
COLD_ACCOUNT_CODE_ACCESS,erigon,0.024865194397950378,0.001,0.022140050440541736,0.026952518985132616,test_account_access,BALANCE,target_coef,models.custom[0],0.0,0.9431589789284669,0.9403169278748902,AccountMode.EXISTING_CONTRACT_DIFF_MAX,,BALANCE,2486.5194397950377,2487,False,False,test_account_access,BALANCE,target_coef
COLD_ACCOUNT_CODE_ACCESS,erigon,0.023833138635307925,0.001,0.02091573839982446,0.025974771471483322,test_account_access,BALANCE,target_coef,models.custom[0],0.0,0.9441533451151504,0.9413610123709079,AccountMode.EXISTING_CONTRACT_MINIMAL,,BALANCE,2383.3138635307923,2384,False,False,test_account_access,BALANCE,target_coef
COLD_ACCOUNT_CODE_ACCESS,erigon,0.023897414450994296,0.001,0.021340602584502637,0.025853583880580473,test_account_access,BALANCE,target_coef,models.custom[0],0.0,0.9442202962899156,0.9414313111044114,AccountMode.EXISTING_CONTRACT_SAME_MAX,,BALANCE,2389.7414450994297,2390,False,False,test_account_access,BALANCE,target_coef
COLD_ACCOUNT_CODE_ACCESS,erigon,0.008384896461550108,0.001,0.008177249806999302,0.008423887133594076,test_account_access,BALANCE,target_coef,models.custom[0],0.0,0.9961213076863388,0.9959273730706557,AccountMode.NON_EXISTING_ACCOUNT,,BALANCE,838.4896461550107,839,False,False,test_account_access,BALANCE,target_coef
COLD_ACCOUNT_CODE_ACCESS,erigon,0.14464002368870932,0.001,0.12243285869851082,0.15767831633383175,test_account_access,CALL,target_coef,models.custom[0],0.0,0.9199164677121653,0.9159122910977735,AccountMode.EXISTING_CONTRACT_DIFF_MAX,,CALL,14464.002368870933,14465,False,True,test_account_access,CALL,target_coef
COLD_ACCOUNT_CODE_ACCESS,erigon,0.025034053049690908,0.001,0.02231964264651747,0.027231345105222075,test_account_access,CALL,target_coef,models.custom[0],0.0,0.9462974607236102,0.9436123337597907,AccountMode.EXISTING_CONTRACT_MINIMAL,,CALL,2503.405304969091,2504,False,False,test_account_access,CALL,target_coef
COLD_ACCOUNT_CODE_ACCESS,erigon,0.0250427980319229,0.001,0.022162070068848905,0.027264133626069817,test_account_access,CALL,target_coef,models.custom[0],0.0,0.9419043356005272,0.9389995523805535,AccountMode.EXISTING_CONTRACT_SAME_MAX,,CALL,2504.27980319229,2505,False,False,test_account_access,CALL,target_coef
COLD_ACCOUNT_CODE_ACCESS,erigon,0.009350306517555411,0.001,0.00928281074728939,0.009400328885733816,test_account_access,CALL,target_coef,models.custom[0],0.0,0.9978435345509806,0.9977357112785297,AccountMode.NON_EXISTING_ACCOUNT,,CALL,935.030651755541,936,False,False,test_account_access,CALL,target_coef
COLD_ACCOUNT_CODE_ACCESS,erigon,0.14408465921051572,0.001,0.12434802848337524,0.15740010994249468,test_account_access,CALLCODE,target_coef,models.custom[0],0.0,0.917610902271804,0.9134914473853941,AccountMode.EXISTING_CONTRACT_DIFF_MAX,,CALLCODE,14408.465921051571,14409,False,False,test_account_access,CALLCODE,target_coef
COLD_ACCOUNT_CODE_ACCESS,erigon,0.024439036054273472,0.001,0.02156638839698011,0.026630665182727536,test_account_access,CALLCODE,target_coef,models.custom[0],0.0,0.9465351628381062,0.9438619209800115,AccountMode.EXISTING_CONTRACT_MINIMAL,,CALLCODE,2443.903605427347,2444,False,False,test_account_access,CALLCODE,target_coef
COLD_ACCOUNT_CODE_ACCESS,erigon,0.024244077409076543,0.001,0.021748186382872355,0.026433145249804457,test_account_access,CALLCODE,target_coef,models.custom[0],0.0,0.9431890350279626,0.9403484867793607,AccountMode.EXISTING_CONTRACT_SAME_MAX,,CALLCODE,2424.407740907654,2425,False,False,test_account_access,CALLCODE,target_coef
COLD_ACCOUNT_CODE_ACCESS,erigon,0.008527373907627544,0.001,0.008449906384335064,0.008597014176269202,test_account_access,CALLCODE,target_coef,models.custom[0],0.0,0.996430081712411,0.9962515857980315,AccountMode.NON_EXISTING_ACCOUNT,,CALLCODE,852.7373907627543,853,False,False,test_account_access,CALLCODE,target_coef
COLD_ACCOUNT_CODE_ACCESS,erigon,0.14354538514583068,0.001,0.12583211699882163,0.15613437175607753,test_account_access,DELEGATECALL,target_coef,models.custom[0],0.0,0.9191764473989321,0.9151352697688787,AccountMode.EXISTING_CONTRACT_DIFF_MAX,,DELEGATECALL,14354.538514583068,14355,False,False,test_account_access,DELEGATECALL,target_coef
COLD_ACCOUNT_CODE_ACCESS,erigon,0.024326257357049005,0.001,0.02133844086057952,0.026428638619727978,test_account_access,DELEGATECALL,target_coef,models.custom[0],0.0,0.9404308126092101,0.9374523532396707,AccountMode.EXISTING_CONTRACT_MINIMAL,,DELEGATECALL,2432.6257357049008,2433,False,False,test_account_access,DELEGATECALL,target_coef
COLD_ACCOUNT_CODE_ACCESS,erigon,0.024171264099705467,0.001,0.021102663050898952,0.026273824477784775,test_account_access,DELEGATECALL,target_coef,models.custom[0],0.0,0.9408666141908395,0.9379099449003815,AccountMode.EXISTING_CONTRACT_SAME_MAX,,DELEGATECALL,2417.126409970547,2418,False,False,test_account_access,DELEGATECALL,target_coef
COLD_ACCOUNT_CODE_ACCESS,erigon,0.00850801782310667,0.001,0.008458594618187876,0.008550651985265958,test_account_access,DELEGATECALL,target_coef,models.custom[0],0.0,0.998281838167924,0.9981959300763202,AccountMode.NON_EXISTING_ACCOUNT,,DELEGATECALL,850.801782310667,851,False,False,test_account_access,DELEGATECALL,target_coef
COLD_ACCOUNT_CODE_ACCESS,erigon,0.14345077887179059,0.001,0.12386827051354349,0.15608576868897175,test_account_access,EXTCODECOPY,target_coef,models.custom[0],0.0,0.9194695750082071,0.9154430537586175,AccountMode.EXISTING_CONTRACT_DIFF_MAX,,EXTCODECOPY,14345.077887179057,14346,False,False,test_account_access,EXTCODECOPY,target_coef
COLD_ACCOUNT_CODE_ACCESS,erigon,0.02415767612615718,0.001,0.02127935560789395,0.026224400720343488,test_account_access,EXTCODECOPY,target_coef,models.custom[0],0.0,0.9388800337053788,0.9358240353906477,AccountMode.EXISTING_CONTRACT_MINIMAL,,EXTCODECOPY,2415.767612615718,2416,False,False,test_account_access,EXTCODECOPY,target_coef
COLD_ACCOUNT_CODE_ACCESS,erigon,0.02411914364864308,0.001,0.021361290682340908,0.02614994698564573,test_account_access,EXTCODECOPY,target_coef,models.custom[0],0.0,0.9452215977485702,0.9424826776359987,AccountMode.EXISTING_CONTRACT_SAME_MAX,,EXTCODECOPY,2411.914364864308,2412,False,False,test_account_access,EXTCODECOPY,target_coef
COLD_ACCOUNT_CODE_ACCESS,erigon,0.00827384007343636,0.001,0.008208627899389698,0.008323376921886658,test_account_access,EXTCODECOPY,target_coef,models.custom[0],0.0,0.9975449201831844,0.9974221661923436,AccountMode.NON_EXISTING_ACCOUNT,,EXTCODECOPY,827.384007343636,828,False,False,test_account_access,EXTCODECOPY,target_coef
COLD_ACCOUNT_CODE_ACCESS,erigon,0.02419315039144182,0.001,0.02138512347160875,0.026339068123276927,test_account_access,EXTCODEHASH,target_coef,models.custom[0],0.0,0.9427271128079426,0.9398634684483398,AccountMode.EXISTING_CONTRACT_DIFF_MAX,,EXTCODEHASH,2419.3150391441823,2420,False,False,test_account_access,EXTCODEHASH,target_coef
COLD_ACCOUNT_CODE_ACCESS,erigon,0.023567962872939822,0.001,0.020961759673189747,0.025442156483418247,test_account_access,EXTCODEHASH,target_coef,models.custom[0],0.0,0.9449258476796053,0.9421721400635855,AccountMode.EXISTING_CONTRACT_MINIMAL,,EXTCODEHASH,2356.796287293982,2357,False,False,test_account_access,EXTCODEHASH,target_coef
COLD_ACCOUNT_CODE_ACCESS,erigon,0.02349112271628648,0.001,0.02078251452320372,0.025525445137838675,test_account_access,EXTCODEHASH,target_coef,models.custom[0],0.0,0.9415911442647301,0.9386707014779666,AccountMode.EXISTING_CONTRACT_SAME_MAX,,EXTCODEHASH,2349.112271628648,2350,False,False,test_account_access,EXTCODEHASH,target_coef
COLD_ACCOUNT_CODE_ACCESS,erigon,0.008099459809264107,0.001,0.008029884515754806,0.008147866398183145,test_account_access,EXTCODEHASH,target_coef,models.custom[0],0.0,0.9970473824828572,0.9968997516070001,AccountMode.NON_EXISTING_ACCOUNT,,EXTCODEHASH,809.9459809264107,810,False,False,test_account_access,EXTCODEHASH,target_coef
COLD_ACCOUNT_CODE_ACCESS,erigon,0.14297317338715562,0.001,0.12165601396276454,0.15611821762394276,test_account_access,EXTCODESIZE,target_coef,models.custom[0],0.0,0.9169013171309002,0.9127463829874451,AccountMode.EXISTING_CONTRACT_DIFF_MAX,,EXTCODESIZE,14297.317338715562,14298,False,False,test_account_access,EXTCODESIZE,target_coef
COLD_ACCOUNT_CODE_ACCESS,erigon,0.02413016247001492,0.001,0.021111120648066767,0.026422877410745692,test_account_access,EXTCODESIZE,target_coef,models.custom[0],0.0,0.9391920213852002,0.9361516224544602,AccountMode.EXISTING_CONTRACT_MINIMAL,,EXTCODESIZE,2413.016247001492,2414,False,False,test_account_access,EXTCODESIZE,target_coef
COLD_ACCOUNT_CODE_ACCESS,erigon,0.02421825838657664,0.001,0.02125861906136532,0.02633063826146874,test_account_access,EXTCODESIZE,target_coef,models.custom[0],0.0,0.9436047509492166,0.9407849884966775,AccountMode.EXISTING_CONTRACT_SAME_MAX,,EXTCODESIZE,2421.825838657664,2422,False,False,test_account_access,EXTCODESIZE,target_coef
COLD_ACCOUNT_CODE_ACCESS,erigon,0.008223378633095198,0.001,0.00816364057254651,0.00827083819707312,test_account_access,EXTCODESIZE,target_coef,models.custom[0],0.0,0.9977447615450931,0.9976319996223477,AccountMode.NON_EXISTING_ACCOUNT,,EXTCODESIZE,822.3378633095198,823,False,False,test_account_access,EXTCODESIZE,target_coef
COLD_ACCOUNT_CODE_ACCESS,erigon,0.143891235195613,0.001,0.12424076812011658,0.15758217179760584,test_account_access,STATICCALL,target_coef,models.custom[0],0.0,0.9187570929973278,0.9146949476471942,AccountMode.EXISTING_CONTRACT_DIFF_MAX,,STATICCALL,14389.1235195613,14390,False,False,test_account_access,STATICCALL,target_coef
COLD_ACCOUNT_CODE_ACCESS,erigon,0.024440160072748813,0.001,0.021702214131861613,0.026621073563768954,test_account_access,STATICCALL,target_coef,models.custom[0],0.0,0.942912889401279,0.940058533871343,AccountMode.EXISTING_CONTRACT_MINIMAL,,STATICCALL,2444.0160072748813,2445,False,False,test_account_access,STATICCALL,target_coef
COLD_ACCOUNT_CODE_ACCESS,erigon,0.02437656043690857,0.001,0.02148570093351433,0.026384901057287535,test_account_access,STATICCALL,target_coef,models.custom[0],0.0,0.944321195756574,0.9415372555444027,AccountMode.EXISTING_CONTRACT_SAME_MAX,,STATICCALL,2437.656043690857,2438,False,False,test_account_access,STATICCALL,target_coef
COLD_ACCOUNT_CODE_ACCESS,erigon,0.10460668488806983,0.001,0.10272260270952166,0.10654821481342404,test_account_access,STATICCALL,target_coef,models.custom[0],0.0,0.998800489851797,0.9987405143443869,AccountMode.NON_EXISTING_ACCOUNT,,STATICCALL,10460.668488806983,10461,False,False,test_account_access,STATICCALL,target_coef
COLD_ACCOUNT_CODE_ACCESS,ethrex,0.01850664392915288,0.001,0.017660372718111005,0.01949364532842337,test_account_access,BALANCE,target_coef,models.custom[0],0.0,0.9798443707923677,0.9793644748588527,AccountMode.EXISTING_CONTRACT_DIFF_MAX,,BALANCE,1850.664392915288,1851,False,False,test_account_access,BALANCE,target_coef
COLD_ACCOUNT_CODE_ACCESS,ethrex,0.018619079625556357,0.001,0.017755300269895875,0.019503436213181426,test_account_access,BALANCE,target_coef,models.custom[0],0.0,0.9819308311123942,0.9815006128055465,AccountMode.EXISTING_CONTRACT_MINIMAL,,BALANCE,1861.9079625556358,1862,False,False,test_account_access,BALANCE,target_coef
COLD_ACCOUNT_CODE_ACCESS,ethrex,0.01859725419952498,0.001,0.017772296639237715,0.01943472576184776,test_account_access,BALANCE,target_coef,models.custom[0],0.0,0.9814257542165732,0.9809835102693487,AccountMode.EXISTING_CONTRACT_SAME_MAX,,BALANCE,1859.725419952498,1860,False,False,test_account_access,BALANCE,target_coef
COLD_ACCOUNT_CODE_ACCESS,ethrex,0.0024639586652460493,0.001,0.0023084349406647495,0.0026253430230829375,test_account_access,BALANCE,target_coef,models.custom[0],0.0,0.9569559925916378,0.955931135272391,AccountMode.NON_EXISTING_ACCOUNT,,BALANCE,246.39586652460494,247,False,False,test_account_access,BALANCE,target_coef
COLD_ACCOUNT_CODE_ACCESS,ethrex,0.10099824111465557,0.001,0.0992260899088831,0.10243222954481435,test_account_access,CALL,target_coef,models.custom[0],0.0,0.9968560797246642,0.9967812244800133,AccountMode.EXISTING_CONTRACT_DIFF_MAX,,CALL,10099.824111465556,10100,False,False,test_account_access,CALL,target_coef
COLD_ACCOUNT_CODE_ACCESS,ethrex,0.018913395710224493,0.001,0.018039409223470356,0.019806639495134587,test_account_access,CALL,target_coef,models.custom[0],0.0,0.9829994400032832,0.9825946647652661,AccountMode.EXISTING_CONTRACT_MINIMAL,,CALL,1891.3395710224493,1892,False,False,test_account_access,CALL,target_coef
COLD_ACCOUNT_CODE_ACCESS,ethrex,0.018769337330497318,0.001,0.0178634964382471,0.0196171478802412,test_account_access,CALL,target_coef,models.custom[0],0.0,0.9810189740332501,0.9805670448435656,AccountMode.EXISTING_CONTRACT_SAME_MAX,,CALL,1876.9337330497317,1877,False,False,test_account_access,CALL,target_coef
COLD_ACCOUNT_CODE_ACCESS,ethrex,0.0025064556995528266,0.001,0.0023443424234450977,0.002683206647347335,test_account_access,CALL,target_coef,models.custom[0],0.0,0.955931351225178,0.9548820976829203,AccountMode.NON_EXISTING_ACCOUNT,,CALL,250.64556995528267,251,False,False,test_account_access,CALL,target_coef
COLD_ACCOUNT_CODE_ACCESS,ethrex,0.10136193260634861,0.001,0.09981794384537629,0.10276732005720576,test_account_access,CALLCODE,target_coef,models.custom[0],0.0,0.9978744214599605,0.9978238124471024,AccountMode.EXISTING_CONTRACT_DIFF_MAX,,CALLCODE,10136.193260634862,10137,False,False,test_account_access,CALLCODE,target_coef
COLD_ACCOUNT_CODE_ACCESS,ethrex,0.01885275627733733,0.001,0.017958515308210667,0.01970195087482152,test_account_access,CALLCODE,target_coef,models.custom[0],0.0,0.9817801717423975,0.9813463663076927,AccountMode.EXISTING_CONTRACT_MINIMAL,,CALLCODE,1885.2756277337328,1886,False,False,test_account_access,CALLCODE,target_coef
COLD_ACCOUNT_CODE_ACCESS,ethrex,0.01879858747678579,0.001,0.01787412017750647,0.01972745113614867,test_account_access,CALLCODE,target_coef,models.custom[0],0.0,0.9798971912426354,0.9794185529388887,AccountMode.EXISTING_CONTRACT_SAME_MAX,,CALLCODE,1879.858747678579,1880,False,False,test_account_access,CALLCODE,target_coef
COLD_ACCOUNT_CODE_ACCESS,ethrex,0.002417677838975593,0.001,0.0022600218903745563,0.0025671255649727886,test_account_access,CALLCODE,target_coef,models.custom[0],0.0,0.96045870303488,0.9595172435833296,AccountMode.NON_EXISTING_ACCOUNT,,CALLCODE,241.7677838975593,242,False,False,test_account_access,CALLCODE,target_coef
COLD_ACCOUNT_CODE_ACCESS,ethrex,0.10127404115037855,0.001,0.09967010024302618,0.10285081602467387,test_account_access,DELEGATECALL,target_coef,models.custom[0],0.0,0.9972962588493355,0.9972318840600339,AccountMode.EXISTING_CONTRACT_DIFF_MAX,,DELEGATECALL,10127.404115037854,10128,False,False,test_account_access,DELEGATECALL,target_coef
COLD_ACCOUNT_CODE_ACCESS,ethrex,0.01877045797168378,0.001,0.017887987101559654,0.019643323702733546,test_account_access,DELEGATECALL,target_coef,models.custom[0],0.0,0.9821351027827737,0.9817097480871255,AccountMode.EXISTING_CONTRACT_MINIMAL,,DELEGATECALL,1877.045797168378,1878,False,False,test_account_access,DELEGATECALL,target_coef
COLD_ACCOUNT_CODE_ACCESS,ethrex,0.01888881837271947,0.001,0.017996271420177446,0.019779518119550917,test_account_access,DELEGATECALL,target_coef,models.custom[0],0.0,0.9811011863473998,0.9806512145937665,AccountMode.EXISTING_CONTRACT_SAME_MAX,,DELEGATECALL,1888.8818372719472,1889,False,False,test_account_access,DELEGATECALL,target_coef
COLD_ACCOUNT_CODE_ACCESS,ethrex,0.002502414358148011,0.001,0.0023233515317147616,0.0026774488799178224,test_account_access,DELEGATECALL,target_coef,models.custom[0],0.0,0.9586827143626055,0.9576989694664771,AccountMode.NON_EXISTING_ACCOUNT,,DELEGATECALL,250.2414358148011,251,False,False,test_account_access,DELEGATECALL,target_coef
COLD_ACCOUNT_CODE_ACCESS,ethrex,0.10133016392077598,0.001,0.09970982419908914,0.10291341053006188,test_account_access,EXTCODECOPY,target_coef,models.custom[0],0.0,0.9975227803131592,0.997463798892044,AccountMode.EXISTING_CONTRACT_DIFF_MAX,,EXTCODECOPY,10133.0163920776,10134,False,False,test_account_access,EXTCODECOPY,target_coef
COLD_ACCOUNT_CODE_ACCESS,ethrex,0.018675188661581316,0.001,0.017851426228524366,0.019563821405749558,test_account_access,EXTCODECOPY,target_coef,models.custom[0],0.0,0.981555432701173,0.9811162763369152,AccountMode.EXISTING_CONTRACT_MINIMAL,,EXTCODECOPY,1867.5188661581317,1868,False,False,test_account_access,EXTCODECOPY,target_coef
COLD_ACCOUNT_CODE_ACCESS,ethrex,0.018566028002847793,0.001,0.017735523323669025,0.019398251342307785,test_account_access,EXTCODECOPY,target_coef,models.custom[0],0.0,0.9819209849319672,0.9814905321922521,AccountMode.EXISTING_CONTRACT_SAME_MAX,,EXTCODECOPY,1856.6028002847795,1857,False,False,test_account_access,EXTCODECOPY,target_coef
COLD_ACCOUNT_CODE_ACCESS,ethrex,0.002322521713361317,0.001,0.002151228085124162,0.0025029360702559043,test_account_access,EXTCODECOPY,target_coef,models.custom[0],0.0,0.9467594706799436,0.9454918390294661,AccountMode.NON_EXISTING_ACCOUNT,,EXTCODECOPY,232.2521713361317,233,False,False,test_account_access,EXTCODECOPY,target_coef
COLD_ACCOUNT_CODE_ACCESS,ethrex,0.018513894701075374,0.001,0.01759568066752765,0.019458758228265014,test_account_access,EXTCODEHASH,target_coef,models.custom[0],0.0,0.9808682567117468,0.9804127390144075,AccountMode.EXISTING_CONTRACT_DIFF_MAX,,EXTCODEHASH,1851.3894701075374,1852,False,False,test_account_access,EXTCODEHASH,target_coef
COLD_ACCOUNT_CODE_ACCESS,ethrex,0.018575277153703194,0.001,0.017674967411390546,0.01951454958336035,test_account_access,EXTCODEHASH,target_coef,models.custom[0],0.0,0.9798640482487989,0.9793846208261513,AccountMode.EXISTING_CONTRACT_MINIMAL,,EXTCODEHASH,1857.5277153703194,1858,False,False,test_account_access,EXTCODEHASH,target_coef
COLD_ACCOUNT_CODE_ACCESS,ethrex,0.01861436743339626,0.001,0.017762731000779807,0.01950863598429464,test_account_access,EXTCODEHASH,target_coef,models.custom[0],0.0,0.9804761093076495,0.9800112547673554,AccountMode.EXISTING_CONTRACT_SAME_MAX,,EXTCODEHASH,1861.436743339626,1862,False,False,test_account_access,EXTCODEHASH,target_coef
COLD_ACCOUNT_CODE_ACCESS,ethrex,0.0023645791702549324,0.001,0.002225161949427612,0.002507475672060554,test_account_access,EXTCODEHASH,target_coef,models.custom[0],0.0,0.9582879402375128,0.9572947959574536,AccountMode.NON_EXISTING_ACCOUNT,,EXTCODEHASH,236.45791702549326,237,False,False,test_account_access,EXTCODEHASH,target_coef
COLD_ACCOUNT_CODE_ACCESS,ethrex,0.10196887625454994,0.001,0.10065811793077062,0.10318548908470108,test_account_access,EXTCODESIZE,target_coef,models.custom[0],0.0,0.9976209226986928,0.9975642780010426,AccountMode.EXISTING_CONTRACT_DIFF_MAX,,EXTCODESIZE,10196.887625454994,10197,False,False,test_account_access,EXTCODESIZE,target_coef
COLD_ACCOUNT_CODE_ACCESS,ethrex,0.018743278964804017,0.001,0.017971856238175855,0.019611004804985788,test_account_access,EXTCODESIZE,target_coef,models.custom[0],0.0,0.9817864623392958,0.9813528066807076,AccountMode.EXISTING_CONTRACT_MINIMAL,,EXTCODESIZE,1874.3278964804017,1875,False,False,test_account_access,EXTCODESIZE,target_coef
COLD_ACCOUNT_CODE_ACCESS,ethrex,0.01854153828098861,0.001,0.01765202921753337,0.0193320549193564,test_account_access,EXTCODESIZE,target_coef,models.custom[0],0.0,0.9801889096287414,0.9797172170008542,AccountMode.EXISTING_CONTRACT_SAME_MAX,,EXTCODESIZE,1854.1538280988611,1855,False,False,test_account_access,EXTCODESIZE,target_coef
COLD_ACCOUNT_CODE_ACCESS,ethrex,0.0023485054486849658,0.001,0.002204437528652895,0.0025063724249174226,test_account_access,EXTCODESIZE,target_coef,models.custom[0],0.0,0.9608330379094994,0.9599004911930589,AccountMode.NON_EXISTING_ACCOUNT,,EXTCODESIZE,234.85054486849657,235,False,False,test_account_access,EXTCODESIZE,target_coef
COLD_ACCOUNT_CODE_ACCESS,ethrex,0.10233344710252698,0.001,0.1010760694939844,0.10342812395181586,test_account_access,STATICCALL,target_coef,models.custom[0],0.0,0.9982069214788448,0.998164229133103,AccountMode.EXISTING_CONTRACT_DIFF_MAX,,STATICCALL,10233.344710252699,10234,False,True,test_account_access,STATICCALL,target_coef
COLD_ACCOUNT_CODE_ACCESS,ethrex,0.01881545589587745,0.001,0.017946924084227506,0.01982481827799189,test_account_access,STATICCALL,target_coef,models.custom[0],0.0,0.980899242321246,0.9804444623765138,AccountMode.EXISTING_CONTRACT_MINIMAL,,STATICCALL,1881.545589587745,1882,False,False,test_account_access,STATICCALL,target_coef
COLD_ACCOUNT_CODE_ACCESS,ethrex,0.01880866681209022,0.001,0.017904641947682678,0.019784820963219273,test_account_access,STATICCALL,target_coef,models.custom[0],0.0,0.9807127244526974,0.9802535036063331,AccountMode.EXISTING_CONTRACT_SAME_MAX,,STATICCALL,1880.8666812090219,1881,False,False,test_account_access,STATICCALL,target_coef
COLD_ACCOUNT_CODE_ACCESS,ethrex,0.00259780191676036,0.001,0.0024557342959822407,0.002740546088551296,test_account_access,STATICCALL,target_coef,models.custom[0],0.0,0.9719580244274059,0.9712903583423441,AccountMode.NON_EXISTING_ACCOUNT,,STATICCALL,259.780191676036,260,False,False,test_account_access,STATICCALL,target_coef
COLD_ACCOUNT_CODE_ACCESS,geth,0.02098149998955441,0.001,0.01979802730462131,0.022065982697520706,test_account_access,BALANCE,target_coef,models.custom[0],0.0,0.9827062758597944,0.9822945205231228,AccountMode.EXISTING_CONTRACT_DIFF_MAX,,BALANCE,2098.1499989554413,2099,False,False,test_account_access,BALANCE,target_coef
COLD_ACCOUNT_CODE_ACCESS,geth,0.019648743272849774,0.001,0.019263780526078175,0.020022542868169506,test_account_access,BALANCE,target_coef,models.custom[0],0.0,0.9955403855628687,0.9954342042667466,AccountMode.EXISTING_CONTRACT_MINIMAL,,BALANCE,1964.8743272849772,1965,False,False,test_account_access,BALANCE,target_coef
COLD_ACCOUNT_CODE_ACCESS,geth,0.02003047061246918,0.001,0.019631125089027007,0.020445191546724147,test_account_access,BALANCE,target_coef,models.custom[0],0.0,0.9947030605400774,0.9945769429338888,AccountMode.EXISTING_CONTRACT_SAME_MAX,,BALANCE,2003.047061246918,2004,False,False,test_account_access,BALANCE,target_coef
COLD_ACCOUNT_CODE_ACCESS,geth,0.0202523735984171,0.001,0.019887978029641033,0.020643687405687196,test_account_access,BALANCE,target_coef,models.custom[0],0.0,0.9962356240716806,0.9961459960733874,AccountMode.NON_EXISTING_ACCOUNT,,BALANCE,2025.2373598417103,2026,False,False,test_account_access,BALANCE,target_coef
COLD_ACCOUNT_CODE_ACCESS,geth,0.04132393452956927,0.001,0.03779673367158393,0.04532283799910323,test_account_access,CALL,target_coef,models.custom[0],0.0,0.9359558639921933,0.934431003611055,AccountMode.EXISTING_CONTRACT_DIFF_MAX,,CALL,4132.393452956927,4133,False,False,test_account_access,CALL,target_coef
COLD_ACCOUNT_CODE_ACCESS,geth,0.02021650284736706,0.001,0.019766590460520702,0.020652109322499716,test_account_access,CALL,target_coef,models.custom[0],0.0,0.9955519192892771,0.9954460126056884,AccountMode.EXISTING_CONTRACT_MINIMAL,,CALL,2021.650284736706,2022,False,False,test_account_access,CALL,target_coef
COLD_ACCOUNT_CODE_ACCESS,geth,0.02018602040324943,0.001,0.019893628821274007,0.020479822201391575,test_account_access,CALL,target_coef,models.custom[0],0.0,0.9965146695883924,0.9964316855309732,AccountMode.EXISTING_CONTRACT_SAME_MAX,,CALL,2018.602040324943,2019,False,False,test_account_access,CALL,target_coef
COLD_ACCOUNT_CODE_ACCESS,geth,0.020764710674012983,0.001,0.02043277807622587,0.021102398857557218,test_account_access,CALL,target_coef,models.custom[0],0.0,0.9968186674684897,0.9967429214558347,AccountMode.NON_EXISTING_ACCOUNT,,CALL,2076.471067401298,2077,False,False,test_account_access,CALL,target_coef
COLD_ACCOUNT_CODE_ACCESS,geth,0.041458875689926504,0.001,0.03738256624226989,0.04528412149572316,test_account_access,CALLCODE,target_coef,models.custom[0],0.0,0.9364772958006925,0.9349648504626138,AccountMode.EXISTING_CONTRACT_DIFF_MAX,,CALLCODE,4145.887568992651,4146,False,False,test_account_access,CALLCODE,target_coef
COLD_ACCOUNT_CODE_ACCESS,geth,0.020201612876888726,0.001,0.019856664947635126,0.020524331975340235,test_account_access,CALLCODE,target_coef,models.custom[0],0.0,0.997268757575038,0.9972037279934912,AccountMode.EXISTING_CONTRACT_MINIMAL,,CALLCODE,2020.1612876888726,2021,False,False,test_account_access,CALLCODE,target_coef
COLD_ACCOUNT_CODE_ACCESS,geth,0.019793393183525423,0.001,0.019122337131738595,0.020306452396294136,test_account_access,CALLCODE,target_coef,models.custom[0],0.0,0.9927971882462424,0.9926256927282958,AccountMode.EXISTING_CONTRACT_SAME_MAX,,CALLCODE,1979.3393183525423,1980,False,False,test_account_access,CALLCODE,target_coef
COLD_ACCOUNT_CODE_ACCESS,geth,0.021130661968833248,0.001,0.020691154513606796,0.021537589918510337,test_account_access,CALLCODE,target_coef,models.custom[0],0.0,0.9962387884746112,0.9961492358192449,AccountMode.NON_EXISTING_ACCOUNT,,CALLCODE,2113.066196883325,2114,False,False,test_account_access,CALLCODE,target_coef
COLD_ACCOUNT_CODE_ACCESS,geth,0.04121522781657994,0.001,0.037493591702844394,0.044832752549933304,test_account_access,DELEGATECALL,target_coef,models.custom[0],0.0,0.9395255625304596,0.938085694971661,AccountMode.EXISTING_CONTRACT_DIFF_MAX,,DELEGATECALL,4121.5227816579945,4122,False,False,test_account_access,DELEGATECALL,target_coef
COLD_ACCOUNT_CODE_ACCESS,geth,0.02028211739507239,0.001,0.019890704555472837,0.020712057887293113,test_account_access,DELEGATECALL,target_coef,models.custom[0],0.0,0.9965500673236368,0.9964679260694377,AccountMode.EXISTING_CONTRACT_MINIMAL,,DELEGATECALL,2028.2117395072391,2029,False,False,test_account_access,DELEGATECALL,target_coef
COLD_ACCOUNT_CODE_ACCESS,geth,0.019919715330268054,0.001,0.01947555977483357,0.020411000056904424,test_account_access,DELEGATECALL,target_coef,models.custom[0],0.0,0.9949438952849,0.9948235118393024,AccountMode.EXISTING_CONTRACT_SAME_MAX,,DELEGATECALL,1991.9715330268054,1992,False,False,test_account_access,DELEGATECALL,target_coef
COLD_ACCOUNT_CODE_ACCESS,geth,0.021362102170993102,0.001,0.02094102935962573,0.021825761556558174,test_account_access,DELEGATECALL,target_coef,models.custom[0],0.0,0.9959002738674892,0.9958026613405248,AccountMode.NON_EXISTING_ACCOUNT,,DELEGATECALL,2136.2102170993103,2137,False,False,test_account_access,DELEGATECALL,target_coef
COLD_ACCOUNT_CODE_ACCESS,geth,0.041734096701086944,0.001,0.03812006023086503,0.04551448201038499,test_account_access,EXTCODECOPY,target_coef,models.custom[0],0.0,0.9346129172421163,0.9330560819383571,AccountMode.EXISTING_CONTRACT_DIFF_MAX,,EXTCODECOPY,4173.409670108695,4174,False,True,test_account_access,EXTCODECOPY,target_coef
COLD_ACCOUNT_CODE_ACCESS,geth,0.02016664263792788,0.001,0.019646778050553197,0.02064043489826716,test_account_access,EXTCODECOPY,target_coef,models.custom[0],0.0,0.9945592800273837,0.9944297390756547,AccountMode.EXISTING_CONTRACT_MINIMAL,,EXTCODECOPY,2016.664263792788,2017,False,False,test_account_access,EXTCODECOPY,target_coef
COLD_ACCOUNT_CODE_ACCESS,geth,0.0199549199317261,0.001,0.019532977683871147,0.020368551335386818,test_account_access,EXTCODECOPY,target_coef,models.custom[0],0.0,0.995303568174054,0.9951917483686743,AccountMode.EXISTING_CONTRACT_SAME_MAX,,EXTCODECOPY,1995.49199317261,1996,False,False,test_account_access,EXTCODECOPY,target_coef
COLD_ACCOUNT_CODE_ACCESS,geth,0.02035022094421574,0.001,0.01997199965858042,0.020752023114492736,test_account_access,EXTCODECOPY,target_coef,models.custom[0],0.0,0.9968944579488332,0.9968205164714246,AccountMode.NON_EXISTING_ACCOUNT,,EXTCODECOPY,2035.022094421574,2036,False,False,test_account_access,EXTCODECOPY,target_coef
COLD_ACCOUNT_CODE_ACCESS,geth,0.019550773798187038,0.001,0.019115605102675768,0.019991926304265856,test_account_access,EXTCODEHASH,target_coef,models.custom[0],0.0,0.9953252204233538,0.9952139161477194,AccountMode.EXISTING_CONTRACT_DIFF_MAX,,EXTCODEHASH,1955.0773798187038,1956,False,False,test_account_access,EXTCODEHASH,target_coef
COLD_ACCOUNT_CODE_ACCESS,geth,0.019928860582289012,0.001,0.01959578774845763,0.02033558019124083,test_account_access,EXTCODEHASH,target_coef,models.custom[0],0.0,0.9962072280199259,0.9961169239251623,AccountMode.EXISTING_CONTRACT_MINIMAL,,EXTCODEHASH,1992.8860582289012,1993,False,False,test_account_access,EXTCODEHASH,target_coef
COLD_ACCOUNT_CODE_ACCESS,geth,0.019427967998136748,0.001,0.019047463356040625,0.019793748785563,test_account_access,EXTCODEHASH,target_coef,models.custom[0],0.0,0.996359082256799,0.9962723937391038,AccountMode.EXISTING_CONTRACT_SAME_MAX,,EXTCODEHASH,1942.7967998136749,1943,False,False,test_account_access,EXTCODEHASH,target_coef
COLD_ACCOUNT_CODE_ACCESS,geth,0.0200352683956803,0.001,0.01960054238453684,0.02045806069151361,test_account_access,EXTCODEHASH,target_coef,models.custom[0],0.0,0.9958299931088279,0.9957307072304666,AccountMode.NON_EXISTING_ACCOUNT,,EXTCODEHASH,2003.5268395680298,2004,False,False,test_account_access,EXTCODEHASH,target_coef
COLD_ACCOUNT_CODE_ACCESS,geth,0.04136725322332704,0.001,0.03750286785145747,0.04541933548440496,test_account_access,EXTCODESIZE,target_coef,models.custom[0],0.0,0.9346565181424236,0.9331007209553384,AccountMode.EXISTING_CONTRACT_DIFF_MAX,,EXTCODESIZE,4136.725322332703,4137,False,False,test_account_access,EXTCODESIZE,target_coef
COLD_ACCOUNT_CODE_ACCESS,geth,0.019920536675056378,0.001,0.019505317882241423,0.020397925204393676,test_account_access,EXTCODESIZE,target_coef,models.custom[0],0.0,0.994992890576392,0.9948736736853536,AccountMode.EXISTING_CONTRACT_MINIMAL,,EXTCODESIZE,1992.0536675056378,1993,False,False,test_account_access,EXTCODESIZE,target_coef
COLD_ACCOUNT_CODE_ACCESS,geth,0.019688036904414192,0.001,0.019326231594055145,0.02008336962915595,test_account_access,EXTCODESIZE,target_coef,models.custom[0],0.0,0.9961250891329142,0.9960328293503645,AccountMode.EXISTING_CONTRACT_SAME_MAX,,EXTCODESIZE,1968.8036904414191,1969,False,False,test_account_access,EXTCODESIZE,target_coef
COLD_ACCOUNT_CODE_ACCESS,geth,0.020076426573195496,0.001,0.019736758410146407,0.020425782119271797,test_account_access,EXTCODESIZE,target_coef,models.custom[0],0.0,0.9969399910719126,0.996867133716482,AccountMode.NON_EXISTING_ACCOUNT,,EXTCODESIZE,2007.6426573195497,2008,False,False,test_account_access,EXTCODESIZE,target_coef
COLD_ACCOUNT_CODE_ACCESS,geth,0.04100011264959702,0.001,0.03736147347732968,0.044735300107230785,test_account_access,STATICCALL,target_coef,models.custom[0],0.0,0.9345752796761305,0.933017548239848,AccountMode.EXISTING_CONTRACT_DIFF_MAX,,STATICCALL,4100.011264959702,4101,False,False,test_account_access,STATICCALL,target_coef
COLD_ACCOUNT_CODE_ACCESS,geth,0.01983821678533761,0.001,0.019493340416156267,0.020220862545780982,test_account_access,STATICCALL,target_coef,models.custom[0],0.0,0.9958497443971225,0.9957509287875301,AccountMode.EXISTING_CONTRACT_MINIMAL,,STATICCALL,1983.821678533761,1984,False,False,test_account_access,STATICCALL,target_coef
COLD_ACCOUNT_CODE_ACCESS,geth,0.02034409062666793,0.001,0.019811201112661624,0.020835846910192118,test_account_access,STATICCALL,target_coef,models.custom[0],0.0,0.9948301308840671,0.9947070387622592,AccountMode.EXISTING_CONTRACT_SAME_MAX,,STATICCALL,2034.409062666793,2035,False,False,test_account_access,STATICCALL,target_coef
COLD_ACCOUNT_CODE_ACCESS,geth,0.021365321822350698,0.001,0.02086487388792621,0.021833916545462222,test_account_access,STATICCALL,target_coef,models.custom[0],0.0,0.9956948111868769,0.9955923066913263,AccountMode.NON_EXISTING_ACCOUNT,,STATICCALL,2136.5321822350697,2137,False,False,test_account_access,STATICCALL,target_coef
COLD_ACCOUNT_CODE_ACCESS,nethermind,0.011358543431227663,0.001,0.010678130709033298,0.012018314157971863,test_account_access,BALANCE,target_coef,models.custom[0],0.0,0.9690612465182938,0.9680632222124324,AccountMode.EXISTING_CONTRACT_DIFF_MAX,,BALANCE,1135.8543431227663,1136,False,False,test_account_access,BALANCE,target_coef
COLD_ACCOUNT_CODE_ACCESS,nethermind,0.012010423725311109,0.001,0.01146631306992718,0.01262288111654986,test_account_access,BALANCE,target_coef,models.custom[0],0.0,0.9799913213886836,0.9793458801431573,AccountMode.EXISTING_CONTRACT_MINIMAL,,BALANCE,1201.042372531111,1202,False,False,test_account_access,BALANCE,target_coef
COLD_ACCOUNT_CODE_ACCESS,nethermind,0.010859140140130487,0.001,0.010449276388142198,0.011273038612510722,test_account_access,BALANCE,target_coef,models.custom[0],0.0,0.9844799849188667,0.9839793392710882,AccountMode.EXISTING_CONTRACT_SAME_MAX,,BALANCE,1085.9140140130487,1086,False,False,test_account_access,BALANCE,target_coef
COLD_ACCOUNT_CODE_ACCESS,nethermind,0.010104233127644498,0.001,0.009622394601359337,0.01060504174934633,test_account_access,BALANCE,target_coef,models.custom[0],0.0,0.9795947185638453,0.978936483678808,AccountMode.NON_EXISTING_ACCOUNT,,BALANCE,1010.4233127644499,1011,False,False,test_account_access,BALANCE,target_coef
COLD_ACCOUNT_CODE_ACCESS,nethermind,0.037585253433202466,0.001,0.03341958678311934,0.04211919073512263,test_account_access,CALL,target_coef,models.custom[0],0.0,0.9166710767865948,0.9139830470055171,AccountMode.EXISTING_CONTRACT_DIFF_MAX,,CALL,3758.525343320247,3759,False,False,test_account_access,CALL,target_coef
COLD_ACCOUNT_CODE_ACCESS,nethermind,0.012302219381530307,0.001,0.011791794211848436,0.012778774484092734,test_account_access,CALL,target_coef,models.custom[0],0.0,0.9874957017188053,0.9870923372581216,AccountMode.EXISTING_CONTRACT_MINIMAL,,CALL,1230.2219381530308,1231,False,False,test_account_access,CALL,target_coef
COLD_ACCOUNT_CODE_ACCESS,nethermind,0.012612529207345392,0.001,0.011903574052845114,0.013180274835929545,test_account_access,CALL,target_coef,models.custom[0],0.0,0.9793754778513412,0.9787101706852553,AccountMode.EXISTING_CONTRACT_SAME_MAX,,CALL,1261.2529207345392,1262,False,False,test_account_access,CALL,target_coef
COLD_ACCOUNT_CODE_ACCESS,nethermind,0.01061453130829221,0.001,0.010238267010497083,0.01098620983302842,test_account_access,CALL,target_coef,models.custom[0],0.0,0.9904091980585781,0.9900998173507902,AccountMode.NON_EXISTING_ACCOUNT,,CALL,1061.453130829221,1062,False,False,test_account_access,CALL,target_coef
COLD_ACCOUNT_CODE_ACCESS,nethermind,0.03783345714615428,0.001,0.03327628405841374,0.04261124426486358,test_account_access,CALLCODE,target_coef,models.custom[0],0.0,0.9149218945822906,0.912177439568816,AccountMode.EXISTING_CONTRACT_DIFF_MAX,,CALLCODE,3783.345714615428,3784,False,True,test_account_access,CALLCODE,target_coef
COLD_ACCOUNT_CODE_ACCESS,nethermind,0.012641976691324098,0.001,0.01193008091698226,0.013354616768431114,test_account_access,CALLCODE,target_coef,models.custom[0],0.0,0.97714203974393,0.9764046861872826,AccountMode.EXISTING_CONTRACT_MINIMAL,,CALLCODE,1264.1976691324098,1265,False,False,test_account_access,CALLCODE,target_coef
COLD_ACCOUNT_CODE_ACCESS,nethermind,0.012651815900594783,0.001,0.01225236970509824,0.01310997895962391,test_account_access,CALLCODE,target_coef,models.custom[0],0.0,0.9921906484486879,0.9919387338825165,AccountMode.EXISTING_CONTRACT_SAME_MAX,,CALLCODE,1265.1815900594784,1266,False,False,test_account_access,CALLCODE,target_coef
COLD_ACCOUNT_CODE_ACCESS,nethermind,0.010528126521727372,0.001,0.010136215604475737,0.010961697637183439,test_account_access,CALLCODE,target_coef,models.custom[0],0.0,0.9815066940138837,0.9809101357562671,AccountMode.NON_EXISTING_ACCOUNT,,CALLCODE,1052.8126521727372,1053,False,False,test_account_access,CALLCODE,target_coef
COLD_ACCOUNT_CODE_ACCESS,nethermind,0.036892024814919884,0.001,0.03339513978157294,0.04052951510477345,test_account_access,DELEGATECALL,target_coef,models.custom[0],0.0,0.94335554174971,0.941528301160991,AccountMode.EXISTING_CONTRACT_DIFF_MAX,,DELEGATECALL,3689.2024814919887,3690,False,False,test_account_access,DELEGATECALL,target_coef
COLD_ACCOUNT_CODE_ACCESS,nethermind,0.01242268922863004,0.001,0.011987046144627126,0.012932963123162975,test_account_access,DELEGATECALL,target_coef,models.custom[0],0.0,0.9869018559108408,0.9864793351337712,AccountMode.EXISTING_CONTRACT_MINIMAL,,DELEGATECALL,1242.268922863004,1243,False,False,test_account_access,DELEGATECALL,target_coef
COLD_ACCOUNT_CODE_ACCESS,nethermind,0.011959692627820989,0.001,0.011442097004888161,0.012470029652910561,test_account_access,DELEGATECALL,target_coef,models.custom[0],0.0,0.985312633615816,0.984838847603423,AccountMode.EXISTING_CONTRACT_SAME_MAX,,DELEGATECALL,1195.969262782099,1196,False,False,test_account_access,DELEGATECALL,target_coef
COLD_ACCOUNT_CODE_ACCESS,nethermind,0.01071483566616818,0.001,0.010191577191768227,0.01131643280744427,test_account_access,DELEGATECALL,target_coef,models.custom[0],0.0,0.9800688010467747,0.9794258591450578,AccountMode.NON_EXISTING_ACCOUNT,,DELEGATECALL,1071.483566616818,1072,False,False,test_account_access,DELEGATECALL,target_coef
COLD_ACCOUNT_CODE_ACCESS,nethermind,0.036144126120207766,0.001,0.03279197189136982,0.03964638496971779,test_account_access,EXTCODECOPY,target_coef,models.custom[0],0.0,0.9302682479277549,0.9280188365705857,AccountMode.EXISTING_CONTRACT_DIFF_MAX,,EXTCODECOPY,3614.4126120207766,3615,False,False,test_account_access,EXTCODECOPY,target_coef
COLD_ACCOUNT_CODE_ACCESS,nethermind,0.01126386051320789,0.001,0.010648238085401114,0.011884532343498224,test_account_access,EXTCODECOPY,target_coef,models.custom[0],0.0,0.9809104523010695,0.9802946604398137,AccountMode.EXISTING_CONTRACT_MINIMAL,,EXTCODECOPY,1126.386051320789,1127,False,False,test_account_access,EXTCODECOPY,target_coef
COLD_ACCOUNT_CODE_ACCESS,nethermind,0.01151707898917969,0.001,0.010962927531728766,0.01200285089936437,test_account_access,EXTCODECOPY,target_coef,models.custom[0],0.0,0.9834231051358969,0.9828883665918936,AccountMode.EXISTING_CONTRACT_SAME_MAX,,EXTCODECOPY,1151.7078989179688,1152,False,False,test_account_access,EXTCODECOPY,target_coef
COLD_ACCOUNT_CODE_ACCESS,nethermind,0.010495177601896404,0.001,0.010088837075718598,0.010933814221995432,test_account_access,EXTCODECOPY,target_coef,models.custom[0],0.0,0.9808379480465573,0.9802198173383817,AccountMode.NON_EXISTING_ACCOUNT,,EXTCODECOPY,1049.5177601896403,1050,False,False,test_account_access,EXTCODECOPY,target_coef
COLD_ACCOUNT_CODE_ACCESS,nethermind,0.011564355916600402,0.001,0.01086968145274918,0.012353205178853886,test_account_access,EXTCODEHASH,target_coef,models.custom[0],0.0,0.9674502647665842,0.9664002733074418,AccountMode.EXISTING_CONTRACT_DIFF_MAX,,EXTCODEHASH,1156.4355916600402,1157,False,False,test_account_access,EXTCODEHASH,target_coef
COLD_ACCOUNT_CODE_ACCESS,nethermind,0.011643772638960392,0.001,0.011055515456894165,0.012164292395712963,test_account_access,EXTCODEHASH,target_coef,models.custom[0],0.0,0.9800747689332676,0.9794320195440182,AccountMode.EXISTING_CONTRACT_MINIMAL,,EXTCODEHASH,1164.3772638960393,1165,False,False,test_account_access,EXTCODEHASH,target_coef
COLD_ACCOUNT_CODE_ACCESS,nethermind,0.011841417645560086,0.001,0.01125274256529627,0.012492085750763776,test_account_access,EXTCODEHASH,target_coef,models.custom[0],0.0,0.9741799946282941,0.9733470912292068,AccountMode.EXISTING_CONTRACT_SAME_MAX,,EXTCODEHASH,1184.1417645560086,1185,False,False,test_account_access,EXTCODEHASH,target_coef
COLD_ACCOUNT_CODE_ACCESS,nethermind,0.010232596473907712,0.001,0.00985089182727605,0.010695353357636809,test_account_access,EXTCODEHASH,target_coef,models.custom[0],0.0,0.9837417859915337,0.9832173274751316,AccountMode.NON_EXISTING_ACCOUNT,,EXTCODEHASH,1023.2596473907712,1024,False,False,test_account_access,EXTCODEHASH,target_coef
COLD_ACCOUNT_CODE_ACCESS,nethermind,0.03674858577922856,0.001,0.032955007455466756,0.04052012315216199,test_account_access,EXTCODESIZE,target_coef,models.custom[0],0.0,0.9271665294411795,0.9248170626489595,AccountMode.EXISTING_CONTRACT_DIFF_MAX,,EXTCODESIZE,3674.8585779228556,3675,False,False,test_account_access,EXTCODESIZE,target_coef
COLD_ACCOUNT_CODE_ACCESS,nethermind,0.010939230168106275,0.001,0.010410695708294239,0.011510883072359588,test_account_access,EXTCODESIZE,target_coef,models.custom[0],0.0,0.9790556795470233,0.9783800563066047,AccountMode.EXISTING_CONTRACT_MINIMAL,,EXTCODESIZE,1093.9230168106274,1094,False,False,test_account_access,EXTCODESIZE,target_coef
COLD_ACCOUNT_CODE_ACCESS,nethermind,0.011776152418938939,0.001,0.01122515431667278,0.012414201816297652,test_account_access,EXTCODESIZE,target_coef,models.custom[0],0.0,0.975172450281295,0.9743715615806916,AccountMode.EXISTING_CONTRACT_SAME_MAX,,EXTCODESIZE,1177.6152418938939,1178,False,False,test_account_access,EXTCODESIZE,target_coef
COLD_ACCOUNT_CODE_ACCESS,nethermind,0.010302354343543096,0.001,0.00989560152124608,0.010710296737417172,test_account_access,EXTCODESIZE,target_coef,models.custom[0],0.0,0.989295228359918,0.9889499131457218,AccountMode.NON_EXISTING_ACCOUNT,,EXTCODESIZE,1030.2354343543097,1031,False,False,test_account_access,EXTCODESIZE,target_coef
COLD_ACCOUNT_CODE_ACCESS,nethermind,0.0371259849250679,0.001,0.03309166734042967,0.04154913947307193,test_account_access,STATICCALL,target_coef,models.custom[0],0.0,0.9116573062227532,0.9088075419073581,AccountMode.EXISTING_CONTRACT_DIFF_MAX,,STATICCALL,3712.59849250679,3713,False,False,test_account_access,STATICCALL,target_coef
COLD_ACCOUNT_CODE_ACCESS,nethermind,0.01216431253625679,0.001,0.011635788713143233,0.01273859040413074,test_account_access,STATICCALL,target_coef,models.custom[0],0.0,0.9833958906323598,0.9828602742011455,AccountMode.EXISTING_CONTRACT_MINIMAL,,STATICCALL,1216.4312536256791,1217,False,False,test_account_access,STATICCALL,target_coef
COLD_ACCOUNT_CODE_ACCESS,nethermind,0.012313418292383891,0.001,0.01173591889848476,0.012963708183922663,test_account_access,STATICCALL,target_coef,models.custom[0],0.0,0.9760346567800563,0.9752615811923162,AccountMode.EXISTING_CONTRACT_SAME_MAX,,STATICCALL,1231.3418292383892,1232,False,False,test_account_access,STATICCALL,target_coef
COLD_ACCOUNT_CODE_ACCESS,nethermind,0.011133229853393973,0.001,0.010724771348887429,0.011570349410604818,test_account_access,STATICCALL,target_coef,models.custom[0],0.0,0.984949037958414,0.9844635230538468,AccountMode.NON_EXISTING_ACCOUNT,,STATICCALL,1113.3229853393973,1114,False,False,test_account_access,STATICCALL,target_coef
COLD_ACCOUNT_CODE_ACCESS,reth,0.020671718966015423,0.001,0.0199040303272148,0.021334603476912635,test_account_access,BALANCE,target_coef,models.custom[0],0.0,0.9900663839294015,0.9898298692610539,AccountMode.EXISTING_CONTRACT_DIFF_MAX,,BALANCE,2067.1718966015424,2068,False,False,test_account_access,BALANCE,target_coef
COLD_ACCOUNT_CODE_ACCESS,reth,0.0049106101761976885,0.001,0.0047021429212469445,0.0051387050721231654,test_account_access,BALANCE,target_coef,models.custom[0],0.0,0.9770454931181098,0.9764989572399696,AccountMode.EXISTING_CONTRACT_MINIMAL,,BALANCE,491.06101761976885,492,False,False,test_account_access,BALANCE,target_coef
COLD_ACCOUNT_CODE_ACCESS,reth,0.004904825641302523,0.001,0.004688677872342336,0.005111746596891719,test_account_access,BALANCE,target_coef,models.custom[0],0.0,0.983663909827149,0.983274955299224,AccountMode.EXISTING_CONTRACT_SAME_MAX,,BALANCE,490.4825641302523,491,False,False,test_account_access,BALANCE,target_coef
COLD_ACCOUNT_CODE_ACCESS,reth,0.004526105363828036,0.001,0.0043010028150785315,0.004728462856793896,test_account_access,BALANCE,target_coef,models.custom[0],0.0,0.9733310736337157,0.9726960991964233,AccountMode.NON_EXISTING_ACCOUNT,,BALANCE,452.6105363828036,453,False,False,test_account_access,BALANCE,target_coef
COLD_ACCOUNT_CODE_ACCESS,reth,0.023985103663859256,0.001,0.02327272536422564,0.024774679676320483,test_account_access,CALL,target_coef,models.custom[0],0.0,0.9919010597616806,0.9917082278512445,AccountMode.EXISTING_CONTRACT_DIFF_MAX,,CALL,2398.5103663859254,2399,False,True,test_account_access,CALL,target_coef
COLD_ACCOUNT_CODE_ACCESS,reth,0.005411427127325048,0.001,0.005202730205318661,0.005644923426121443,test_account_access,CALL,target_coef,models.custom[0],0.0,0.9812495828393222,0.9808031443354965,AccountMode.EXISTING_CONTRACT_MINIMAL,,CALL,541.1427127325048,542,False,False,test_account_access,CALL,target_coef
COLD_ACCOUNT_CODE_ACCESS,reth,0.005266010024665356,0.001,0.005050198822250198,0.005474551117321857,test_account_access,CALL,target_coef,models.custom[0],0.0,0.9794830396373808,0.978994540581128,AccountMode.EXISTING_CONTRACT_SAME_MAX,,CALL,526.6010024665356,527,False,False,test_account_access,CALL,target_coef
COLD_ACCOUNT_CODE_ACCESS,reth,0.004687450925523339,0.001,0.00447290522411846,0.004919231229301347,test_account_access,CALL,target_coef,models.custom[0],0.0,0.9818108022802455,0.9813777261440609,AccountMode.NON_EXISTING_ACCOUNT,,CALL,468.74509255233386,469,False,False,test_account_access,CALL,target_coef
COLD_ACCOUNT_CODE_ACCESS,reth,0.023049740281884383,0.001,0.02238495956119121,0.023723567255377626,test_account_access,CALLCODE,target_coef,models.custom[0],0.0,0.9903515688536378,0.990121844302534,AccountMode.EXISTING_CONTRACT_DIFF_MAX,,CALLCODE,2304.9740281884383,2305,False,False,test_account_access,CALLCODE,target_coef
COLD_ACCOUNT_CODE_ACCESS,reth,0.004829430805748187,0.001,0.004624660179863073,0.00502513521856249,test_account_access,CALLCODE,target_coef,models.custom[0],0.0,0.9774385080234079,0.9769013296430129,AccountMode.EXISTING_CONTRACT_MINIMAL,,CALLCODE,482.94308057481874,483,False,False,test_account_access,CALLCODE,target_coef
COLD_ACCOUNT_CODE_ACCESS,reth,0.005095225096011788,0.001,0.0048547385717210454,0.0053336202368406225,test_account_access,CALLCODE,target_coef,models.custom[0],0.0,0.9787278727749602,0.9782213935553165,AccountMode.EXISTING_CONTRACT_SAME_MAX,,CALLCODE,509.5225096011788,510,False,False,test_account_access,CALLCODE,target_coef
COLD_ACCOUNT_CODE_ACCESS,reth,0.004182525135938405,0.001,0.003956622980309331,0.004409665276483015,test_account_access,CALLCODE,target_coef,models.custom[0],0.0,0.9715780364498764,0.9709013230320163,AccountMode.NON_EXISTING_ACCOUNT,,CALLCODE,418.2525135938405,419,False,False,test_account_access,CALLCODE,target_coef
COLD_ACCOUNT_CODE_ACCESS,reth,0.02290434509363534,0.001,0.022271585185481644,0.023453983258315866,test_account_access,DELEGATECALL,target_coef,models.custom[0],0.0,0.9920038530336768,0.9918134685820976,AccountMode.EXISTING_CONTRACT_DIFF_MAX,,DELEGATECALL,2290.434509363534,2291,False,False,test_account_access,DELEGATECALL,target_coef
COLD_ACCOUNT_CODE_ACCESS,reth,0.004933673070369144,0.001,0.004719580348497452,0.005134685189841425,test_account_access,DELEGATECALL,target_coef,models.custom[0],0.0,0.9812376477381014,0.980790925065199,AccountMode.EXISTING_CONTRACT_MINIMAL,,DELEGATECALL,493.3673070369144,494,False,False,test_account_access,DELEGATECALL,target_coef
COLD_ACCOUNT_CODE_ACCESS,reth,0.004985311463202504,0.001,0.00474554181918191,0.005201864396603319,test_account_access,DELEGATECALL,target_coef,models.custom[0],0.0,0.9757445056974523,0.975166993928344,AccountMode.EXISTING_CONTRACT_SAME_MAX,,DELEGATECALL,498.5311463202504,499,False,False,test_account_access,DELEGATECALL,target_coef
COLD_ACCOUNT_CODE_ACCESS,reth,0.004479059986884211,0.001,0.004249364511608476,0.004727083028259796,test_account_access,DELEGATECALL,target_coef,models.custom[0],0.0,0.9766188031479498,0.9760621079848057,AccountMode.NON_EXISTING_ACCOUNT,,DELEGATECALL,447.9059986884211,448,False,False,test_account_access,DELEGATECALL,target_coef
COLD_ACCOUNT_CODE_ACCESS,reth,0.022872360907452517,0.001,0.022053325664957355,0.02360661598539108,test_account_access,EXTCODECOPY,target_coef,models.custom[0],0.0,0.9888814892548242,0.9886167628085105,AccountMode.EXISTING_CONTRACT_DIFF_MAX,,EXTCODECOPY,2287.2360907452517,2288,False,False,test_account_access,EXTCODECOPY,target_coef
COLD_ACCOUNT_CODE_ACCESS,reth,0.004984123130473447,0.001,0.004761780880365877,0.005210050930340196,test_account_access,EXTCODECOPY,target_coef,models.custom[0],0.0,0.983001893747345,0.9825971769318056,AccountMode.EXISTING_CONTRACT_MINIMAL,,EXTCODECOPY,498.41231304734475,499,False,False,test_account_access,EXTCODECOPY,target_coef
COLD_ACCOUNT_CODE_ACCESS,reth,0.004995597790803157,0.001,0.0047955314668627945,0.005200244585818344,test_account_access,EXTCODECOPY,target_coef,models.custom[0],0.0,0.9825780889939915,0.9821632815890865,AccountMode.EXISTING_CONTRACT_SAME_MAX,,EXTCODECOPY,499.5597790803157,500,False,False,test_account_access,EXTCODECOPY,target_coef
COLD_ACCOUNT_CODE_ACCESS,reth,0.004611626348071259,0.001,0.004374571591899289,0.00486987265960761,test_account_access,EXTCODECOPY,target_coef,models.custom[0],0.0,0.9764198360908203,0.9758584036167922,AccountMode.NON_EXISTING_ACCOUNT,,EXTCODECOPY,461.1626348071259,462,False,False,test_account_access,EXTCODECOPY,target_coef
COLD_ACCOUNT_CODE_ACCESS,reth,0.020174806810276686,0.001,0.01948871472097549,0.02083150065235732,test_account_access,EXTCODEHASH,target_coef,models.custom[0],0.0,0.9909729323221048,0.9907580021392978,AccountMode.EXISTING_CONTRACT_DIFF_MAX,,EXTCODEHASH,2017.4806810276684,2018,False,False,test_account_access,EXTCODEHASH,target_coef
COLD_ACCOUNT_CODE_ACCESS,reth,0.004830151270477164,0.001,0.004641785655329672,0.005045622222377503,test_account_access,EXTCODEHASH,target_coef,models.custom[0],0.0,0.9768761742121465,0.9763256069314833,AccountMode.EXISTING_CONTRACT_MINIMAL,,EXTCODEHASH,483.01512704771636,484,False,False,test_account_access,EXTCODEHASH,target_coef
COLD_ACCOUNT_CODE_ACCESS,reth,0.004740530604518119,0.001,0.0044807435601575225,0.004963247190063041,test_account_access,EXTCODEHASH,target_coef,models.custom[0],0.0,0.9759952596132243,0.9754237181754439,AccountMode.EXISTING_CONTRACT_SAME_MAX,,EXTCODEHASH,474.0530604518119,475,False,False,test_account_access,EXTCODEHASH,target_coef
COLD_ACCOUNT_CODE_ACCESS,reth,0.004467277436454383,0.001,0.004292953812502656,0.004637857378153524,test_account_access,EXTCODEHASH,target_coef,models.custom[0],0.0,0.9826124377137029,0.9821984481354578,AccountMode.NON_EXISTING_ACCOUNT,,EXTCODEHASH,446.7277436454383,447,False,False,test_account_access,EXTCODEHASH,target_coef
COLD_ACCOUNT_CODE_ACCESS,reth,0.02281584641969194,0.001,0.02231244204264926,0.023345883517381184,test_account_access,EXTCODESIZE,target_coef,models.custom[0],0.0,0.9936842170246784,0.9935338412395517,AccountMode.EXISTING_CONTRACT_DIFF_MAX,,EXTCODESIZE,2281.5846419691943,2282,False,False,test_account_access,EXTCODESIZE,target_coef
COLD_ACCOUNT_CODE_ACCESS,reth,0.004847225020732991,0.001,0.004585876672047236,0.005077068203983716,test_account_access,EXTCODESIZE,target_coef,models.custom[0],0.0,0.9723175661622455,0.97165846059468,AccountMode.EXISTING_CONTRACT_MINIMAL,,EXTCODESIZE,484.7225020732991,485,False,False,test_account_access,EXTCODESIZE,target_coef
COLD_ACCOUNT_CODE_ACCESS,reth,0.005002010888344829,0.001,0.004820456689415652,0.005176572787114822,test_account_access,EXTCODESIZE,target_coef,models.custom[0],0.0,0.9828540582612271,0.9824458215531611,AccountMode.EXISTING_CONTRACT_SAME_MAX,,EXTCODESIZE,500.20108883448296,501,False,False,test_account_access,EXTCODESIZE,target_coef
COLD_ACCOUNT_CODE_ACCESS,reth,0.0043408011607841265,0.001,0.004127975110220601,0.004584181971625027,test_account_access,EXTCODESIZE,target_coef,models.custom[0],0.0,0.9796156097553548,0.9791302671304822,AccountMode.NON_EXISTING_ACCOUNT,,EXTCODESIZE,434.08011607841263,435,False,False,test_account_access,EXTCODESIZE,target_coef
COLD_ACCOUNT_CODE_ACCESS,reth,0.02383356005010302,0.001,0.02316105534274692,0.02443067290013003,test_account_access,STATICCALL,target_coef,models.custom[0],0.0,0.9926564852894181,0.9924816397010708,AccountMode.EXISTING_CONTRACT_DIFF_MAX,,STATICCALL,2383.3560050103015,2384,False,False,test_account_access,STATICCALL,target_coef
COLD_ACCOUNT_CODE_ACCESS,reth,0.005342538886853567,0.001,0.005105560705334022,0.005598160785379336,test_account_access,STATICCALL,target_coef,models.custom[0],0.0,0.9815895528768017,0.9811512088976779,AccountMode.EXISTING_CONTRACT_MINIMAL,,STATICCALL,534.2538886853567,535,False,False,test_account_access,STATICCALL,target_coef
COLD_ACCOUNT_CODE_ACCESS,reth,0.005404297022676498,0.001,0.005144552879889753,0.005721080561440199,test_account_access,STATICCALL,target_coef,models.custom[0],0.0,0.9750578191931234,0.9744639577453407,AccountMode.EXISTING_CONTRACT_SAME_MAX,,STATICCALL,540.4297022676496,541,False,False,test_account_access,STATICCALL,target_coef
COLD_ACCOUNT_CODE_ACCESS,reth,0.004668126170258835,0.001,0.0044775793005480385,0.004868518342321427,test_account_access,STATICCALL,target_coef,models.custom[0],0.0,0.9779573775162756,0.9774325531714251,AccountMode.NON_EXISTING_ACCOUNT,,STATICCALL,466.81261702588347,467,False,False,test_account_access,STATICCALL,target_coef
COLD_ACCOUNT_CODE_WRITE,besu,0.14200564695164386,0.001,0.13184842119398976,0.15280204037136225,test_account_access,CALL,target_coef,models.custom[1],0.0,0.9583461888024372,0.9570025174734835,AccountMode.EXISTING_CONTRACT_DIFF_MAX,,CALL,14200.564695164387,14201,False,False,test_account_access,CALL,target_coef
COLD_ACCOUNT_CODE_WRITE,besu,0.10939219026529345,0.001,0.10174987117182022,0.11774086982768142,test_account_access,CALL,target_coef,models.custom[1],0.0,0.9692624328890298,0.9682708984660953,AccountMode.EXISTING_CONTRACT_MINIMAL,,CALL,10939.219026529345,10940,False,False,test_account_access,CALL,target_coef
COLD_ACCOUNT_CODE_WRITE,besu,0.1121657590122229,0.001,0.10485569837878674,0.12019935666243158,test_account_access,CALL,target_coef,models.custom[1],0.0,0.969233795934903,0.9682413377392547,AccountMode.EXISTING_CONTRACT_SAME_MAX,,CALL,11216.575901222288,11217,False,False,test_account_access,CALL,target_coef
COLD_ACCOUNT_CODE_WRITE,besu,0.17042120060138652,0.001,0.14852242960656095,0.19572226274049254,test_account_access,CALL,target_coef,models.custom[1],0.0,0.8657155851783361,0.8613838298615083,AccountMode.NON_EXISTING_ACCOUNT,,CALL,17042.12006013865,17043,False,True,test_account_access,CALL,target_coef
COLD_ACCOUNT_CODE_WRITE,besu,0.05563363552440947,0.001,0.047576808445459425,0.0642825418394717,test_account_access,CALLCODE,target_coef,models.custom[1],0.0,0.8645080909313413,0.860137384187191,AccountMode.EXISTING_CONTRACT_DIFF_MAX,,CALLCODE,5563.3635524409465,5564,False,False,test_account_access,CALLCODE,target_coef
COLD_ACCOUNT_CODE_WRITE,besu,0.03312627321529579,0.001,0.02736796535692889,0.037196908713967504,test_account_access,CALLCODE,target_coef,models.custom[1],0.0,0.7975010715842564,0.7909688480869743,AccountMode.EXISTING_CONTRACT_MINIMAL,,CALLCODE,3312.627321529579,3313,False,False,test_account_access,CALLCODE,target_coef
COLD_ACCOUNT_CODE_WRITE,besu,0.03511285614769385,0.001,0.026609176541660447,0.03940600444248271,test_account_access,CALLCODE,target_coef,models.custom[1],0.0,0.7154659769316651,0.706287460058493,AccountMode.EXISTING_CONTRACT_SAME_MAX,,CALLCODE,3511.2856147693847,3512,False,False,test_account_access,CALLCODE,target_coef
COLD_ACCOUNT_CODE_WRITE,besu,0.03696171505795192,0.001,0.03038338270729128,0.040246956772096824,test_account_access,CALLCODE,target_coef,models.custom[1],0.0,0.8154338493242252,0.8094801025282325,AccountMode.NON_EXISTING_ACCOUNT,,CALLCODE,3696.171505795192,3697,False,False,test_account_access,CALLCODE,target_coef
COLD_ACCOUNT_CODE_WRITE,erigon,0.2717737637760496,0.001,0.25459584197934215,0.28626879319388426,test_account_access,CALL,target_coef,models.custom[1],0.0,0.9817572924820742,0.9808451571061779,AccountMode.EXISTING_CONTRACT_DIFF_MAX,,CALL,27177.37637760496,27178,False,True,test_account_access,CALL,target_coef
COLD_ACCOUNT_CODE_WRITE,erigon,0.1611432111599984,0.001,0.15616827538941538,0.16669410688479272,test_account_access,CALL,target_coef,models.custom[1],0.0,0.996786137699866,0.9966254445848594,AccountMode.EXISTING_CONTRACT_MINIMAL,,CALL,16114.321115999843,16115,False,False,test_account_access,CALL,target_coef
COLD_ACCOUNT_CODE_WRITE,erigon,0.1588459028032725,0.001,0.15404654845056454,0.16370488844937797,test_account_access,CALL,target_coef,models.custom[1],0.0,0.9971583492075151,0.9970162666678909,AccountMode.EXISTING_CONTRACT_SAME_MAX,,CALL,15884.59028032725,15885,False,False,test_account_access,CALL,target_coef
COLD_ACCOUNT_CODE_WRITE,erigon,0.2704112148039583,0.001,0.2624985781165127,0.2775104989125769,test_account_access,CALL,target_coef,models.custom[1],0.0,0.9974457035954358,0.9973179887752076,AccountMode.NON_EXISTING_ACCOUNT,,CALL,27041.121480395832,27042,False,False,test_account_access,CALL,target_coef
COLD_ACCOUNT_CODE_WRITE,erigon,0.14464643587072032,0.001,0.12392863122210387,0.15927047970483485,test_account_access,CALLCODE,target_coef,models.custom[1],0.0,0.9198992385267885,0.9158942004531279,AccountMode.EXISTING_CONTRACT_DIFF_MAX,,CALLCODE,14464.643587072032,14465,False,False,test_account_access,CALLCODE,target_coef
COLD_ACCOUNT_CODE_WRITE,erigon,0.02468897799744972,0.001,0.021554429664736887,0.027029863267723456,test_account_access,CALLCODE,target_coef,models.custom[1],0.0,0.9363442911761115,0.9331615057349171,AccountMode.EXISTING_CONTRACT_MINIMAL,,CALLCODE,2468.897799744972,2469,False,False,test_account_access,CALLCODE,target_coef
COLD_ACCOUNT_CODE_WRITE,erigon,0.024123365699473032,0.001,0.021144215645512755,0.026231785002345246,test_account_access,CALLCODE,target_coef,models.custom[1],0.0,0.9418120804337058,0.938902684455391,AccountMode.EXISTING_CONTRACT_SAME_MAX,,CALLCODE,2412.3365699473034,2413,False,False,test_account_access,CALLCODE,target_coef
COLD_ACCOUNT_CODE_WRITE,erigon,0.008126177147826586,0.001,0.007593320049561741,0.00867553982118542,test_account_access,CALLCODE,target_coef,models.custom[1],0.0,0.9690601574258555,0.9675131652971483,AccountMode.NON_EXISTING_ACCOUNT,,CALLCODE,812.6177147826586,813,False,False,test_account_access,CALLCODE,target_coef
COLD_ACCOUNT_CODE_WRITE,ethrex,0.1327566498230054,0.001,0.12985636601380354,0.1358653468450919,test_account_access,CALL,target_coef,models.custom[1],0.0,0.9944177492097425,0.9942848384766411,AccountMode.EXISTING_CONTRACT_DIFF_MAX,,CALL,13275.66498230054,13276,False,True,test_account_access,CALL,target_coef
COLD_ACCOUNT_CODE_WRITE,ethrex,0.03610025491186109,0.001,0.03531645798702383,0.037028715994900714,test_account_access,CALL,target_coef,models.custom[1],0.0,0.986096932454585,0.985765907036837,AccountMode.EXISTING_CONTRACT_MINIMAL,,CALL,3610.0254911861093,3611,False,False,test_account_access,CALL,target_coef
COLD_ACCOUNT_CODE_WRITE,ethrex,0.036305677011258204,0.001,0.0355906074903408,0.03698356785166831,test_account_access,CALL,target_coef,models.custom[1],0.0,0.9939718088390208,0.9938282804780452,AccountMode.EXISTING_CONTRACT_SAME_MAX,,CALL,3630.567701125821,3631,False,False,test_account_access,CALL,target_coef
COLD_ACCOUNT_CODE_WRITE,ethrex,0.05118200775548357,0.001,0.04475315195436761,0.056536139503698374,test_account_access,CALL,target_coef,models.custom[1],0.0,0.8791737058608313,0.8762968893337083,AccountMode.NON_EXISTING_ACCOUNT,,CALL,5118.200775548357,5119,False,False,test_account_access,CALL,target_coef
COLD_ACCOUNT_CODE_WRITE,ethrex,0.11081446047241704,0.001,0.10746748081391787,0.11453704483179163,test_account_access,CALLCODE,target_coef,models.custom[1],0.0,0.989590636644712,0.9893427946600624,AccountMode.EXISTING_CONTRACT_DIFF_MAX,,CALLCODE,11081.446047241705,11082,False,False,test_account_access,CALLCODE,target_coef
COLD_ACCOUNT_CODE_WRITE,ethrex,0.018753863811625714,0.001,0.01770110944715232,0.01975128026833081,test_account_access,CALLCODE,target_coef,models.custom[1],0.0,0.978680108425826,0.9781724919597742,AccountMode.EXISTING_CONTRACT_MINIMAL,,CALLCODE,1875.3863811625713,1876,False,False,test_account_access,CALLCODE,target_coef
COLD_ACCOUNT_CODE_WRITE,ethrex,0.01907494168361792,0.001,0.01800279883260793,0.020100179335219046,test_account_access,CALLCODE,target_coef,models.custom[1],0.0,0.9758583876494352,0.9752835873553741,AccountMode.EXISTING_CONTRACT_SAME_MAX,,CALLCODE,1907.4941683617922,1908,False,False,test_account_access,CALLCODE,target_coef
COLD_ACCOUNT_CODE_WRITE,ethrex,0.0028228425456307033,0.001,0.0024421136574048668,0.003187715997613124,test_account_access,CALLCODE,target_coef,models.custom[1],0.0,0.7948563762002196,0.7899720042049868,AccountMode.NON_EXISTING_ACCOUNT,,CALLCODE,282.2842545630703,283,False,False,test_account_access,CALLCODE,target_coef
COLD_ACCOUNT_CODE_WRITE,geth,0.12968997503002855,0.001,0.1252156180276218,0.13426285016734965,test_account_access,CALL,target_coef,models.custom[1],0.0,0.9905765577100923,0.9903521900365231,AccountMode.EXISTING_CONTRACT_DIFF_MAX,,CALL,12968.997503002855,12969,False,False,test_account_access,CALL,target_coef
COLD_ACCOUNT_CODE_WRITE,geth,0.10258241250573392,0.001,0.10080327013433502,0.10448308756975752,test_account_access,CALL,target_coef,models.custom[1],0.0,0.9970901609732901,0.9970208790917018,AccountMode.EXISTING_CONTRACT_MINIMAL,,CALL,10258.241250573394,10259,False,False,test_account_access,CALL,target_coef
COLD_ACCOUNT_CODE_WRITE,geth,0.10218769595936568,0.001,0.10036717031275862,0.10413885289766678,test_account_access,CALL,target_coef,models.custom[1],0.0,0.9973929216159457,0.9973308483210873,AccountMode.EXISTING_CONTRACT_SAME_MAX,,CALL,10218.769595936568,10219,False,False,test_account_access,CALL,target_coef
COLD_ACCOUNT_CODE_WRITE,geth,0.1579143765519496,0.001,0.15132363064816717,0.16678709491357543,test_account_access,CALL,target_coef,models.custom[1],0.0,0.9814218346020595,0.9809794973306799,AccountMode.NON_EXISTING_ACCOUNT,,CALL,15791.437655194959,15792,False,True,test_account_access,CALL,target_coef
COLD_ACCOUNT_CODE_WRITE,geth,0.06107756833696236,0.001,0.056449951280020484,0.06581126150691809,test_account_access,CALLCODE,target_coef,models.custom[1],0.0,0.9510733311471522,0.9499084104601796,AccountMode.EXISTING_CONTRACT_DIFF_MAX,,CALLCODE,6107.756833696236,6108,False,False,test_account_access,CALLCODE,target_coef
COLD_ACCOUNT_CODE_WRITE,geth,0.030571916488864242,0.001,0.029664467860569973,0.03150870490630411,test_account_access,CALLCODE,target_coef,models.custom[1],0.0,0.9902866037896264,0.9900553324512842,AccountMode.EXISTING_CONTRACT_MINIMAL,,CALLCODE,3057.191648886424,3058,False,False,test_account_access,CALLCODE,target_coef
COLD_ACCOUNT_CODE_WRITE,geth,0.030654721253940476,0.001,0.02933372824851938,0.03206279251535546,test_account_access,CALLCODE,target_coef,models.custom[1],0.0,0.988158940581331,0.9878770105951722,AccountMode.EXISTING_CONTRACT_SAME_MAX,,CALLCODE,3065.472125394048,3066,False,False,test_account_access,CALLCODE,target_coef
COLD_ACCOUNT_CODE_WRITE,geth,0.03091525900390889,0.001,0.03022597089787682,0.03168221693942114,test_account_access,CALLCODE,target_coef,models.custom[1],0.0,0.9931208110382987,0.9929570208249249,AccountMode.NON_EXISTING_ACCOUNT,,CALLCODE,3091.525900390889,3092,False,False,test_account_access,CALLCODE,target_coef
COLD_ACCOUNT_CODE_WRITE,nethermind,0.09310464382768008,0.001,0.08857558905880773,0.09755371920086357,test_account_access,CALL,target_coef,models.custom[1],0.0,0.9707859128309778,0.9698435229222997,AccountMode.EXISTING_CONTRACT_DIFF_MAX,,CALL,9310.464382768007,9311,False,False,test_account_access,CALL,target_coef
COLD_ACCOUNT_CODE_WRITE,nethermind,0.0722550691182597,0.001,0.06842437789259888,0.07598879070601489,test_account_access,CALL,target_coef,models.custom[1],0.0,0.9825025576881399,0.9819381240651767,AccountMode.EXISTING_CONTRACT_MINIMAL,,CALL,7225.50691182597,7226,False,False,test_account_access,CALL,target_coef
COLD_ACCOUNT_CODE_WRITE,nethermind,0.06813370881358739,0.001,0.06373815424879213,0.07249331236435629,test_account_access,CALL,target_coef,models.custom[1],0.0,0.9735378916573407,0.9726842752591904,AccountMode.EXISTING_CONTRACT_SAME_MAX,,CALL,6813.370881358739,6814,False,False,test_account_access,CALL,target_coef
COLD_ACCOUNT_CODE_WRITE,nethermind,0.09417568900870202,0.001,0.08787768872830153,0.100794208569693,test_account_access,CALL,target_coef,models.custom[1],0.0,0.9343240704857009,0.9322054921142718,AccountMode.NON_EXISTING_ACCOUNT,,CALL,9417.568900870203,9418,False,True,test_account_access,CALL,target_coef
COLD_ACCOUNT_CODE_WRITE,nethermind,0.04436333308590035,0.001,0.03990954571643529,0.04894259295511158,test_account_access,CALLCODE,target_coef,models.custom[1],0.0,0.9271613937856749,0.9248117613271483,AccountMode.EXISTING_CONTRACT_DIFF_MAX,,CALLCODE,4436.333308590035,4437,False,False,test_account_access,CALLCODE,target_coef
COLD_ACCOUNT_CODE_WRITE,nethermind,0.01551074911243748,0.001,0.014531072725985729,0.016525386352062223,test_account_access,CALLCODE,target_coef,models.custom[1],0.0,0.9733103336454771,0.9724493766662989,AccountMode.EXISTING_CONTRACT_MINIMAL,,CALLCODE,1551.074911243748,1552,False,False,test_account_access,CALLCODE,target_coef
COLD_ACCOUNT_CODE_WRITE,nethermind,0.015324965233785348,0.001,0.013874692457113268,0.016635679695818566,test_account_access,CALLCODE,target_coef,models.custom[1],0.0,0.9439961338110886,0.9421895574824141,AccountMode.EXISTING_CONTRACT_SAME_MAX,,CALLCODE,1532.4965233785347,1533,False,False,test_account_access,CALLCODE,target_coef
COLD_ACCOUNT_CODE_WRITE,nethermind,0.013224056815602556,0.001,0.012491173625775509,0.013935822271070389,test_account_access,CALLCODE,target_coef,models.custom[1],0.0,0.9761714982464152,0.9754028368995254,AccountMode.NON_EXISTING_ACCOUNT,,CALLCODE,1322.4056815602555,1323,False,False,test_account_access,CALLCODE,target_coef
COLD_ACCOUNT_CODE_WRITE,reth,0.05733517434505168,0.001,0.05537273602324712,0.059342113951459684,test_account_access,CALL,target_coef,models.custom[1],0.0,0.9898845113360835,0.989643666367895,AccountMode.EXISTING_CONTRACT_DIFF_MAX,,CALL,5733.517434505167,5734,False,True,test_account_access,CALL,target_coef
COLD_ACCOUNT_CODE_WRITE,reth,0.034844673710216774,0.001,0.03347480188281771,0.036336155535478594,test_account_access,CALL,target_coef,models.custom[1],0.0,0.9877421071481626,0.9874502525564521,AccountMode.EXISTING_CONTRACT_MINIMAL,,CALL,3484.467371021677,3485,False,False,test_account_access,CALL,target_coef
COLD_ACCOUNT_CODE_WRITE,reth,0.0368535079486587,0.001,0.03553265448894702,0.03843338399650119,test_account_access,CALL,target_coef,models.custom[1],0.0,0.9883574402619516,0.9880802364586647,AccountMode.EXISTING_CONTRACT_SAME_MAX,,CALL,3685.35079486587,3686,False,False,test_account_access,CALL,target_coef
COLD_ACCOUNT_CODE_WRITE,reth,0.048118802846293836,0.001,0.03984368956693229,0.055723760559661106,test_account_access,CALL,target_coef,models.custom[1],0.0,0.7583349104503149,0.7525809797467509,AccountMode.NON_EXISTING_ACCOUNT,,CALL,4811.880284629383,4812,False,False,test_account_access,CALL,target_coef
COLD_ACCOUNT_CODE_WRITE,reth,0.024572148868269066,0.001,0.023773090625741993,0.02530212221244875,test_account_access,CALLCODE,target_coef,models.custom[1],0.0,0.9919819968413176,0.9917910920042061,AccountMode.EXISTING_CONTRACT_DIFF_MAX,,CALLCODE,2457.214886826907,2458,False,False,test_account_access,CALLCODE,target_coef
COLD_ACCOUNT_CODE_WRITE,reth,0.006857638202503763,0.001,0.006363817216715535,0.007309244272821445,test_account_access,CALLCODE,target_coef,models.custom[1],0.0,0.9561162091503776,0.9550713569872914,AccountMode.EXISTING_CONTRACT_MINIMAL,,CALLCODE,685.7638202503763,686,False,False,test_account_access,CALLCODE,target_coef
COLD_ACCOUNT_CODE_WRITE,reth,0.006447966668112349,0.001,0.005870159395291176,0.007091819306800296,test_account_access,CALLCODE,target_coef,models.custom[1],0.0,0.9256929244447345,0.9239237083600853,AccountMode.EXISTING_CONTRACT_SAME_MAX,,CALLCODE,644.7966668112349,645,False,False,test_account_access,CALLCODE,target_coef
COLD_ACCOUNT_CODE_WRITE,reth,0.006774950218795195,0.001,0.0063832282621918675,0.007176171469641383,test_account_access,CALLCODE,target_coef,models.custom[1],0.0,0.9719985396160217,0.9713318381783079,AccountMode.NON_EXISTING_ACCOUNT,,CALLCODE,677.4950218795194,678,False,False,test_account_access,CALLCODE,target_coef
STORAGE_WRITE,,,,,,<derived>,<derived>,<derived>,<derived>,0.0,,,,,,20411.0,20411,False,False,,,
ACCOUNT_WRITE,,,,,,<derived>,<derived>,<derived>,<derived>,0.0,,,,,,16581.0,16581,False,False,,,
REFUND_STORAGE_CLEAR,,,,,,<derived>,<derived>,<derived>,<derived>,0.0,,,,,,21670.08,21671,False,False,,,
TX_ACCESS_LIST_STORAGE_KEY,,,,,,<derived>,<derived>,<derived>,<derived>,0.0,,,,,,2162.0,2162,False,False,,,
TX_ACCESS_LIST_ADDRESS,,,,,,<derived>,<derived>,<derived>,<derived>,0.0,,,,,,14465.0,14465,False,False,,,
