test_name,client_name,target_opcode,source_label,param_existing_slots,nobs,intercept_runtime_ms,intercept_pvalue,rsquared,rsquared_adj,target_coef_runtime_ms,target_coef_pvalue,target_coef_conf_int_low,target_coef_conf_int_high,param_opcode,param_account_mode
test_account_access,besu,BALANCE,models.custom[0],,33,714.8099675063032,0.001,0.9026533929975156,0.8995131798684032,0.044106999518405965,0.001,0.03895692016273878,0.04911340388244264,BALANCE,AccountMode.EXISTING_CONTRACT_DIFF_MAX
test_account_access,erigon,BALANCE,models.custom[0],,22,324.3118864460936,0.001,0.9431589789284669,0.9403169278748902,0.024865194397950378,0.001,0.022140050440541736,0.026952518985132616,BALANCE,AccountMode.EXISTING_CONTRACT_DIFF_MAX
test_account_access,ethrex,BALANCE,models.custom[0],,44,226.9344790660935,0.001,0.9798443707923677,0.9793644748588527,0.01850664392915288,0.001,0.017660372718111005,0.01949364532842337,BALANCE,AccountMode.EXISTING_CONTRACT_DIFF_MAX
test_account_access,geth,BALANCE,models.custom[0],,44,306.4216507169833,0.001,0.9827062758597944,0.9822945205231228,0.02098149998955441,0.001,0.01979802730462131,0.022065982697520706,BALANCE,AccountMode.EXISTING_CONTRACT_DIFF_MAX
test_account_access,nethermind,BALANCE,models.custom[0],,33,120.07044353290605,0.001,0.9690612465182938,0.9680632222124324,0.011358543431227663,0.001,0.010678130709033298,0.012018314157971863,BALANCE,AccountMode.EXISTING_CONTRACT_DIFF_MAX
test_account_access,reth,BALANCE,models.custom[0],,44,137.05863966671848,0.001,0.9900663839294015,0.9898298692610539,0.020671718966015423,0.001,0.0199040303272148,0.021334603476912635,BALANCE,AccountMode.EXISTING_CONTRACT_DIFF_MAX
test_account_access,besu,BALANCE,models.custom[0],,33,289.84734821662374,0.013,0.8226554219616814,0.8169346291217356,0.02569001964392932,0.001,0.021632645260063397,0.029990547425542906,BALANCE,AccountMode.EXISTING_CONTRACT_MINIMAL
test_account_access,erigon,BALANCE,models.custom[0],,22,338.47172173915135,0.001,0.9441533451151504,0.9413610123709079,0.023833138635307925,0.001,0.02091573839982446,0.025974771471483322,BALANCE,AccountMode.EXISTING_CONTRACT_MINIMAL
test_account_access,ethrex,BALANCE,models.custom[0],,44,219.35638385142616,0.001,0.9819308311123942,0.9815006128055465,0.018619079625556357,0.001,0.017755300269895875,0.019503436213181426,BALANCE,AccountMode.EXISTING_CONTRACT_MINIMAL
test_account_access,geth,BALANCE,models.custom[0],,44,411.8270424768677,0.001,0.9955403855628687,0.9954342042667466,0.019648743272849774,0.001,0.019263780526078175,0.020022542868169506,BALANCE,AccountMode.EXISTING_CONTRACT_MINIMAL
test_account_access,nethermind,BALANCE,models.custom[0],,33,76.00982321951692,0.001,0.9799913213886836,0.9793458801431573,0.012010423725311109,0.001,0.01146631306992718,0.01262288111654986,BALANCE,AccountMode.EXISTING_CONTRACT_MINIMAL
test_account_access,reth,BALANCE,models.custom[0],,44,86.97383921255495,0.001,0.9770454931181098,0.9764989572399696,0.0049106101761976885,0.001,0.0047021429212469445,0.0051387050721231654,BALANCE,AccountMode.EXISTING_CONTRACT_MINIMAL
test_account_access,besu,BALANCE,models.custom[0],,33,292.54074483482117,0.006,0.8250145876905745,0.8193698969709156,0.025707239772016905,0.001,0.021909365091530335,0.029854280806504267,BALANCE,AccountMode.EXISTING_CONTRACT_SAME_MAX
test_account_access,erigon,BALANCE,models.custom[0],,22,337.098559115992,0.001,0.9442202962899156,0.9414313111044114,0.023897414450994296,0.001,0.021340602584502637,0.025853583880580473,BALANCE,AccountMode.EXISTING_CONTRACT_SAME_MAX
test_account_access,ethrex,BALANCE,models.custom[0],,44,219.06643856524704,0.001,0.9814257542165732,0.9809835102693487,0.01859725419952498,0.001,0.017772296639237715,0.01943472576184776,BALANCE,AccountMode.EXISTING_CONTRACT_SAME_MAX
test_account_access,geth,BALANCE,models.custom[0],,44,381.0364035917778,0.001,0.9947030605400774,0.9945769429338888,0.02003047061246918,0.001,0.019631125089027007,0.020445191546724147,BALANCE,AccountMode.EXISTING_CONTRACT_SAME_MAX
test_account_access,nethermind,BALANCE,models.custom[0],,33,149.59925011791964,0.001,0.9844799849188667,0.9839793392710882,0.010859140140130487,0.001,0.010449276388142198,0.011273038612510722,BALANCE,AccountMode.EXISTING_CONTRACT_SAME_MAX
test_account_access,reth,BALANCE,models.custom[0],,44,88.07935183313215,0.001,0.983663909827149,0.983274955299224,0.004904825641302523,0.001,0.004688677872342336,0.005111746596891719,BALANCE,AccountMode.EXISTING_CONTRACT_SAME_MAX
test_account_access,besu,BALANCE,presets[cold_account_nocode_access],,33,187.68800390036768,0.045,0.9026890488713988,0.8995499859317665,0.03122658677972004,0.001,0.02808442688780843,0.03435037449107807,BALANCE,AccountMode.EXISTING_EOA
test_account_access,erigon,BALANCE,presets[cold_account_nocode_access],,22,0.0,1.0,0.9985261980952639,0.998452508000027,0.009607546025285945,0.001,0.009552288084339278,0.009656153972325204,BALANCE,AccountMode.EXISTING_EOA
test_account_access,ethrex,BALANCE,presets[cold_account_nocode_access],,44,219.69855504900895,0.001,0.9807705403833344,0.9803126961067472,0.01833718900669513,0.001,0.017457062964432685,0.019206582619126552,BALANCE,AccountMode.EXISTING_EOA
test_account_access,geth,BALANCE,presets[cold_account_nocode_access],,44,395.12500843109325,0.001,0.9972418871782625,0.9971762178253639,0.020679666100965062,0.001,0.020323920080887684,0.02104953974820833,BALANCE,AccountMode.EXISTING_EOA
test_account_access,nethermind,BALANCE,presets[cold_account_nocode_access],,33,97.63674328743828,0.001,0.9825802842780446,0.982018357964433,0.010423130744844793,0.001,0.009981493865290366,0.010932241823561421,BALANCE,AccountMode.EXISTING_EOA
test_account_access,reth,BALANCE,presets[cold_account_nocode_access],,44,102.54490764317725,0.001,0.9853225018630251,0.9849730376216685,0.004472625482306116,0.001,0.004282357751896238,0.0046503679304998715,BALANCE,AccountMode.EXISTING_EOA
test_account_access,besu,BALANCE,models.custom[0],,33,194.084902846363,0.03,0.9110700166788787,0.9082013075394877,0.030859254420852206,0.001,0.02771384560357222,0.033905664603746236,BALANCE,AccountMode.NON_EXISTING_ACCOUNT
test_account_access,besu,BALANCE,presets[cold_account_nocode_access],,33,194.084902846363,0.03,0.9110700166788787,0.9082013075394877,0.030859254420852206,0.001,0.02771384560357222,0.033905664603746236,BALANCE,AccountMode.NON_EXISTING_ACCOUNT
test_account_access,erigon,BALANCE,models.custom[0],,22,0.0,1.0,0.9961213076863388,0.9959273730706557,0.008384896461550108,0.001,0.008177249806999302,0.008423887133594076,BALANCE,AccountMode.NON_EXISTING_ACCOUNT
test_account_access,erigon,BALANCE,presets[cold_account_nocode_access],,22,0.0,1.0,0.9961213076863388,0.9959273730706557,0.008384896461550108,0.001,0.008177249806999302,0.008423887133594076,BALANCE,AccountMode.NON_EXISTING_ACCOUNT
test_account_access,ethrex,BALANCE,models.custom[0],,44,111.97905888009547,0.001,0.9569559925916378,0.955931135272391,0.0024639586652460493,0.001,0.0023084349406647495,0.0026253430230829375,BALANCE,AccountMode.NON_EXISTING_ACCOUNT
test_account_access,ethrex,BALANCE,presets[cold_account_nocode_access],,44,111.97905888009547,0.001,0.9569559925916378,0.955931135272391,0.0024639586652460493,0.001,0.0023084349406647495,0.0026253430230829375,BALANCE,AccountMode.NON_EXISTING_ACCOUNT
test_account_access,geth,BALANCE,models.custom[0],,44,378.9813397920139,0.001,0.9962356240716806,0.9961459960733874,0.0202523735984171,0.001,0.019887978029641033,0.020643687405687196,BALANCE,AccountMode.NON_EXISTING_ACCOUNT
test_account_access,geth,BALANCE,presets[cold_account_nocode_access],,44,378.9813397920139,0.001,0.9962356240716806,0.9961459960733874,0.0202523735984171,0.001,0.019887978029641033,0.020643687405687196,BALANCE,AccountMode.NON_EXISTING_ACCOUNT
test_account_access,nethermind,BALANCE,models.custom[0],,33,118.09600759451894,0.001,0.9795947185638453,0.978936483678808,0.010104233127644498,0.001,0.009622394601359337,0.01060504174934633,BALANCE,AccountMode.NON_EXISTING_ACCOUNT
test_account_access,nethermind,BALANCE,presets[cold_account_nocode_access],,33,118.09600759451894,0.001,0.9795947185638453,0.978936483678808,0.010104233127644498,0.001,0.009622394601359337,0.01060504174934633,BALANCE,AccountMode.NON_EXISTING_ACCOUNT
test_account_access,reth,BALANCE,models.custom[0],,44,105.2677917985422,0.001,0.9733310736337157,0.9726960991964233,0.004526105363828036,0.001,0.0043010028150785315,0.004728462856793896,BALANCE,AccountMode.NON_EXISTING_ACCOUNT
test_account_access,reth,BALANCE,presets[cold_account_nocode_access],,44,105.2677917985422,0.001,0.9733310736337157,0.9726960991964233,0.004526105363828036,0.001,0.0043010028150785315,0.004728462856793896,BALANCE,AccountMode.NON_EXISTING_ACCOUNT
test_account_access,besu,CALL,models.custom[0],,33,801.6770809346735,0.001,0.90072893612686,0.8975266437438555,0.04623217008644925,0.001,0.04053716517998615,0.05148034204578516,CALL,AccountMode.EXISTING_CONTRACT_DIFF_MAX
test_account_access,besu,CALL,models.custom[1],,33,222.33966987143722,0.002,0.9583461888024372,0.9570025174734835,0.14200564695164386,0.001,0.13184842119398976,0.15280204037136225,CALL,AccountMode.EXISTING_CONTRACT_DIFF_MAX
test_account_access,erigon,CALL,models.custom[0],,22,852.8514388762309,0.07,0.9199164677121653,0.9159122910977735,0.14464002368870932,0.001,0.12243285869851082,0.15767831633383175,CALL,AccountMode.EXISTING_CONTRACT_DIFF_MAX
test_account_access,erigon,CALL,models.custom[1],,22,1117.592090972305,0.001,0.9817572924820742,0.9808451571061779,0.2717737637760496,0.001,0.25459584197934215,0.28626879319388426,CALL,AccountMode.EXISTING_CONTRACT_DIFF_MAX
test_account_access,ethrex,CALL,models.custom[0],,44,462.34450877589666,0.001,0.9968560797246642,0.9967812244800133,0.10099824111465557,0.001,0.0992260899088831,0.10243222954481435,CALL,AccountMode.EXISTING_CONTRACT_DIFF_MAX
test_account_access,ethrex,CALL,models.custom[1],,44,240.45232812964946,0.001,0.9944177492097425,0.9942848384766411,0.1327566498230054,0.001,0.12985636601380354,0.1358653468450919,CALL,AccountMode.EXISTING_CONTRACT_DIFF_MAX
test_account_access,geth,CALL,models.custom[0],,44,1293.8386767264253,0.001,0.9359558639921933,0.934431003611055,0.04132393452956927,0.001,0.03779673367158393,0.04532283799910323,CALL,AccountMode.EXISTING_CONTRACT_DIFF_MAX
test_account_access,geth,CALL,models.custom[1],,44,544.0426726030881,0.001,0.9905765577100923,0.9903521900365231,0.12968997503002855,0.001,0.1252156180276218,0.13426285016734965,CALL,AccountMode.EXISTING_CONTRACT_DIFF_MAX
test_account_access,nethermind,CALL,models.custom[0],,33,655.8090044326855,0.001,0.9166710767865948,0.9139830470055171,0.037585253433202466,0.001,0.03341958678311934,0.04211919073512263,CALL,AccountMode.EXISTING_CONTRACT_DIFF_MAX
test_account_access,nethermind,CALL,models.custom[1],,33,101.7506932741981,0.007,0.9707859128309778,0.9698435229222997,0.09310464382768008,0.001,0.08857558905880773,0.09755371920086357,CALL,AccountMode.EXISTING_CONTRACT_DIFF_MAX
test_account_access,reth,CALL,models.custom[0],,44,133.20395571510795,0.001,0.9919010597616806,0.9917082278512445,0.023985103663859256,0.001,0.02327272536422564,0.024774679676320483,CALL,AccountMode.EXISTING_CONTRACT_DIFF_MAX
test_account_access,reth,CALL,models.custom[1],,44,136.41777873844524,0.001,0.9898845113360835,0.989643666367895,0.05733517434505168,0.001,0.05537273602324712,0.059342113951459684,CALL,AccountMode.EXISTING_CONTRACT_DIFF_MAX
test_account_access,besu,CALL,models.custom[0],,33,334.2437582937747,0.001,0.8603893078361342,0.8558857371211708,0.02719639069008184,0.001,0.023709189989575174,0.030972958088954807,CALL,AccountMode.EXISTING_CONTRACT_MINIMAL
test_account_access,besu,CALL,models.custom[1],,33,300.9662720262074,0.001,0.9692624328890298,0.9682708984660953,0.10939219026529345,0.001,0.10174987117182022,0.11774086982768142,CALL,AccountMode.EXISTING_CONTRACT_MINIMAL
test_account_access,erigon,CALL,models.custom[0],,22,335.80224230237656,0.001,0.9462974607236102,0.9436123337597907,0.025034053049690908,0.001,0.02231964264651747,0.027231345105222075,CALL,AccountMode.EXISTING_CONTRACT_MINIMAL
test_account_access,erigon,CALL,models.custom[1],,22,763.8409197340311,0.001,0.996786137699866,0.9966254445848594,0.1611432111599984,0.001,0.15616827538941538,0.16669410688479272,CALL,AccountMode.EXISTING_CONTRACT_MINIMAL
test_account_access,ethrex,CALL,models.custom[0],,44,212.37013346421415,0.001,0.9829994400032832,0.9825946647652661,0.018913395710224493,0.001,0.018039409223470356,0.019806639495134587,CALL,AccountMode.EXISTING_CONTRACT_MINIMAL
test_account_access,ethrex,CALL,models.custom[1],,44,281.31007887449067,0.001,0.986096932454585,0.985765907036837,0.03610025491186109,0.001,0.03531645798702383,0.037028715994900714,CALL,AccountMode.EXISTING_CONTRACT_MINIMAL
test_account_access,geth,CALL,models.custom[0],,44,402.8738052841421,0.001,0.9955519192892771,0.9954460126056884,0.02021650284736706,0.001,0.019766590460520702,0.020652109322499716,CALL,AccountMode.EXISTING_CONTRACT_MINIMAL
test_account_access,geth,CALL,models.custom[1],,44,386.9441684419355,0.001,0.9970901609732901,0.9970208790917018,0.10258241250573392,0.001,0.10080327013433502,0.10448308756975752,CALL,AccountMode.EXISTING_CONTRACT_MINIMAL
test_account_access,nethermind,CALL,models.custom[0],,33,144.51314834713878,0.001,0.9874957017188053,0.9870923372581216,0.012302219381530307,0.001,0.011791794211848436,0.012778774484092734,CALL,AccountMode.EXISTING_CONTRACT_MINIMAL
test_account_access,nethermind,CALL,models.custom[1],,33,108.01017971316388,0.001,0.9825025576881399,0.9819381240651767,0.0722550691182597,0.001,0.06842437789259888,0.07598879070601489,CALL,AccountMode.EXISTING_CONTRACT_MINIMAL
test_account_access,reth,CALL,models.custom[0],,44,86.00655640219182,0.001,0.9812495828393222,0.9808031443354965,0.005411427127325048,0.001,0.005202730205318661,0.005644923426121443,CALL,AccountMode.EXISTING_CONTRACT_MINIMAL
test_account_access,reth,CALL,models.custom[1],,44,100.39933880027175,0.001,0.9877421071481626,0.9874502525564521,0.034844673710216774,0.001,0.03347480188281771,0.036336155535478594,CALL,AccountMode.EXISTING_CONTRACT_MINIMAL
test_account_access,besu,CALL,models.custom[0],,33,360.62873225375256,0.001,0.8644682819362293,0.8600962910309463,0.02686650070338566,0.001,0.02349011608748917,0.03044608938381144,CALL,AccountMode.EXISTING_CONTRACT_SAME_MAX
test_account_access,besu,CALL,models.custom[1],,33,259.4540756597844,0.001,0.969233795934903,0.9682413377392547,0.1121657590122229,0.001,0.10485569837878674,0.12019935666243158,CALL,AccountMode.EXISTING_CONTRACT_SAME_MAX
test_account_access,erigon,CALL,models.custom[0],,22,339.1903272452564,0.001,0.9419043356005272,0.9389995523805535,0.0250427980319229,0.001,0.022162070068848905,0.027264133626069817,CALL,AccountMode.EXISTING_CONTRACT_SAME_MAX
test_account_access,erigon,CALL,models.custom[1],,22,806.1904067973321,0.001,0.9971583492075151,0.9970162666678909,0.1588459028032725,0.001,0.15404654845056454,0.16370488844937797,CALL,AccountMode.EXISTING_CONTRACT_SAME_MAX
test_account_access,ethrex,CALL,models.custom[0],,44,222.89712663890646,0.001,0.9810189740332501,0.9805670448435656,0.018769337330497318,0.001,0.0178634964382471,0.0196171478802412,CALL,AccountMode.EXISTING_CONTRACT_SAME_MAX
test_account_access,ethrex,CALL,models.custom[1],,44,279.2004001484451,0.001,0.9939718088390208,0.9938282804780452,0.036305677011258204,0.001,0.0355906074903408,0.03698356785166831,CALL,AccountMode.EXISTING_CONTRACT_SAME_MAX
test_account_access,geth,CALL,models.custom[0],,44,406.00230337587203,0.001,0.9965146695883924,0.9964316855309732,0.02018602040324943,0.001,0.019893628821274007,0.020479822201391575,CALL,AccountMode.EXISTING_CONTRACT_SAME_MAX
test_account_access,geth,CALL,models.custom[1],,44,388.74476237275707,0.001,0.9973929216159457,0.9973308483210873,0.10218769595936568,0.001,0.10036717031275862,0.10413885289766678,CALL,AccountMode.EXISTING_CONTRACT_SAME_MAX
test_account_access,nethermind,CALL,models.custom[0],,33,120.73595311307292,0.001,0.9793754778513412,0.9787101706852553,0.012612529207345392,0.001,0.011903574052845114,0.013180274835929545,CALL,AccountMode.EXISTING_CONTRACT_SAME_MAX
test_account_access,nethermind,CALL,models.custom[1],,33,139.26640476151331,0.001,0.9735378916573407,0.9726842752591904,0.06813370881358739,0.001,0.06373815424879213,0.07249331236435629,CALL,AccountMode.EXISTING_CONTRACT_SAME_MAX
test_account_access,reth,CALL,models.custom[0],,44,98.7575023320217,0.001,0.9794830396373808,0.978994540581128,0.005266010024665356,0.001,0.005050198822250198,0.005474551117321857,CALL,AccountMode.EXISTING_CONTRACT_SAME_MAX
test_account_access,reth,CALL,models.custom[1],,44,72.07748167810787,0.001,0.9883574402619516,0.9880802364586647,0.0368535079486587,0.001,0.03553265448894702,0.03843338399650119,CALL,AccountMode.EXISTING_CONTRACT_SAME_MAX
test_account_access,besu,CALL,presets[cold_account_nocode_access],,33,277.9242579575875,0.014,0.9128895903235926,0.9100795771082246,0.032760303040374195,0.001,0.029360324441023763,0.03669760444648502,CALL,AccountMode.EXISTING_EOA
test_account_access,besu,CALL,presets[cold_account_nocode_write],,33,310.2432233291016,0.001,0.960207815248328,0.9589241963853709,0.11581172552878807,0.001,0.10765043890955577,0.12424620673992628,CALL,AccountMode.EXISTING_EOA
test_account_access,erigon,CALL,presets[cold_account_nocode_access],,22,0.0,1.0,0.9983552593134213,0.9982730222790923,0.010790361327284823,0.001,0.010699121226527407,0.010853139491912535,CALL,AccountMode.EXISTING_EOA
test_account_access,erigon,CALL,presets[cold_account_nocode_write],,22,501.057271483351,0.001,0.9974134918449122,0.9972841664371579,0.1460745915044622,0.001,0.14246880994654976,0.15136924762365453,CALL,AccountMode.EXISTING_EOA
test_account_access,ethrex,CALL,presets[cold_account_nocode_access],,44,228.0800684961646,0.001,0.9804874908198858,0.9800229072679784,0.018324490729418517,0.001,0.017454646653995275,0.019282278897899158,CALL,AccountMode.EXISTING_EOA
test_account_access,ethrex,CALL,presets[cold_account_nocode_write],,44,275.9451847631041,0.001,0.9954454503748972,0.9953370087171567,0.03623706091208676,0.001,0.03560423869163975,0.03700614476820138,CALL,AccountMode.EXISTING_EOA
test_account_access,geth,CALL,presets[cold_account_nocode_access],,44,395.84471777708706,0.001,0.9956050735403478,0.9955004324341655,0.020870918897577823,0.001,0.020434993766846613,0.021300526523180225,CALL,AccountMode.EXISTING_EOA
test_account_access,geth,CALL,presets[cold_account_nocode_write],,44,389.0160292051459,0.001,0.995749789807096,0.9956485943263126,0.10227613178023981,0.001,0.10013566670096219,0.10446077652837782,CALL,AccountMode.EXISTING_EOA
test_account_access,nethermind,CALL,presets[cold_account_nocode_access],,33,88.97966828329831,0.001,0.9853195816919808,0.9848460198110769,0.010924349772154458,0.001,0.010515869172077174,0.011410589791193351,CALL,AccountMode.EXISTING_EOA
test_account_access,nethermind,CALL,presets[cold_account_nocode_write],,33,159.4831498554132,0.001,0.9743146299906115,0.973486069667728,0.06644581626652742,0.001,0.06270341970175683,0.07050167680993782,CALL,AccountMode.EXISTING_EOA
test_account_access,reth,CALL,presets[cold_account_nocode_access],,44,96.66307184512011,0.001,0.9773153429220873,0.9767752320392799,0.004921812224664885,0.001,0.004718058736433195,0.005145669121175618,CALL,AccountMode.EXISTING_EOA
test_account_access,reth,CALL,presets[cold_account_nocode_write],,44,97.44314506485395,0.001,0.9924085095846578,0.9922277598128639,0.03484570710460502,0.001,0.03396907472251751,0.0357517482238641,CALL,AccountMode.EXISTING_EOA
test_account_access,besu,CALL,models.custom[0],,33,315.03803125533824,0.003,0.9113774023936813,0.9085186089225097,0.032726935254181425,0.001,0.02939716685329934,0.036219568440069086,CALL,AccountMode.NON_EXISTING_ACCOUNT
test_account_access,besu,CALL,models.custom[1],,33,67.04318971484176,0.001,0.8657155851783361,0.8613838298615083,0.17042120060138652,0.001,0.14852242960656095,0.19572226274049254,CALL,AccountMode.NON_EXISTING_ACCOUNT
test_account_access,besu,CALL,presets[cold_account_nocode_access],,33,315.03803125533824,0.003,0.9113774023936813,0.9085186089225097,0.032726935254181425,0.001,0.02939716685329934,0.036219568440069086,CALL,AccountMode.NON_EXISTING_ACCOUNT
test_account_access,besu,CALL,presets[cold_account_nocode_write],,33,67.04318971484176,0.001,0.8657155851783361,0.8613838298615083,0.17042120060138652,0.001,0.14852242960656095,0.19572226274049254,CALL,AccountMode.NON_EXISTING_ACCOUNT
test_account_access,erigon,CALL,models.custom[0],,22,0.0,1.0,0.9978435345509806,0.9977357112785297,0.009350306517555411,0.001,0.00928281074728939,0.009400328885733816,CALL,AccountMode.NON_EXISTING_ACCOUNT
test_account_access,erigon,CALL,models.custom[1],,22,90.88954909801711,0.001,0.9974457035954358,0.9973179887752076,0.2704112148039583,0.001,0.2624985781165127,0.2775104989125769,CALL,AccountMode.NON_EXISTING_ACCOUNT
test_account_access,erigon,CALL,presets[cold_account_nocode_access],,22,0.0,1.0,0.9978435345509806,0.9977357112785297,0.009350306517555411,0.001,0.00928281074728939,0.009400328885733816,CALL,AccountMode.NON_EXISTING_ACCOUNT
test_account_access,erigon,CALL,presets[cold_account_nocode_write],,22,90.88954909801711,0.001,0.9974457035954358,0.9973179887752076,0.2704112148039583,0.001,0.2624985781165127,0.2775104989125769,CALL,AccountMode.NON_EXISTING_ACCOUNT
test_account_access,ethrex,CALL,models.custom[0],,44,117.91404647461955,0.001,0.955931351225178,0.9548820976829203,0.0025064556995528266,0.001,0.0023443424234450977,0.002683206647347335,CALL,AccountMode.NON_EXISTING_ACCOUNT
test_account_access,ethrex,CALL,models.custom[1],,44,229.0840000777106,0.001,0.8791737058608313,0.8762968893337083,0.05118200775548357,0.001,0.04475315195436761,0.056536139503698374,CALL,AccountMode.NON_EXISTING_ACCOUNT
test_account_access,ethrex,CALL,presets[cold_account_nocode_access],,44,117.91404647461955,0.001,0.955931351225178,0.9548820976829203,0.0025064556995528266,0.001,0.0023443424234450977,0.002683206647347335,CALL,AccountMode.NON_EXISTING_ACCOUNT
test_account_access,ethrex,CALL,presets[cold_account_nocode_write],,44,229.0840000777106,0.001,0.8791737058608313,0.8762968893337083,0.05118200775548357,0.001,0.04475315195436761,0.056536139503698374,CALL,AccountMode.NON_EXISTING_ACCOUNT
test_account_access,geth,CALL,models.custom[0],,44,372.3655937476245,0.001,0.9968186674684897,0.9967429214558347,0.020764710674012983,0.001,0.02043277807622587,0.021102398857557218,CALL,AccountMode.NON_EXISTING_ACCOUNT
test_account_access,geth,CALL,models.custom[1],,44,42.67499537824987,0.001,0.9814218346020595,0.9809794973306799,0.1579143765519496,0.001,0.15132363064816717,0.16678709491357543,CALL,AccountMode.NON_EXISTING_ACCOUNT
test_account_access,geth,CALL,presets[cold_account_nocode_access],,44,372.3655937476245,0.001,0.9968186674684897,0.9967429214558347,0.020764710674012983,0.001,0.02043277807622587,0.021102398857557218,CALL,AccountMode.NON_EXISTING_ACCOUNT
test_account_access,geth,CALL,presets[cold_account_nocode_write],,44,42.67499537824987,0.001,0.9814218346020595,0.9809794973306799,0.1579143765519496,0.001,0.15132363064816717,0.16678709491357543,CALL,AccountMode.NON_EXISTING_ACCOUNT
test_account_access,nethermind,CALL,models.custom[0],,33,97.87737371662058,0.001,0.9904091980585781,0.9900998173507902,0.01061453130829221,0.001,0.010238267010497083,0.01098620983302842,CALL,AccountMode.NON_EXISTING_ACCOUNT
test_account_access,nethermind,CALL,models.custom[1],,33,30.893424368524258,0.001,0.9343240704857009,0.9322054921142718,0.09417568900870202,0.001,0.08787768872830153,0.100794208569693,CALL,AccountMode.NON_EXISTING_ACCOUNT
test_account_access,nethermind,CALL,presets[cold_account_nocode_access],,33,97.87737371662058,0.001,0.9904091980585781,0.9900998173507902,0.01061453130829221,0.001,0.010238267010497083,0.01098620983302842,CALL,AccountMode.NON_EXISTING_ACCOUNT
test_account_access,nethermind,CALL,presets[cold_account_nocode_write],,33,30.893424368524258,0.001,0.9343240704857009,0.9322054921142718,0.09417568900870202,0.001,0.08787768872830153,0.100794208569693,CALL,AccountMode.NON_EXISTING_ACCOUNT
test_account_access,reth,CALL,models.custom[0],,44,96.03267752732093,0.001,0.9818108022802455,0.9813777261440609,0.004687450925523339,0.001,0.00447290522411846,0.004919231229301347,CALL,AccountMode.NON_EXISTING_ACCOUNT
test_account_access,reth,CALL,models.custom[1],,44,24.95041075064475,0.001,0.7583349104503149,0.7525809797467509,0.048118802846293836,0.001,0.03984368956693229,0.055723760559661106,CALL,AccountMode.NON_EXISTING_ACCOUNT
test_account_access,reth,CALL,presets[cold_account_nocode_access],,44,96.03267752732093,0.001,0.9818108022802455,0.9813777261440609,0.004687450925523339,0.001,0.00447290522411846,0.004919231229301347,CALL,AccountMode.NON_EXISTING_ACCOUNT
test_account_access,reth,CALL,presets[cold_account_nocode_write],,44,24.95041075064475,0.001,0.7583349104503149,0.7525809797467509,0.048118802846293836,0.001,0.03984368956693229,0.055723760559661106,CALL,AccountMode.NON_EXISTING_ACCOUNT
test_account_access,besu,CALLCODE,models.custom[0],,33,786.9717281356008,0.001,0.8958173828856522,0.8924566533013184,0.04577263157313484,0.001,0.04066298164140062,0.05092842826348978,CALLCODE,AccountMode.EXISTING_CONTRACT_DIFF_MAX
test_account_access,besu,CALLCODE,models.custom[1],,33,168.00659972980705,0.003,0.8645080909313413,0.860137384187191,0.05563363552440947,0.001,0.047576808445459425,0.0642825418394717,CALLCODE,AccountMode.EXISTING_CONTRACT_DIFF_MAX
test_account_access,erigon,CALLCODE,models.custom[0],,22,847.9879008876404,0.078,0.917610902271804,0.9134914473853941,0.14408465921051572,0.001,0.12434802848337524,0.15740010994249468,CALLCODE,AccountMode.EXISTING_CONTRACT_DIFF_MAX
test_account_access,erigon,CALLCODE,models.custom[1],,22,485.25317379387576,0.001,0.9198992385267885,0.9158942004531279,0.14464643587072032,0.001,0.12392863122210387,0.15927047970483485,CALLCODE,AccountMode.EXISTING_CONTRACT_DIFF_MAX
test_account_access,ethrex,CALLCODE,models.custom[0],,44,430.49360842180516,0.001,0.9978744214599605,0.9978238124471024,0.10136193260634861,0.001,0.09981794384537629,0.10276732005720576,CALLCODE,AccountMode.EXISTING_CONTRACT_DIFF_MAX
test_account_access,ethrex,CALLCODE,models.custom[1],,44,162.0026182172419,0.001,0.989590636644712,0.9893427946600624,0.11081446047241704,0.001,0.10746748081391787,0.11453704483179163,CALLCODE,AccountMode.EXISTING_CONTRACT_DIFF_MAX
test_account_access,geth,CALLCODE,models.custom[0],,44,1282.0701298074946,0.001,0.9364772958006925,0.9349648504626138,0.041458875689926504,0.001,0.03738256624226989,0.04528412149572316,CALLCODE,AccountMode.EXISTING_CONTRACT_DIFF_MAX
test_account_access,geth,CALLCODE,models.custom[1],,44,386.67811308356494,0.001,0.9510733311471522,0.9499084104601796,0.06107756833696236,0.001,0.056449951280020484,0.06581126150691809,CALLCODE,AccountMode.EXISTING_CONTRACT_DIFF_MAX
test_account_access,nethermind,CALLCODE,models.custom[0],,33,651.8863269710042,0.001,0.9149218945822906,0.912177439568816,0.03783345714615428,0.001,0.03327628405841374,0.04261124426486358,CALLCODE,AccountMode.EXISTING_CONTRACT_DIFF_MAX
test_account_access,nethermind,CALLCODE,models.custom[1],,33,131.72941386434064,0.001,0.9271613937856749,0.9248117613271483,0.04436333308590035,0.001,0.03990954571643529,0.04894259295511158,CALLCODE,AccountMode.EXISTING_CONTRACT_DIFF_MAX
test_account_access,reth,CALLCODE,models.custom[0],,44,145.7520889994244,0.001,0.9903515688536378,0.990121844302534,0.023049740281884383,0.001,0.02238495956119121,0.023723567255377626,CALLCODE,AccountMode.EXISTING_CONTRACT_DIFF_MAX
test_account_access,reth,CALLCODE,models.custom[1],,44,74.41518170253953,0.001,0.9919819968413176,0.9917910920042061,0.024572148868269066,0.001,0.023773090625741993,0.02530212221244875,CALLCODE,AccountMode.EXISTING_CONTRACT_DIFF_MAX
test_account_access,besu,CALLCODE,models.custom[0],,33,338.5112654078298,0.007,0.8450931029464837,0.840096106267338,0.026889798325355336,0.001,0.022876866474081804,0.031376979291725345,CALLCODE,AccountMode.EXISTING_CONTRACT_MINIMAL
test_account_access,besu,CALLCODE,models.custom[1],,33,40.42567903431763,0.15,0.7975010715842564,0.7909688480869743,0.03312627321529579,0.001,0.02736796535692889,0.037196908713967504,CALLCODE,AccountMode.EXISTING_CONTRACT_MINIMAL
test_account_access,erigon,CALLCODE,models.custom[0],,22,336.5931270571011,0.001,0.9465351628381062,0.9438619209800115,0.024439036054273472,0.001,0.02156638839698011,0.026630665182727536,CALLCODE,AccountMode.EXISTING_CONTRACT_MINIMAL
test_account_access,erigon,CALLCODE,models.custom[1],,22,289.5042248255921,0.001,0.9363442911761115,0.9331615057349171,0.02468897799744972,0.001,0.021554429664736887,0.027029863267723456,CALLCODE,AccountMode.EXISTING_CONTRACT_MINIMAL
test_account_access,ethrex,CALLCODE,models.custom[0],,44,216.55223038561104,0.001,0.9817801717423975,0.9813463663076927,0.01885275627733733,0.001,0.017958515308210667,0.01970195087482152,CALLCODE,AccountMode.EXISTING_CONTRACT_MINIMAL
test_account_access,ethrex,CALLCODE,models.custom[1],,44,141.45904760646647,0.001,0.978680108425826,0.9781724919597742,0.018753863811625714,0.001,0.01770110944715232,0.01975128026833081,CALLCODE,AccountMode.EXISTING_CONTRACT_MINIMAL
test_account_access,geth,CALLCODE,models.custom[0],,44,400.4275386465673,0.001,0.997268757575038,0.9972037279934912,0.020201612876888726,0.001,0.019856664947635126,0.020524331975340235,CALLCODE,AccountMode.EXISTING_CONTRACT_MINIMAL
test_account_access,geth,CALLCODE,models.custom[1],,44,83.35737470682342,0.001,0.9902866037896264,0.9900553324512842,0.030571916488864242,0.001,0.029664467860569973,0.03150870490630411,CALLCODE,AccountMode.EXISTING_CONTRACT_MINIMAL
test_account_access,nethermind,CALLCODE,models.custom[0],,33,114.79046905222515,0.001,0.97714203974393,0.9764046861872826,0.012641976691324098,0.001,0.01193008091698226,0.013354616768431114,CALLCODE,AccountMode.EXISTING_CONTRACT_MINIMAL
test_account_access,nethermind,CALLCODE,models.custom[1],,33,49.92860527011829,0.001,0.9733103336454771,0.9724493766662989,0.01551074911243748,0.001,0.014531072725985729,0.016525386352062223,CALLCODE,AccountMode.EXISTING_CONTRACT_MINIMAL
test_account_access,reth,CALLCODE,models.custom[0],,44,97.6682445497415,0.001,0.9774385080234079,0.9769013296430129,0.004829430805748187,0.001,0.004624660179863073,0.00502513521856249,CALLCODE,AccountMode.EXISTING_CONTRACT_MINIMAL
test_account_access,reth,CALLCODE,models.custom[1],,44,32.33258194015493,0.001,0.9561162091503776,0.9550713569872914,0.006857638202503763,0.001,0.006363817216715535,0.007309244272821445,CALLCODE,AccountMode.EXISTING_CONTRACT_MINIMAL
test_account_access,besu,CALLCODE,models.custom[0],,33,324.1078290302563,0.003,0.8458144934839814,0.8408407674673357,0.027269953128355322,0.001,0.023470391743439345,0.031190174385481863,CALLCODE,AccountMode.EXISTING_CONTRACT_SAME_MAX
test_account_access,besu,CALLCODE,models.custom[1],,33,25.454390698370663,0.323,0.7154659769316651,0.706287460058493,0.03511285614769385,0.001,0.026609176541660447,0.03940600444248271,CALLCODE,AccountMode.EXISTING_CONTRACT_SAME_MAX
test_account_access,erigon,CALLCODE,models.custom[0],,22,344.8564737055669,0.001,0.9431890350279626,0.9403484867793607,0.024244077409076543,0.001,0.021748186382872355,0.026433145249804457,CALLCODE,AccountMode.EXISTING_CONTRACT_SAME_MAX
test_account_access,erigon,CALLCODE,models.custom[1],,22,295.3380777370791,0.001,0.9418120804337058,0.938902684455391,0.024123365699473032,0.001,0.021144215645512755,0.026231785002345246,CALLCODE,AccountMode.EXISTING_CONTRACT_SAME_MAX
test_account_access,ethrex,CALLCODE,models.custom[0],,44,221.67557455814847,0.001,0.9798971912426354,0.9794185529388887,0.01879858747678579,0.001,0.01787412017750647,0.01972745113614867,CALLCODE,AccountMode.EXISTING_CONTRACT_SAME_MAX
test_account_access,ethrex,CALLCODE,models.custom[1],,44,141.23190246286748,0.001,0.9758583876494352,0.9752835873553741,0.01907494168361792,0.001,0.01800279883260793,0.020100179335219046,CALLCODE,AccountMode.EXISTING_CONTRACT_SAME_MAX
test_account_access,geth,CALLCODE,models.custom[0],,44,425.22629254063486,0.001,0.9927971882462424,0.9926256927282958,0.019793393183525423,0.001,0.019122337131738595,0.020306452396294136,CALLCODE,AccountMode.EXISTING_CONTRACT_SAME_MAX
test_account_access,geth,CALLCODE,models.custom[1],,44,85.24685423408154,0.001,0.988158940581331,0.9878770105951722,0.030654721253940476,0.001,0.02933372824851938,0.03206279251535546,CALLCODE,AccountMode.EXISTING_CONTRACT_SAME_MAX
test_account_access,nethermind,CALLCODE,models.custom[0],,33,115.04654961037932,0.001,0.9921906484486879,0.9919387338825165,0.012651815900594783,0.001,0.01225236970509824,0.01310997895962391,CALLCODE,AccountMode.EXISTING_CONTRACT_SAME_MAX
test_account_access,nethermind,CALLCODE,models.custom[1],,33,54.81886005877565,0.001,0.9439961338110886,0.9421895574824141,0.015324965233785348,0.001,0.013874692457113268,0.016635679695818566,CALLCODE,AccountMode.EXISTING_CONTRACT_SAME_MAX
test_account_access,reth,CALLCODE,models.custom[0],,44,80.70127228159174,0.001,0.9787278727749602,0.9782213935553165,0.005095225096011788,0.001,0.0048547385717210454,0.0053336202368406225,CALLCODE,AccountMode.EXISTING_CONTRACT_SAME_MAX
test_account_access,reth,CALLCODE,models.custom[1],,44,39.1278749390901,0.001,0.9256929244447345,0.9239237083600853,0.006447966668112349,0.001,0.005870159395291176,0.007091819306800296,CALLCODE,AccountMode.EXISTING_CONTRACT_SAME_MAX
test_account_access,besu,CALLCODE,presets[cold_account_nocode_access],,33,279.96245597076233,0.021,0.8962334799571827,0.8928861728590274,0.03202967952122916,0.001,0.02835293723842716,0.03616841794582164,CALLCODE,AccountMode.EXISTING_EOA
test_account_access,besu,CALLCODE,presets[cold_account_nocode_write],,33,36.26207794845662,0.229,0.7832966981759554,0.7763062690848572,0.03662922936437601,0.001,0.029941502356661095,0.041142157732661194,CALLCODE,AccountMode.EXISTING_EOA
test_account_access,erigon,CALLCODE,presets[cold_account_nocode_access],,22,0.0,1.0,0.9983283278252718,0.9982447442165354,0.009808075934109503,0.001,0.009727929786138019,0.009849252094566354,CALLCODE,AccountMode.EXISTING_EOA
test_account_access,erigon,CALLCODE,presets[cold_account_nocode_write],,22,5.466852786066823,0.001,0.9958598287636466,0.995652820201829,0.00906646956392736,0.001,0.008789428240676684,0.009346709373927172,CALLCODE,AccountMode.EXISTING_EOA
test_account_access,ethrex,CALLCODE,presets[cold_account_nocode_access],,44,228.9756892846093,0.001,0.9807810738361261,0.9803234803560339,0.018332224777150852,0.001,0.017423753612218266,0.01918099383451926,CALLCODE,AccountMode.EXISTING_EOA
test_account_access,ethrex,CALLCODE,presets[cold_account_nocode_write],,44,140.06663599437638,0.001,0.9751786967943911,0.9745877133847337,0.018822649554545705,0.001,0.01772309770979527,0.019903693025611516,CALLCODE,AccountMode.EXISTING_EOA
test_account_access,geth,CALLCODE,presets[cold_account_nocode_access],,44,390.92796307407843,0.001,0.9956838658131619,0.9955811007134753,0.02091299103586337,0.001,0.020459894684626768,0.021376376424742726,CALLCODE,AccountMode.EXISTING_EOA
test_account_access,geth,CALLCODE,presets[cold_account_nocode_write],,44,80.86235625175902,0.001,0.9870919015012735,0.9867845658227323,0.03170052194145253,0.001,0.030626073633128487,0.03273279111396385,CALLCODE,AccountMode.EXISTING_EOA
test_account_access,nethermind,CALLCODE,presets[cold_account_nocode_access],,33,80.04201660115585,0.001,0.9856252088068483,0.9851615058651337,0.010738631343949753,0.001,0.010367833738342153,0.011201933946613826,CALLCODE,AccountMode.EXISTING_EOA
test_account_access,nethermind,CALLCODE,presets[cold_account_nocode_write],,33,36.506634085642204,0.001,0.9642935531673498,0.9631417323017804,0.01385452754955124,0.001,0.0127621458587688,0.014997773525830808,CALLCODE,AccountMode.EXISTING_EOA
test_account_access,reth,CALLCODE,presets[cold_account_nocode_access],,44,86.14264702864757,0.001,0.9792650879910663,0.9787713996099012,0.004760247048759589,0.001,0.00452960908100821,0.005021319061486752,CALLCODE,AccountMode.EXISTING_EOA
test_account_access,reth,CALLCODE,presets[cold_account_nocode_write],,44,35.350143506160485,0.001,0.9486144584791847,0.9473909932048795,0.006419949695266189,0.001,0.005984497091891287,0.006894922762637765,CALLCODE,AccountMode.EXISTING_EOA
test_account_access,besu,CALLCODE,models.custom[0],,33,217.57021216104374,0.023,0.9151928157588075,0.9124571001381239,0.03241182302236394,0.001,0.029073625140213322,0.035782076490109276,CALLCODE,AccountMode.NON_EXISTING_ACCOUNT
test_account_access,besu,CALLCODE,models.custom[1],,33,18.218326998045473,0.342,0.8154338493242252,0.8094801025282325,0.03696171505795192,0.001,0.03038338270729128,0.040246956772096824,CALLCODE,AccountMode.NON_EXISTING_ACCOUNT
test_account_access,besu,CALLCODE,presets[cold_account_nocode_access],,33,217.57021216104374,0.023,0.9151928157588075,0.9124571001381239,0.03241182302236394,0.001,0.029073625140213322,0.035782076490109276,CALLCODE,AccountMode.NON_EXISTING_ACCOUNT
test_account_access,besu,CALLCODE,presets[cold_account_nocode_write],,33,18.218326998045473,0.342,0.8154338493242252,0.8094801025282325,0.03696171505795192,0.001,0.03038338270729128,0.040246956772096824,CALLCODE,AccountMode.NON_EXISTING_ACCOUNT
test_account_access,erigon,CALLCODE,models.custom[0],,22,0.0,1.0,0.996430081712411,0.9962515857980315,0.008527373907627544,0.001,0.008449906384335064,0.008597014176269202,CALLCODE,AccountMode.NON_EXISTING_ACCOUNT
test_account_access,erigon,CALLCODE,models.custom[1],,22,4.576220782917416,0.18,0.9690601574258555,0.9675131652971483,0.008126177147826586,0.001,0.007593320049561741,0.00867553982118542,CALLCODE,AccountMode.NON_EXISTING_ACCOUNT
test_account_access,erigon,CALLCODE,presets[cold_account_nocode_access],,22,0.0,1.0,0.996430081712411,0.9962515857980315,0.008527373907627544,0.001,0.008449906384335064,0.008597014176269202,CALLCODE,AccountMode.NON_EXISTING_ACCOUNT
test_account_access,erigon,CALLCODE,presets[cold_account_nocode_write],,22,4.576220782917416,0.18,0.9690601574258555,0.9675131652971483,0.008126177147826586,0.001,0.007593320049561741,0.00867553982118542,CALLCODE,AccountMode.NON_EXISTING_ACCOUNT
test_account_access,ethrex,CALLCODE,models.custom[0],,44,123.8498434068556,0.001,0.96045870303488,0.9595172435833296,0.002417677838975593,0.001,0.0022600218903745563,0.0025671255649727886,CALLCODE,AccountMode.NON_EXISTING_ACCOUNT
test_account_access,ethrex,CALLCODE,models.custom[1],,44,120.83971886389779,0.001,0.7948563762002196,0.7899720042049868,0.0028228425456307033,0.001,0.0024421136574048668,0.003187715997613124,CALLCODE,AccountMode.NON_EXISTING_ACCOUNT
test_account_access,ethrex,CALLCODE,presets[cold_account_nocode_access],,44,123.8498434068556,0.001,0.96045870303488,0.9595172435833296,0.002417677838975593,0.001,0.0022600218903745563,0.0025671255649727886,CALLCODE,AccountMode.NON_EXISTING_ACCOUNT
test_account_access,ethrex,CALLCODE,presets[cold_account_nocode_write],,44,120.83971886389779,0.001,0.7948563762002196,0.7899720042049868,0.0028228425456307033,0.001,0.0024421136574048668,0.003187715997613124,CALLCODE,AccountMode.NON_EXISTING_ACCOUNT
test_account_access,geth,CALLCODE,models.custom[0],,44,395.35728618057726,0.001,0.9962387884746112,0.9961492358192449,0.021130661968833248,0.001,0.020691154513606796,0.021537589918510337,CALLCODE,AccountMode.NON_EXISTING_ACCOUNT
test_account_access,geth,CALLCODE,models.custom[1],,44,93.51069587797896,0.001,0.9931208110382987,0.9929570208249249,0.03091525900390889,0.001,0.03022597089787682,0.03168221693942114,CALLCODE,AccountMode.NON_EXISTING_ACCOUNT
test_account_access,geth,CALLCODE,presets[cold_account_nocode_access],,44,395.35728618057726,0.001,0.9962387884746112,0.9961492358192449,0.021130661968833248,0.001,0.020691154513606796,0.021537589918510337,CALLCODE,AccountMode.NON_EXISTING_ACCOUNT
test_account_access,geth,CALLCODE,presets[cold_account_nocode_write],,44,93.51069587797896,0.001,0.9931208110382987,0.9929570208249249,0.03091525900390889,0.001,0.03022597089787682,0.03168221693942114,CALLCODE,AccountMode.NON_EXISTING_ACCOUNT
test_account_access,nethermind,CALLCODE,models.custom[0],,33,91.40379873786526,0.001,0.9815066940138837,0.9809101357562671,0.010528126521727372,0.001,0.010136215604475737,0.010961697637183439,CALLCODE,AccountMode.NON_EXISTING_ACCOUNT
test_account_access,nethermind,CALLCODE,models.custom[1],,33,39.67797450271209,0.001,0.9761714982464152,0.9754028368995254,0.013224056815602556,0.001,0.012491173625775509,0.013935822271070389,CALLCODE,AccountMode.NON_EXISTING_ACCOUNT
test_account_access,nethermind,CALLCODE,presets[cold_account_nocode_access],,33,91.40379873786526,0.001,0.9815066940138837,0.9809101357562671,0.010528126521727372,0.001,0.010136215604475737,0.010961697637183439,CALLCODE,AccountMode.NON_EXISTING_ACCOUNT
test_account_access,nethermind,CALLCODE,presets[cold_account_nocode_write],,33,39.67797450271209,0.001,0.9761714982464152,0.9754028368995254,0.013224056815602556,0.001,0.012491173625775509,0.013935822271070389,CALLCODE,AccountMode.NON_EXISTING_ACCOUNT
test_account_access,reth,CALLCODE,models.custom[0],,44,122.41276451813356,0.001,0.9715780364498764,0.9709013230320163,0.004182525135938405,0.001,0.003956622980309331,0.004409665276483015,CALLCODE,AccountMode.NON_EXISTING_ACCOUNT
test_account_access,reth,CALLCODE,models.custom[1],,44,35.262062345631755,0.001,0.9719985396160217,0.9713318381783079,0.006774950218795195,0.001,0.0063832282621918675,0.007176171469641383,CALLCODE,AccountMode.NON_EXISTING_ACCOUNT
test_account_access,reth,CALLCODE,presets[cold_account_nocode_access],,44,122.41276451813356,0.001,0.9715780364498764,0.9709013230320163,0.004182525135938405,0.001,0.003956622980309331,0.004409665276483015,CALLCODE,AccountMode.NON_EXISTING_ACCOUNT
test_account_access,reth,CALLCODE,presets[cold_account_nocode_write],,44,35.262062345631755,0.001,0.9719985396160217,0.9713318381783079,0.006774950218795195,0.001,0.0063832282621918675,0.007176171469641383,CALLCODE,AccountMode.NON_EXISTING_ACCOUNT
test_account_access,besu,DELEGATECALL,models.custom[0],,33,772.2613465677397,0.001,0.8919293819151903,0.8884432329447126,0.04584229452716903,0.001,0.04001762739333661,0.05171006593827774,DELEGATECALL,AccountMode.EXISTING_CONTRACT_DIFF_MAX
test_account_access,erigon,DELEGATECALL,models.custom[0],,22,884.7204005409111,0.06,0.9191764473989321,0.9151352697688787,0.14354538514583068,0.001,0.12583211699882163,0.15613437175607753,DELEGATECALL,AccountMode.EXISTING_CONTRACT_DIFF_MAX
test_account_access,ethrex,DELEGATECALL,models.custom[0],,44,432.6141637129393,0.001,0.9972962588493355,0.9972318840600339,0.10127404115037855,0.001,0.09967010024302618,0.10285081602467387,DELEGATECALL,AccountMode.EXISTING_CONTRACT_DIFF_MAX
test_account_access,geth,DELEGATECALL,models.custom[0],,44,1288.6879429227185,0.001,0.9395255625304596,0.938085694971661,0.04121522781657994,0.001,0.037493591702844394,0.044832752549933304,DELEGATECALL,AccountMode.EXISTING_CONTRACT_DIFF_MAX
test_account_access,nethermind,DELEGATECALL,models.custom[0],,33,692.6053494792358,0.001,0.94335554174971,0.941528301160991,0.036892024814919884,0.001,0.03339513978157294,0.04052951510477345,DELEGATECALL,AccountMode.EXISTING_CONTRACT_DIFF_MAX
test_account_access,reth,DELEGATECALL,models.custom[0],,44,154.6264540441482,0.001,0.9920038530336768,0.9918134685820976,0.02290434509363534,0.001,0.022271585185481644,0.023453983258315866,DELEGATECALL,AccountMode.EXISTING_CONTRACT_DIFF_MAX
test_account_access,besu,DELEGATECALL,models.custom[0],,33,288.042185784794,0.014,0.8376669191871716,0.8324303681932095,0.0276494956148745,0.001,0.023466106660710983,0.03216595385696663,DELEGATECALL,AccountMode.EXISTING_CONTRACT_MINIMAL
test_account_access,erigon,DELEGATECALL,models.custom[0],,22,339.84435794364896,0.001,0.9404308126092101,0.9374523532396707,0.024326257357049005,0.001,0.02133844086057952,0.026428638619727978,DELEGATECALL,AccountMode.EXISTING_CONTRACT_MINIMAL
test_account_access,ethrex,DELEGATECALL,models.custom[0],,44,219.00760515696783,0.001,0.9821351027827737,0.9817097480871255,0.01877045797168378,0.001,0.017887987101559654,0.019643323702733546,DELEGATECALL,AccountMode.EXISTING_CONTRACT_MINIMAL
test_account_access,geth,DELEGATECALL,models.custom[0],,44,387.06834856833086,0.001,0.9965500673236368,0.9964679260694377,0.02028211739507239,0.001,0.019890704555472837,0.020712057887293113,DELEGATECALL,AccountMode.EXISTING_CONTRACT_MINIMAL
test_account_access,nethermind,DELEGATECALL,models.custom[0],,33,123.7604240928992,0.001,0.9869018559108408,0.9864793351337712,0.01242268922863004,0.001,0.011987046144627126,0.012932963123162975,DELEGATECALL,AccountMode.EXISTING_CONTRACT_MINIMAL
test_account_access,reth,DELEGATECALL,models.custom[0],,44,89.0719767079139,0.001,0.9812376477381014,0.980790925065199,0.004933673070369144,0.001,0.004719580348497452,0.005134685189841425,DELEGATECALL,AccountMode.EXISTING_CONTRACT_MINIMAL
test_account_access,besu,DELEGATECALL,models.custom[0],,33,317.675090204674,0.006,0.8112725715163178,0.8051845899523281,0.027486725701263568,0.001,0.023366054034963325,0.032172749889684604,DELEGATECALL,AccountMode.EXISTING_CONTRACT_SAME_MAX
test_account_access,erigon,DELEGATECALL,models.custom[0],,22,351.03499423120485,0.001,0.9408666141908395,0.9379099449003815,0.024171264099705467,0.001,0.021102663050898952,0.026273824477784775,DELEGATECALL,AccountMode.EXISTING_CONTRACT_SAME_MAX
test_account_access,ethrex,DELEGATECALL,models.custom[0],,44,215.5021004806472,0.001,0.9811011863473998,0.9806512145937665,0.01888881837271947,0.001,0.017996271420177446,0.019779518119550917,DELEGATECALL,AccountMode.EXISTING_CONTRACT_SAME_MAX
test_account_access,geth,DELEGATECALL,models.custom[0],,44,407.473002025087,0.001,0.9949438952849,0.9948235118393024,0.019919715330268054,0.001,0.01947555977483357,0.020411000056904424,DELEGATECALL,AccountMode.EXISTING_CONTRACT_SAME_MAX
test_account_access,nethermind,DELEGATECALL,models.custom[0],,33,157.11298099891485,0.001,0.985312633615816,0.984838847603423,0.011959692627820989,0.001,0.011442097004888161,0.012470029652910561,DELEGATECALL,AccountMode.EXISTING_CONTRACT_SAME_MAX
test_account_access,reth,DELEGATECALL,models.custom[0],,44,89.04825650854302,0.001,0.9757445056974523,0.975166993928344,0.004985311463202504,0.001,0.00474554181918191,0.005201864396603319,DELEGATECALL,AccountMode.EXISTING_CONTRACT_SAME_MAX
test_account_access,besu,DELEGATECALL,presets[cold_account_nocode_access],,33,208.6097851197471,0.044,0.9026243653779102,0.8994832158739718,0.032887843108948704,0.001,0.029146464541029492,0.03640721206634252,DELEGATECALL,AccountMode.EXISTING_EOA
test_account_access,erigon,DELEGATECALL,presets[cold_account_nocode_access],,22,0.0,1.0,0.9990217969317214,0.9989728867783075,0.009768498079417227,0.001,0.009718256183074947,0.009802535599745314,DELEGATECALL,AccountMode.EXISTING_EOA
test_account_access,ethrex,DELEGATECALL,presets[cold_account_nocode_access],,44,228.24705438304093,0.001,0.9809185385815596,0.9804642180715968,0.018327773689727277,0.001,0.017426706342554773,0.019221402719590875,DELEGATECALL,AccountMode.EXISTING_EOA
test_account_access,geth,DELEGATECALL,presets[cold_account_nocode_access],,44,390.58359472296365,0.001,0.9953505996623421,0.9952398996543026,0.020908268034108494,0.001,0.020457892069696216,0.02137003428274298,DELEGATECALL,AccountMode.EXISTING_EOA
test_account_access,nethermind,DELEGATECALL,presets[cold_account_nocode_access],,33,108.44335844966928,0.001,0.9761176282406644,0.9753472291516536,0.01063738759579247,0.001,0.010175125265894862,0.011126774812216992,DELEGATECALL,AccountMode.EXISTING_EOA
test_account_access,reth,DELEGATECALL,presets[cold_account_nocode_access],,44,94.18651430301979,0.001,0.9798501152919559,0.9793703561322405,0.004615650940099978,0.001,0.004407496238546073,0.004807407742840389,DELEGATECALL,AccountMode.EXISTING_EOA
test_account_access,besu,DELEGATECALL,models.custom[0],,33,228.66040685242493,0.029,0.8916813819521004,0.8881872329828133,0.03225175331429823,0.001,0.02818989362317421,0.0359448718754069,DELEGATECALL,AccountMode.NON_EXISTING_ACCOUNT
test_account_access,besu,DELEGATECALL,presets[cold_account_nocode_access],,33,228.66040685242493,0.029,0.8916813819521004,0.8881872329828133,0.03225175331429823,0.001,0.02818989362317421,0.0359448718754069,DELEGATECALL,AccountMode.NON_EXISTING_ACCOUNT
test_account_access,erigon,DELEGATECALL,models.custom[0],,22,0.0,1.0,0.998281838167924,0.9981959300763202,0.00850801782310667,0.001,0.008458594618187876,0.008550651985265958,DELEGATECALL,AccountMode.NON_EXISTING_ACCOUNT
test_account_access,erigon,DELEGATECALL,presets[cold_account_nocode_access],,22,0.0,1.0,0.998281838167924,0.9981959300763202,0.00850801782310667,0.001,0.008458594618187876,0.008550651985265958,DELEGATECALL,AccountMode.NON_EXISTING_ACCOUNT
test_account_access,ethrex,DELEGATECALL,models.custom[0],,44,116.58512520417842,0.001,0.9586827143626055,0.9576989694664771,0.002502414358148011,0.001,0.0023233515317147616,0.0026774488799178224,DELEGATECALL,AccountMode.NON_EXISTING_ACCOUNT
test_account_access,ethrex,DELEGATECALL,presets[cold_account_nocode_access],,44,116.58512520417842,0.001,0.9586827143626055,0.9576989694664771,0.002502414358148011,0.001,0.0023233515317147616,0.0026774488799178224,DELEGATECALL,AccountMode.NON_EXISTING_ACCOUNT
test_account_access,geth,DELEGATECALL,models.custom[0],,44,370.96802572734384,0.001,0.9959002738674892,0.9958026613405248,0.021362102170993102,0.001,0.02094102935962573,0.021825761556558174,DELEGATECALL,AccountMode.NON_EXISTING_ACCOUNT
test_account_access,geth,DELEGATECALL,presets[cold_account_nocode_access],,44,370.96802572734384,0.001,0.9959002738674892,0.9958026613405248,0.021362102170993102,0.001,0.02094102935962573,0.021825761556558174,DELEGATECALL,AccountMode.NON_EXISTING_ACCOUNT
test_account_access,nethermind,DELEGATECALL,models.custom[0],,33,87.57475029103804,0.001,0.9800688010467747,0.9794258591450578,0.01071483566616818,0.001,0.010191577191768227,0.01131643280744427,DELEGATECALL,AccountMode.NON_EXISTING_ACCOUNT
test_account_access,nethermind,DELEGATECALL,presets[cold_account_nocode_access],,33,87.57475029103804,0.001,0.9800688010467747,0.9794258591450578,0.01071483566616818,0.001,0.010191577191768227,0.01131643280744427,DELEGATECALL,AccountMode.NON_EXISTING_ACCOUNT
test_account_access,reth,DELEGATECALL,models.custom[0],,44,105.02045440252036,0.001,0.9766188031479498,0.9760621079848057,0.004479059986884211,0.001,0.004249364511608476,0.004727083028259796,DELEGATECALL,AccountMode.NON_EXISTING_ACCOUNT
test_account_access,reth,DELEGATECALL,presets[cold_account_nocode_access],,44,105.02045440252036,0.001,0.9766188031479498,0.9760621079848057,0.004479059986884211,0.001,0.004249364511608476,0.004727083028259796,DELEGATECALL,AccountMode.NON_EXISTING_ACCOUNT
test_account_access,besu,EXTCODECOPY,models.custom[0],,33,670.0759686014216,0.001,0.8885512992172585,0.8849561798371701,0.044842936524177854,0.001,0.03929945380210317,0.05012327490902605,EXTCODECOPY,AccountMode.EXISTING_CONTRACT_DIFF_MAX
test_account_access,erigon,EXTCODECOPY,models.custom[0],,22,840.1617922125305,0.046,0.9194695750082071,0.9154430537586175,0.14345077887179059,0.001,0.12386827051354349,0.15608576868897175,EXTCODECOPY,AccountMode.EXISTING_CONTRACT_DIFF_MAX
test_account_access,ethrex,EXTCODECOPY,models.custom[0],,44,395.0591345987062,0.001,0.9975227803131592,0.997463798892044,0.10133016392077598,0.001,0.09970982419908914,0.10291341053006188,EXTCODECOPY,AccountMode.EXISTING_CONTRACT_DIFF_MAX
test_account_access,geth,EXTCODECOPY,models.custom[0],,44,1218.579723795888,0.001,0.9346129172421163,0.9330560819383571,0.041734096701086944,0.001,0.03812006023086503,0.04551448201038499,EXTCODECOPY,AccountMode.EXISTING_CONTRACT_DIFF_MAX
test_account_access,nethermind,EXTCODECOPY,models.custom[0],,33,575.0153955774631,0.001,0.9302682479277549,0.9280188365705857,0.036144126120207766,0.001,0.03279197189136982,0.03964638496971779,EXTCODECOPY,AccountMode.EXISTING_CONTRACT_DIFF_MAX
test_account_access,reth,EXTCODECOPY,models.custom[0],,44,145.41457858300342,0.001,0.9888814892548242,0.9886167628085105,0.022872360907452517,0.001,0.022053325664957355,0.02360661598539108,EXTCODECOPY,AccountMode.EXISTING_CONTRACT_DIFF_MAX
test_account_access,besu,EXTCODECOPY,models.custom[0],,33,305.21454202935746,0.003,0.8172636728898864,0.8113689526605279,0.025411065985665195,0.001,0.02169367146210306,0.029636071341991678,EXTCODECOPY,AccountMode.EXISTING_CONTRACT_MINIMAL
test_account_access,erigon,EXTCODECOPY,models.custom[0],,22,338.7046003199522,0.001,0.9388800337053788,0.9358240353906477,0.02415767612615718,0.001,0.02127935560789395,0.026224400720343488,EXTCODECOPY,AccountMode.EXISTING_CONTRACT_MINIMAL
test_account_access,ethrex,EXTCODECOPY,models.custom[0],,44,211.5759556242766,0.001,0.981555432701173,0.9811162763369152,0.018675188661581316,0.001,0.017851426228524366,0.019563821405749558,EXTCODECOPY,AccountMode.EXISTING_CONTRACT_MINIMAL
test_account_access,geth,EXTCODECOPY,models.custom[0],,44,391.79687848858714,0.001,0.9945592800273837,0.9944297390756547,0.02016664263792788,0.001,0.019646778050553197,0.02064043489826716,EXTCODECOPY,AccountMode.EXISTING_CONTRACT_MINIMAL
test_account_access,nethermind,EXTCODECOPY,models.custom[0],,33,132.39142450305698,0.001,0.9809104523010695,0.9802946604398137,0.01126386051320789,0.001,0.010648238085401114,0.011884532343498224,EXTCODECOPY,AccountMode.EXISTING_CONTRACT_MINIMAL
test_account_access,reth,EXTCODECOPY,models.custom[0],,44,83.3231951715718,0.001,0.983001893747345,0.9825971769318056,0.004984123130473447,0.001,0.004761780880365877,0.005210050930340196,EXTCODECOPY,AccountMode.EXISTING_CONTRACT_MINIMAL
test_account_access,besu,EXTCODECOPY,models.custom[0],,33,256.338211919172,0.018,0.8227528036005557,0.8170351521037994,0.0263242764168653,0.001,0.021886445814091233,0.030649591468763504,EXTCODECOPY,AccountMode.EXISTING_CONTRACT_SAME_MAX
test_account_access,erigon,EXTCODECOPY,models.custom[0],,22,343.19113881369003,0.001,0.9452215977485702,0.9424826776359987,0.02411914364864308,0.001,0.021361290682340908,0.02614994698564573,EXTCODECOPY,AccountMode.EXISTING_CONTRACT_SAME_MAX
test_account_access,ethrex,EXTCODECOPY,models.custom[0],,44,218.56716501378247,0.001,0.9819209849319672,0.9814905321922521,0.018566028002847793,0.001,0.017735523323669025,0.019398251342307785,EXTCODECOPY,AccountMode.EXISTING_CONTRACT_SAME_MAX
test_account_access,geth,EXTCODECOPY,models.custom[0],,44,393.6512239273609,0.001,0.995303568174054,0.9951917483686743,0.0199549199317261,0.001,0.019532977683871147,0.020368551335386818,EXTCODECOPY,AccountMode.EXISTING_CONTRACT_SAME_MAX
test_account_access,nethermind,EXTCODECOPY,models.custom[0],,33,126.23815398002776,0.001,0.9834231051358969,0.9828883665918936,0.01151707898917969,0.001,0.010962927531728766,0.01200285089936437,EXTCODECOPY,AccountMode.EXISTING_CONTRACT_SAME_MAX
test_account_access,reth,EXTCODECOPY,models.custom[0],,44,84.91620953537866,0.001,0.9825780889939915,0.9821632815890865,0.004995597790803157,0.001,0.0047955314668627945,0.005200244585818344,EXTCODECOPY,AccountMode.EXISTING_CONTRACT_SAME_MAX
test_account_access,besu,EXTCODECOPY,presets[cold_account_nocode_access],,33,211.92428149777234,0.024,0.9008145539651495,0.8976150234478963,0.03088956529670377,0.001,0.027512790089813017,0.03424912056128267,EXTCODECOPY,AccountMode.EXISTING_EOA
test_account_access,erigon,EXTCODECOPY,presets[cold_account_nocode_access],,22,0.0,1.0,0.997935026248846,0.9978317775612883,0.009574209409173109,0.001,0.009508398666431491,0.009625938801596323,EXTCODECOPY,AccountMode.EXISTING_EOA
test_account_access,ethrex,EXTCODECOPY,presets[cold_account_nocode_access],,44,216.41909295347742,0.001,0.9825801244015131,0.9821653654586919,0.018339578198204143,0.001,0.017579671429215907,0.019192353945162444,EXTCODECOPY,AccountMode.EXISTING_EOA
test_account_access,geth,EXTCODECOPY,presets[cold_account_nocode_access],,44,372.785950436702,0.001,0.9958603589175106,0.9957617960345941,0.021320757169850327,0.001,0.020904114077030748,0.021769895660168397,EXTCODECOPY,AccountMode.EXISTING_EOA
test_account_access,nethermind,EXTCODECOPY,presets[cold_account_nocode_access],,33,98.46473092663058,0.001,0.9852107013298113,0.98473362717916,0.010496589677904278,0.001,0.010038045295500252,0.01100774466134703,EXTCODECOPY,AccountMode.EXISTING_EOA
test_account_access,reth,EXTCODECOPY,presets[cold_account_nocode_access],,44,86.20619517727465,0.001,0.9812922590443254,0.9808468366406189,0.00474171131333163,0.001,0.004560791660736692,0.004972703064904944,EXTCODECOPY,AccountMode.EXISTING_EOA
test_account_access,besu,EXTCODECOPY,models.custom[0],,33,161.17155575236157,0.058,0.9105756936521247,0.9076910386086448,0.03159289542852169,0.001,0.028337515493743172,0.03438954014766502,EXTCODECOPY,AccountMode.NON_EXISTING_ACCOUNT
test_account_access,besu,EXTCODECOPY,presets[cold_account_nocode_access],,33,161.17155575236157,0.058,0.9105756936521247,0.9076910386086448,0.03159289542852169,0.001,0.028337515493743172,0.03438954014766502,EXTCODECOPY,AccountMode.NON_EXISTING_ACCOUNT
test_account_access,erigon,EXTCODECOPY,models.custom[0],,22,0.0,1.0,0.9975449201831844,0.9974221661923436,0.00827384007343636,0.001,0.008208627899389698,0.008323376921886658,EXTCODECOPY,AccountMode.NON_EXISTING_ACCOUNT
test_account_access,erigon,EXTCODECOPY,presets[cold_account_nocode_access],,22,0.0,1.0,0.9975449201831844,0.9974221661923436,0.00827384007343636,0.001,0.008208627899389698,0.008323376921886658,EXTCODECOPY,AccountMode.NON_EXISTING_ACCOUNT
test_account_access,ethrex,EXTCODECOPY,models.custom[0],,44,122.374160125384,0.001,0.9467594706799436,0.9454918390294661,0.002322521713361317,0.001,0.002151228085124162,0.0025029360702559043,EXTCODECOPY,AccountMode.NON_EXISTING_ACCOUNT
test_account_access,ethrex,EXTCODECOPY,presets[cold_account_nocode_access],,44,122.374160125384,0.001,0.9467594706799436,0.9454918390294661,0.002322521713361317,0.001,0.002151228085124162,0.0025029360702559043,EXTCODECOPY,AccountMode.NON_EXISTING_ACCOUNT
test_account_access,geth,EXTCODECOPY,models.custom[0],,44,389.07324848254456,0.001,0.9968944579488332,0.9968205164714246,0.02035022094421574,0.001,0.01997199965858042,0.020752023114492736,EXTCODECOPY,AccountMode.NON_EXISTING_ACCOUNT
test_account_access,geth,EXTCODECOPY,presets[cold_account_nocode_access],,44,389.07324848254456,0.001,0.9968944579488332,0.9968205164714246,0.02035022094421574,0.001,0.01997199965858042,0.020752023114492736,EXTCODECOPY,AccountMode.NON_EXISTING_ACCOUNT
test_account_access,nethermind,EXTCODECOPY,models.custom[0],,33,82.53304155582654,0.001,0.9808379480465573,0.9802198173383817,0.010495177601896404,0.001,0.010088837075718598,0.010933814221995432,EXTCODECOPY,AccountMode.NON_EXISTING_ACCOUNT
test_account_access,nethermind,EXTCODECOPY,presets[cold_account_nocode_access],,33,82.53304155582654,0.001,0.9808379480465573,0.9802198173383817,0.010495177601896404,0.001,0.010088837075718598,0.010933814221995432,EXTCODECOPY,AccountMode.NON_EXISTING_ACCOUNT
test_account_access,reth,EXTCODECOPY,models.custom[0],,44,95.41728257683684,0.001,0.9764198360908203,0.9758584036167922,0.004611626348071259,0.001,0.004374571591899289,0.00486987265960761,EXTCODECOPY,AccountMode.NON_EXISTING_ACCOUNT
test_account_access,reth,EXTCODECOPY,presets[cold_account_nocode_access],,44,95.41728257683684,0.001,0.9764198360908203,0.9758584036167922,0.004611626348071259,0.001,0.004374571591899289,0.00486987265960761,EXTCODECOPY,AccountMode.NON_EXISTING_ACCOUNT
test_account_access,besu,EXTCODEHASH,models.custom[0],,33,800.5891718583999,0.001,0.8952395816208437,0.8918602132860323,0.042901858621027945,0.001,0.037583563701825855,0.048316454770330176,EXTCODEHASH,AccountMode.EXISTING_CONTRACT_DIFF_MAX
test_account_access,erigon,EXTCODEHASH,models.custom[0],,22,335.7352255485174,0.001,0.9427271128079426,0.9398634684483398,0.02419315039144182,0.001,0.02138512347160875,0.026339068123276927,EXTCODEHASH,AccountMode.EXISTING_CONTRACT_DIFF_MAX
test_account_access,ethrex,EXTCODEHASH,models.custom[0],,44,229.08413794052913,0.001,0.9808682567117468,0.9804127390144075,0.018513894701075374,0.001,0.01759568066752765,0.019458758228265014,EXTCODEHASH,AccountMode.EXISTING_CONTRACT_DIFF_MAX
test_account_access,geth,EXTCODEHASH,models.custom[0],,44,409.1635005329338,0.001,0.9953252204233538,0.9952139161477194,0.019550773798187038,0.001,0.019115605102675768,0.019991926304265856,EXTCODEHASH,AccountMode.EXISTING_CONTRACT_DIFF_MAX
test_account_access,nethermind,EXTCODEHASH,models.custom[0],,33,130.86678143349485,0.001,0.9674502647665842,0.9664002733074418,0.011564355916600402,0.001,0.01086968145274918,0.012353205178853886,EXTCODEHASH,AccountMode.EXISTING_CONTRACT_DIFF_MAX
test_account_access,reth,EXTCODEHASH,models.custom[0],,44,171.70238835634785,0.001,0.9909729323221048,0.9907580021392978,0.020174806810276686,0.001,0.01948871472097549,0.02083150065235732,EXTCODEHASH,AccountMode.EXISTING_CONTRACT_DIFF_MAX
test_account_access,besu,EXTCODEHASH,models.custom[0],,33,294.93416887586255,0.005,0.8312251983747994,0.8257808499352768,0.025568124854807184,0.001,0.022021238797666157,0.029597809736760197,EXTCODEHASH,AccountMode.EXISTING_CONTRACT_MINIMAL
test_account_access,erigon,EXTCODEHASH,models.custom[0],,22,337.0085606072975,0.001,0.9449258476796053,0.9421721400635855,0.023567962872939822,0.001,0.020961759673189747,0.025442156483418247,EXTCODEHASH,AccountMode.EXISTING_CONTRACT_MINIMAL
test_account_access,ethrex,EXTCODEHASH,models.custom[0],,44,223.5724587444142,0.001,0.9798640482487989,0.9793846208261513,0.018575277153703194,0.001,0.017674967411390546,0.01951454958336035,EXTCODEHASH,AccountMode.EXISTING_CONTRACT_MINIMAL
test_account_access,geth,EXTCODEHASH,models.custom[0],,44,378.134785787464,0.001,0.9962072280199259,0.9961169239251623,0.019928860582289012,0.001,0.01959578774845763,0.02033558019124083,EXTCODEHASH,AccountMode.EXISTING_CONTRACT_MINIMAL
test_account_access,nethermind,EXTCODEHASH,models.custom[0],,33,107.69966622427958,0.001,0.9800747689332676,0.9794320195440182,0.011643772638960392,0.001,0.011055515456894165,0.012164292395712963,EXTCODEHASH,AccountMode.EXISTING_CONTRACT_MINIMAL
test_account_access,reth,EXTCODEHASH,models.custom[0],,44,92.98790637776311,0.001,0.9768761742121465,0.9763256069314833,0.004830151270477164,0.001,0.004641785655329672,0.005045622222377503,EXTCODEHASH,AccountMode.EXISTING_CONTRACT_MINIMAL
test_account_access,besu,EXTCODEHASH,models.custom[0],,33,327.48006741162425,0.003,0.829432304089541,0.823930120350494,0.025075614359382388,0.001,0.021344497692043274,0.029120083887792372,EXTCODEHASH,AccountMode.EXISTING_CONTRACT_SAME_MAX
test_account_access,erigon,EXTCODEHASH,models.custom[0],,22,339.9210986000882,0.001,0.9415911442647301,0.9386707014779666,0.02349112271628648,0.001,0.02078251452320372,0.025525445137838675,EXTCODEHASH,AccountMode.EXISTING_CONTRACT_SAME_MAX
test_account_access,ethrex,EXTCODEHASH,models.custom[0],,44,218.80776363706704,0.001,0.9804761093076495,0.9800112547673554,0.01861436743339626,0.001,0.017762731000779807,0.01950863598429464,EXTCODEHASH,AccountMode.EXISTING_CONTRACT_SAME_MAX
test_account_access,geth,EXTCODEHASH,models.custom[0],,44,407.8871827536034,0.001,0.996359082256799,0.9962723937391038,0.019427967998136748,0.001,0.019047463356040625,0.019793748785563,EXTCODEHASH,AccountMode.EXISTING_CONTRACT_SAME_MAX
test_account_access,nethermind,EXTCODEHASH,models.custom[0],,33,124.74934768226933,0.001,0.9741799946282941,0.9733470912292068,0.011841417645560086,0.001,0.01125274256529627,0.012492085750763776,EXTCODEHASH,AccountMode.EXISTING_CONTRACT_SAME_MAX
test_account_access,reth,EXTCODEHASH,models.custom[0],,44,97.97666180657433,0.001,0.9759952596132243,0.9754237181754439,0.004740530604518119,0.001,0.0044807435601575225,0.004963247190063041,EXTCODEHASH,AccountMode.EXISTING_CONTRACT_SAME_MAX
test_account_access,besu,EXTCODEHASH,presets[cold_account_nocode_access],,33,180.65273652515947,0.051,0.9009596677943228,0.8977648183683332,0.0313844253916689,0.001,0.028008685057195996,0.03444198156578389,EXTCODEHASH,AccountMode.EXISTING_EOA
test_account_access,erigon,EXTCODEHASH,presets[cold_account_nocode_access],,22,0.0,1.0,0.9980110434738693,0.9979115956475627,0.009128233699147736,0.001,0.009076125995345796,0.009181020680328599,EXTCODEHASH,AccountMode.EXISTING_EOA
test_account_access,ethrex,EXTCODEHASH,presets[cold_account_nocode_access],,44,229.97136844049098,0.001,0.9808776009276133,0.9804223057116042,0.018165983933092662,0.001,0.01731130715028136,0.019089101014788085,EXTCODEHASH,AccountMode.EXISTING_EOA
test_account_access,geth,EXTCODEHASH,presets[cold_account_nocode_access],,44,405.73572203443894,0.001,0.9964232115961243,0.9963380499674607,0.020458214114886318,0.001,0.020029273746579496,0.020870357284265853,EXTCODEHASH,AccountMode.EXISTING_EOA
test_account_access,nethermind,EXTCODEHASH,presets[cold_account_nocode_access],,33,130.73523327234685,0.001,0.989120811576815,0.9887698700147768,0.010144078497632525,0.001,0.009763174569965165,0.010499694712223059,EXTCODEHASH,AccountMode.EXISTING_EOA
test_account_access,reth,EXTCODEHASH,presets[cold_account_nocode_access],,44,92.37496565492903,0.001,0.9794124244350947,0.9789222440645017,0.004654815779132273,0.001,0.0044830934137759446,0.0048259289149111,EXTCODEHASH,AccountMode.EXISTING_EOA
test_account_access,besu,EXTCODEHASH,models.custom[0],,33,224.95187750955262,0.033,0.9132682259521753,0.9104704267893422,0.03024958488762077,0.001,0.027035475289217757,0.03352144214797155,EXTCODEHASH,AccountMode.NON_EXISTING_ACCOUNT
test_account_access,besu,EXTCODEHASH,presets[cold_account_nocode_access],,33,224.95187750955262,0.033,0.9132682259521753,0.9104704267893422,0.03024958488762077,0.001,0.027035475289217757,0.03352144214797155,EXTCODEHASH,AccountMode.NON_EXISTING_ACCOUNT
test_account_access,erigon,EXTCODEHASH,models.custom[0],,22,0.0,1.0,0.9970473824828572,0.9968997516070001,0.008099459809264107,0.001,0.008029884515754806,0.008147866398183145,EXTCODEHASH,AccountMode.NON_EXISTING_ACCOUNT
test_account_access,erigon,EXTCODEHASH,presets[cold_account_nocode_access],,22,0.0,1.0,0.9970473824828572,0.9968997516070001,0.008099459809264107,0.001,0.008029884515754806,0.008147866398183145,EXTCODEHASH,AccountMode.NON_EXISTING_ACCOUNT
test_account_access,ethrex,EXTCODEHASH,models.custom[0],,44,120.93991884448454,0.001,0.9582879402375128,0.9572947959574536,0.0023645791702549324,0.001,0.002225161949427612,0.002507475672060554,EXTCODEHASH,AccountMode.NON_EXISTING_ACCOUNT
test_account_access,ethrex,EXTCODEHASH,presets[cold_account_nocode_access],,44,120.93991884448454,0.001,0.9582879402375128,0.9572947959574536,0.0023645791702549324,0.001,0.002225161949427612,0.002507475672060554,EXTCODEHASH,AccountMode.NON_EXISTING_ACCOUNT
test_account_access,geth,EXTCODEHASH,models.custom[0],,44,382.588640133773,0.001,0.9958299931088279,0.9957307072304666,0.0200352683956803,0.001,0.01960054238453684,0.02045806069151361,EXTCODEHASH,AccountMode.NON_EXISTING_ACCOUNT
test_account_access,geth,EXTCODEHASH,presets[cold_account_nocode_access],,44,382.588640133773,0.001,0.9958299931088279,0.9957307072304666,0.0200352683956803,0.001,0.01960054238453684,0.02045806069151361,EXTCODEHASH,AccountMode.NON_EXISTING_ACCOUNT
test_account_access,nethermind,EXTCODEHASH,models.custom[0],,33,102.99861011023518,0.001,0.9837417859915337,0.9832173274751316,0.010232596473907712,0.001,0.00985089182727605,0.010695353357636809,EXTCODEHASH,AccountMode.NON_EXISTING_ACCOUNT
test_account_access,nethermind,EXTCODEHASH,presets[cold_account_nocode_access],,33,102.99861011023518,0.001,0.9837417859915337,0.9832173274751316,0.010232596473907712,0.001,0.00985089182727605,0.010695353357636809,EXTCODEHASH,AccountMode.NON_EXISTING_ACCOUNT
test_account_access,reth,EXTCODEHASH,models.custom[0],,44,100.63306470661664,0.001,0.9826124377137029,0.9821984481354578,0.004467277436454383,0.001,0.004292953812502656,0.004637857378153524,EXTCODEHASH,AccountMode.NON_EXISTING_ACCOUNT
test_account_access,reth,EXTCODEHASH,presets[cold_account_nocode_access],,44,100.63306470661664,0.001,0.9826124377137029,0.9821984481354578,0.004467277436454383,0.001,0.004292953812502656,0.004637857378153524,EXTCODEHASH,AccountMode.NON_EXISTING_ACCOUNT
test_account_access,besu,EXTCODESIZE,models.custom[0],,33,691.5402378627952,0.001,0.8870135861233607,0.883368863095082,0.04441649384886046,0.001,0.03871329340731486,0.04962015066271174,EXTCODESIZE,AccountMode.EXISTING_CONTRACT_DIFF_MAX
test_account_access,erigon,EXTCODESIZE,models.custom[0],,22,868.8321612210451,0.052,0.9169013171309002,0.9127463829874451,0.14297317338715562,0.001,0.12165601396276454,0.15611821762394276,EXTCODESIZE,AccountMode.EXISTING_CONTRACT_DIFF_MAX
test_account_access,ethrex,EXTCODESIZE,models.custom[0],,44,371.88968469058665,0.001,0.9976209226986928,0.9975642780010426,0.10196887625454994,0.001,0.10065811793077062,0.10318548908470108,EXTCODESIZE,AccountMode.EXISTING_CONTRACT_DIFF_MAX
test_account_access,geth,EXTCODESIZE,models.custom[0],,44,1237.8033622368332,0.001,0.9346565181424236,0.9331007209553384,0.04136725322332704,0.001,0.03750286785145747,0.04541933548440496,EXTCODESIZE,AccountMode.EXISTING_CONTRACT_DIFF_MAX
test_account_access,nethermind,EXTCODESIZE,models.custom[0],,33,561.8666103935986,0.001,0.9271665294411795,0.9248170626489595,0.03674858577922856,0.001,0.032955007455466756,0.04052012315216199,EXTCODESIZE,AccountMode.EXISTING_CONTRACT_DIFF_MAX
test_account_access,reth,EXTCODESIZE,models.custom[0],,44,148.33346200662518,0.001,0.9936842170246784,0.9935338412395517,0.02281584641969194,0.001,0.02231244204264926,0.023345883517381184,EXTCODESIZE,AccountMode.EXISTING_CONTRACT_DIFF_MAX
test_account_access,besu,EXTCODESIZE,models.custom[0],,33,296.50575629963816,0.004,0.8494196354427983,0.8445622043280498,0.025390689664336663,0.001,0.021796802511953234,0.02937802083658421,EXTCODESIZE,AccountMode.EXISTING_CONTRACT_MINIMAL
test_account_access,erigon,EXTCODESIZE,models.custom[0],,22,337.32186100737715,0.001,0.9391920213852002,0.9361516224544602,0.02413016247001492,0.001,0.021111120648066767,0.026422877410745692,EXTCODESIZE,AccountMode.EXISTING_CONTRACT_MINIMAL
test_account_access,ethrex,EXTCODESIZE,models.custom[0],,44,209.74573107934424,0.001,0.9817864623392958,0.9813528066807076,0.018743278964804017,0.001,0.017971856238175855,0.019611004804985788,EXTCODESIZE,AccountMode.EXISTING_CONTRACT_MINIMAL
test_account_access,geth,EXTCODESIZE,models.custom[0],,44,389.67673957775446,0.001,0.994992890576392,0.9948736736853536,0.019920536675056378,0.001,0.019505317882241423,0.020397925204393676,EXTCODESIZE,AccountMode.EXISTING_CONTRACT_MINIMAL
test_account_access,nethermind,EXTCODESIZE,models.custom[0],,33,153.33092413535007,0.001,0.9790556795470233,0.9783800563066047,0.010939230168106275,0.001,0.010410695708294239,0.011510883072359588,EXTCODESIZE,AccountMode.EXISTING_CONTRACT_MINIMAL
test_account_access,reth,EXTCODESIZE,models.custom[0],,44,91.50108584274788,0.001,0.9723175661622455,0.97165846059468,0.004847225020732991,0.001,0.004585876672047236,0.005077068203983716,EXTCODESIZE,AccountMode.EXISTING_CONTRACT_MINIMAL
test_account_access,besu,EXTCODESIZE,models.custom[0],,33,312.2638905204064,0.009,0.8096902801742336,0.8035512569540476,0.025245232836359564,0.001,0.020887270047202387,0.03000066991048827,EXTCODESIZE,AccountMode.EXISTING_CONTRACT_SAME_MAX
test_account_access,erigon,EXTCODESIZE,models.custom[0],,22,336.9644749421032,0.001,0.9436047509492166,0.9407849884966775,0.02421825838657664,0.001,0.02125861906136532,0.02633063826146874,EXTCODESIZE,AccountMode.EXISTING_CONTRACT_SAME_MAX
test_account_access,ethrex,EXTCODESIZE,models.custom[0],,44,221.42491789405017,0.001,0.9801889096287414,0.9797172170008542,0.01854153828098861,0.001,0.01765202921753337,0.0193320549193564,EXTCODESIZE,AccountMode.EXISTING_CONTRACT_SAME_MAX
test_account_access,geth,EXTCODESIZE,models.custom[0],,44,410.4071709514193,0.001,0.9961250891329142,0.9960328293503645,0.019688036904414192,0.001,0.019326231594055145,0.02008336962915595,EXTCODESIZE,AccountMode.EXISTING_CONTRACT_SAME_MAX
test_account_access,nethermind,EXTCODESIZE,models.custom[0],,33,109.03767379073774,0.001,0.975172450281295,0.9743715615806916,0.011776152418938939,0.001,0.01122515431667278,0.012414201816297652,EXTCODESIZE,AccountMode.EXISTING_CONTRACT_SAME_MAX
test_account_access,reth,EXTCODESIZE,models.custom[0],,44,82.53930743901772,0.001,0.9828540582612271,0.9824458215531611,0.005002010888344829,0.001,0.004820456689415652,0.005176572787114822,EXTCODESIZE,AccountMode.EXISTING_CONTRACT_SAME_MAX
test_account_access,besu,EXTCODESIZE,presets[cold_account_nocode_access],,33,160.26184181808827,0.084,0.9005276386493538,0.897318852799333,0.03166421489870565,0.001,0.02816445386910269,0.03472567252540131,EXTCODESIZE,AccountMode.EXISTING_EOA
test_account_access,erigon,EXTCODESIZE,presets[cold_account_nocode_access],,22,0.0,1.0,0.9989757366828819,0.998924523517026,0.009505845573562806,0.001,0.009447048783332046,0.009542190987637707,EXTCODESIZE,AccountMode.EXISTING_EOA
test_account_access,ethrex,EXTCODESIZE,presets[cold_account_nocode_access],,44,224.06807869345892,0.001,0.9805920207772836,0.9801299260338856,0.018195572311569267,0.001,0.01733365232804382,0.019087806733938673,EXTCODESIZE,AccountMode.EXISTING_EOA
test_account_access,geth,EXTCODESIZE,presets[cold_account_nocode_access],,44,390.8850556461477,0.001,0.9972650263703161,0.9971999079505617,0.020694731840854446,0.001,0.020373345841139062,0.02101385437948326,EXTCODESIZE,AccountMode.EXISTING_EOA
test_account_access,nethermind,EXTCODESIZE,presets[cold_account_nocode_access],,33,102.47177859786456,0.001,0.9807248451663668,0.9801030659781851,0.010409581133364324,0.001,0.010040523330840411,0.010878333214174349,EXTCODESIZE,AccountMode.EXISTING_EOA
test_account_access,reth,EXTCODESIZE,presets[cold_account_nocode_access],,44,96.89089468332828,0.001,0.9817952413105283,0.9813617946750647,0.004559463467052634,0.001,0.0043764142477659175,0.0047403245974902974,EXTCODESIZE,AccountMode.EXISTING_EOA
test_account_access,besu,EXTCODESIZE,models.custom[0],,33,174.17384678960622,0.06,0.9043619378663948,0.9012768390878915,0.03126627672141237,0.001,0.02787360570816725,0.034507633578304976,EXTCODESIZE,AccountMode.NON_EXISTING_ACCOUNT
test_account_access,besu,EXTCODESIZE,presets[cold_account_nocode_access],,33,174.17384678960622,0.06,0.9043619378663948,0.9012768390878915,0.03126627672141237,0.001,0.02787360570816725,0.034507633578304976,EXTCODESIZE,AccountMode.NON_EXISTING_ACCOUNT
test_account_access,erigon,EXTCODESIZE,models.custom[0],,22,0.0,1.0,0.9977447615450931,0.9976319996223477,0.008223378633095198,0.001,0.00816364057254651,0.00827083819707312,EXTCODESIZE,AccountMode.NON_EXISTING_ACCOUNT
test_account_access,erigon,EXTCODESIZE,presets[cold_account_nocode_access],,22,0.0,1.0,0.9977447615450931,0.9976319996223477,0.008223378633095198,0.001,0.00816364057254651,0.00827083819707312,EXTCODESIZE,AccountMode.NON_EXISTING_ACCOUNT
test_account_access,ethrex,EXTCODESIZE,models.custom[0],,44,118.40778429436408,0.001,0.9608330379094994,0.9599004911930589,0.0023485054486849658,0.001,0.002204437528652895,0.0025063724249174226,EXTCODESIZE,AccountMode.NON_EXISTING_ACCOUNT
test_account_access,ethrex,EXTCODESIZE,presets[cold_account_nocode_access],,44,118.40778429436408,0.001,0.9608330379094994,0.9599004911930589,0.0023485054486849658,0.001,0.002204437528652895,0.0025063724249174226,EXTCODESIZE,AccountMode.NON_EXISTING_ACCOUNT
test_account_access,geth,EXTCODESIZE,models.custom[0],,44,384.92456816448424,0.001,0.9969399910719126,0.996867133716482,0.020076426573195496,0.001,0.019736758410146407,0.020425782119271797,EXTCODESIZE,AccountMode.NON_EXISTING_ACCOUNT
test_account_access,geth,EXTCODESIZE,presets[cold_account_nocode_access],,44,384.92456816448424,0.001,0.9969399910719126,0.996867133716482,0.020076426573195496,0.001,0.019736758410146407,0.020425782119271797,EXTCODESIZE,AccountMode.NON_EXISTING_ACCOUNT
test_account_access,nethermind,EXTCODESIZE,models.custom[0],,33,86.26270748076367,0.001,0.989295228359918,0.9889499131457218,0.010302354343543096,0.001,0.00989560152124608,0.010710296737417172,EXTCODESIZE,AccountMode.NON_EXISTING_ACCOUNT
test_account_access,nethermind,EXTCODESIZE,presets[cold_account_nocode_access],,33,86.26270748076367,0.001,0.989295228359918,0.9889499131457218,0.010302354343543096,0.001,0.00989560152124608,0.010710296737417172,EXTCODESIZE,AccountMode.NON_EXISTING_ACCOUNT
test_account_access,reth,EXTCODESIZE,models.custom[0],,44,107.58396213924469,0.001,0.9796156097553548,0.9791302671304822,0.0043408011607841265,0.001,0.004127975110220601,0.004584181971625027,EXTCODESIZE,AccountMode.NON_EXISTING_ACCOUNT
test_account_access,reth,EXTCODESIZE,presets[cold_account_nocode_access],,44,107.58396213924469,0.001,0.9796156097553548,0.9791302671304822,0.0043408011607841265,0.001,0.004127975110220601,0.004584181971625027,EXTCODESIZE,AccountMode.NON_EXISTING_ACCOUNT
test_account_access,besu,STATICCALL,models.custom[0],,33,802.9441633789513,0.001,0.8954604823091928,0.8920882398030378,0.04619651287403219,0.001,0.040599924983160916,0.051812834882687966,STATICCALL,AccountMode.EXISTING_CONTRACT_DIFF_MAX
test_account_access,erigon,STATICCALL,models.custom[0],,22,879.9239196412046,0.076,0.9187570929973278,0.9146949476471942,0.143891235195613,0.001,0.12424076812011658,0.15758217179760584,STATICCALL,AccountMode.EXISTING_CONTRACT_DIFF_MAX
test_account_access,ethrex,STATICCALL,models.custom[0],,44,370.1407244203521,0.001,0.9982069214788448,0.998164229133103,0.10233344710252698,0.001,0.1010760694939844,0.10342812395181586,STATICCALL,AccountMode.EXISTING_CONTRACT_DIFF_MAX
test_account_access,geth,STATICCALL,models.custom[0],,44,1310.4986101655484,0.001,0.9345752796761305,0.933017548239848,0.04100011264959702,0.001,0.03736147347732968,0.044735300107230785,STATICCALL,AccountMode.EXISTING_CONTRACT_DIFF_MAX
test_account_access,nethermind,STATICCALL,models.custom[0],,33,650.2376186455101,0.001,0.9116573062227532,0.9088075419073581,0.0371259849250679,0.001,0.03309166734042967,0.04154913947307193,STATICCALL,AccountMode.EXISTING_CONTRACT_DIFF_MAX
test_account_access,reth,STATICCALL,models.custom[0],,44,148.55098821976603,0.001,0.9926564852894181,0.9924816397010708,0.02383356005010302,0.001,0.02316105534274692,0.02443067290013003,STATICCALL,AccountMode.EXISTING_CONTRACT_DIFF_MAX
test_account_access,besu,STATICCALL,models.custom[0],,33,445.62396223442124,0.001,0.8306902513718359,0.825228646577379,0.025672595718502333,0.001,0.021392421350563025,0.029373477264425213,STATICCALL,AccountMode.EXISTING_CONTRACT_MINIMAL
test_account_access,erigon,STATICCALL,models.custom[0],,22,342.5578209658868,0.001,0.942912889401279,0.940058533871343,0.024440160072748813,0.001,0.021702214131861613,0.026621073563768954,STATICCALL,AccountMode.EXISTING_CONTRACT_MINIMAL
test_account_access,ethrex,STATICCALL,models.custom[0],,44,217.61163787239795,0.001,0.980899242321246,0.9804444623765138,0.01881545589587745,0.001,0.017946924084227506,0.01982481827799189,STATICCALL,AccountMode.EXISTING_CONTRACT_MINIMAL
test_account_access,geth,STATICCALL,models.custom[0],,44,416.3118494686851,0.001,0.9958497443971225,0.9957509287875301,0.01983821678533761,0.001,0.019493340416156267,0.020220862545780982,STATICCALL,AccountMode.EXISTING_CONTRACT_MINIMAL
test_account_access,nethermind,STATICCALL,models.custom[0],,33,143.76091049963753,0.001,0.9833958906323598,0.9828602742011455,0.01216431253625679,0.001,0.011635788713143233,0.01273859040413074,STATICCALL,AccountMode.EXISTING_CONTRACT_MINIMAL
test_account_access,reth,STATICCALL,models.custom[0],,44,91.25542248783658,0.001,0.9815895528768017,0.9811512088976779,0.005342538886853567,0.001,0.005105560705334022,0.005598160785379336,STATICCALL,AccountMode.EXISTING_CONTRACT_MINIMAL
test_account_access,besu,STATICCALL,models.custom[0],,33,328.4295876955635,0.002,0.8706926316378274,0.8665214262067895,0.027140716635841146,0.001,0.023700360220320082,0.030415073477759284,STATICCALL,AccountMode.EXISTING_CONTRACT_SAME_MAX
test_account_access,erigon,STATICCALL,models.custom[0],,22,346.87929607781155,0.001,0.944321195756574,0.9415372555444027,0.02437656043690857,0.001,0.02148570093351433,0.026384901057287535,STATICCALL,AccountMode.EXISTING_CONTRACT_SAME_MAX
test_account_access,ethrex,STATICCALL,models.custom[0],,44,222.62204910197067,0.001,0.9807127244526974,0.9802535036063331,0.01880866681209022,0.001,0.017904641947682678,0.019784820963219273,STATICCALL,AccountMode.EXISTING_CONTRACT_SAME_MAX
test_account_access,geth,STATICCALL,models.custom[0],,44,385.4505633395592,0.001,0.9948301308840671,0.9947070387622592,0.02034409062666793,0.001,0.019811201112661624,0.020835846910192118,STATICCALL,AccountMode.EXISTING_CONTRACT_SAME_MAX
test_account_access,nethermind,STATICCALL,models.custom[0],,33,145.44359197667714,0.001,0.9760346567800563,0.9752615811923162,0.012313418292383891,0.001,0.01173591889848476,0.012963708183922663,STATICCALL,AccountMode.EXISTING_CONTRACT_SAME_MAX
test_account_access,reth,STATICCALL,models.custom[0],,44,87.55181168079292,0.001,0.9750578191931234,0.9744639577453407,0.005404297022676498,0.001,0.005144552879889753,0.005721080561440199,STATICCALL,AccountMode.EXISTING_CONTRACT_SAME_MAX
test_account_access,besu,STATICCALL,presets[cold_account_nocode_access],,33,289.72072092156884,0.018,0.8922215442115157,0.888744819831242,0.03252609883732904,0.001,0.028551719176774563,0.03659023040490849,STATICCALL,AccountMode.EXISTING_EOA
test_account_access,erigon,STATICCALL,presets[cold_account_nocode_access],,22,0.0,1.0,0.9978376927424313,0.9977295773795528,0.009997236345918648,0.001,0.009805847905538775,0.010042038117841254,STATICCALL,AccountMode.EXISTING_EOA
test_account_access,ethrex,STATICCALL,presets[cold_account_nocode_access],,44,218.64061558478403,0.001,0.9816011823865607,0.9811631153005265,0.018496347164759723,0.001,0.017653779428099124,0.01936928912483493,STATICCALL,AccountMode.EXISTING_EOA
test_account_access,geth,STATICCALL,presets[cold_account_nocode_access],,44,405.40594945330383,0.001,0.9962096899686561,0.9961194444917193,0.020777525175369977,0.001,0.020395827455706905,0.02115942322444448,STATICCALL,AccountMode.EXISTING_EOA
test_account_access,nethermind,STATICCALL,presets[cold_account_nocode_access],,33,87.40554513461436,0.001,0.9887058434479938,0.9883415158172839,0.010988511994516384,0.001,0.010621217834544857,0.01131974196043909,STATICCALL,AccountMode.EXISTING_EOA
test_account_access,reth,STATICCALL,presets[cold_account_nocode_access],,44,107.33800257992569,0.001,0.9794751283359551,0.9789864409153826,0.004729246542802144,0.001,0.004556146134955887,0.004932809207667551,STATICCALL,AccountMode.EXISTING_EOA
test_account_access,besu,STATICCALL,models.custom[0],,33,310.95063194245347,0.008,0.9131550745541456,0.9103536253462148,0.032793980905646905,0.001,0.029277106748610296,0.036653135721627206,STATICCALL,AccountMode.NON_EXISTING_ACCOUNT
test_account_access,besu,STATICCALL,presets[cold_account_nocode_access],,33,310.95063194245347,0.008,0.9131550745541456,0.9103536253462148,0.032793980905646905,0.001,0.029277106748610296,0.036653135721627206,STATICCALL,AccountMode.NON_EXISTING_ACCOUNT
test_account_access,erigon,STATICCALL,models.custom[0],,22,1870.1983786776818,0.001,0.998800489851797,0.9987405143443869,0.10460668488806983,0.001,0.10272260270952166,0.10654821481342404,STATICCALL,AccountMode.NON_EXISTING_ACCOUNT
test_account_access,erigon,STATICCALL,presets[cold_account_nocode_access],,22,1870.1983786776818,0.001,0.998800489851797,0.9987405143443869,0.10460668488806983,0.001,0.10272260270952166,0.10654821481342404,STATICCALL,AccountMode.NON_EXISTING_ACCOUNT
test_account_access,ethrex,STATICCALL,models.custom[0],,44,110.50702193417503,0.001,0.9719580244274059,0.9712903583423441,0.00259780191676036,0.001,0.0024557342959822407,0.002740546088551296,STATICCALL,AccountMode.NON_EXISTING_ACCOUNT
test_account_access,ethrex,STATICCALL,presets[cold_account_nocode_access],,44,110.50702193417503,0.001,0.9719580244274059,0.9712903583423441,0.00259780191676036,0.001,0.0024557342959822407,0.002740546088551296,STATICCALL,AccountMode.NON_EXISTING_ACCOUNT
test_account_access,geth,STATICCALL,models.custom[0],,44,387.6212326707602,0.001,0.9956948111868769,0.9955923066913263,0.021365321822350698,0.001,0.02086487388792621,0.021833916545462222,STATICCALL,AccountMode.NON_EXISTING_ACCOUNT
test_account_access,geth,STATICCALL,presets[cold_account_nocode_access],,44,387.6212326707602,0.001,0.9956948111868769,0.9955923066913263,0.021365321822350698,0.001,0.02086487388792621,0.021833916545462222,STATICCALL,AccountMode.NON_EXISTING_ACCOUNT
test_account_access,nethermind,STATICCALL,models.custom[0],,33,63.9086058762947,0.001,0.984949037958414,0.9844635230538468,0.011133229853393973,0.001,0.010724771348887429,0.011570349410604818,STATICCALL,AccountMode.NON_EXISTING_ACCOUNT
test_account_access,nethermind,STATICCALL,presets[cold_account_nocode_access],,33,63.9086058762947,0.001,0.984949037958414,0.9844635230538468,0.011133229853393973,0.001,0.010724771348887429,0.011570349410604818,STATICCALL,AccountMode.NON_EXISTING_ACCOUNT
test_account_access,reth,STATICCALL,models.custom[0],,44,96.65274233143488,0.001,0.9779573775162756,0.9774325531714251,0.004668126170258835,0.001,0.0044775793005480385,0.004868518342321427,STATICCALL,AccountMode.NON_EXISTING_ACCOUNT
test_account_access,reth,STATICCALL,presets[cold_account_nocode_access],,44,96.65274233143488,0.001,0.9779573775162756,0.9774325531714251,0.004668126170258835,0.001,0.0044775793005480385,0.004868518342321427,STATICCALL,AccountMode.NON_EXISTING_ACCOUNT
test_ext_account_query_warm,besu,BALANCE,presets[warm_account_access],,33,116.5732028490605,0.001,0.7740019949241576,0.7667117366959045,0.00011151863860810812,0.001,8.831803584083192e-05,0.00013724627740227026,BALANCE,
test_ext_account_query_warm,erigon,BALANCE,presets[warm_account_access],,22,14.714992577328617,0.001,0.9835487489624368,0.9827261864105586,5.096367586211435e-05,0.001,4.782858376837939e-05,5.364504778678075e-05,BALANCE,
test_ext_account_query_warm,ethrex,BALANCE,presets[warm_account_access],,44,5.630781065967329,0.024,0.7164715736551921,0.7097208968374586,1.7802476571175345e-05,0.001,1.495297492331921e-05,2.0498186876533385e-05,BALANCE,
test_ext_account_query_warm,geth,BALANCE,presets[warm_account_access],,44,34.76062791078111,0.001,0.7177576390945828,0.711037582882549,2.176246981204171e-05,0.001,1.7256991481124543e-05,2.6875441285476794e-05,BALANCE,
test_ext_account_query_warm,nethermind,BALANCE,presets[warm_account_access],,33,74.53136944703381,0.009,0.6505577830388449,0.6392854534594528,0.00015626703209743693,0.001,0.00011872662587572649,0.00020254616792107644,BALANCE,
test_ext_account_query_warm,reth,BALANCE,presets[warm_account_access],,44,9.20741724049775,0.001,0.7007780770369354,0.6936537455378148,1.3708474564373762e-05,0.001,1.0713438242523306e-05,1.647805589089431e-05,BALANCE,
test_ext_account_query_warm,besu,CALL,presets[warm_account_access],,33,721.872313739688,0.001,0.6977032626628055,0.6879517550067669,0.00037911274443138554,0.001,0.00028983717665967423,0.00046681258696446633,CALL,
test_ext_account_query_warm,erigon,CALL,presets[warm_account_access],,22,23.76914844927091,0.093,0.9725271566038578,0.9711535144340507,0.0003612060463760563,0.001,0.0003347854796294468,0.00037877794043219973,CALL,
test_ext_account_query_warm,ethrex,CALL,presets[warm_account_access],,44,40.90013997271021,0.001,0.9404640375301284,0.9390465146141791,9.923811452469194e-05,0.001,9.263939731685508e-05,0.00010648672048660966,CALL,
test_ext_account_query_warm,geth,CALL,presets[warm_account_access],,44,29.4068536939209,0.001,0.9590097325361595,0.9580337737870205,0.00014164886259308244,0.001,0.0001322088172207747,0.00015117976486067527,CALL,
test_ext_account_query_warm,nethermind,CALL,presets[warm_account_access],,33,217.3618528486281,0.001,0.8874505414620909,0.8838199137673196,0.0003708831505811734,0.001,0.00033005630906114886,0.00040974248098646056,CALL,
test_ext_account_query_warm,reth,CALL,presets[warm_account_access],,44,29.372971391178794,0.001,0.9333390244914601,0.9317518584079234,5.8339880964164206e-05,0.001,5.2954452034222155e-05,6.286940436472348e-05,CALL,
test_ext_account_query_warm,besu,CALLCODE,presets[warm_account_access],,33,616.6470807958651,0.001,0.7735477858232369,0.7662428756885026,0.000445934539393973,0.001,0.0003643677854277106,0.0005437873277447636,CALLCODE,
test_ext_account_query_warm,erigon,CALLCODE,presets[warm_account_access],,22,29.34201905896592,0.001,0.9607899791798388,0.9588294781388307,0.00011255512504051433,0.001,0.00010430856477768292,0.00012068017403033938,CALLCODE,
test_ext_account_query_warm,ethrex,CALLCODE,presets[warm_account_access],,44,30.837717852391844,0.001,0.954744879387311,0.9536673765155803,0.00010329284945129382,0.001,9.513011189827194e-05,0.00011051452632436169,CALLCODE,
test_ext_account_query_warm,geth,CALLCODE,presets[warm_account_access],,44,45.48522059302727,0.001,0.936939187241933,0.9354377393191219,0.0001788463241687221,0.001,0.00016366327715101813,0.00019686770714545464,CALLCODE,
test_ext_account_query_warm,nethermind,CALLCODE,presets[warm_account_access],,33,171.5130403121718,0.001,0.7733782701708192,0.7660678917892327,0.00018396552215891164,0.001,0.00015407008062028708,0.00021566902535148581,CALLCODE,
test_ext_account_query_warm,reth,CALLCODE,presets[warm_account_access],,44,25.7749793355585,0.001,0.9238736745484686,0.9220611429900988,5.7032244316592895e-05,0.001,5.2445616024202064e-05,6.15731380131817e-05,CALLCODE,
test_ext_account_query_warm,besu,DELEGATECALL,presets[warm_account_access],,33,521.540648391008,0.001,0.8080765848217168,0.80188550691274,0.0004216986450289828,0.001,0.0003413757808244252,0.0004913574831053754,DELEGATECALL,
test_ext_account_query_warm,erigon,DELEGATECALL,presets[warm_account_access],,22,34.85464998205019,0.001,0.9788624737667767,0.9778055974551155,0.00010915804188673762,0.001,0.00010089801263261629,0.00011607573756325745,DELEGATECALL,
test_ext_account_query_warm,ethrex,DELEGATECALL,presets[warm_account_access],,44,32.07020538048691,0.001,0.9257401076321151,0.9239720149566892,0.00010082178706784872,0.001,9.137974467330146e-05,0.00011117517823528611,DELEGATECALL,
test_ext_account_query_warm,geth,DELEGATECALL,presets[warm_account_access],,44,39.81337789602803,0.001,0.9409714633038205,0.9395660219539115,0.0001557327841018578,0.001,0.0001462533205054099,0.00016680982362216054,DELEGATECALL,
test_ext_account_query_warm,nethermind,DELEGATECALL,presets[warm_account_access],,33,197.6054207623385,0.001,0.9151639485388282,0.9124273017175001,0.00047835494933953207,0.001,0.0004320694070899681,0.0005261898033095819,DELEGATECALL,
test_ext_account_query_warm,reth,DELEGATECALL,presets[warm_account_access],,44,32.16220527602345,0.001,0.9012641886500546,0.8989133359988655,5.0916331804863104e-05,0.001,4.5600807016603755e-05,5.563867638450667e-05,DELEGATECALL,
test_ext_account_query_warm,besu,EXTCODEHASH,presets[warm_account_access],,33,218.57998931173674,0.001,0.34069832575408354,0.3194305298106669,6.506565151459462e-05,0.001,2.4931525372108708e-05,9.919634787400672e-05,EXTCODEHASH,
test_ext_account_query_warm,erigon,EXTCODEHASH,presets[warm_account_access],,22,21.206670360161308,0.044,0.9938540370562836,0.9935467389090978,0.00035416102313670775,0.001,0.0003400375790527956,0.0003644488165418175,EXTCODEHASH,
test_ext_account_query_warm,ethrex,EXTCODEHASH,presets[warm_account_access],,44,7.390451081762508,0.004,0.7416316998344397,0.7354800736400215,1.5376400745489578e-05,0.001,1.231590394333462e-05,1.8621863307348677e-05,EXTCODEHASH,
test_ext_account_query_warm,geth,EXTCODEHASH,presets[warm_account_access],,44,25.60620651446399,0.001,0.8780988280650813,0.875196419209488,3.804803616272153e-05,0.001,3.352581204929556e-05,4.303475320321402e-05,EXTCODEHASH,
test_ext_account_query_warm,nethermind,EXTCODEHASH,presets[warm_account_access],,33,161.8685319907808,0.001,0.8662176530302974,0.8619020934506296,0.0002394293678864648,0.001,0.0002079388592902492,0.0002766879104635477,EXTCODEHASH,
test_ext_account_query_warm,reth,EXTCODEHASH,presets[warm_account_access],,44,11.854284981097699,0.001,0.39388220639388327,0.3794508303556424,1.3838094565190587e-05,0.001,1.0257109731620031e-05,1.794955175627278e-05,EXTCODEHASH,
test_ext_account_query_warm,besu,EXTCODESIZE,presets[warm_account_access],,33,114.46788824895832,0.001,0.33660990711528826,0.3152102266996524,0.00014265472107462707,0.001,8.538339124055432e-05,0.00020044786370957334,EXTCODESIZE,
test_ext_account_query_warm,erigon,EXTCODESIZE,presets[warm_account_access],,22,8.17608424603533,0.001,0.9682909099143695,0.966705455410088,4.7412424130534424e-05,0.001,4.387532480166815e-05,4.99251190701549e-05,EXTCODESIZE,
test_ext_account_query_warm,ethrex,EXTCODESIZE,presets[warm_account_access],,44,6.908298115440486,0.001,0.7069340683469656,0.6999563080695124,1.5040481121651854e-05,0.001,1.2291332931621045e-05,1.780218003570632e-05,EXTCODESIZE,
test_ext_account_query_warm,geth,EXTCODESIZE,presets[warm_account_access],,44,60.79850050000002,0.001,-2.220446049250313e-16,-0.023809523809523947,0.0,1.0,0.0,6.099440341569564e-06,EXTCODESIZE,
test_ext_account_query_warm,nethermind,EXTCODESIZE,presets[warm_account_access],,33,36.76095206845732,0.037,0.7549036637690522,0.7469973303422475,0.0002677241388291042,0.001,0.0002197850691592858,0.00031912034283450275,EXTCODESIZE,
test_ext_account_query_warm,reth,EXTCODESIZE,presets[warm_account_access],,44,10.029128719308307,0.001,0.1895341985669482,0.17023739377092317,7.117593027684912e-06,0.002,2.652405132366663e-06,1.1462607495549258e-05,EXTCODESIZE,
test_ext_account_query_warm,besu,STATICCALL,presets[warm_account_access],,33,564.7922992692664,0.001,0.7304487382522524,0.7217535362603896,0.0004072838007160689,0.001,0.0003197937151948459,0.0004854338613380996,STATICCALL,
test_ext_account_query_warm,erigon,STATICCALL,presets[warm_account_access],,22,27.711908564829095,0.152,0.9536942920616337,0.9513790066647154,0.0003572267001589496,0.001,0.0003214712589530474,0.00037931798312418905,STATICCALL,
test_ext_account_query_warm,ethrex,STATICCALL,presets[warm_account_access],,44,36.74363851546507,0.001,0.9432957618168325,0.9419456609077095,9.84846132571991e-05,0.001,9.133844856918914e-05,0.00010486142857903181,STATICCALL,
test_ext_account_query_warm,geth,STATICCALL,presets[warm_account_access],,44,42.1178933483819,0.001,0.9614029343613483,0.9604839566080471,0.00018400239678746663,0.001,0.00017205131487150796,0.000196046377057207,STATICCALL,
test_ext_account_query_warm,nethermind,STATICCALL,presets[warm_account_access],,33,213.34500162424354,0.001,0.9111705101580414,0.9083050427437847,0.0003552164908685144,0.001,0.000324044096362262,0.00039695428932094544,STATICCALL,
test_ext_account_query_warm,reth,STATICCALL,presets[warm_account_access],,44,27.695902608973096,0.001,0.9204978750612651,0.9186049673246286,5.518993341525208e-05,0.001,4.995277055154478e-05,5.957663114607258e-05,STATICCALL,
test_sload_bloated,besu,SLOAD,presets[cold_storage_sload],False,33,257.49969016379333,0.001,0.9884822304246822,0.9881106894706397,0.016153020857039152,0.001,0.015553530674116366,0.016750543455734714,,
test_sload_bloated,erigon,SLOAD,presets[cold_storage_sload],False,22,6.430057823844825,0.07,0.9982231515622366,0.9981343091403485,0.006479391535181014,0.001,0.006372379207526004,0.006582628052437681,,
test_sload_bloated,ethrex,SLOAD,presets[cold_storage_sload],False,44,0.0,1.0,0.9796100667796346,0.9791245921791497,0.00859189012649993,0.001,0.008315915125603467,0.00869656201011606,,
test_sload_bloated,geth,SLOAD,presets[cold_storage_sload],False,44,550.155094974989,0.001,0.9715062676707764,0.9708278454724616,0.021613908074724665,0.001,0.020382468292930576,0.022630068524698402,,
test_sload_bloated,nethermind,SLOAD,presets[cold_storage_sload],False,33,90.10240684707054,0.001,0.9868821850204456,0.9864590296985244,0.008633751480226689,0.001,0.008298936306857812,0.0089560342815947,,
test_sload_bloated,reth,SLOAD,presets[cold_storage_sload],False,44,89.87065462467267,0.001,0.9754610582034258,0.9748767976844597,0.004142697097503228,0.001,0.003980898572779922,0.004292403271663665,,
test_sload_bloated,besu,SLOAD,presets[cold_storage_sload],True,33,267.16208825536387,0.001,0.9870802886604554,0.9866635237785346,0.015912331218557407,0.001,0.0153091160886993,0.016595986790741746,,
test_sload_bloated,erigon,SLOAD,presets[cold_storage_sload],True,22,0.0,1.0,0.996664977759574,0.9964982266475526,0.006360351083440221,0.001,0.006304550057386512,0.006410305348909861,,
test_sload_bloated,ethrex,SLOAD,presets[cold_storage_sload],True,44,0.0,1.0,0.986564241908996,0.9862443429068293,0.013253977513536314,0.001,0.013095428836440893,0.013406181305395747,,
test_sload_bloated,geth,SLOAD,presets[cold_storage_sload],True,44,572.5125172532341,0.001,0.9759277211181077,0.9753545716209198,0.020378630075978607,0.001,0.01916611515206104,0.021298666163547086,,
test_sload_bloated,nethermind,SLOAD,presets[cold_storage_sload],True,33,41.18890839928499,0.001,0.985798861823832,0.9853407605923428,0.008976827060155424,0.001,0.008552873421986466,0.009335092869390051,,
test_sload_bloated,reth,SLOAD,presets[cold_storage_sload],True,44,98.91535920366195,0.001,0.9819529240067572,0.9815232317212037,0.004062829726443296,0.001,0.0038742177502957297,0.00423100327040142,,
test_sload_same_key_benchmark,besu,SLOAD,presets[warm_storage_access_sload],,66,143.20853703804283,0.001,0.2539001037580719,0.24224229287929178,5.662031813568023e-05,0.001,3.5575044749099456e-05,7.742011737112599e-05,,
test_sload_same_key_benchmark,erigon,SLOAD,presets[warm_storage_access_sload],,44,10.685206770480312,0.001,0.976172960754011,0.9756056502957732,5.338162668556378e-05,0.001,5.099037663281138e-05,5.5553597885693924e-05,,
test_sload_same_key_benchmark,ethrex,SLOAD,presets[warm_storage_access_sload],,88,20.797793282530563,0.001,0.7588940578661545,0.7560905003994819,2.2479347922131595e-05,0.001,1.9873720316178694e-05,2.531768652657158e-05,,
test_sload_same_key_benchmark,geth,SLOAD,presets[warm_storage_access_sload],,88,21.687442390314516,0.001,0.9257554446736218,0.9248921358907569,4.674931512601478e-05,0.001,4.4057099143176675e-05,4.9068135132557845e-05,,
test_sload_same_key_benchmark,nethermind,SLOAD,presets[warm_storage_access_sload],,66,101.42431300073811,0.001,0.6284548365318338,0.6226494433526437,0.00014599084005362554,0.001,0.00011790963832001934,0.00018280261636760735,,
test_sload_same_key_benchmark,reth,SLOAD,presets[warm_storage_access_sload],,88,10.35680696389741,0.001,0.5770033178154979,0.572084751743585,7.65881538858226e-06,0.001,6.250132084661692e-06,8.95276629666477e-06,,
test_sstore_bloated,besu,SSTORE,presets[cold_storage_sstore_access],False,33,401.1891351519833,0.001,0.930239299869818,0.9279889547043283,0.016699919985481964,0.001,0.015317505794600495,0.017933741909041106,,
test_sstore_bloated,besu,SSTORE,presets[cold_storage_sstore_write],False,33,83.25595389203127,0.001,0.9431381999521367,0.9413039483376895,0.1346606370971099,0.001,0.12252366723087868,0.1453586782097773,,
test_sstore_bloated,erigon,SSTORE,presets[cold_storage_sstore_access],False,22,8.438248541947507,0.037,0.998018564631706,0.9979194928632913,0.006620170154959281,0.001,0.006496651612928485,0.006742779426117465,,
test_sstore_bloated,erigon,SSTORE,presets[cold_storage_sstore_write],False,22,156.66653536878076,0.001,0.9965007264323569,0.9963257627539748,0.22572904520942094,0.001,0.21913485774565294,0.2312406827724899,,
test_sstore_bloated,ethrex,SSTORE,presets[cold_storage_sstore_access],False,44,0.0,1.0,0.9689571015722851,0.9682179849430538,0.008389263134749934,0.001,0.008183500958437246,0.008546318346241158,,
test_sstore_bloated,ethrex,SSTORE,presets[cold_storage_sstore_write],False,44,833.3142045681818,0.001,0.0,-0.023809523809523725,0.0,1.0,0.0,0.0,,
test_sstore_bloated,geth,SSTORE,presets[cold_storage_sstore_access],False,44,572.9277797086621,0.001,0.9725770049599888,0.9719240765066551,0.021458361709110287,0.001,0.020228012094147176,0.02252950059638422,,
test_sstore_bloated,geth,SSTORE,presets[cold_storage_sstore_write],False,44,159.26155363119244,0.001,0.8879366348097665,0.8852684594480943,0.14025906578556613,0.001,0.12497977116974997,0.15440356301270913,,
test_sstore_bloated,nethermind,SSTORE,presets[cold_storage_sstore_access],False,33,59.080368856622776,0.001,0.9716571468544201,0.9707428612690788,0.009053376404701803,0.001,0.00858049867972072,0.009539591789602607,,
test_sstore_bloated,nethermind,SSTORE,presets[cold_storage_sstore_write],False,33,53.884772475466356,0.001,0.9706144491433734,0.9696665281479983,0.07543561979139216,0.001,0.07128610352186725,0.07933526343350744,,
test_sstore_bloated,reth,SSTORE,presets[cold_storage_sstore_access],False,44,89.04177744846658,0.001,0.9878532039664882,0.987563994537119,0.004154422258438438,0.001,0.003997614617006888,0.0043081413849744045,,
test_sstore_bloated,reth,SSTORE,presets[cold_storage_sstore_write],False,44,49.74175686444724,0.001,0.9244646154165582,0.9226661538788572,0.04282373789045414,0.001,0.039519575871787484,0.045985654555861635,,
test_sstore_bloated,besu,SSTORE,presets[cold_storage_sstore_access],True,33,353.2770218914917,0.001,0.8764899567825699,0.8725057618400722,0.017537074375007258,0.001,0.015586707267605027,0.019998838347739616,,
test_sstore_bloated,besu,SSTORE,presets[cold_storage_sstore_write],True,33,331.2705766743492,0.001,0.9845115427722496,0.9840119151197415,0.09198464266812767,0.001,0.08808210705351564,0.09545024763010207,,
test_sstore_bloated,erigon,SSTORE,presets[cold_storage_sstore_access],True,22,1.0620899884654442,0.385,0.9972715971363663,0.9971351769931845,0.006412191965891347,0.001,0.006279148374424339,0.006447762209160975,,
test_sstore_bloated,erigon,SSTORE,presets[cold_storage_sstore_write],True,22,528.7301886291411,0.001,0.99825715462676,0.998170012358098,0.13894449646605322,0.001,0.13595100988473827,0.14242812644533762,,
test_sstore_bloated,ethrex,SSTORE,presets[cold_storage_sstore_access],True,44,0.0,1.0,0.9864674440728833,0.9861452403603329,0.013052895181513325,0.001,0.012888433223437773,0.013231899005813785,,
test_sstore_bloated,ethrex,SSTORE,presets[cold_storage_sstore_write],True,44,719.9453820430699,0.001,0.22015087926026933,0.20158304305218044,0.009236819569734163,0.001,0.004901416078013133,0.012705993316010626,,
test_sstore_bloated,geth,SSTORE,presets[cold_storage_sstore_access],True,44,557.4387469139493,0.001,0.9799439645682826,0.9794664399151465,0.020805116576730714,0.001,0.0196074663218894,0.021802764403991624,,
test_sstore_bloated,geth,SSTORE,presets[cold_storage_sstore_write],True,44,501.9782288650529,0.001,0.993591609535531,0.9934390288101865,0.09123656899970574,0.001,0.08912839113120069,0.09331728154528025,,
test_sstore_bloated,nethermind,SSTORE,presets[cold_storage_sstore_access],True,33,20.30594946031341,0.042,0.9849649121964464,0.9844799093640737,0.00899974354475322,0.001,0.008664954331711714,0.009347862224840629,,
test_sstore_bloated,nethermind,SSTORE,presets[cold_storage_sstore_write],True,33,158.24281328658137,0.001,0.9900420609926963,0.989720837153751,0.05907029620966096,0.001,0.05686689609204132,0.06146599851172451,,
test_sstore_bloated,reth,SSTORE,presets[cold_storage_sstore_access],True,44,90.85369704516869,0.001,0.9833171565975248,0.9829199460403231,0.004184937254172437,0.001,0.0040162998662950115,0.004342624778732214,,
test_sstore_bloated,reth,SSTORE,presets[cold_storage_sstore_write],True,44,120.76154613942147,0.001,0.9830084206486082,0.9826038592354798,0.02790810883673636,0.001,0.02668360005769544,0.02906120275168744,,
