gas_param,client_name,runtime_ms,pvalue,conf_int_low,conf_int_high,test_name,target_opcode,model_coef_name,source_label,glue_adjustment,rsquared,rsquared_adj,param_account_mode,param_existing_slots,param_opcode,new_gas_decimal,new_gas_rounded,poor_fit,is_winner,selected_test,selected_opcode,selected_model_coef_name
COLD_STORAGE_ACCESS,besu,0.011557358039774243,0.001,0.010930097851217808,0.012185486939147155,test_sload_bloated,SLOAD,target_coef,presets[cold_storage_sload],0.00010732427863866304,0.9770112687985811,0.9764639180556902,,False,,1155.7358039774242,1156,False,False,test_sload_bloated,SLOAD,target_coef
COLD_STORAGE_ACCESS,besu,0.02141806862712851,0.001,0.0208737771176543,0.022011093020855233,test_sload_bloated,SLOAD,target_coef,presets[cold_storage_sload],0.00010732427863866304,0.9855691060762773,0.9852255133638077,,True,,2141.8068627128514,2142,False,False,test_sload_bloated,SLOAD,target_coef
COLD_STORAGE_ACCESS,besu,0.020646022234005038,0.001,0.019364257089346363,0.02216203075749935,test_sstore_bloated,SSTORE,target_coef,presets[cold_storage_sstore_access],0.0001989851495405353,0.9661287497245558,0.9653222913846642,,False,,2064.602223400504,2065,False,False,test_sstore_bloated,SSTORE,target_coef
COLD_STORAGE_ACCESS,besu,0.028938041687498105,0.001,0.02779153432247217,0.030141873798302788,test_sstore_bloated,SSTORE,target_coef,presets[cold_storage_sstore_access],0.00019793146138560042,0.9878839110581435,0.987595432750004,,True,,2893.8041687498107,2894,False,True,test_sstore_bloated,SSTORE,target_coef
COLD_STORAGE_ACCESS,erigon,0.0035731868888004836,0.001,0.0034537733257521044,0.003673002588432934,test_sload_bloated,SLOAD,target_coef,presets[cold_storage_sload],3.2340248183650896e-05,0.9912043815191339,0.9909206518907189,,False,,357.31868888004834,358,False,False,test_sload_bloated,SLOAD,target_coef
COLD_STORAGE_ACCESS,erigon,0.003832097992042957,0.001,0.003744864273561969,0.003909034166156929,test_sload_bloated,SLOAD,target_coef,presets[cold_storage_sload],3.2340248183650896e-05,0.9975075367895742,0.9974271347505281,,True,,383.2097992042957,384,False,False,test_sload_bloated,SLOAD,target_coef
COLD_STORAGE_ACCESS,erigon,0.0035146766198702597,0.001,0.0034016147527603582,0.003624888700040362,test_sstore_bloated,SSTORE,target_coef,presets[cold_storage_sstore_access],6.59677960292416e-05,0.990900887804124,0.9906073680558699,,False,,351.46766198702596,352,False,False,test_sstore_bloated,SSTORE,target_coef
COLD_STORAGE_ACCESS,erigon,0.0038386484302158014,0.001,0.003791273253178061,0.0038907387076506624,test_sstore_bloated,SSTORE,target_coef,presets[cold_storage_sstore_access],6.498622205072362e-05,0.9980122553982311,0.9979481346046257,,True,,383.86484302158016,384,False,True,test_sstore_bloated,SSTORE,target_coef
COLD_STORAGE_ACCESS,ethrex,0.0018684293992086473,0.001,0.001748057559388143,0.0019755613473941133,test_sload_bloated,SLOAD,target_coef,presets[cold_storage_sload],1.251579972253028e-05,0.9794110227556657,0.9787468621993969,,False,,186.84293992086475,187,False,False,test_sload_bloated,SLOAD,target_coef
COLD_STORAGE_ACCESS,ethrex,0.00731127150052002,0.001,0.00721077862142503,0.0074000314704465095,test_sload_bloated,SLOAD,target_coef,presets[cold_storage_sload],1.251579972253028e-05,0.9980924049511666,0.9980308696270107,,True,,731.127150052002,732,False,False,test_sload_bloated,SLOAD,target_coef
COLD_STORAGE_ACCESS,ethrex,0.0019062362927796052,0.001,0.0018559366213534078,0.0019740945392116953,test_sstore_bloated,SSTORE,target_coef,presets[cold_storage_sstore_access],2.4891632190401783e-05,0.9898350081302373,0.9895071051666966,,False,,190.6236292779605,191,False,False,test_sstore_bloated,SSTORE,target_coef
COLD_STORAGE_ACCESS,ethrex,0.007354120201967332,0.001,0.00726488180931844,0.007433363284109423,test_sstore_bloated,SSTORE,target_coef,presets[cold_storage_sstore_access],2.4769261500449197e-05,0.9989383489347032,0.9989041021261452,,True,,735.4120201967332,736,False,True,test_sstore_bloated,SSTORE,target_coef
COLD_STORAGE_ACCESS,geth,0.021966572961842144,0.001,0.02071417818567689,0.023037928643199458,test_sload_bloated,SLOAD,target_coef,presets[cold_storage_sload],3.6287244432375883e-05,0.9748063462573969,0.9742064973587635,,False,,2196.6572961842144,2197,False,False,test_sload_bloated,SLOAD,target_coef
COLD_STORAGE_ACCESS,geth,0.022008078893325757,0.001,0.021032609351051126,0.022784546251631774,test_sload_bloated,SLOAD,target_coef,presets[cold_storage_sload],3.6287244432375883e-05,0.9839099088292802,0.9835268114204535,,True,,2200.8078893325755,2201,False,False,test_sload_bloated,SLOAD,target_coef
COLD_STORAGE_ACCESS,geth,0.02231874127446877,0.001,0.021142286155296293,0.02337959419807741,test_sstore_bloated,SSTORE,target_coef,presets[cold_storage_sstore_access],7.286294198218302e-05,0.9771344405690462,0.9765900224873568,,False,,2231.8741274468766,2232,False,True,test_sstore_bloated,SSTORE,target_coef
COLD_STORAGE_ACCESS,geth,0.021850332456440174,0.001,0.02094225177817394,0.02257717892746825,test_sstore_bloated,SSTORE,target_coef,presets[cold_storage_sstore_access],7.169772765928466e-05,0.9852533831416843,0.9849022732164863,,True,,2185.0332456440174,2186,False,False,test_sstore_bloated,SSTORE,target_coef
COLD_STORAGE_ACCESS,nethermind,0.0025902037596693584,0.001,0.0021529485928293932,0.0031680784365279435,test_sload_bloated,SLOAD,target_coef,presets[cold_storage_sload],1.2106651528393377e-05,0.8016214142232296,0.7952221050046242,,False,,259.02037596693583,260,False,False,test_sload_bloated,SLOAD,target_coef
COLD_STORAGE_ACCESS,nethermind,0.007636625508200773,0.001,0.007157707797450041,0.00814687963089223,test_sload_bloated,SLOAD,target_coef,presets[cold_storage_sload],1.2106651528393377e-05,0.9637727548788122,0.9626041340684512,,True,,763.6625508200773,764,False,True,test_sload_bloated,SLOAD,target_coef
COLD_STORAGE_ACCESS,nethermind,0.002552078605527789,0.001,0.002216724516102401,0.002932410514599122,test_sstore_bloated,SSTORE,target_coef,presets[cold_storage_sstore_access],2.17341137525724e-05,0.8663471787955055,0.8620357974663282,,False,,255.2078605527789,256,False,False,test_sstore_bloated,SSTORE,target_coef
COLD_STORAGE_ACCESS,nethermind,0.0074477935409928845,0.001,0.006937114029792869,0.007990583020194989,test_sstore_bloated,SSTORE,target_coef,presets[cold_storage_sstore_access],2.146528962186068e-05,0.9495133426698386,0.9478847408204785,,True,,744.7793540992884,745,False,False,test_sstore_bloated,SSTORE,target_coef
COLD_STORAGE_ACCESS,reth,0.005259576412201066,0.001,0.005014157213038673,0.0055453591262479675,test_sload_bloated,SLOAD,target_coef,presets[cold_storage_sload],1.1460536062250598e-05,0.9874994818848156,0.9868744559790564,,False,,525.9576412201067,526,False,False,test_sload_bloated,SLOAD,target_coef
COLD_STORAGE_ACCESS,reth,0.005467084171861717,0.001,0.005229752796527137,0.005778744611617431,test_sload_bloated,SLOAD,target_coef,presets[cold_storage_sload],1.1460536062250598e-05,0.9878838997349672,0.9872780947217155,,True,,546.7084171861718,547,False,True,test_sload_bloated,SLOAD,target_coef
COLD_STORAGE_ACCESS,reth,0.005266078087055881,0.001,0.005072045255928076,0.005482282767733774,test_sstore_bloated,SSTORE,target_coef,presets[cold_storage_sstore_access],2.4875721213722734e-05,0.9932595282413169,0.9929225046533827,,False,,526.6078087055881,527,False,False,test_sstore_bloated,SSTORE,target_coef
COLD_STORAGE_ACCESS,reth,0.005353285334021246,0.001,0.0051622337037019244,0.005542616980048994,test_sstore_bloated,SSTORE,target_coef,presets[cold_storage_sstore_access],2.476715705199685e-05,0.9930710099936032,0.9927245604932834,,True,,535.3285334021245,536,False,False,test_sstore_bloated,SSTORE,target_coef
COLD_STORAGE_WRITE,besu,0.14678180213628875,0.001,0.13317071230720767,0.16065322707609941,test_sstore_bloated,SSTORE,target_coef,presets[cold_storage_sstore_write],0.0001989851495405353,0.905520972029891,0.903271471363936,,False,,14678.180213628875,14679,False,True,test_sstore_bloated,SSTORE,target_coef
COLD_STORAGE_WRITE,besu,0.0849190207751092,0.001,0.08089195732052652,0.08924609402169031,test_sstore_bloated,SSTORE,target_coef,presets[cold_storage_sstore_write],0.00019793146138560042,0.9739638626956035,0.9733439546645465,,True,,8491.90207751092,8492,False,False,test_sstore_bloated,SSTORE,target_coef
COLD_STORAGE_WRITE,erigon,0.16738179135846967,0.001,0.16417735369178246,0.16994201981303164,test_sstore_bloated,SSTORE,target_coef,presets[cold_storage_sstore_write],6.59677960292416e-05,0.9970179088868232,0.9969217123993014,,False,,16738.179135846967,16739,False,True,test_sstore_bloated,SSTORE,target_coef
COLD_STORAGE_WRITE,erigon,0.11100364546290317,0.001,0.10988382029998336,0.11218434927729472,test_sstore_bloated,SSTORE,target_coef,presets[cold_storage_sstore_write],6.498622205072362e-05,0.9992721148759534,0.9992486347106615,,True,,11100.364546290317,11101,False,False,test_sstore_bloated,SSTORE,target_coef
COLD_STORAGE_WRITE,ethrex,0.0,1.0,0.0,0.0,test_sstore_bloated,SSTORE,target_coef,presets[cold_storage_sstore_write],2.4891632190401783e-05,0.0,-0.032258064516129004,,False,,0.0,0,True,False,test_sstore_bloated,SSTORE,target_coef
COLD_STORAGE_WRITE,ethrex,0.024424948462031547,0.001,0.020806923523621162,0.026666680549008722,test_sstore_bloated,SSTORE,target_coef,presets[cold_storage_sstore_write],2.4769261500449197e-05,0.8545234734819291,0.8498306823039269,,True,,2442.494846203155,2443,False,True,test_sstore_bloated,SSTORE,target_coef
COLD_STORAGE_WRITE,geth,0.13850925741496475,0.001,0.12970658789682704,0.14823431795026645,test_sstore_bloated,SSTORE,target_coef,presets[cold_storage_sstore_write],7.286294198218302e-05,0.950704895188111,0.9495312022163993,,False,,13850.925741496476,13851,False,True,test_sstore_bloated,SSTORE,target_coef
COLD_STORAGE_WRITE,geth,0.11232180865886927,0.001,0.10971605756525035,0.11500209328751203,test_sstore_bloated,SSTORE,target_coef,presets[cold_storage_sstore_write],7.169772765928466e-05,0.9928797484513291,0.9927102186525512,,True,,11232.180865886927,11233,False,False,test_sstore_bloated,SSTORE,target_coef
COLD_STORAGE_WRITE,nethermind,0.05180424828986093,0.001,0.03625790197851849,0.0670140773337997,test_sstore_bloated,SSTORE,target_coef,presets[cold_storage_sstore_write],2.17341137525724e-05,0.6195015650561053,0.6072274219933991,,False,,5180.424828986093,5181,False,True,test_sstore_bloated,SSTORE,target_coef
COLD_STORAGE_WRITE,nethermind,0.04513552377111099,0.001,0.041503680987790906,0.04923753442320263,test_sstore_bloated,SSTORE,target_coef,presets[cold_storage_sstore_write],2.146528962186068e-05,0.9329786502004268,0.9308166711746342,,True,,4513.552377111098,4514,False,False,test_sstore_bloated,SSTORE,target_coef
COLD_STORAGE_WRITE,reth,0.11473028880702173,0.001,0.11098699042335516,0.11829150009141078,test_sstore_bloated,SSTORE,target_coef,presets[cold_storage_sstore_write],2.4875721213722734e-05,0.9962103758752606,0.9960208946690237,,False,,11473.028880702173,11474,False,True,test_sstore_bloated,SSTORE,target_coef
COLD_STORAGE_WRITE,reth,0.09727635703020288,0.001,0.09581223583985553,0.0987703523371986,test_sstore_bloated,SSTORE,target_coef,presets[cold_storage_sstore_write],2.476715705199685e-05,0.9986123215541954,0.9985429376319052,,True,,9727.635703020287,9728,False,False,test_sstore_bloated,SSTORE,target_coef
WARM_ACCESS,besu,0.00016004755930901012,0.001,0.0001280754165866268,0.0001952610590502993,test_ext_account_query_warm,BALANCE,target_coef,presets[warm_account_access],1.644976282156696e-05,0.6854961680746101,0.678007981600196,,,BALANCE,16.004755930901013,17,False,False,test_ext_account_query_warm,BALANCE,target_coef
WARM_ACCESS,besu,0.0009584724337728218,0.001,0.0008436181738413431,0.0010532656056566436,test_ext_account_query_warm,CALL,target_coef,presets[warm_account_access],3.7730205955815526e-05,0.9300936610125665,0.9284292243700085,,,CALL,95.84724337728218,96,False,True,test_ext_account_query_warm,CALL,target_coef
WARM_ACCESS,besu,0.00083640195547745,0.001,0.0007241493562734126,0.0009375917245646049,test_ext_account_query_warm,CALLCODE,target_coef,presets[warm_account_access],3.7730205955815526e-05,0.880002595134694,0.8771455140664725,,,CALLCODE,83.64019554774501,84,False,False,test_ext_account_query_warm,CALLCODE,target_coef
WARM_ACCESS,besu,0.0007773148348294533,0.001,0.0006598687608075209,0.0008557570307754956,test_ext_account_query_warm,DELEGATECALL,target_coef,presets[warm_account_access],3.429527700713135e-05,0.805154798420759,0.8005156269545866,,,DELEGATECALL,77.73148348294534,78,False,False,test_ext_account_query_warm,DELEGATECALL,target_coef
WARM_ACCESS,besu,0.00015503446446701045,0.001,0.00012640851954591958,0.00018757676980781773,test_ext_account_query_warm,EXTCODEHASH,target_coef,presets[warm_account_access],1.644976282156696e-05,0.6752377869896664,0.6675053533465632,,,EXTCODEHASH,15.503446446701044,16,False,False,test_ext_account_query_warm,EXTCODEHASH,target_coef
WARM_ACCESS,besu,0.00021718736614858357,0.001,0.00015781380848487226,0.0002834732438593574,test_ext_account_query_warm,EXTCODESIZE,target_coef,presets[warm_account_access],1.6449816460851992e-05,0.5816582715894403,0.5716977542463317,,,EXTCODESIZE,21.718736614858358,22,False,False,test_ext_account_query_warm,EXTCODESIZE,target_coef
WARM_ACCESS,besu,0.0007349002211931376,0.001,0.0006292997095854714,0.0008378599448343246,test_ext_account_query_warm,STATICCALL,target_coef,presets[warm_account_access],3.429527700713135e-05,0.8253098660951238,0.8211505771926267,,,STATICCALL,73.49002211931375,74,False,False,test_ext_account_query_warm,STATICCALL,target_coef
WARM_ACCESS,besu,0.00027385513443029734,0.001,0.0001778305231583339,0.00036240369290968023,test_sload_same_key_benchmark,SLOAD,target_coef,presets[warm_storage_access_sload],0.0,0.3217697557794015,0.3138833575907899,,,,27.385513443029733,28,True,False,test_sload_same_key_benchmark,SLOAD,target_coef
WARM_ACCESS,erigon,1.3271921073485295e-05,0.001,9.839642485877553e-06,1.652228893771913e-05,test_ext_account_query_warm,BALANCE,target_coef,presets[warm_account_access],8.514701193838214e-06,0.8628071462532602,0.858381570325946,,,BALANCE,1.3271921073485295,2,False,False,test_ext_account_query_warm,BALANCE,target_coef
WARM_ACCESS,erigon,8.565532032543988e-05,0.001,7.953834011317675e-05,9.211550049623549e-05,test_ext_account_query_warm,CALL,target_coef,presets[warm_account_access],2.5071757164359332e-05,0.9727365903297863,0.9718571255017149,,,CALL,8.565532032543988,9,False,True,test_ext_account_query_warm,CALL,target_coef
WARM_ACCESS,erigon,5.277761479970469e-05,0.001,4.9392554592449754e-05,5.636123605179776e-05,test_ext_account_query_warm,CALLCODE,target_coef,presets[warm_account_access],2.5071757164359332e-05,0.9829700277426572,0.9824206737988719,,,CALLCODE,5.277761479970469,6,False,False,test_ext_account_query_warm,CALLCODE,target_coef
WARM_ACCESS,erigon,4.461747500345479e-05,0.001,4.114459573884966e-05,4.8092352015019455e-05,test_ext_account_query_warm,DELEGATECALL,target_coef,presets[warm_account_access],2.2085322643960678e-05,0.9805647513921678,0.9799378078886893,,,DELEGATECALL,4.46174750034548,5,False,False,test_ext_account_query_warm,DELEGATECALL,target_coef
WARM_ACCESS,erigon,2.9760310606254353e-05,0.001,2.6605678771818327e-05,3.290135745031671e-05,test_ext_account_query_warm,EXTCODEHASH,target_coef,presets[warm_account_access],8.514701193838214e-06,0.936203812518729,0.934145870987075,,,EXTCODEHASH,2.976031060625435,3,False,False,test_ext_account_query_warm,EXTCODEHASH,target_coef
WARM_ACCESS,erigon,1.3289550860063111e-05,0.001,1.0595308698407846e-05,1.573591306900378e-05,test_ext_account_query_warm,EXTCODESIZE,target_coef,presets[warm_account_access],8.51474782950808e-06,0.9275651407294809,0.9252285323659158,,,EXTCODESIZE,1.328955086006311,2,False,False,test_ext_account_query_warm,EXTCODESIZE,target_coef
WARM_ACCESS,erigon,6.070609408266807e-05,0.001,5.646440364084982e-05,6.56974347828954e-05,test_ext_account_query_warm,STATICCALL,target_coef,presets[warm_account_access],2.2085322643960678e-05,0.9736187487702729,0.9727677406660882,,,STATICCALL,6.070609408266807,7,False,False,test_ext_account_query_warm,STATICCALL,target_coef
WARM_ACCESS,erigon,2.322913919465286e-05,0.001,2.1656301928355497e-05,2.4585940909356175e-05,test_sload_same_key_benchmark,SLOAD,target_coef,presets[warm_storage_access_sload],0.0,0.9324705008208959,0.9314153523962224,,,,2.3229139194652864,3,False,False,test_sload_same_key_benchmark,SLOAD,target_coef
WARM_ACCESS,ethrex,1.6447342427134618e-05,0.001,1.372426537667934e-05,1.9533254414066197e-05,test_ext_account_query_warm,BALANCE,target_coef,presets[warm_account_access],2.5250804654729696e-06,0.8513234708379511,0.8465274537682076,,,BALANCE,1.6447342427134617,2,False,False,test_ext_account_query_warm,BALANCE,target_coef
WARM_ACCESS,ethrex,0.0001218512385638242,0.001,0.00011313408560948943,0.0001306414189720649,test_ext_account_query_warm,CALL,target_coef,presets[warm_account_access],7.4696593700109306e-06,0.9679213480440169,0.9668865528196303,,,CALL,12.185123856382418,13,False,True,test_ext_account_query_warm,CALL,target_coef
WARM_ACCESS,ethrex,0.00012152786560852329,0.001,0.00011402329752867401,0.00012856842300227106,test_ext_account_query_warm,CALLCODE,target_coef,presets[warm_account_access],7.4696593700109306e-06,0.9689936786940363,0.9679934747809407,,,CALLCODE,12.152786560852327,13,False,False,test_ext_account_query_warm,CALLCODE,target_coef
WARM_ACCESS,ethrex,0.00011679516460670664,0.001,0.00010856291499463963,0.00012558330136752872,test_ext_account_query_warm,DELEGATECALL,target_coef,presets[warm_account_access],6.621623558502731e-06,0.9678288128265209,0.9667910325951183,,,DELEGATECALL,11.679516460670664,12,False,False,test_ext_account_query_warm,DELEGATECALL,target_coef
WARM_ACCESS,ethrex,1.7867293237532933e-05,0.001,1.6412445671108103e-05,1.9419002556328858e-05,test_ext_account_query_warm,EXTCODEHASH,target_coef,presets[warm_account_access],2.5250804654729696e-06,0.9456289029840587,0.9438749966287057,,,EXTCODEHASH,1.7867293237532933,2,False,False,test_ext_account_query_warm,EXTCODEHASH,target_coef
WARM_ACCESS,ethrex,1.9865095922472243e-05,0.001,1.7181065230597606e-05,2.3300443525596238e-05,test_ext_account_query_warm,EXTCODESIZE,target_coef,presets[warm_account_access],2.525093708260605e-06,0.7934205586802783,0.7867567057344809,,,EXTCODESIZE,1.9865095922472242,2,False,False,test_ext_account_query_warm,EXTCODESIZE,target_coef
WARM_ACCESS,ethrex,0.00011431888617179164,0.001,0.00010594222973528281,0.00012340386959656436,test_ext_account_query_warm,STATICCALL,target_coef,presets[warm_account_access],6.621623558502731e-06,0.9665988608252876,0.9655214047228775,,,STATICCALL,11.431888617179164,12,False,False,test_ext_account_query_warm,STATICCALL,target_coef
WARM_ACCESS,ethrex,3.250972465118976e-05,0.001,2.9755258924479563e-05,3.54149028131823e-05,test_sload_same_key_benchmark,SLOAD,target_coef,presets[warm_storage_access_sload],0.0,0.9103536947386497,0.908952971218941,,,,3.2509724651189758,4,False,False,test_sload_same_key_benchmark,SLOAD,target_coef
WARM_ACCESS,geth,3.843040600647467e-05,0.001,3.3525542816627965e-05,4.269693365451513e-05,test_ext_account_query_warm,BALANCE,target_coef,presets[warm_account_access],8.846428891348754e-06,0.8838297374712583,0.8810637788396216,,,BALANCE,3.843040600647467,4,False,False,test_ext_account_query_warm,BALANCE,target_coef
WARM_ACCESS,geth,0.0001662739744893588,0.001,0.00014883092045734893,0.00018423451545427914,test_ext_account_query_warm,CALL,target_coef,presets[warm_account_access],2.6359052436819294e-05,0.928824529914721,0.9271298758650715,,,CALL,16.62739744893588,17,False,False,test_ext_account_query_warm,CALL,target_coef
WARM_ACCESS,geth,0.00019566799155203079,0.001,0.00017649910812732512,0.00021242491532011846,test_ext_account_query_warm,CALLCODE,target_coef,presets[warm_account_access],2.6359052436819294e-05,0.9450081713182166,0.9436988420638884,,,CALLCODE,19.56679915520308,20,False,False,test_ext_account_query_warm,CALLCODE,target_coef
WARM_ACCESS,geth,0.00018413520246089236,0.001,0.00016874868078324415,0.00019834374149433798,test_ext_account_query_warm,DELEGATECALL,target_coef,presets[warm_account_access],2.3205978453101008e-05,0.9373106217743845,0.9358180175309174,,,DELEGATECALL,18.413520246089234,19,False,False,test_ext_account_query_warm,DELEGATECALL,target_coef
WARM_ACCESS,geth,4.937809507981644e-05,0.001,4.271270728462185e-05,5.5023584760581874e-05,test_ext_account_query_warm,EXTCODEHASH,target_coef,presets[warm_account_access],8.846428891348754e-06,0.9067605965049653,0.9045406107074645,,,EXTCODEHASH,4.937809507981644,5,False,False,test_ext_account_query_warm,EXTCODEHASH,target_coef
WARM_ACCESS,geth,4.188049988700282e-05,0.001,3.658434861102685e-05,4.656217886300749e-05,test_ext_account_query_warm,EXTCODESIZE,target_coef,presets[warm_account_access],8.846478129233049e-06,0.8592121943198179,0.855860103708385,,,EXTCODESIZE,4.188049988700283,5,False,False,test_ext_account_query_warm,EXTCODESIZE,target_coef
WARM_ACCESS,geth,0.00022707030398009417,0.001,0.00020947366212490108,0.0002424971311510881,test_ext_account_query_warm,STATICCALL,target_coef,presets[warm_account_access],2.3205978453101008e-05,0.9383046447496785,0.9368357077199089,,,STATICCALL,22.70703039800942,23,False,True,test_ext_account_query_warm,STATICCALL,target_coef
WARM_ACCESS,geth,7.307380099585105e-05,0.001,6.652390720298698e-05,7.946498349221926e-05,test_sload_same_key_benchmark,SLOAD,target_coef,presets[warm_storage_access_sload],0.0,0.880695424667565,0.8793081621636994,,,,7.307380099585105,8,False,False,test_sload_same_key_benchmark,SLOAD,target_coef
WARM_ACCESS,nethermind,6.765077704388441e-05,0.001,5.806592705182223e-05,7.763607321156382e-05,test_ext_account_query_warm,BALANCE,target_coef,presets[warm_account_access],2.967164581535403e-06,0.866574469762213,0.8622704203997037,,,BALANCE,6.765077704388442,7,False,False,test_ext_account_query_warm,BALANCE,target_coef
WARM_ACCESS,nethermind,0.0001317720401214873,0.001,0.0001015154074427257,0.0001605042701704594,test_ext_account_query_warm,CALL,target_coef,presets[warm_account_access],7.209097681614542e-06,0.6912879283358371,0.6813294744111866,,,CALL,13.17720401214873,14,False,False,test_ext_account_query_warm,CALL,target_coef
WARM_ACCESS,nethermind,9.270278538313336e-05,0.001,7.138293672690087e-05,0.00011458518460455097,test_ext_account_query_warm,CALLCODE,target_coef,presets[warm_account_access],7.209097681614542e-06,0.7361094034594353,0.7275968035710301,,,CALLCODE,9.270278538313336,10,False,False,test_ext_account_query_warm,CALLCODE,target_coef
WARM_ACCESS,nethermind,0.00031608237957870427,0.001,0.0002837124652301719,0.0003513406481398884,test_ext_account_query_warm,DELEGATECALL,target_coef,presets[warm_account_access],6.471622614029316e-06,0.9124172660238477,0.909592016540746,,,DELEGATECALL,31.60823795787043,32,False,True,test_ext_account_query_warm,DELEGATECALL,target_coef
WARM_ACCESS,nethermind,0.00012039970127084246,0.001,9.863577140363482e-05,0.00014497968958473471,test_ext_account_query_warm,EXTCODEHASH,target_coef,presets[warm_account_access],2.967164581535403e-06,0.7521363839933741,0.7441407834770313,,,EXTCODEHASH,12.039970127084246,13,False,False,test_ext_account_query_warm,EXTCODEHASH,target_coef
WARM_ACCESS,nethermind,0.00010364057441372598,0.001,8.409113609471344e-05,0.0001203734234459557,test_ext_account_query_warm,EXTCODESIZE,target_coef,presets[warm_account_access],2.967176097824661e-06,0.7890804164178238,0.7822765588829148,,,EXTCODESIZE,10.364057441372598,11,False,False,test_ext_account_query_warm,EXTCODESIZE,target_coef
WARM_ACCESS,nethermind,0.0001157863854172876,0.001,9.041742111818318e-05,0.00013469164874922848,test_ext_account_query_warm,STATICCALL,target_coef,presets[warm_account_access],6.471622614029316e-06,0.7390108671372997,0.7305918628514061,,,STATICCALL,11.57863854172876,12,False,False,test_ext_account_query_warm,STATICCALL,target_coef
WARM_ACCESS,nethermind,6.969599675527565e-05,0.001,6.070914746647089e-05,7.995786617639071e-05,test_sload_same_key_benchmark,SLOAD,target_coef,presets[warm_storage_access_sload],0.0,0.7125531674157211,0.7080618106565917,,,,6.969599675527565,7,False,False,test_sload_same_key_benchmark,SLOAD,target_coef
WARM_ACCESS,reth,1.3472334283479989e-05,0.001,1.233622737597694e-05,1.4720128624255098e-05,test_ext_account_query_warm,BALANCE,target_coef,presets[warm_account_access],2.7950599032806627e-06,0.9592088297622049,0.9571692712503151,,,BALANCE,1.3472334283479988,2,False,False,test_ext_account_query_warm,BALANCE,target_coef
WARM_ACCESS,reth,6.486278155479907e-05,0.001,6.12144734905971e-05,6.889362438710714e-05,test_ext_account_query_warm,CALL,target_coef,presets[warm_account_access],7.075757713020951e-06,0.9812569375174318,0.9803197843933034,,,CALL,6.486278155479908,7,False,False,test_ext_account_query_warm,CALL,target_coef
WARM_ACCESS,reth,6.563778215957862e-05,0.001,6.27850330599822e-05,6.873182780461773e-05,test_ext_account_query_warm,CALLCODE,target_coef,presets[warm_account_access],7.075757713020951e-06,0.9854680127401819,0.984741413377191,,,CALLCODE,6.5637782159578615,7,False,True,test_ext_account_query_warm,CALLCODE,target_coef
WARM_ACCESS,reth,6.39046558678783e-05,0.001,6.102047224967579e-05,6.791640139527863e-05,test_ext_account_query_warm,DELEGATECALL,target_coef,presets[warm_account_access],6.364628223496274e-06,0.9782584046829718,0.9771713249171203,,,DELEGATECALL,6.390465586787829,7,False,False,test_ext_account_query_warm,DELEGATECALL,target_coef
WARM_ACCESS,reth,1.6003271720674975e-05,0.001,1.3766511864035197e-05,1.8912918429575374e-05,test_ext_account_query_warm,EXTCODEHASH,target_coef,presets[warm_account_access],2.7950599032806627e-06,0.9212100028679842,0.9172705030113834,,,EXTCODEHASH,1.6003271720674974,2,False,False,test_ext_account_query_warm,EXTCODEHASH,target_coef
WARM_ACCESS,reth,1.1269978862705461e-05,0.001,9.416726256270532e-06,1.3193278508855449e-05,test_ext_account_query_warm,EXTCODESIZE,target_coef,presets[warm_account_access],2.7950710081617105e-06,0.8746824938768928,0.8684166185707374,,,EXTCODESIZE,1.126997886270546,2,False,False,test_ext_account_query_warm,EXTCODESIZE,target_coef
WARM_ACCESS,reth,6.471595360970317e-05,0.001,6.138146932537266e-05,6.813238108729874e-05,test_ext_account_query_warm,STATICCALL,target_coef,presets[warm_account_access],6.364628223496274e-06,0.9740668448702001,0.9727701871137101,,,STATICCALL,6.471595360970317,7,False,False,test_ext_account_query_warm,STATICCALL,target_coef
WARM_ACCESS,reth,9.861546101347024e-06,0.001,9.111319547664479e-06,1.060314742400221e-05,test_sload_same_key_benchmark,SLOAD,target_coef,presets[warm_storage_access_sload],0.0,0.9234527703937097,0.9216302173078456,,,,0.9861546101347025,1,False,False,test_sload_same_key_benchmark,SLOAD,target_coef
COLD_ACCOUNT_NOCODE_ACCESS,besu,0.015382919454205246,0.001,0.014705426405600658,0.016045896923804273,test_account_access,BALANCE,target_coef,presets[cold_account_nocode_access],0.00018501205027817423,0.9662278170285566,0.9658351172265631,AccountMode.EXISTING_EOA,,BALANCE,1538.2919454205246,1539,False,False,test_account_access,BALANCE,target_coef
COLD_ACCOUNT_NOCODE_ACCESS,besu,0.016186168179519525,0.001,0.015483613726096713,0.016924484248548838,test_account_access,BALANCE,target_coef,presets[cold_account_nocode_access],0.00018501205027817423,0.95839210286023,0.9579082901027909,AccountMode.NON_EXISTING_ACCOUNT,,BALANCE,1618.6168179519525,1619,False,False,test_account_access,BALANCE,target_coef
COLD_ACCOUNT_NOCODE_ACCESS,besu,0.024134771079728376,0.001,0.023040990046939762,0.02538442475034639,test_account_access,CALL,target_coef,presets[cold_account_nocode_access],0.00041263724240560724,0.9672640925087592,0.9668834424216518,AccountMode.EXISTING_EOA,,CALL,2413.4771079728375,2414,False,True,test_account_access,CALL,target_coef
COLD_ACCOUNT_NOCODE_ACCESS,besu,0.022725000058899124,0.001,0.02198332237896745,0.023440889502274742,test_account_access,CALL,target_coef,presets[cold_account_nocode_access],0.0004126415470406426,0.9792266543402854,0.9789851038093585,AccountMode.NON_EXISTING_ACCOUNT,,CALL,2272.5000058899127,2273,False,False,test_account_access,CALL,target_coef
COLD_ACCOUNT_NOCODE_ACCESS,besu,0.02178647005426842,0.001,0.02073274863349284,0.022957307963441292,test_account_access,CALLCODE,target_coef,presets[cold_account_nocode_access],0.00041263724240560724,0.9572538846910922,0.956756836838663,AccountMode.EXISTING_EOA,,CALLCODE,2178.6470054268416,2179,False,False,test_account_access,CALLCODE,target_coef
COLD_ACCOUNT_NOCODE_ACCESS,besu,0.019092959714977868,0.001,0.018493730068847476,0.019720001988963003,test_account_access,CALLCODE,target_coef,presets[cold_account_nocode_access],0.00041263724240560724,0.9712180482061772,0.9708833743481095,AccountMode.NON_EXISTING_ACCOUNT,,CALLCODE,1909.295971497787,1910,False,False,test_account_access,CALLCODE,target_coef
COLD_ACCOUNT_NOCODE_ACCESS,besu,0.021128243758527662,0.001,0.020207665819530388,0.02200425460618659,test_account_access,DELEGATECALL,target_coef,presets[cold_account_nocode_access],0.00020285713975284845,0.9671071521168015,0.9667246771414155,AccountMode.EXISTING_EOA,,DELEGATECALL,2112.8243758527665,2113,False,False,test_account_access,DELEGATECALL,target_coef
COLD_ACCOUNT_NOCODE_ACCESS,besu,0.018925976418550174,0.001,0.01821526710916688,0.019608625832556507,test_account_access,DELEGATECALL,target_coef,presets[cold_account_nocode_access],0.00020285713975284845,0.9648650202555759,0.9644564739794779,AccountMode.NON_EXISTING_ACCOUNT,,DELEGATECALL,1892.5976418550176,1893,False,False,test_account_access,DELEGATECALL,target_coef
COLD_ACCOUNT_NOCODE_ACCESS,besu,0.015973553820106394,0.001,0.01519725542425162,0.016811572490446146,test_account_access,EXTCODECOPY,target_coef,presets[cold_account_nocode_access],0.00019531885073246648,0.9503063243322386,0.9497284908942414,AccountMode.EXISTING_EOA,,EXTCODECOPY,1597.3553820106395,1598,False,False,test_account_access,EXTCODECOPY,target_coef
COLD_ACCOUNT_NOCODE_ACCESS,besu,0.015757629321169676,0.001,0.015210134174861422,0.01638645308880696,test_account_access,EXTCODECOPY,target_coef,presets[cold_account_nocode_access],0.00019531885073246648,0.9683968322928747,0.9680293535986058,AccountMode.NON_EXISTING_ACCOUNT,,EXTCODECOPY,1575.7629321169677,1576,False,False,test_account_access,EXTCODECOPY,target_coef
COLD_ACCOUNT_NOCODE_ACCESS,besu,0.015462977967230734,0.001,0.01479911863461426,0.016147840584210583,test_account_access,EXTCODEHASH,target_coef,presets[cold_account_nocode_access],0.00018501205027817423,0.9598735051796078,0.9594069180305335,AccountMode.EXISTING_EOA,,EXTCODEHASH,1546.2977967230734,1547,False,False,test_account_access,EXTCODEHASH,target_coef
COLD_ACCOUNT_NOCODE_ACCESS,besu,0.016001757441369308,0.001,0.015428444186187397,0.01657060903012148,test_account_access,EXTCODEHASH,target_coef,presets[cold_account_nocode_access],0.00018501205027817423,0.9712150577295567,0.9708803490985051,AccountMode.NON_EXISTING_ACCOUNT,,EXTCODEHASH,1600.1757441369307,1601,False,False,test_account_access,EXTCODEHASH,target_coef
COLD_ACCOUNT_NOCODE_ACCESS,besu,0.015169932037132424,0.001,0.014379824689705372,0.015940020822985415,test_account_access,EXTCODESIZE,target_coef,presets[cold_account_nocode_access],0.0001850125215806019,0.9549709954635598,0.9544474023875547,AccountMode.EXISTING_EOA,,EXTCODESIZE,1516.9932037132423,1517,False,False,test_account_access,EXTCODESIZE,target_coef
COLD_ACCOUNT_NOCODE_ACCESS,besu,0.015780732615955077,0.001,0.015108991736957077,0.01647873462976102,test_account_access,EXTCODESIZE,target_coef,presets[cold_account_nocode_access],0.0001850125215806019,0.965351688075163,0.9649488007271998,AccountMode.NON_EXISTING_ACCOUNT,,EXTCODESIZE,1578.0732615955076,1579,False,False,test_account_access,EXTCODESIZE,target_coef
COLD_ACCOUNT_NOCODE_ACCESS,besu,0.02317740899160207,0.001,0.02225371569397487,0.02412149971287014,test_account_access,STATICCALL,target_coef,presets[cold_account_nocode_access],0.00020285713975284845,0.9683903803482367,0.9680228266313556,AccountMode.EXISTING_EOA,,STATICCALL,2317.7408991602074,2318,False,False,test_account_access,STATICCALL,target_coef
COLD_ACCOUNT_NOCODE_ACCESS,besu,0.022622805213411923,0.001,0.02166541774818852,0.023712065688829595,test_account_access,STATICCALL,target_coef,presets[cold_account_nocode_access],0.00020285713975284845,0.9666190337751202,0.9662308830050634,AccountMode.NON_EXISTING_ACCOUNT,,STATICCALL,2262.280521341192,2263,False,False,test_account_access,STATICCALL,target_coef
COLD_ACCOUNT_NOCODE_ACCESS,erigon,0.004032727687205252,0.001,0.003882703068645299,0.004213518009477664,test_account_access,BALANCE,target_coef,presets[cold_account_nocode_access],6.459766576862804e-05,0.975343533841984,0.9749582765582651,AccountMode.EXISTING_EOA,,BALANCE,403.2727687205252,404,False,False,test_account_access,BALANCE,target_coef
COLD_ACCOUNT_NOCODE_ACCESS,erigon,0.003678937545012865,0.001,0.003538137276830497,0.0038243681488635936,test_account_access,BALANCE,target_coef,presets[cold_account_nocode_access],6.459766576862804e-05,0.983193631873972,0.9829310323720029,AccountMode.NON_EXISTING_ACCOUNT,,BALANCE,367.8937545012865,368,False,False,test_account_access,BALANCE,target_coef
COLD_ACCOUNT_NOCODE_ACCESS,erigon,0.004289683709054316,0.001,0.004189283833475695,0.004401580656716598,test_account_access,CALL,target_coef,presets[cold_account_nocode_access],0.00016233137134394563,0.9858369328107653,0.9856156348859335,AccountMode.EXISTING_EOA,,CALL,428.96837090543164,429,False,False,test_account_access,CALL,target_coef
COLD_ACCOUNT_NOCODE_ACCESS,erigon,0.003753896990628712,0.001,0.003666862828858766,0.0038449295773447753,test_account_access,CALL,target_coef,presets[cold_account_nocode_access],0.0001623332202436778,0.9909885512486429,0.990847747361903,AccountMode.NON_EXISTING_ACCOUNT,,CALL,375.38969906287116,376,False,False,test_account_access,CALL,target_coef
COLD_ACCOUNT_NOCODE_ACCESS,erigon,0.0037069532099566213,0.001,0.0036045957036658963,0.003798118712665627,test_account_access,CALLCODE,target_coef,presets[cold_account_nocode_access],0.00016233137134394563,0.989989772699092,0.9898333628975153,AccountMode.EXISTING_EOA,,CALLCODE,370.69532099566214,371,False,False,test_account_access,CALLCODE,target_coef
COLD_ACCOUNT_NOCODE_ACCESS,erigon,0.003478815783005341,0.001,0.003388364315995585,0.003574413998618319,test_account_access,CALLCODE,target_coef,presets[cold_account_nocode_access],0.00016233137134394563,0.9885375708859209,0.9883584704310134,AccountMode.NON_EXISTING_ACCOUNT,,CALLCODE,347.8815783005341,348,False,False,test_account_access,CALLCODE,target_coef
COLD_ACCOUNT_NOCODE_ACCESS,erigon,0.0037915852115010962,0.001,0.0036877113540272994,0.0038787079869927327,test_account_access,DELEGATECALL,target_coef,presets[cold_account_nocode_access],7.816788896743504e-05,0.9887514821466702,0.9885757240552119,AccountMode.EXISTING_EOA,,DELEGATECALL,379.15852115010966,380,False,False,test_account_access,DELEGATECALL,target_coef
COLD_ACCOUNT_NOCODE_ACCESS,erigon,0.003505392114884015,0.001,0.00342821216874267,0.003593252068025568,test_account_access,DELEGATECALL,target_coef,presets[cold_account_nocode_access],7.816788896743504e-05,0.9890206891220754,0.9888491373896079,AccountMode.NON_EXISTING_ACCOUNT,,DELEGATECALL,350.5392114884015,351,False,False,test_account_access,DELEGATECALL,target_coef
COLD_ACCOUNT_NOCODE_ACCESS,erigon,0.003623373664317961,0.001,0.0035429074595810213,0.003715184360863687,test_account_access,EXTCODECOPY,target_coef,presets[cold_account_nocode_access],7.355829898268802e-05,0.984948637104105,0.9847134595588566,AccountMode.EXISTING_EOA,,EXTCODECOPY,362.3373664317961,363,False,False,test_account_access,EXTCODECOPY,target_coef
COLD_ACCOUNT_NOCODE_ACCESS,erigon,0.003438644314869237,0.001,0.00333072924058375,0.0035911901382328602,test_account_access,EXTCODECOPY,target_coef,presets[cold_account_nocode_access],7.355829898268802e-05,0.9804881338947021,0.9801832609868069,AccountMode.NON_EXISTING_ACCOUNT,,EXTCODECOPY,343.86443148692365,344,False,False,test_account_access,EXTCODECOPY,target_coef
COLD_ACCOUNT_NOCODE_ACCESS,erigon,0.004339761054758331,0.001,0.00420939197789888,0.004467048748408731,test_account_access,EXTCODEHASH,target_coef,presets[cold_account_nocode_access],6.459766576862804e-05,0.9857138934703976,0.9854906730558726,AccountMode.EXISTING_EOA,,EXTCODEHASH,433.97610547583304,434,False,False,test_account_access,EXTCODEHASH,target_coef
COLD_ACCOUNT_NOCODE_ACCESS,erigon,0.00345227088418786,0.001,0.0033099717807321266,0.0036153562102785785,test_account_access,EXTCODEHASH,target_coef,presets[cold_account_nocode_access],6.459766576862804e-05,0.9799384085022682,0.9796249461351162,AccountMode.NON_EXISTING_ACCOUNT,,EXTCODEHASH,345.227088418786,346,False,False,test_account_access,EXTCODEHASH,target_coef
COLD_ACCOUNT_NOCODE_ACCESS,erigon,0.003787621798331466,0.001,0.0036770207179827215,0.003904052423204676,test_account_access,EXTCODESIZE,target_coef,presets[cold_account_nocode_access],6.459786819947876e-05,0.9879574263384631,0.9877692611250015,AccountMode.EXISTING_EOA,,EXTCODESIZE,378.7621798331466,379,False,False,test_account_access,EXTCODESIZE,target_coef
COLD_ACCOUNT_NOCODE_ACCESS,erigon,0.003433050630686618,0.001,0.0033430210678643837,0.003546895567336628,test_account_access,EXTCODESIZE,target_coef,presets[cold_account_nocode_access],6.459786819947876e-05,0.9842445606882597,0.9839983819490138,AccountMode.NON_EXISTING_ACCOUNT,,EXTCODESIZE,343.30506306866175,344,False,False,test_account_access,EXTCODESIZE,target_coef
COLD_ACCOUNT_NOCODE_ACCESS,erigon,0.004314840992745957,0.001,0.004203213931529934,0.004428456211780868,test_account_access,STATICCALL,target_coef,presets[cold_account_nocode_access],7.816788896743504e-05,0.9885200189220307,0.9883406442176874,AccountMode.EXISTING_EOA,,STATICCALL,431.4840992745957,432,False,False,test_account_access,STATICCALL,target_coef
COLD_ACCOUNT_NOCODE_ACCESS,erigon,0.0044643215533186715,0.001,0.00435674581748673,0.004571131764804036,test_account_access,STATICCALL,target_coef,presets[cold_account_nocode_access],7.816788896743504e-05,0.992055734440067,0.991931605290693,AccountMode.NON_EXISTING_ACCOUNT,,STATICCALL,446.4321553318672,447,False,True,test_account_access,STATICCALL,target_coef
COLD_ACCOUNT_NOCODE_ACCESS,ethrex,0.009165921111517303,0.001,0.009046987241589066,0.00928321762448205,test_account_access,BALANCE,target_coef,presets[cold_account_nocode_access],2.2707283064932928e-05,0.9978090167581843,0.9977747826450309,AccountMode.EXISTING_EOA,,BALANCE,916.5921111517303,917,False,False,test_account_access,BALANCE,target_coef
COLD_ACCOUNT_NOCODE_ACCESS,ethrex,0.002582483495466499,0.001,0.0024997232279865347,0.0026721333717597277,test_account_access,BALANCE,target_coef,presets[cold_account_nocode_access],2.2707283064932928e-05,0.9702573569813477,0.9697926281841813,AccountMode.NON_EXISTING_ACCOUNT,,BALANCE,258.2483495466499,259,False,False,test_account_access,BALANCE,target_coef
COLD_ACCOUNT_NOCODE_ACCESS,ethrex,0.009166692571046608,0.001,0.009067354249237885,0.0092739393829675,test_account_access,CALL,target_coef,presets[cold_account_nocode_access],5.5310967309070494e-05,0.9979974031252967,0.9979661125491295,AccountMode.EXISTING_EOA,,CALL,916.6692571046608,917,False,False,test_account_access,CALL,target_coef
COLD_ACCOUNT_NOCODE_ACCESS,ethrex,0.002529480134937175,0.001,0.002423650760228596,0.002622678451047198,test_account_access,CALL,target_coef,presets[cold_account_nocode_access],5.531157423696555e-05,0.9774480280371791,0.9770956534752601,AccountMode.NON_EXISTING_ACCOUNT,,CALL,252.9480134937175,253,False,False,test_account_access,CALL,target_coef
COLD_ACCOUNT_NOCODE_ACCESS,ethrex,0.009148511675456562,0.001,0.009050203779731961,0.00925136943951117,test_account_access,CALLCODE,target_coef,presets[cold_account_nocode_access],5.5310967309070494e-05,0.9976164384136817,0.9975791952638955,AccountMode.EXISTING_EOA,,CALLCODE,914.8511675456562,915,False,False,test_account_access,CALLCODE,target_coef
COLD_ACCOUNT_NOCODE_ACCESS,ethrex,0.002660225730191755,0.001,0.002588262615403949,0.0027303147795607195,test_account_access,CALLCODE,target_coef,presets[cold_account_nocode_access],5.5310967309070494e-05,0.9810552557111502,0.9807592440816368,AccountMode.NON_EXISTING_ACCOUNT,,CALLCODE,266.0225730191755,267,False,False,test_account_access,CALLCODE,target_coef
COLD_ACCOUNT_NOCODE_ACCESS,ethrex,0.009263908800642347,0.001,0.009176819130687457,0.00935453946214079,test_account_access,DELEGATECALL,target_coef,presets[cold_account_nocode_access],2.6803714323594637e-05,0.998041209835342,0.9980106037390192,AccountMode.EXISTING_EOA,,DELEGATECALL,926.3908800642347,927,False,True,test_account_access,DELEGATECALL,target_coef
COLD_ACCOUNT_NOCODE_ACCESS,ethrex,0.0026811638064847838,0.001,0.002609701612737113,0.0027572156089148304,test_account_access,DELEGATECALL,target_coef,presets[cold_account_nocode_access],2.6803714323594637e-05,0.9871893287608988,0.9869891620227879,AccountMode.NON_EXISTING_ACCOUNT,,DELEGATECALL,268.1163806484784,269,False,False,test_account_access,DELEGATECALL,target_coef
COLD_ACCOUNT_NOCODE_ACCESS,ethrex,0.009220851844760803,0.001,0.009122508468565977,0.009334739960854616,test_account_access,EXTCODECOPY,target_coef,presets[cold_account_nocode_access],2.5251786282902587e-05,0.9977376868111045,0.9977023381675281,AccountMode.EXISTING_EOA,,EXTCODECOPY,922.0851844760804,923,False,False,test_account_access,EXTCODECOPY,target_coef
COLD_ACCOUNT_NOCODE_ACCESS,ethrex,0.002604241889601377,0.001,0.0024683696624053795,0.0027417288652080585,test_account_access,EXTCODECOPY,target_coef,presets[cold_account_nocode_access],2.5251786282902587e-05,0.9577710616895021,0.9571112345284005,AccountMode.NON_EXISTING_ACCOUNT,,EXTCODECOPY,260.4241889601377,261,False,False,test_account_access,EXTCODECOPY,target_coef
COLD_ACCOUNT_NOCODE_ACCESS,ethrex,0.00913622496187397,0.001,0.009037466794668455,0.009243008537211267,test_account_access,EXTCODEHASH,target_coef,presets[cold_account_nocode_access],2.2707283064932928e-05,0.9976562427721818,0.9976196215654971,AccountMode.EXISTING_EOA,,EXTCODEHASH,913.6224961873969,914,False,False,test_account_access,EXTCODEHASH,target_coef
COLD_ACCOUNT_NOCODE_ACCESS,ethrex,0.0026541321865963655,0.001,0.002546045500300736,0.002778466336201672,test_account_access,EXTCODEHASH,target_coef,presets[cold_account_nocode_access],2.2707283064932928e-05,0.9775421482485533,0.977191244314937,AccountMode.NON_EXISTING_ACCOUNT,,EXTCODEHASH,265.4132186596366,266,False,False,test_account_access,EXTCODEHASH,target_coef
COLD_ACCOUNT_NOCODE_ACCESS,ethrex,0.009137946989645452,0.001,0.009058723728672469,0.009223727081266668,test_account_access,EXTCODESIZE,target_coef,presets[cold_account_nocode_access],2.2707349515767434e-05,0.9984358147515634,0.9984113743570566,AccountMode.EXISTING_EOA,,EXTCODESIZE,913.7946989645452,914,False,False,test_account_access,EXTCODESIZE,target_coef
COLD_ACCOUNT_NOCODE_ACCESS,ethrex,0.002610364188387845,0.001,0.0025151918161141064,0.002704426949369988,test_account_access,EXTCODESIZE,target_coef,presets[cold_account_nocode_access],2.2707349515767434e-05,0.9744115507137292,0.9740117311936313,AccountMode.NON_EXISTING_ACCOUNT,,EXTCODESIZE,261.03641883878447,262,False,False,test_account_access,EXTCODESIZE,target_coef
COLD_ACCOUNT_NOCODE_ACCESS,ethrex,0.0091791384457376,0.001,0.009093397044167223,0.009263362388354488,test_account_access,STATICCALL,target_coef,presets[cold_account_nocode_access],2.6803714323594637e-05,0.9977800875700159,0.9977454014382974,AccountMode.EXISTING_EOA,,STATICCALL,917.9138445737599,918,False,False,test_account_access,STATICCALL,target_coef
COLD_ACCOUNT_NOCODE_ACCESS,ethrex,0.002661309827474339,0.001,0.0025470102266996284,0.002766101215178134,test_account_access,STATICCALL,target_coef,presets[cold_account_nocode_access],2.6803714323594637e-05,0.9772095891161623,0.9768534889461024,AccountMode.NON_EXISTING_ACCOUNT,,STATICCALL,266.13098274743396,267,False,False,test_account_access,STATICCALL,target_coef
COLD_ACCOUNT_NOCODE_ACCESS,geth,0.02048751058272954,0.001,0.019876987962124903,0.02120876126318126,test_account_access,BALANCE,target_coef,presets[cold_account_nocode_access],7.11196965339416e-05,0.9763316260898336,0.9760564124397154,AccountMode.EXISTING_EOA,,BALANCE,2048.7510582729537,2049,False,False,test_account_access,BALANCE,target_coef
COLD_ACCOUNT_NOCODE_ACCESS,geth,0.019979294264765503,0.001,0.019330006685163242,0.020702599935681902,test_account_access,BALANCE,target_coef,presets[cold_account_nocode_access],7.11196965339416e-05,0.9780811517994327,0.9778262814715191,AccountMode.NON_EXISTING_ACCOUNT,,BALANCE,1997.9294264765504,1998,False,False,test_account_access,BALANCE,target_coef
COLD_ACCOUNT_NOCODE_ACCESS,geth,0.02117126024238986,0.001,0.0205518906110017,0.0217369859197112,test_account_access,CALL,target_coef,presets[cold_account_nocode_access],0.00017728929694693892,0.9826036450157172,0.9824013618182255,AccountMode.EXISTING_EOA,,CALL,2117.126024238986,2118,False,False,test_account_access,CALL,target_coef
COLD_ACCOUNT_NOCODE_ACCESS,geth,0.020651829480635077,0.001,0.020053177501726104,0.02129827179886915,test_account_access,CALL,target_coef,presets[cold_account_nocode_access],0.00017729137029496106,0.9784435830214004,0.9781929270100214,AccountMode.NON_EXISTING_ACCOUNT,,CALL,2065.182948063508,2066,False,False,test_account_access,CALL,target_coef
COLD_ACCOUNT_NOCODE_ACCESS,geth,0.02138547995943077,0.001,0.020849566711300324,0.021966707218812852,test_account_access,CALLCODE,target_coef,presets[cold_account_nocode_access],0.00017728929694693892,0.9852913743701879,0.9851203438396087,AccountMode.EXISTING_EOA,,CALLCODE,2138.547995943077,2139,False,False,test_account_access,CALLCODE,target_coef
COLD_ACCOUNT_NOCODE_ACCESS,geth,0.020609720914869328,0.001,0.02011512116690663,0.021143114588193828,test_account_access,CALLCODE,target_coef,presets[cold_account_nocode_access],0.00017728929694693892,0.9829947498657794,0.9827970143991024,AccountMode.NON_EXISTING_ACCOUNT,,CALLCODE,2060.9720914869326,2061,False,False,test_account_access,CALLCODE,target_coef
COLD_ACCOUNT_NOCODE_ACCESS,geth,0.02057647984259011,0.001,0.01993027275956304,0.021226256695897564,test_account_access,DELEGATECALL,target_coef,presets[cold_account_nocode_access],8.547882747939274e-05,0.9785015761659906,0.9782515944935022,AccountMode.EXISTING_EOA,,DELEGATECALL,2057.647984259011,2058,False,False,test_account_access,DELEGATECALL,target_coef
COLD_ACCOUNT_NOCODE_ACCESS,geth,0.020738787790386126,0.001,0.0200959456567688,0.02142758448818809,test_account_access,DELEGATECALL,target_coef,presets[cold_account_nocode_access],8.547882747939274e-05,0.9749934054034526,0.9747026310476787,AccountMode.NON_EXISTING_ACCOUNT,,DELEGATECALL,2073.8787790386127,2074,False,False,test_account_access,DELEGATECALL,target_coef
COLD_ACCOUNT_NOCODE_ACCESS,geth,0.02131849679604783,0.001,0.020746205470364865,0.0218552515252733,test_account_access,EXTCODECOPY,target_coef,presets[cold_account_nocode_access],8.058034929676476e-05,0.9810127437307904,0.9807919616811485,AccountMode.EXISTING_EOA,,EXTCODECOPY,2131.849679604783,2132,False,False,test_account_access,EXTCODECOPY,target_coef
COLD_ACCOUNT_NOCODE_ACCESS,geth,0.020713627932996966,0.001,0.020098137566646336,0.021288213033649125,test_account_access,EXTCODECOPY,target_coef,presets[cold_account_nocode_access],8.058034929676476e-05,0.9786718618551521,0.9784238602488167,AccountMode.NON_EXISTING_ACCOUNT,,EXTCODECOPY,2071.3627932996965,2072,False,False,test_account_access,EXTCODECOPY,target_coef
COLD_ACCOUNT_NOCODE_ACCESS,geth,0.020780508813163505,0.001,0.02023188441446205,0.021363515554018133,test_account_access,EXTCODEHASH,target_coef,presets[cold_account_nocode_access],7.11196965339416e-05,0.9828797513542454,0.9826806786955739,AccountMode.EXISTING_EOA,,EXTCODEHASH,2078.0508813163506,2079,False,False,test_account_access,EXTCODEHASH,target_coef
COLD_ACCOUNT_NOCODE_ACCESS,geth,0.020208395634686484,0.001,0.019478850579461734,0.020955302721695514,test_account_access,EXTCODEHASH,target_coef,presets[cold_account_nocode_access],7.11196965339416e-05,0.9682571546981111,0.9678880518457635,AccountMode.NON_EXISTING_ACCOUNT,,EXTCODEHASH,2020.8395634686483,2021,False,False,test_account_access,EXTCODEHASH,target_coef
COLD_ACCOUNT_NOCODE_ACCESS,geth,0.022249669958693048,0.001,0.02158164909101905,0.02296936442640322,test_account_access,EXTCODESIZE,target_coef,presets[cold_account_nocode_access],7.111992353900663e-05,0.9807663479434704,0.980542700826534,AccountMode.EXISTING_EOA,,EXTCODESIZE,2224.966995869305,2225,False,True,test_account_access,EXTCODESIZE,target_coef
COLD_ACCOUNT_NOCODE_ACCESS,geth,0.019034110801381062,0.001,0.018416309251453027,0.019602312405315285,test_account_access,EXTCODESIZE,target_coef,presets[cold_account_nocode_access],7.111992353900663e-05,0.9744436710928156,0.9741465044776157,AccountMode.NON_EXISTING_ACCOUNT,,EXTCODESIZE,1903.4110801381062,1904,False,False,test_account_access,EXTCODESIZE,target_coef
COLD_ACCOUNT_NOCODE_ACCESS,geth,0.02151687286898921,0.001,0.020973833524432942,0.02202766547447898,test_account_access,STATICCALL,target_coef,presets[cold_account_nocode_access],8.547882747939274e-05,0.9848526071174794,0.9846764746421012,AccountMode.EXISTING_EOA,,STATICCALL,2151.687286898921,2152,False,False,test_account_access,STATICCALL,target_coef
COLD_ACCOUNT_NOCODE_ACCESS,geth,0.021507741331046836,0.001,0.0209136052061232,0.022143467529441765,test_account_access,STATICCALL,target_coef,presets[cold_account_nocode_access],8.547882747939274e-05,0.9838942479727066,0.9837069717863428,AccountMode.NON_EXISTING_ACCOUNT,,STATICCALL,2150.7741331046836,2151,False,False,test_account_access,STATICCALL,target_coef
COLD_ACCOUNT_NOCODE_ACCESS,nethermind,0.0033141781206451767,0.001,0.002978271261030466,0.0036896453018876456,test_account_access,BALANCE,target_coef,presets[cold_account_nocode_access],2.305766317167201e-05,0.8433715393711018,0.8409242196737752,AccountMode.EXISTING_EOA,,BALANCE,331.41781206451765,332,False,False,test_account_access,BALANCE,target_coef
COLD_ACCOUNT_NOCODE_ACCESS,nethermind,0.003148931705067722,0.001,0.0028911031491209624,0.0034203277592658467,test_account_access,BALANCE,target_coef,presets[cold_account_nocode_access],2.305766317167201e-05,0.8769047191733603,0.8749813554104441,AccountMode.NON_EXISTING_ACCOUNT,,BALANCE,314.89317050677215,315,False,False,test_account_access,BALANCE,target_coef
COLD_ACCOUNT_NOCODE_ACCESS,nethermind,0.003610656308957293,0.001,0.0032736699656752775,0.00401909200439889,test_account_access,CALL,target_coef,presets[cold_account_nocode_access],5.4605821657806785e-05,0.8473663330797868,0.8449814320341584,AccountMode.EXISTING_EOA,,CALL,361.06563089572927,362,False,False,test_account_access,CALL,target_coef
COLD_ACCOUNT_NOCODE_ACCESS,nethermind,0.003134975698588307,0.001,0.0028509894997796183,0.003426080804975247,test_account_access,CALL,target_coef,presets[cold_account_nocode_access],5.460637605224025e-05,0.8848065016119512,0.883006603199638,AccountMode.NON_EXISTING_ACCOUNT,,CALL,313.49756985883073,314,False,False,test_account_access,CALL,target_coef
COLD_ACCOUNT_NOCODE_ACCESS,nethermind,0.003481815662802439,0.001,0.0030990368718114576,0.00387967770874404,test_account_access,CALLCODE,target_coef,presets[cold_account_nocode_access],5.4605821657806785e-05,0.8428400861104351,0.8403844624559107,AccountMode.EXISTING_EOA,,CALLCODE,348.1815662802439,349,False,False,test_account_access,CALLCODE,target_coef
COLD_ACCOUNT_NOCODE_ACCESS,nethermind,0.003154070323798116,0.001,0.0029229007243836112,0.0033915421223811946,test_account_access,CALLCODE,target_coef,presets[cold_account_nocode_access],5.4605821657806785e-05,0.9056965070611196,0.9042230149839496,AccountMode.NON_EXISTING_ACCOUNT,,CALLCODE,315.40703237981165,316,False,False,test_account_access,CALLCODE,target_coef
COLD_ACCOUNT_NOCODE_ACCESS,nethermind,0.0035679551905417974,0.001,0.003241531322640206,0.003879529679347987,test_account_access,DELEGATECALL,target_coef,presets[cold_account_nocode_access],2.6562024357123856e-05,0.8905064417809648,0.8887956049337924,AccountMode.EXISTING_EOA,,DELEGATECALL,356.7955190541797,357,False,False,test_account_access,DELEGATECALL,target_coef
COLD_ACCOUNT_NOCODE_ACCESS,nethermind,0.003443147058098757,0.001,0.00309624403874526,0.0038142288914941166,test_account_access,DELEGATECALL,target_coef,presets[cold_account_nocode_access],2.6562024357123856e-05,0.8538842448222275,0.8516011861475747,AccountMode.NON_EXISTING_ACCOUNT,,DELEGATECALL,344.3147058098757,345,False,False,test_account_access,DELEGATECALL,target_coef
COLD_ACCOUNT_NOCODE_ACCESS,nethermind,0.00350610373272936,0.001,0.0031954749776462055,0.003818889043872512,test_account_access,EXTCODECOPY,target_coef,presets[cold_account_nocode_access],2.5270438471267077e-05,0.8879420242906217,0.8861911184201627,AccountMode.EXISTING_EOA,,EXTCODECOPY,350.610373272936,351,False,False,test_account_access,EXTCODECOPY,target_coef
COLD_ACCOUNT_NOCODE_ACCESS,nethermind,0.003245405559399675,0.001,0.0028296494289678418,0.0036961673887642567,test_account_access,EXTCODECOPY,target_coef,presets[cold_account_nocode_access],2.5270438471267077e-05,0.8276216667139844,0.8249282552563904,AccountMode.NON_EXISTING_ACCOUNT,,EXTCODECOPY,324.54055593996753,325,False,False,test_account_access,EXTCODECOPY,target_coef
COLD_ACCOUNT_NOCODE_ACCESS,nethermind,0.0033580365589044973,0.001,0.0030697340054269646,0.0036985077593301276,test_account_access,EXTCODEHASH,target_coef,presets[cold_account_nocode_access],2.305766317167201e-05,0.8437943272831628,0.8413536136469623,AccountMode.EXISTING_EOA,,EXTCODEHASH,335.8036558904497,336,False,False,test_account_access,EXTCODEHASH,target_coef
COLD_ACCOUNT_NOCODE_ACCESS,nethermind,0.003395118361703048,0.001,0.0029872469397169096,0.0038540626176618827,test_account_access,EXTCODEHASH,target_coef,presets[cold_account_nocode_access],2.305766317167201e-05,0.8548214607342608,0.8525530460582336,AccountMode.NON_EXISTING_ACCOUNT,,EXTCODEHASH,339.5118361703048,340,False,False,test_account_access,EXTCODEHASH,target_coef
COLD_ACCOUNT_NOCODE_ACCESS,nethermind,0.0035083686401644752,0.001,0.0031384365608750605,0.003904102016909146,test_account_access,EXTCODESIZE,target_coef,presets[cold_account_nocode_access],2.3057723870765012e-05,0.849589301397299,0.8472391342316319,AccountMode.EXISTING_EOA,,EXTCODESIZE,350.8368640164475,351,False,False,test_account_access,EXTCODESIZE,target_coef
COLD_ACCOUNT_NOCODE_ACCESS,nethermind,0.00307629284111361,0.001,0.002770193526791461,0.003360204666220242,test_account_access,EXTCODESIZE,target_coef,presets[cold_account_nocode_access],2.3057723870765012e-05,0.842975321118488,0.8405218105109644,AccountMode.NON_EXISTING_ACCOUNT,,EXTCODESIZE,307.629284111361,308,False,False,test_account_access,EXTCODESIZE,target_coef
COLD_ACCOUNT_NOCODE_ACCESS,nethermind,0.0036210251959328077,0.001,0.0032313588448135266,0.003978503740309635,test_account_access,STATICCALL,target_coef,presets[cold_account_nocode_access],2.6562024357123856e-05,0.8527115386272583,0.8504101564183093,AccountMode.EXISTING_EOA,,STATICCALL,362.10251959328076,363,False,True,test_account_access,STATICCALL,target_coef
COLD_ACCOUNT_NOCODE_ACCESS,nethermind,0.0031742628637307763,0.001,0.002898565928491957,0.003452090624605592,test_account_access,STATICCALL,target_coef,presets[cold_account_nocode_access],2.6562024357123856e-05,0.8709450307684965,0.8689285468742542,AccountMode.NON_EXISTING_ACCOUNT,,STATICCALL,317.4262863730777,318,False,False,test_account_access,STATICCALL,target_coef
COLD_ACCOUNT_NOCODE_ACCESS,reth,0.004685471948218636,0.001,0.004510360715240567,0.004868426001899707,test_account_access,BALANCE,target_coef,presets[cold_account_nocode_access],1.894502054784701e-05,0.9820938768864945,0.9816675406218872,AccountMode.EXISTING_EOA,,BALANCE,468.54719482186357,469,False,False,test_account_access,BALANCE,target_coef
COLD_ACCOUNT_NOCODE_ACCESS,reth,0.0047289092704881595,0.001,0.004587717450305059,0.004848126093162112,test_account_access,BALANCE,target_coef,presets[cold_account_nocode_access],1.894502054784701e-05,0.9884704796200243,0.9881959672300249,AccountMode.NON_EXISTING_ACCOUNT,,BALANCE,472.8909270488159,473,False,False,test_account_access,BALANCE,target_coef
COLD_ACCOUNT_NOCODE_ACCESS,reth,0.005132316625962866,0.001,0.004924934815198092,0.005312044586558756,test_account_access,CALL,target_coef,presets[cold_account_nocode_access],4.6455871380626524e-05,0.9772893141154994,0.9767485834992017,AccountMode.EXISTING_EOA,,CALL,513.2316625962866,514,False,False,test_account_access,CALL,target_coef
COLD_ACCOUNT_NOCODE_ACCESS,reth,0.004750257391665547,0.001,0.004599643056878991,0.004913495334247099,test_account_access,CALL,target_coef,presets[cold_account_nocode_access],4.645624825148685e-05,0.9860739296611714,0.9857423565578659,AccountMode.NON_EXISTING_ACCOUNT,,CALL,475.02573916655473,476,False,False,test_account_access,CALL,target_coef
COLD_ACCOUNT_NOCODE_ACCESS,reth,0.004749777660285049,0.001,0.004540402340549931,0.004968060784857751,test_account_access,CALLCODE,target_coef,presets[cold_account_nocode_access],4.6455871380626524e-05,0.9812193025414829,0.9807721430781849,AccountMode.EXISTING_EOA,,CALLCODE,474.9777660285049,475,False,False,test_account_access,CALLCODE,target_coef
COLD_ACCOUNT_NOCODE_ACCESS,reth,0.004778137455795917,0.001,0.0045965629958414946,0.004981210202650543,test_account_access,CALLCODE,target_coef,presets[cold_account_nocode_access],4.6455871380626524e-05,0.9818824720222861,0.9814511023085309,AccountMode.NON_EXISTING_ACCOUNT,,CALLCODE,477.8137455795917,478,False,False,test_account_access,CALLCODE,target_coef
COLD_ACCOUNT_NOCODE_ACCESS,reth,0.004880677208698612,0.001,0.004712924640012327,0.005101219264876285,test_account_access,DELEGATECALL,target_coef,presets[cold_account_nocode_access],2.251449306594416e-05,0.983714505634965,0.9833267557691309,AccountMode.EXISTING_EOA,,DELEGATECALL,488.0677208698612,489,False,False,test_account_access,DELEGATECALL,target_coef
COLD_ACCOUNT_NOCODE_ACCESS,reth,0.004737267524086975,0.001,0.0045587276275295095,0.004947334659398174,test_account_access,DELEGATECALL,target_coef,presets[cold_account_nocode_access],2.251449306594416e-05,0.982162424939852,0.9817377207717531,AccountMode.NON_EXISTING_ACCOUNT,,DELEGATECALL,473.7267524086975,474,False,False,test_account_access,DELEGATECALL,target_coef
COLD_ACCOUNT_NOCODE_ACCESS,reth,0.00480343983756552,0.001,0.004621192125458175,0.004995863961978969,test_account_access,EXTCODECOPY,target_coef,presets[cold_account_nocode_access],2.107871153935237e-05,0.9841537198912927,0.9837764275077521,AccountMode.EXISTING_EOA,,EXTCODECOPY,480.343983756552,481,False,False,test_account_access,EXTCODECOPY,target_coef
COLD_ACCOUNT_NOCODE_ACCESS,reth,0.004949547832393896,0.001,0.004748709307545224,0.005155023209507432,test_account_access,EXTCODECOPY,target_coef,presets[cold_account_nocode_access],2.107871153935237e-05,0.9820615813323456,0.9816344761259729,AccountMode.NON_EXISTING_ACCOUNT,,EXTCODECOPY,494.95478323938966,495,False,False,test_account_access,EXTCODECOPY,target_coef
COLD_ACCOUNT_NOCODE_ACCESS,reth,0.004991466036625008,0.001,0.004829972079688006,0.005161598102081464,test_account_access,EXTCODEHASH,target_coef,presets[cold_account_nocode_access],1.894502054784701e-05,0.9871526075802486,0.9868467172845402,AccountMode.EXISTING_EOA,,EXTCODEHASH,499.14660366250075,500,False,False,test_account_access,EXTCODEHASH,target_coef
COLD_ACCOUNT_NOCODE_ACCESS,reth,0.0048543786137021025,0.001,0.004683975766341119,0.005021966843518033,test_account_access,EXTCODEHASH,target_coef,presets[cold_account_nocode_access],1.894502054784701e-05,0.9861752887524725,0.9858461289608648,AccountMode.NON_EXISTING_ACCOUNT,,EXTCODEHASH,485.43786137021027,486,False,False,test_account_access,EXTCODEHASH,target_coef
COLD_ACCOUNT_NOCODE_ACCESS,reth,0.004842173290296912,0.001,0.004684932348881935,0.0049834974113127485,test_account_access,EXTCODESIZE,target_coef,presets[cold_account_nocode_access],1.894506181038144e-05,0.9865758501342373,0.9862562275183858,AccountMode.EXISTING_EOA,,EXTCODESIZE,484.21732902969126,485,False,False,test_account_access,EXTCODESIZE,target_coef
COLD_ACCOUNT_NOCODE_ACCESS,reth,0.004819411150888195,0.001,0.004657422662143074,0.00497766325372716,test_account_access,EXTCODESIZE,target_coef,presets[cold_account_nocode_access],1.894506181038144e-05,0.9851076319288864,0.984753051736717,AccountMode.NON_EXISTING_ACCOUNT,,EXTCODESIZE,481.9411150888195,482,False,False,test_account_access,EXTCODESIZE,target_coef
COLD_ACCOUNT_NOCODE_ACCESS,reth,0.005377907908227064,0.001,0.005160083161481171,0.005623294942110643,test_account_access,STATICCALL,target_coef,presets[cold_account_nocode_access],2.251449306594416e-05,0.9827188149347929,0.982307358147526,AccountMode.EXISTING_EOA,,STATICCALL,537.7907908227064,538,False,True,test_account_access,STATICCALL,target_coef
COLD_ACCOUNT_NOCODE_ACCESS,reth,0.005065614423123402,0.001,0.004853939827384031,0.005323233031077873,test_account_access,STATICCALL,target_coef,presets[cold_account_nocode_access],2.251449306594416e-05,0.9822898039670355,0.9818681326329173,AccountMode.NON_EXISTING_ACCOUNT,,STATICCALL,506.5614423123402,507,False,False,test_account_access,STATICCALL,target_coef
COLD_ACCOUNT_NOCODE_WRITE,besu,0.10437579390626528,0.001,0.10098426590247578,0.10799777563923377,test_account_access,CALL,target_coef,presets[cold_account_nocode_write],0.00041263724240560724,0.9763392211143742,0.9760640957784948,AccountMode.EXISTING_EOA,,CALL,10437.579390626528,10438,False,False,test_account_access,CALL,target_coef
COLD_ACCOUNT_NOCODE_WRITE,besu,0.23992976583526235,0.001,0.2258732581425436,0.2536907803436257,test_account_access,CALL,target_coef,presets[cold_account_nocode_write],0.0004126415470406426,0.9355744935496739,0.9348253597537399,AccountMode.NON_EXISTING_ACCOUNT,,CALL,23992.976583526233,23993,False,True,test_account_access,CALL,target_coef
COLD_ACCOUNT_NOCODE_WRITE,besu,0.04151209853974769,0.001,0.04001159323702358,0.043068139508302565,test_account_access,CALLCODE,target_coef,presets[cold_account_nocode_write],0.00041263724240560724,0.9636736958787532,0.9632512969936224,AccountMode.EXISTING_EOA,,CALLCODE,4151.2098539747685,4152,False,False,test_account_access,CALLCODE,target_coef
COLD_ACCOUNT_NOCODE_WRITE,besu,0.029297519832651855,0.001,0.027699460070409836,0.03104253060869484,test_account_access,CALLCODE,target_coef,presets[cold_account_nocode_write],0.00041263724240560724,0.9394355211216211,0.9387312829951283,AccountMode.NON_EXISTING_ACCOUNT,,CALLCODE,2929.751983265185,2930,False,False,test_account_access,CALLCODE,target_coef
COLD_ACCOUNT_NOCODE_WRITE,erigon,0.0637136686251305,0.001,0.06307043953340259,0.0643693548377397,test_account_access,CALL,target_coef,presets[cold_account_nocode_write],0.00016233137134394563,0.9985877380229464,0.998565671429555,AccountMode.EXISTING_EOA,,CALL,6371.36686251305,6372,False,False,test_account_access,CALL,target_coef
COLD_ACCOUNT_NOCODE_WRITE,erigon,0.1989653854161464,0.001,0.19461464638454926,0.20352193222597942,test_account_access,CALL,target_coef,presets[cold_account_nocode_write],0.0001623332202436778,0.9926592084618985,0.9925445085941157,AccountMode.NON_EXISTING_ACCOUNT,,CALL,19896.538541614642,19897,False,True,test_account_access,CALL,target_coef
COLD_ACCOUNT_NOCODE_WRITE,erigon,0.0038290139041825245,0.001,0.0035689832240213782,0.004102348677771804,test_account_access,CALLCODE,target_coef,presets[cold_account_nocode_write],0.00016233137134394563,0.9396653235094834,0.938722594189319,AccountMode.EXISTING_EOA,,CALLCODE,382.90139041825245,383,False,False,test_account_access,CALLCODE,target_coef
COLD_ACCOUNT_NOCODE_WRITE,erigon,0.003334580689670645,0.001,0.00307215685082448,0.0035696081715170594,test_account_access,CALLCODE,target_coef,presets[cold_account_nocode_write],0.00016233137134394563,0.9239492457983649,0.9227609527639644,AccountMode.NON_EXISTING_ACCOUNT,,CALLCODE,333.4580689670645,334,False,False,test_account_access,CALLCODE,target_coef
COLD_ACCOUNT_NOCODE_WRITE,ethrex,0.036418078746896135,0.001,0.03580492796042126,0.037204770058930296,test_account_access,CALL,target_coef,presets[cold_account_nocode_write],5.5310967309070494e-05,0.9948567382206683,0.9947763747553663,AccountMode.EXISTING_EOA,,CALL,3641.8078746896135,3642,False,True,test_account_access,CALL,target_coef
COLD_ACCOUNT_NOCODE_WRITE,ethrex,0.02444456271021989,0.001,0.022446000640872984,0.026258293231894863,test_account_access,CALL,target_coef,presets[cold_account_nocode_write],5.531157423696555e-05,0.9002671057025051,0.8987087792291067,AccountMode.NON_EXISTING_ACCOUNT,,CALL,2444.456271021989,2445,False,False,test_account_access,CALL,target_coef
COLD_ACCOUNT_NOCODE_WRITE,ethrex,0.0019903733219997265,0.034,0.0,0.004271313090433072,test_account_access,CALLCODE,target_coef,presets[cold_account_nocode_write],5.5310967309070494e-05,0.030843633059898568,0.01570056482645943,AccountMode.EXISTING_EOA,,CALLCODE,199.03733219997264,200,True,False,test_account_access,CALLCODE,target_coef
COLD_ACCOUNT_NOCODE_WRITE,ethrex,0.003488130977389942,0.001,0.003417515798370296,0.0035540944138890674,test_account_access,CALLCODE,target_coef,presets[cold_account_nocode_write],5.5310967309070494e-05,0.9526363131072838,0.9518962554995851,AccountMode.NON_EXISTING_ACCOUNT,,CALLCODE,348.81309773899414,349,False,False,test_account_access,CALLCODE,target_coef
COLD_ACCOUNT_NOCODE_WRITE,geth,0.1080161907138024,0.001,0.10568919794148096,0.11027121708145061,test_account_access,CALL,target_coef,presets[cold_account_nocode_write],0.00017728929694693892,0.9908970263352916,0.9907911778043067,AccountMode.EXISTING_EOA,,CALL,10801.61907138024,10802,False,False,test_account_access,CALL,target_coef
COLD_ACCOUNT_NOCODE_WRITE,geth,0.12439213353425826,0.001,0.11622174460372621,0.13311117012206253,test_account_access,CALL,target_coef,presets[cold_account_nocode_write],0.00017729137029496106,0.876539907442728,0.8751043249711319,AccountMode.NON_EXISTING_ACCOUNT,,CALL,12439.213353425826,12440,False,True,test_account_access,CALL,target_coef
COLD_ACCOUNT_NOCODE_WRITE,geth,0.02926912051215221,0.001,0.02779904576043966,0.03052468789593217,test_account_access,CALLCODE,target_coef,presets[cold_account_nocode_write],0.00017728929694693892,0.9489525958744957,0.94835902140792,AccountMode.EXISTING_EOA,,CALLCODE,2926.912051215221,2927,False,False,test_account_access,CALLCODE,target_coef
COLD_ACCOUNT_NOCODE_WRITE,geth,0.029726581060145307,0.001,0.028469378364181997,0.0309961110785882,test_account_access,CALLCODE,target_coef,presets[cold_account_nocode_write],0.00017728929694693892,0.9571873001238084,0.9566894780322247,AccountMode.NON_EXISTING_ACCOUNT,,CALLCODE,2972.658106014531,2973,False,False,test_account_access,CALLCODE,target_coef
COLD_ACCOUNT_NOCODE_WRITE,nethermind,0.03664926302743485,0.001,0.0326907460170621,0.041092284039838015,test_account_access,CALL,target_coef,presets[cold_account_nocode_write],5.4605821657806785e-05,0.8257129326346345,0.8229896972070507,AccountMode.EXISTING_EOA,,CALL,3664.926302743485,3665,False,False,test_account_access,CALL,target_coef
COLD_ACCOUNT_NOCODE_WRITE,nethermind,0.09030761883457229,0.001,0.08465332375399372,0.09580609858099204,test_account_access,CALL,target_coef,presets[cold_account_nocode_write],5.460637605224025e-05,0.9214301080978385,0.9202024535368672,AccountMode.NON_EXISTING_ACCOUNT,,CALL,9030.761883457228,9031,False,True,test_account_access,CALL,target_coef
COLD_ACCOUNT_NOCODE_WRITE,nethermind,0.0075605298433800575,0.001,0.006895969649134839,0.008320992052041551,test_account_access,CALLCODE,target_coef,presets[cold_account_nocode_write],5.4605821657806785e-05,0.8591505016668108,0.8569497282553548,AccountMode.EXISTING_EOA,,CALLCODE,756.0529843380058,757,False,False,test_account_access,CALLCODE,target_coef
COLD_ACCOUNT_NOCODE_WRITE,nethermind,0.005719336180558604,0.001,0.005022550710111172,0.0064623622133652865,test_account_access,CALLCODE,target_coef,presets[cold_account_nocode_write],5.4605821657806785e-05,0.8003752813227091,0.7972561450933764,AccountMode.NON_EXISTING_ACCOUNT,,CALLCODE,571.9336180558604,572,False,False,test_account_access,CALLCODE,target_coef
COLD_ACCOUNT_NOCODE_WRITE,reth,0.09528522467830754,0.001,0.09373087362313541,0.09678031578953812,test_account_access,CALL,target_coef,presets[cold_account_nocode_write],4.6455871380626524e-05,0.9977968597438335,0.9977444040234486,AccountMode.EXISTING_EOA,,CALL,9528.522467830753,9529,False,False,test_account_access,CALL,target_coef
COLD_ACCOUNT_NOCODE_WRITE,reth,0.14616129207328496,0.001,0.14367922453616747,0.14864875997161642,test_account_access,CALL,target_coef,presets[cold_account_nocode_write],4.645624825148685e-05,0.996682119785688,0.9966031226377282,AccountMode.NON_EXISTING_ACCOUNT,,CALL,14616.129207328497,14617,False,True,test_account_access,CALL,target_coef
COLD_ACCOUNT_NOCODE_WRITE,reth,0.006758162301069346,0.001,0.006378600591886553,0.00718876990957335,test_account_access,CALLCODE,target_coef,presets[cold_account_nocode_write],4.6455871380626524e-05,0.9694610299675177,0.9687339116334109,AccountMode.EXISTING_EOA,,CALLCODE,675.8162301069347,676,False,False,test_account_access,CALLCODE,target_coef
COLD_ACCOUNT_NOCODE_WRITE,reth,0.006694363377052495,0.001,0.006389081205911272,0.006949591041413802,test_account_access,CALLCODE,target_coef,presets[cold_account_nocode_write],4.6455871380626524e-05,0.9784686692568271,0.9779560185248468,AccountMode.NON_EXISTING_ACCOUNT,,CALLCODE,669.4363377052496,670,False,False,test_account_access,CALLCODE,target_coef
COLD_ACCOUNT_CODE_ACCESS,besu,0.029767560022274094,0.001,0.027716344879646717,0.03181090180642412,test_account_access,BALANCE,target_coef,presets[cold_account_code_access],2.2849565591179975e-08,0.9386992319093602,0.9379864322803992,AccountMode.EXISTING_CONTRACT_DIFF_MAX,,BALANCE,2976.756002227409,2977,False,False,test_account_access,BALANCE,target_coef
COLD_ACCOUNT_CODE_ACCESS,besu,0.012275024585381334,0.001,0.01140381922447625,0.01323396576133153,test_account_access,BALANCE,target_coef,presets[cold_account_code_access],2.2849565591179975e-08,0.8935145472313037,0.8922763442921329,AccountMode.EXISTING_CONTRACT_MINIMAL,,BALANCE,1227.5024585381334,1228,False,False,test_account_access,BALANCE,target_coef
COLD_ACCOUNT_CODE_ACCESS,besu,0.013664285485318705,0.001,0.012848401748248493,0.014552919472055448,test_account_access,BALANCE,target_coef,presets[cold_account_code_access],2.2849565591179975e-08,0.9319243447517112,0.9311327673651031,AccountMode.EXISTING_CONTRACT_SAME_MAX,,BALANCE,1366.4285485318705,1367,False,False,test_account_access,BALANCE,target_coef
COLD_ACCOUNT_CODE_ACCESS,besu,0.035034730903784436,0.001,0.03317519373063439,0.03686377376232912,test_account_access,CALL,target_coef,presets[cold_account_code_access],4.271437324984487e-05,0.9519158767562289,0.951356759044092,AccountMode.EXISTING_CONTRACT_DIFF_MAX,,CALL,3503.473090378444,3504,False,False,test_account_access,CALL,target_coef
COLD_ACCOUNT_CODE_ACCESS,besu,0.01870789249893637,0.001,0.0177334405055386,0.01967092416566037,test_account_access,CALL,target_coef,presets[cold_account_code_access],4.271437324984487e-05,0.9421947189574447,0.9415225645267172,AccountMode.EXISTING_CONTRACT_MINIMAL,,CALL,1870.7892498936371,1871,False,False,test_account_access,CALL,target_coef
COLD_ACCOUNT_CODE_ACCESS,besu,0.018877304535986763,0.001,0.018106902164108134,0.019636119089364298,test_account_access,CALL,target_coef,presets[cold_account_code_access],4.271437324984487e-05,0.9617684400930603,0.9613238870708866,AccountMode.EXISTING_CONTRACT_SAME_MAX,,CALL,1887.7304535986761,1888,False,False,test_account_access,CALL,target_coef
COLD_ACCOUNT_CODE_ACCESS,besu,0.03234597430487412,0.001,0.03051618088939776,0.03409017834694191,test_account_access,CALLCODE,target_coef,presets[cold_account_code_access],4.271437324984487e-05,0.9441347812997263,0.943485185733444,AccountMode.EXISTING_CONTRACT_DIFF_MAX,,CALLCODE,3234.597430487412,3235,False,False,test_account_access,CALLCODE,target_coef
COLD_ACCOUNT_CODE_ACCESS,besu,0.01782955451465043,0.001,0.016964770563493554,0.018761321858338204,test_account_access,CALLCODE,target_coef,presets[cold_account_code_access],4.271437324984487e-05,0.9625831756790815,0.9621480963265127,AccountMode.EXISTING_CONTRACT_MINIMAL,,CALLCODE,1782.955451465043,1783,False,False,test_account_access,CALLCODE,target_coef
COLD_ACCOUNT_CODE_ACCESS,besu,0.018025642776732763,0.001,0.01719719440953047,0.018836844623093773,test_account_access,CALLCODE,target_coef,presets[cold_account_code_access],4.271437324984487e-05,0.9615081170873039,0.9610605370534353,AccountMode.EXISTING_CONTRACT_SAME_MAX,,CALLCODE,1802.5642776732764,1803,False,False,test_account_access,CALLCODE,target_coef
COLD_ACCOUNT_CODE_ACCESS,besu,0.03295237981105479,0.001,0.03126294303370241,0.03454031286906739,test_account_access,DELEGATECALL,target_coef,presets[cold_account_code_access],1.7867976308390927e-05,0.94937019020038,0.9487814714817798,AccountMode.EXISTING_CONTRACT_DIFF_MAX,,DELEGATECALL,3295.237981105479,3296,False,False,test_account_access,DELEGATECALL,target_coef
COLD_ACCOUNT_CODE_ACCESS,besu,0.017971366165977103,0.001,0.017018952790861772,0.01907315039177167,test_account_access,DELEGATECALL,target_coef,presets[cold_account_code_access],1.7867976308390927e-05,0.9451392035121244,0.9445012872738934,AccountMode.EXISTING_CONTRACT_MINIMAL,,DELEGATECALL,1797.1366165977101,1798,False,False,test_account_access,DELEGATECALL,target_coef
COLD_ACCOUNT_CODE_ACCESS,besu,0.017471845605662225,0.001,0.016609286089807072,0.018247398920492354,test_account_access,DELEGATECALL,target_coef,presets[cold_account_code_access],1.7867976308390927e-05,0.9628603025734729,0.9624284456266528,AccountMode.EXISTING_CONTRACT_SAME_MAX,,DELEGATECALL,1747.1845605662224,1748,False,False,test_account_access,DELEGATECALL,target_coef
COLD_ACCOUNT_CODE_ACCESS,besu,0.029138031075947892,0.001,0.027372419255131033,0.030870645782386876,test_account_access,EXTCODECOPY,target_coef,presets[cold_account_code_access],1.0330205676185389e-05,0.9313599963309194,0.9305618567533719,AccountMode.EXISTING_CONTRACT_DIFF_MAX,,EXTCODECOPY,2913.803107594789,2914,False,False,test_account_access,EXTCODECOPY,target_coef
COLD_ACCOUNT_CODE_ACCESS,besu,0.01403709409385628,0.001,0.013041029483000514,0.015030212258781326,test_account_access,EXTCODECOPY,target_coef,presets[cold_account_code_access],1.0330205676185389e-05,0.910280319895873,0.9092370678016389,AccountMode.EXISTING_CONTRACT_MINIMAL,,EXTCODECOPY,1403.709409385628,1404,False,False,test_account_access,EXTCODECOPY,target_coef
COLD_ACCOUNT_CODE_ACCESS,besu,0.013276072549872215,0.001,0.012305160714721843,0.014247618130958845,test_account_access,EXTCODECOPY,target_coef,presets[cold_account_code_access],1.0330205676185389e-05,0.9116463678942774,0.9106190000790946,AccountMode.EXISTING_CONTRACT_SAME_MAX,,EXTCODECOPY,1327.6072549872215,1328,False,False,test_account_access,EXTCODECOPY,target_coef
COLD_ACCOUNT_CODE_ACCESS,besu,0.029161609467996338,0.001,0.027403625680295914,0.030783179230613637,test_account_access,EXTCODEHASH,target_coef,presets[cold_account_code_access],2.2849565591179975e-08,0.937291648875543,0.9365624820020028,AccountMode.EXISTING_CONTRACT_DIFF_MAX,,EXTCODEHASH,2916.1609467996336,2917,False,False,test_account_access,EXTCODEHASH,target_coef
COLD_ACCOUNT_CODE_ACCESS,besu,0.012794253331622134,0.001,0.011931739875548601,0.013538410778529651,test_account_access,EXTCODEHASH,target_coef,presets[cold_account_code_access],2.2849565591179975e-08,0.9314198173693453,0.9306223733852679,AccountMode.EXISTING_CONTRACT_MINIMAL,,EXTCODEHASH,1279.4253331622135,1280,False,False,test_account_access,EXTCODEHASH,target_coef
COLD_ACCOUNT_CODE_ACCESS,besu,0.011821616472869553,0.001,0.010878932192475238,0.012734293177962335,test_account_access,EXTCODEHASH,target_coef,presets[cold_account_code_access],2.2849565591179975e-08,0.8855453810817301,0.8842145134198898,AccountMode.EXISTING_CONTRACT_SAME_MAX,,EXTCODEHASH,1182.1616472869553,1183,False,False,test_account_access,EXTCODEHASH,target_coef
COLD_ACCOUNT_CODE_ACCESS,besu,0.029785785309002024,0.001,0.028004786168966674,0.031619019443115196,test_account_access,EXTCODESIZE,target_coef,presets[cold_account_code_access],2.358509811871932e-08,0.9397232965889168,0.939022404688788,AccountMode.EXISTING_CONTRACT_DIFF_MAX,,EXTCODESIZE,2978.578530900202,2979,False,False,test_account_access,EXTCODESIZE,target_coef
COLD_ACCOUNT_CODE_ACCESS,besu,0.013699364102403206,0.001,0.012713048364366965,0.014673553698023029,test_account_access,EXTCODESIZE,target_coef,presets[cold_account_code_access],2.358509811871932e-08,0.9201689942538974,0.9192407267452218,AccountMode.EXISTING_CONTRACT_MINIMAL,,EXTCODESIZE,1369.9364102403206,1370,False,False,test_account_access,EXTCODESIZE,target_coef
COLD_ACCOUNT_CODE_ACCESS,besu,0.012869060991935848,0.001,0.011974974974665362,0.013727674730275414,test_account_access,EXTCODESIZE,target_coef,presets[cold_account_code_access],2.358509811871932e-08,0.9160394181873679,0.9150631323523373,AccountMode.EXISTING_CONTRACT_SAME_MAX,,EXTCODESIZE,1286.9060991935849,1287,False,False,test_account_access,EXTCODESIZE,target_coef
COLD_ACCOUNT_CODE_ACCESS,besu,0.0352180825889374,0.001,0.033365434771866195,0.03723676730463654,test_account_access,STATICCALL,target_coef,presets[cold_account_code_access],1.7867976308390927e-05,0.9446298161523162,0.9439859768052501,AccountMode.EXISTING_CONTRACT_DIFF_MAX,,STATICCALL,3521.8082588937395,3522,False,True,test_account_access,STATICCALL,target_coef
COLD_ACCOUNT_CODE_ACCESS,besu,0.017584278712791952,0.001,0.016647097847948777,0.01864399986228926,test_account_access,STATICCALL,target_coef,presets[cold_account_code_access],1.7867976308390927e-05,0.9470800697421401,0.9464647217158859,AccountMode.EXISTING_CONTRACT_MINIMAL,,STATICCALL,1758.4278712791952,1759,False,False,test_account_access,STATICCALL,target_coef
COLD_ACCOUNT_CODE_ACCESS,besu,0.018334719306672062,0.001,0.017551929009455756,0.019211757163340545,test_account_access,STATICCALL,target_coef,presets[cold_account_code_access],1.7867976308390927e-05,0.9566326941252743,0.956128423126731,AccountMode.EXISTING_CONTRACT_SAME_MAX,,STATICCALL,1833.4719306672062,1834,False,False,test_account_access,STATICCALL,target_coef
COLD_ACCOUNT_CODE_ACCESS,erigon,0.0041643115546905005,0.001,0.003962416969201784,0.00435945478498337,test_account_access,BALANCE,target_coef,presets[cold_account_code_access],1.0557543264751105e-08,0.9650384842137286,0.9644922105295681,AccountMode.EXISTING_CONTRACT_DIFF_MAX,,BALANCE,416.43115546905005,417,False,False,test_account_access,BALANCE,target_coef
COLD_ACCOUNT_CODE_ACCESS,erigon,0.0035922335528249852,0.001,0.0033855398887027554,0.0038013365129775586,test_account_access,BALANCE,target_coef,presets[cold_account_code_access],1.0557543264751105e-08,0.9295710478961972,0.9284705955195752,AccountMode.EXISTING_CONTRACT_MINIMAL,,BALANCE,359.2233552824985,360,False,False,test_account_access,BALANCE,target_coef
COLD_ACCOUNT_CODE_ACCESS,erigon,0.004002896141069896,0.001,0.0035403304401699924,0.004469925210939812,test_account_access,BALANCE,target_coef,presets[cold_account_code_access],1.0557543264751105e-08,0.7948978576751664,0.7916931367013409,AccountMode.EXISTING_CONTRACT_SAME_MAX,,BALANCE,400.2896141069896,401,False,False,test_account_access,BALANCE,target_coef
COLD_ACCOUNT_CODE_ACCESS,erigon,0.015665339770010805,0.001,0.011969415673665683,0.019158893424305216,test_account_access,CALL,target_coef,presets[cold_account_code_access],3.318260149375533e-05,0.5461132609590009,0.5390212806614854,AccountMode.EXISTING_CONTRACT_DIFF_MAX,,CALL,1566.5339770010805,1567,False,False,test_account_access,CALL,target_coef
COLD_ACCOUNT_CODE_ACCESS,erigon,0.0043972416138165216,0.001,0.0041946596300666975,0.004564421424774454,test_account_access,CALL,target_coef,presets[cold_account_code_access],3.318260149375533e-05,0.966913015021112,0.9663960308808169,AccountMode.EXISTING_CONTRACT_MINIMAL,,CALL,439.72416138165215,440,False,False,test_account_access,CALL,target_coef
COLD_ACCOUNT_CODE_ACCESS,erigon,0.004899176394599047,0.001,0.00441872396378878,0.005369784162542694,test_account_access,CALL,target_coef,presets[cold_account_code_access],3.318260149375533e-05,0.8439288848682867,0.8414902736943537,AccountMode.EXISTING_CONTRACT_SAME_MAX,,CALL,489.9176394599047,490,False,False,test_account_access,CALL,target_coef
COLD_ACCOUNT_CODE_ACCESS,erigon,0.015376939461955208,0.001,0.011766753633595488,0.018592907986510254,test_account_access,CALLCODE,target_coef,presets[cold_account_code_access],3.318260149375533e-05,0.5483505227710315,0.5412934996893288,AccountMode.EXISTING_CONTRACT_DIFF_MAX,,CALLCODE,1537.6939461955208,1538,False,False,test_account_access,CALLCODE,target_coef
COLD_ACCOUNT_CODE_ACCESS,erigon,0.004182710229390983,0.001,0.0040379043255712845,0.004350863860193735,test_account_access,CALLCODE,target_coef,presets[cold_account_code_access],3.318260149375533e-05,0.9736984497717825,0.9732874880494666,AccountMode.EXISTING_CONTRACT_MINIMAL,,CALLCODE,418.2710229390983,419,False,False,test_account_access,CALLCODE,target_coef
COLD_ACCOUNT_CODE_ACCESS,erigon,0.004507417717968404,0.001,0.003993232681457288,0.00498348333600186,test_account_access,CALLCODE,target_coef,presets[cold_account_code_access],3.318260149375533e-05,0.8494984250137241,0.8471468379045635,AccountMode.EXISTING_CONTRACT_SAME_MAX,,CALLCODE,450.7417717968404,451,False,False,test_account_access,CALLCODE,target_coef
COLD_ACCOUNT_CODE_ACCESS,erigon,0.0155112327869413,0.001,0.011845269100292965,0.01878705397302475,test_account_access,DELEGATECALL,target_coef,presets[cold_account_code_access],1.3580800105789989e-05,0.5495646655649249,0.5425266134643769,AccountMode.EXISTING_CONTRACT_DIFF_MAX,,DELEGATECALL,1551.12327869413,1552,False,False,test_account_access,DELEGATECALL,target_coef
COLD_ACCOUNT_CODE_ACCESS,erigon,0.00405245996338405,0.001,0.003856709178065858,0.004235751011199634,test_account_access,DELEGATECALL,target_coef,presets[cold_account_code_access],1.3580800105789989e-05,0.9662483133938976,0.9657209432906773,AccountMode.EXISTING_CONTRACT_MINIMAL,,DELEGATECALL,405.245996338405,406,False,False,test_account_access,DELEGATECALL,target_coef
COLD_ACCOUNT_CODE_ACCESS,erigon,0.004707093962956123,0.001,0.004131778229172486,0.005175484671037462,test_account_access,DELEGATECALL,target_coef,presets[cold_account_code_access],1.3580800105789989e-05,0.8607046080608518,0.8585281175618026,AccountMode.EXISTING_CONTRACT_SAME_MAX,,DELEGATECALL,470.7093962956123,471,False,False,test_account_access,DELEGATECALL,target_coef
COLD_ACCOUNT_CODE_ACCESS,erigon,0.014544900789171021,0.001,0.011171687879989681,0.017985128570903983,test_account_access,EXTCODECOPY,target_coef,presets[cold_account_code_access],8.971486701842658e-06,0.5362338024182661,0.5289874555810515,AccountMode.EXISTING_CONTRACT_DIFF_MAX,,EXTCODECOPY,1454.4900789171022,1455,False,False,test_account_access,EXTCODECOPY,target_coef
COLD_ACCOUNT_CODE_ACCESS,erigon,0.003438303113507917,0.001,0.003238104255309505,0.0036181898393974517,test_account_access,EXTCODECOPY,target_coef,presets[cold_account_code_access],8.971486701842658e-06,0.9512270645823143,0.950464987466413,AccountMode.EXISTING_CONTRACT_MINIMAL,,EXTCODECOPY,343.83031135079165,344,False,False,test_account_access,EXTCODECOPY,target_coef
COLD_ACCOUNT_CODE_ACCESS,erigon,0.0037579540013681235,0.001,0.003267642918398834,0.004210018709411648,test_account_access,EXTCODECOPY,target_coef,presets[cold_account_code_access],8.971486701842658e-06,0.7665347627443693,0.7628868684122501,AccountMode.EXISTING_CONTRACT_SAME_MAX,,EXTCODECOPY,375.79540013681236,376,False,False,test_account_access,EXTCODECOPY,target_coef
COLD_ACCOUNT_CODE_ACCESS,erigon,0.0046319653616477535,0.001,0.004412697767342535,0.0048284413436272995,test_account_access,EXTCODEHASH,target_coef,presets[cold_account_code_access],1.0557543264751105e-08,0.9647426348480307,0.9641917385175311,AccountMode.EXISTING_CONTRACT_DIFF_MAX,,EXTCODEHASH,463.1965361647753,464,False,False,test_account_access,EXTCODEHASH,target_coef
COLD_ACCOUNT_CODE_ACCESS,erigon,0.0036914227376269085,0.001,0.0034555765439327015,0.0039043272065261607,test_account_access,EXTCODEHASH,target_coef,presets[cold_account_code_access],1.0557543264751105e-08,0.9299023392119117,0.9288070632620978,AccountMode.EXISTING_CONTRACT_MINIMAL,,EXTCODEHASH,369.1422737626908,370,False,False,test_account_access,EXTCODEHASH,target_coef
COLD_ACCOUNT_CODE_ACCESS,erigon,0.00416857857218448,0.001,0.0037026824819229994,0.004604174775305523,test_account_access,EXTCODEHASH,target_coef,presets[cold_account_code_access],1.0557543264751105e-08,0.8425366179124325,0.8400762525673142,AccountMode.EXISTING_CONTRACT_SAME_MAX,,EXTCODEHASH,416.85785721844803,417,False,False,test_account_access,EXTCODEHASH,target_coef
COLD_ACCOUNT_CODE_ACCESS,erigon,0.006149197936604601,0.001,0.0057489419945234215,0.006533351907026132,test_account_access,EXTCODESIZE,target_coef,presets[cold_account_code_access],1.0897392897827975e-08,0.9184987070280046,0.9172252493253172,AccountMode.EXISTING_CONTRACT_DIFF_MAX,,EXTCODESIZE,614.9197936604601,615,False,False,test_account_access,EXTCODESIZE,target_coef
COLD_ACCOUNT_CODE_ACCESS,erigon,0.0034566236037956205,0.001,0.0031901330393270155,0.0037145855854994253,test_account_access,EXTCODESIZE,target_coef,presets[cold_account_code_access],1.0897392897827975e-08,0.9156140599987543,0.9142955296862348,AccountMode.EXISTING_CONTRACT_MINIMAL,,EXTCODESIZE,345.6623603795621,346,False,False,test_account_access,EXTCODESIZE,target_coef
COLD_ACCOUNT_CODE_ACCESS,erigon,0.003939931799074334,0.001,0.003491774788300988,0.004350603688350687,test_account_access,EXTCODESIZE,target_coef,presets[cold_account_code_access],1.0897392897827975e-08,0.8335357752508129,0.8309347717391069,AccountMode.EXISTING_CONTRACT_SAME_MAX,,EXTCODESIZE,393.99317990743344,394,False,False,test_account_access,EXTCODESIZE,target_coef
COLD_ACCOUNT_CODE_ACCESS,erigon,0.015696673942674808,0.001,0.012095855081500297,0.019076845065914932,test_account_access,STATICCALL,target_coef,presets[cold_account_code_access],1.3580800105789989e-05,0.5538981356117619,0.5469277939806957,AccountMode.EXISTING_CONTRACT_DIFF_MAX,,STATICCALL,1569.6673942674809,1570,False,True,test_account_access,STATICCALL,target_coef
COLD_ACCOUNT_CODE_ACCESS,erigon,0.004324862855283797,0.001,0.00412962193554112,0.00450762049542174,test_account_access,STATICCALL,target_coef,presets[cold_account_code_access],1.3580800105789989e-05,0.9565443486483965,0.9558653540960278,AccountMode.EXISTING_CONTRACT_MINIMAL,,STATICCALL,432.4862855283797,433,False,False,test_account_access,STATICCALL,target_coef
COLD_ACCOUNT_CODE_ACCESS,erigon,0.004720452411988242,0.001,0.004228579128170197,0.00517994355181966,test_account_access,STATICCALL,target_coef,presets[cold_account_code_access],1.3580800105789989e-05,0.8748398466976494,0.8728842193023001,AccountMode.EXISTING_CONTRACT_SAME_MAX,,STATICCALL,472.0452411988242,473,False,False,test_account_access,STATICCALL,target_coef
COLD_ACCOUNT_CODE_ACCESS,ethrex,0.010752986391134919,0.001,0.008905079382141648,0.012458490951322253,test_account_access,BALANCE,target_coef,presets[cold_account_code_access],3.172946702960392e-09,0.6875132335774283,0.6826306278520756,AccountMode.EXISTING_CONTRACT_DIFF_MAX,,BALANCE,1075.2986391134918,1076,False,False,test_account_access,BALANCE,target_coef
COLD_ACCOUNT_CODE_ACCESS,ethrex,0.0028755726729493276,0.001,0.0027543213265462975,0.00299514511996538,test_account_access,BALANCE,target_coef,presets[cold_account_code_access],3.172946702960392e-09,0.9772151437505487,0.9768591303716511,AccountMode.EXISTING_CONTRACT_MINIMAL,,BALANCE,287.5572672949327,288,False,False,test_account_access,BALANCE,target_coef
COLD_ACCOUNT_CODE_ACCESS,ethrex,0.0028623400884519074,0.001,0.002756253349603448,0.002964652607368665,test_account_access,BALANCE,target_coef,presets[cold_account_code_access],3.172946702960392e-09,0.9796357927552639,0.9793176020170649,AccountMode.EXISTING_CONTRACT_SAME_MAX,,BALANCE,286.2340088451908,287,False,False,test_account_access,BALANCE,target_coef
COLD_ACCOUNT_CODE_ACCESS,ethrex,0.009955583204010689,0.001,0.00811486953323015,0.011719995733526629,test_account_access,CALL,target_coef,presets[cold_account_code_access],9.910552472256401e-06,0.6815679658480724,0.6765924653144486,AccountMode.EXISTING_CONTRACT_DIFF_MAX,,CALL,995.5583204010688,996,False,False,test_account_access,CALL,target_coef
COLD_ACCOUNT_CODE_ACCESS,ethrex,0.00311758198333412,0.001,0.0030166960104316093,0.0032171296276020437,test_account_access,CALL,target_coef,presets[cold_account_code_access],9.910552472256401e-06,0.9846272755796556,0.9843870767605877,AccountMode.EXISTING_CONTRACT_MINIMAL,,CALL,311.758198333412,312,False,False,test_account_access,CALL,target_coef
COLD_ACCOUNT_CODE_ACCESS,ethrex,0.0030643569133591547,0.001,0.002925392538067757,0.0032099361904420593,test_account_access,CALL,target_coef,presets[cold_account_code_access],9.910552472256401e-06,0.9798114608745403,0.979496014950705,AccountMode.EXISTING_CONTRACT_SAME_MAX,,CALL,306.43569133591546,307,False,False,test_account_access,CALL,target_coef
COLD_ACCOUNT_CODE_ACCESS,ethrex,0.009955009280276294,0.001,0.008089013448600578,0.011844941535959184,test_account_access,CALLCODE,target_coef,presets[cold_account_code_access],9.910552472256401e-06,0.6791776373477474,0.674164787931306,AccountMode.EXISTING_CONTRACT_DIFF_MAX,,CALLCODE,995.5009280276294,996,False,False,test_account_access,CALLCODE,target_coef
COLD_ACCOUNT_CODE_ACCESS,ethrex,0.003059316153431728,0.001,0.0029614118678936547,0.0031580086862312727,test_account_access,CALLCODE,target_coef,presets[cold_account_code_access],9.910552472256401e-06,0.9852231125848991,0.9849922237190382,AccountMode.EXISTING_CONTRACT_MINIMAL,,CALLCODE,305.9316153431728,306,False,False,test_account_access,CALLCODE,target_coef
COLD_ACCOUNT_CODE_ACCESS,ethrex,0.0030780513505948306,0.001,0.002953528754988683,0.0031974096230014837,test_account_access,CALLCODE,target_coef,presets[cold_account_code_access],9.910552472256401e-06,0.9774049557086915,0.9770519081416398,AccountMode.EXISTING_CONTRACT_SAME_MAX,,CALLCODE,307.80513505948306,308,False,False,test_account_access,CALLCODE,target_coef
COLD_ACCOUNT_CODE_ACCESS,ethrex,0.009922256672316615,0.001,0.008176830531573169,0.011699948028057783,test_account_access,DELEGATECALL,target_coef,presets[cold_account_code_access],4.099609240017546e-06,0.6809999849700517,0.6760156097352087,AccountMode.EXISTING_CONTRACT_DIFF_MAX,,DELEGATECALL,992.2256672316615,993,False,False,test_account_access,DELEGATECALL,target_coef
COLD_ACCOUNT_CODE_ACCESS,ethrex,0.0030942078722054904,0.001,0.00298066412057119,0.003215549157698503,test_account_access,DELEGATECALL,target_coef,presets[cold_account_code_access],4.099609240017546e-06,0.9779634318338373,0.977619110456241,AccountMode.EXISTING_CONTRACT_MINIMAL,,DELEGATECALL,309.420787220549,310,False,False,test_account_access,DELEGATECALL,target_coef
COLD_ACCOUNT_CODE_ACCESS,ethrex,0.0030825816783729134,0.001,0.002962624584291984,0.003200925764141811,test_account_access,DELEGATECALL,target_coef,presets[cold_account_code_access],4.099609240017546e-06,0.9799152450802948,0.9796014207846744,AccountMode.EXISTING_CONTRACT_SAME_MAX,,DELEGATECALL,308.2581678372913,309,False,False,test_account_access,DELEGATECALL,target_coef
COLD_ACCOUNT_CODE_ACCESS,ethrex,0.009655838021008197,0.001,0.008029361171124955,0.01136296067791521,test_account_access,EXTCODECOPY,target_coef,presets[cold_account_code_access],2.5477534241691957e-06,0.6770570397932614,0.6720110560400311,AccountMode.EXISTING_CONTRACT_DIFF_MAX,,EXTCODECOPY,965.5838021008196,966,False,False,test_account_access,EXTCODECOPY,target_coef
COLD_ACCOUNT_CODE_ACCESS,ethrex,0.0029816958811443076,0.001,0.0029014816891730346,0.0030632631226844655,test_account_access,EXTCODECOPY,target_coef,presets[cold_account_code_access],2.5477534241691957e-06,0.9835529927956291,0.9832960083080609,AccountMode.EXISTING_CONTRACT_MINIMAL,,EXTCODECOPY,298.1695881144308,299,False,False,test_account_access,EXTCODECOPY,target_coef
COLD_ACCOUNT_CODE_ACCESS,ethrex,0.00291209166935835,0.001,0.0027588606206112275,0.0030803914507120064,test_account_access,EXTCODECOPY,target_coef,presets[cold_account_code_access],2.5477534241691957e-06,0.9674498897253814,0.9669412942523404,AccountMode.EXISTING_CONTRACT_SAME_MAX,,EXTCODECOPY,291.20916693583496,292,False,False,test_account_access,EXTCODECOPY,target_coef
COLD_ACCOUNT_CODE_ACCESS,ethrex,0.010701252570151467,0.001,0.008886734794576854,0.012585920628626948,test_account_access,EXTCODEHASH,target_coef,presets[cold_account_code_access],3.172946702960392e-09,0.6866942956238349,0.6817988939929573,AccountMode.EXISTING_CONTRACT_DIFF_MAX,,EXTCODEHASH,1070.1252570151469,1071,False,False,test_account_access,EXTCODEHASH,target_coef
COLD_ACCOUNT_CODE_ACCESS,ethrex,0.0030686543801670203,0.001,0.002952866860715915,0.0031949911720584815,test_account_access,EXTCODEHASH,target_coef,presets[cold_account_code_access],3.172946702960392e-09,0.9769469511113966,0.9765867472225122,AccountMode.EXISTING_CONTRACT_MINIMAL,,EXTCODEHASH,306.865438016702,307,False,False,test_account_access,EXTCODEHASH,target_coef
COLD_ACCOUNT_CODE_ACCESS,ethrex,0.003039434038402911,0.001,0.0029496422372023985,0.0031409902356499928,test_account_access,EXTCODEHASH,target_coef,presets[cold_account_code_access],3.172946702960392e-09,0.9856594422632796,0.9854353710486433,AccountMode.EXISTING_CONTRACT_SAME_MAX,,EXTCODEHASH,303.9434038402911,304,False,False,test_account_access,EXTCODEHASH,target_coef
COLD_ACCOUNT_CODE_ACCESS,ethrex,0.01148383701261932,0.001,0.009695688396008416,0.013343727595498267,test_account_access,EXTCODESIZE,target_coef,presets[cold_account_code_access],3.275084553190549e-09,0.7175699595190782,0.7131569901365638,AccountMode.EXISTING_CONTRACT_DIFF_MAX,,EXTCODESIZE,1148.383701261932,1149,False,True,test_account_access,EXTCODESIZE,target_coef
COLD_ACCOUNT_CODE_ACCESS,ethrex,0.00299644999457263,0.001,0.0028985291762440987,0.003087955806439478,test_account_access,EXTCODESIZE,target_coef,presets[cold_account_code_access],3.275084553190549e-09,0.9836531870481771,0.9833977680958048,AccountMode.EXISTING_CONTRACT_MINIMAL,,EXTCODESIZE,299.644999457263,300,False,False,test_account_access,EXTCODESIZE,target_coef
COLD_ACCOUNT_CODE_ACCESS,ethrex,0.0030824548402547244,0.001,0.002980637241905164,0.0031868057499918855,test_account_access,EXTCODESIZE,target_coef,presets[cold_account_code_access],3.275084553190549e-09,0.9795783364041046,0.9792592479104187,AccountMode.EXISTING_CONTRACT_SAME_MAX,,EXTCODESIZE,308.2454840254724,309,False,False,test_account_access,EXTCODESIZE,target_coef
COLD_ACCOUNT_CODE_ACCESS,ethrex,0.010041496727270817,0.001,0.008371443404096632,0.01177742559934268,test_account_access,STATICCALL,target_coef,presets[cold_account_code_access],4.099609240017546e-06,0.6877745053985044,0.682895982045356,AccountMode.EXISTING_CONTRACT_DIFF_MAX,,STATICCALL,1004.1496727270817,1005,False,False,test_account_access,STATICCALL,target_coef
COLD_ACCOUNT_CODE_ACCESS,ethrex,0.003042649768062458,0.001,0.00295727687553435,0.0031306860767153248,test_account_access,STATICCALL,target_coef,presets[cold_account_code_access],4.099609240017546e-06,0.9865230609501991,0.986312483777546,AccountMode.EXISTING_CONTRACT_MINIMAL,,STATICCALL,304.2649768062458,305,False,False,test_account_access,STATICCALL,target_coef
COLD_ACCOUNT_CODE_ACCESS,ethrex,0.003196548404267738,0.001,0.003113350605251833,0.0032931054154820426,test_account_access,STATICCALL,target_coef,presets[cold_account_code_access],4.099609240017546e-06,0.9860159977879811,0.9857974977534183,AccountMode.EXISTING_CONTRACT_SAME_MAX,,STATICCALL,319.6548404267738,320,False,False,test_account_access,STATICCALL,target_coef
COLD_ACCOUNT_CODE_ACCESS,geth,0.01780650715270039,0.001,0.016460357681146138,0.019128179779849087,test_account_access,BALANCE,target_coef,presets[cold_account_code_access],1.1276535730681358e-08,0.923180887626112,0.9222876421333923,AccountMode.EXISTING_CONTRACT_DIFF_MAX,,BALANCE,1780.650715270039,1781,False,False,test_account_access,BALANCE,target_coef
COLD_ACCOUNT_CODE_ACCESS,geth,0.02068838977033778,0.001,0.020002054829782474,0.021363924707908367,test_account_access,BALANCE,target_coef,presets[cold_account_code_access],1.1276535730681358e-08,0.9806751909413889,0.980450483859312,AccountMode.EXISTING_CONTRACT_MINIMAL,,BALANCE,2068.838977033778,2069,False,False,test_account_access,BALANCE,target_coef
COLD_ACCOUNT_CODE_ACCESS,geth,0.020333102024138097,0.001,0.01987391169041613,0.020867407856797998,test_account_access,BALANCE,target_coef,presets[cold_account_code_access],1.1276535730681358e-08,0.9844403734455249,0.9842594475553567,AccountMode.EXISTING_CONTRACT_SAME_MAX,,BALANCE,2033.3102024138097,2034,False,False,test_account_access,BALANCE,target_coef
COLD_ACCOUNT_CODE_ACCESS,geth,0.0451673113949131,0.001,0.03982714319005573,0.05050314285220312,test_account_access,CALL,target_coef,presets[cold_account_code_access],3.509904454985287e-05,0.7694718583057735,0.7667912985186314,AccountMode.EXISTING_CONTRACT_DIFF_MAX,,CALL,4516.7311394913095,4517,False,False,test_account_access,CALL,target_coef
COLD_ACCOUNT_CODE_ACCESS,geth,0.0207302351749997,0.001,0.020040796879715564,0.02144147190289838,test_account_access,CALL,target_coef,presets[cold_account_code_access],3.509904454985287e-05,0.9780724580791307,0.9778174866614462,AccountMode.EXISTING_CONTRACT_MINIMAL,,CALL,2073.02351749997,2074,False,False,test_account_access,CALL,target_coef
COLD_ACCOUNT_CODE_ACCESS,geth,0.02029581255883309,0.001,0.01974979822741939,0.020824016024839784,test_account_access,CALL,target_coef,presets[cold_account_code_access],3.509904454985287e-05,0.9797262813471781,0.9794905404326104,AccountMode.EXISTING_CONTRACT_SAME_MAX,,CALL,2029.581255883309,2030,False,False,test_account_access,CALL,target_coef
COLD_ACCOUNT_CODE_ACCESS,geth,0.04516057006030757,0.001,0.039747301269988725,0.05033420380176601,test_account_access,CALLCODE,target_coef,presets[cold_account_code_access],3.509904454985287e-05,0.773799754532477,0.7711695191200638,AccountMode.EXISTING_CONTRACT_DIFF_MAX,,CALLCODE,4516.057006030757,4517,False,False,test_account_access,CALLCODE,target_coef
COLD_ACCOUNT_CODE_ACCESS,geth,0.020336163399593953,0.001,0.01974455694339427,0.020960400095074456,test_account_access,CALLCODE,target_coef,presets[cold_account_code_access],3.509904454985287e-05,0.9799341884812734,0.9797008650915208,AccountMode.EXISTING_CONTRACT_MINIMAL,,CALLCODE,2033.6163399593954,2034,False,False,test_account_access,CALLCODE,target_coef
COLD_ACCOUNT_CODE_ACCESS,geth,0.020829746962754206,0.001,0.020203672405634487,0.02148805495014345,test_account_access,CALLCODE,target_coef,presets[cold_account_code_access],3.509904454985287e-05,0.9827668639030677,0.982566478599615,AccountMode.EXISTING_CONTRACT_SAME_MAX,,CALLCODE,2082.9746962754207,2083,False,False,test_account_access,CALLCODE,target_coef
COLD_ACCOUNT_CODE_ACCESS,geth,0.04520532148571609,0.001,0.040326125875598584,0.05052649163392183,test_account_access,DELEGATECALL,target_coef,presets[cold_account_code_access],1.4370426654947594e-05,0.7654052256382737,0.7626773794247652,AccountMode.EXISTING_CONTRACT_DIFF_MAX,,DELEGATECALL,4520.5321485716095,4521,False,False,test_account_access,DELEGATECALL,target_coef
COLD_ACCOUNT_CODE_ACCESS,geth,0.020209211693061738,0.001,0.01957422470421839,0.02076464764754079,test_account_access,DELEGATECALL,target_coef,presets[cold_account_code_access],1.4370426654947594e-05,0.97888954605695,0.9786440756622634,AccountMode.EXISTING_CONTRACT_MINIMAL,,DELEGATECALL,2020.9211693061736,2021,False,False,test_account_access,DELEGATECALL,target_coef
COLD_ACCOUNT_CODE_ACCESS,geth,0.02056821098345683,0.001,0.01988617495479222,0.02129243764463218,test_account_access,DELEGATECALL,target_coef,presets[cold_account_code_access],1.4370426654947594e-05,0.9790231129708458,0.9787791956798091,AccountMode.EXISTING_CONTRACT_SAME_MAX,,DELEGATECALL,2056.821098345683,2057,False,False,test_account_access,DELEGATECALL,target_coef
COLD_ACCOUNT_CODE_ACCESS,geth,0.04581889534826803,0.001,0.04085642797434663,0.0512438128027782,test_account_access,EXTCODECOPY,target_coef,presets[cold_account_code_access],9.472223277641598e-06,0.7588673819721293,0.7560635143206424,AccountMode.EXISTING_CONTRACT_DIFF_MAX,,EXTCODECOPY,4581.889534826803,4582,False,False,test_account_access,EXTCODECOPY,target_coef
COLD_ACCOUNT_CODE_ACCESS,geth,0.021667786953184342,0.001,0.021124183173427846,0.022235338665684445,test_account_access,EXTCODECOPY,target_coef,presets[cold_account_code_access],9.472223277641598e-06,0.9842710140987769,0.984088118913879,AccountMode.EXISTING_CONTRACT_MINIMAL,,EXTCODECOPY,2166.7786953184345,2167,False,False,test_account_access,EXTCODECOPY,target_coef
COLD_ACCOUNT_CODE_ACCESS,geth,0.02059441775398656,0.001,0.020031905863599108,0.02119383329535285,test_account_access,EXTCODECOPY,target_coef,presets[cold_account_code_access],9.472223277641598e-06,0.982002058228619,0.9817927798359285,AccountMode.EXISTING_CONTRACT_SAME_MAX,,EXTCODECOPY,2059.441775398656,2060,False,False,test_account_access,EXTCODECOPY,target_coef
COLD_ACCOUNT_CODE_ACCESS,geth,0.017331545878430114,0.001,0.015852703637995187,0.018783573845653188,test_account_access,EXTCODEHASH,target_coef,presets[cold_account_code_access],1.1276535730681358e-08,0.9026082996256422,0.9014758379933822,AccountMode.EXISTING_CONTRACT_DIFF_MAX,,EXTCODEHASH,1733.1545878430113,1734,False,False,test_account_access,EXTCODEHASH,target_coef
COLD_ACCOUNT_CODE_ACCESS,geth,0.020544504500143907,0.001,0.019910412598159264,0.02117353241565064,test_account_access,EXTCODEHASH,target_coef,presets[cold_account_code_access],1.1276535730681358e-08,0.9818924963372122,0.9816819439690403,AccountMode.EXISTING_CONTRACT_MINIMAL,,EXTCODEHASH,2054.4504500143908,2055,False,False,test_account_access,EXTCODEHASH,target_coef
COLD_ACCOUNT_CODE_ACCESS,geth,0.020623300644713138,0.001,0.020038585985387217,0.021171424640758222,test_account_access,EXTCODEHASH,target_coef,presets[cold_account_code_access],1.1276535730681358e-08,0.9825277312380436,0.9823245653222069,AccountMode.EXISTING_CONTRACT_SAME_MAX,,EXTCODEHASH,2062.3300644713136,2063,False,False,test_account_access,EXTCODEHASH,target_coef
COLD_ACCOUNT_CODE_ACCESS,geth,0.04627700708212173,0.001,0.0407757014032461,0.05121315461066351,test_account_access,EXTCODESIZE,target_coef,presets[cold_account_code_access],1.1639529888919424e-08,0.7739534116773819,0.7713249629759561,AccountMode.EXISTING_CONTRACT_DIFF_MAX,,EXTCODESIZE,4627.700708212173,4628,False,True,test_account_access,EXTCODESIZE,target_coef
COLD_ACCOUNT_CODE_ACCESS,geth,0.020425330938667774,0.001,0.019810262454519816,0.020960448189449653,test_account_access,EXTCODESIZE,target_coef,presets[cold_account_code_access],1.1639529888919424e-08,0.9800929385944799,0.9798614611362761,AccountMode.EXISTING_CONTRACT_MINIMAL,,EXTCODESIZE,2042.5330938667773,2043,False,False,test_account_access,EXTCODESIZE,target_coef
COLD_ACCOUNT_CODE_ACCESS,geth,0.02072764199347475,0.001,0.02006590160071044,0.021455469972962143,test_account_access,EXTCODESIZE,target_coef,presets[cold_account_code_access],1.1639529888919424e-08,0.9770622851852968,0.9767955675711724,AccountMode.EXISTING_CONTRACT_SAME_MAX,,EXTCODESIZE,2072.764199347475,2073,False,False,test_account_access,EXTCODESIZE,target_coef
COLD_ACCOUNT_CODE_ACCESS,geth,0.045403618431183526,0.001,0.040355108834157064,0.05070806768671461,test_account_access,STATICCALL,target_coef,presets[cold_account_code_access],1.4370426654947594e-05,0.7843948643411085,0.7818878278799586,AccountMode.EXISTING_CONTRACT_DIFF_MAX,,STATICCALL,4540.361843118353,4541,False,False,test_account_access,STATICCALL,target_coef
COLD_ACCOUNT_CODE_ACCESS,geth,0.020391724813102575,0.001,0.01986832397630483,0.02098309504335835,test_account_access,STATICCALL,target_coef,presets[cold_account_code_access],1.4370426654947594e-05,0.9872911417347798,0.9871433643130912,AccountMode.EXISTING_CONTRACT_MINIMAL,,STATICCALL,2039.1724813102574,2040,False,False,test_account_access,STATICCALL,target_coef
COLD_ACCOUNT_CODE_ACCESS,geth,0.02062041701026876,0.001,0.02004863382310936,0.021232968365086567,test_account_access,STATICCALL,target_coef,presets[cold_account_code_access],1.4370426654947594e-05,0.9812935545503847,0.981076037742831,AccountMode.EXISTING_CONTRACT_SAME_MAX,,STATICCALL,2062.041701026876,2063,False,False,test_account_access,STATICCALL,target_coef
COLD_ACCOUNT_CODE_ACCESS,nethermind,0.00276158204860013,0.001,0.0024059296994918397,0.003151003626325275,test_account_access,BALANCE,target_coef,presets[cold_account_code_access],3.215462166207943e-09,0.7314711041111923,0.7272753401129297,AccountMode.EXISTING_CONTRACT_DIFF_MAX,,BALANCE,276.158204860013,277,False,False,test_account_access,BALANCE,target_coef
COLD_ACCOUNT_CODE_ACCESS,nethermind,0.00308368331444985,0.001,0.0027281749939579896,0.0034035872298546683,test_account_access,BALANCE,target_coef,presets[cold_account_code_access],3.215462166207943e-09,0.8125918841201465,0.8096636323095238,AccountMode.EXISTING_CONTRACT_MINIMAL,,BALANCE,308.368331444985,309,False,False,test_account_access,BALANCE,target_coef
COLD_ACCOUNT_CODE_ACCESS,nethermind,0.002633173328278142,0.001,0.0022079164487024128,0.003105046967721767,test_account_access,BALANCE,target_coef,presets[cold_account_code_access],3.215462166207943e-09,0.6504151937039286,0.6449529311055525,AccountMode.EXISTING_CONTRACT_SAME_MAX,,BALANCE,263.3173328278142,264,False,False,test_account_access,BALANCE,target_coef
COLD_ACCOUNT_CODE_ACCESS,nethermind,0.025205455339286694,0.001,0.018520410526328638,0.03190597349065679,test_account_access,CALL,target_coef,presets[cold_account_code_access],8.505375023999923e-06,0.47881099422917595,0.47066741601400686,AccountMode.EXISTING_CONTRACT_DIFF_MAX,,CALL,2520.5455339286696,2521,True,False,test_account_access,CALL,target_coef
COLD_ACCOUNT_CODE_ACCESS,nethermind,0.003370542011592099,0.001,0.0028901942851587187,0.003951638051346335,test_account_access,CALL,target_coef,presets[cold_account_code_access],8.505375023999923e-06,0.7324941305326156,0.7283143513221877,AccountMode.EXISTING_CONTRACT_MINIMAL,,CALL,337.05420115920987,338,False,False,test_account_access,CALL,target_coef
COLD_ACCOUNT_CODE_ACCESS,nethermind,0.0031364488525777866,0.001,0.002593588888660509,0.0037536380701081646,test_account_access,CALL,target_coef,presets[cold_account_code_access],8.505375023999923e-06,0.6475516566238504,0.642044651258598,AccountMode.EXISTING_CONTRACT_SAME_MAX,,CALL,313.64488525777864,314,False,False,test_account_access,CALL,target_coef
COLD_ACCOUNT_CODE_ACCESS,nethermind,0.025382613806635174,0.001,0.01889277397458273,0.03176662743172207,test_account_access,CALLCODE,target_coef,presets[cold_account_code_access],8.505375023999923e-06,0.48373907547717965,0.4756724985315106,AccountMode.EXISTING_CONTRACT_DIFF_MAX,,CALLCODE,2538.2613806635172,2539,True,False,test_account_access,CALLCODE,target_coef
COLD_ACCOUNT_CODE_ACCESS,nethermind,0.003476632946358882,0.001,0.0029882548103690888,0.004020063615735371,test_account_access,CALLCODE,target_coef,presets[cold_account_code_access],8.505375023999923e-06,0.7504827268562926,0.7465840194634221,AccountMode.EXISTING_CONTRACT_MINIMAL,,CALLCODE,347.6632946358882,348,False,True,test_account_access,CALLCODE,target_coef
COLD_ACCOUNT_CODE_ACCESS,nethermind,0.003164455423543766,0.001,0.0026868697253751386,0.0036448992714056576,test_account_access,CALLCODE,target_coef,presets[cold_account_code_access],8.505375023999923e-06,0.7411447747386095,0.7371001618439003,AccountMode.EXISTING_CONTRACT_SAME_MAX,,CALLCODE,316.4455423543766,317,False,False,test_account_access,CALLCODE,target_coef
COLD_ACCOUNT_CODE_ACCESS,nethermind,0.025415532095054014,0.001,0.018833968330282932,0.03195493631184462,test_account_access,DELEGATECALL,target_coef,presets[cold_account_code_access],3.507582678594182e-06,0.4759494185174141,0.46776112818174875,AccountMode.EXISTING_CONTRACT_DIFF_MAX,,DELEGATECALL,2541.5532095054014,2542,True,False,test_account_access,DELEGATECALL,target_coef
COLD_ACCOUNT_CODE_ACCESS,nethermind,0.003018554675311048,0.001,0.002425108123307238,0.0037552075532818695,test_account_access,DELEGATECALL,target_coef,presets[cold_account_code_access],3.507582678594182e-06,0.6136246782260291,0.6075875638233108,AccountMode.EXISTING_CONTRACT_MINIMAL,,DELEGATECALL,301.8554675311048,302,False,False,test_account_access,DELEGATECALL,target_coef
COLD_ACCOUNT_CODE_ACCESS,nethermind,0.0031635223519423826,0.001,0.002758481736169213,0.0035575429078807614,test_account_access,DELEGATECALL,target_coef,presets[cold_account_code_access],3.507582678594182e-06,0.7960063400306239,0.7928189390936023,AccountMode.EXISTING_CONTRACT_SAME_MAX,,DELEGATECALL,316.35223519423823,317,False,False,test_account_access,DELEGATECALL,target_coef
COLD_ACCOUNT_CODE_ACCESS,nethermind,0.02470144871404174,0.001,0.017882003195542423,0.03142059446875249,test_account_access,EXTCODECOPY,target_coef,presets[cold_account_code_access],2.2160818417969825e-06,0.4555637947330058,0.44705697902570896,AccountMode.EXISTING_CONTRACT_DIFF_MAX,,EXTCODECOPY,2470.144871404174,2471,True,False,test_account_access,EXTCODECOPY,target_coef
COLD_ACCOUNT_CODE_ACCESS,nethermind,0.0028562587679621413,0.001,0.0024569440963306366,0.003254915440949178,test_account_access,EXTCODECOPY,target_coef,presets[cold_account_code_access],2.2160818417969825e-06,0.6681006328415411,0.6629147052296902,AccountMode.EXISTING_CONTRACT_MINIMAL,,EXTCODECOPY,285.62587679621413,286,False,False,test_account_access,EXTCODECOPY,target_coef
COLD_ACCOUNT_CODE_ACCESS,nethermind,0.003094954144759584,0.001,0.0026800486538258914,0.0035296975395146942,test_account_access,EXTCODECOPY,target_coef,presets[cold_account_code_access],2.2160818417969825e-06,0.763427633150084,0.7597311899180541,AccountMode.EXISTING_CONTRACT_SAME_MAX,,EXTCODECOPY,309.4954144759584,310,False,False,test_account_access,EXTCODECOPY,target_coef
COLD_ACCOUNT_CODE_ACCESS,nethermind,0.0030317082205788947,0.001,0.0025865350091551164,0.0035088043270959726,test_account_access,EXTCODEHASH,target_coef,presets[cold_account_code_access],3.215462166207943e-09,0.6699521520261402,0.6647951544015487,AccountMode.EXISTING_CONTRACT_DIFF_MAX,,EXTCODEHASH,303.1708220578895,304,False,False,test_account_access,EXTCODEHASH,target_coef
COLD_ACCOUNT_CODE_ACCESS,nethermind,0.002558523210057673,0.001,0.00205202546330458,0.0031461517099869375,test_account_access,EXTCODEHASH,target_coef,presets[cold_account_code_access],3.215462166207943e-09,0.6380839585312256,0.632429020383276,AccountMode.EXISTING_CONTRACT_MINIMAL,,EXTCODEHASH,255.8523210057673,256,False,False,test_account_access,EXTCODEHASH,target_coef
COLD_ACCOUNT_CODE_ACCESS,nethermind,0.002722397316943936,0.001,0.0022898330251194007,0.0031561479664973437,test_account_access,EXTCODEHASH,target_coef,presets[cold_account_code_access],3.215462166207943e-09,0.7276158093077811,0.7233598063282152,AccountMode.EXISTING_CONTRACT_SAME_MAX,,EXTCODEHASH,272.23973169439364,273,False,False,test_account_access,EXTCODEHASH,target_coef
COLD_ACCOUNT_CODE_ACCESS,nethermind,0.024767016960740386,0.001,0.01848296852779787,0.031539358426594714,test_account_access,EXTCODESIZE,target_coef,presets[cold_account_code_access],3.318968598524144e-09,0.4581552285864269,0.4496889040330898,AccountMode.EXISTING_CONTRACT_DIFF_MAX,,EXTCODESIZE,2476.701696074039,2477,True,False,test_account_access,EXTCODESIZE,target_coef
COLD_ACCOUNT_CODE_ACCESS,nethermind,0.002860091636618911,0.001,0.002402727121780378,0.003374080238432771,test_account_access,EXTCODESIZE,target_coef,presets[cold_account_code_access],3.318968598524144e-09,0.718671205847873,0.714275443439246,AccountMode.EXISTING_CONTRACT_MINIMAL,,EXTCODESIZE,286.00916366189114,287,False,False,test_account_access,EXTCODESIZE,target_coef
COLD_ACCOUNT_CODE_ACCESS,nethermind,0.0028831677047117038,0.001,0.002310561248858655,0.003425038368707293,test_account_access,EXTCODESIZE,target_coef,presets[cold_account_code_access],3.318968598524144e-09,0.6922285925433789,0.6874196643018692,AccountMode.EXISTING_CONTRACT_SAME_MAX,,EXTCODESIZE,288.31677047117034,289,False,False,test_account_access,EXTCODESIZE,target_coef
COLD_ACCOUNT_CODE_ACCESS,nethermind,0.025171457966897817,0.001,0.018826629255149763,0.03191669407606702,test_account_access,STATICCALL,target_coef,presets[cold_account_code_access],3.507582678594182e-06,0.4695767238872458,0.461288860197984,AccountMode.EXISTING_CONTRACT_DIFF_MAX,,STATICCALL,2517.145796689782,2518,True,False,test_account_access,STATICCALL,target_coef
COLD_ACCOUNT_CODE_ACCESS,nethermind,0.002841455969464058,0.001,0.0023164892857690527,0.003292550230954801,test_account_access,STATICCALL,target_coef,presets[cold_account_code_access],3.507582678594182e-06,0.7083764764072088,0.7038198588510715,AccountMode.EXISTING_CONTRACT_MINIMAL,,STATICCALL,284.1455969464058,285,False,False,test_account_access,STATICCALL,target_coef
COLD_ACCOUNT_CODE_ACCESS,nethermind,0.0032916282152856634,0.001,0.0027833420002440724,0.0037536528784123035,test_account_access,STATICCALL,target_coef,presets[cold_account_code_access],3.507582678594182e-06,0.772040438689058,0.7684785705435746,AccountMode.EXISTING_CONTRACT_SAME_MAX,,STATICCALL,329.1628215285664,330,False,False,test_account_access,STATICCALL,target_coef
COLD_ACCOUNT_CODE_ACCESS,reth,0.0051541649958686386,0.001,0.004789051538262971,0.005480534151430831,test_account_access,BALANCE,target_coef,presets[cold_account_code_access],1.4600247905481045e-09,0.94686446104612,0.9455993291662657,AccountMode.EXISTING_CONTRACT_DIFF_MAX,,BALANCE,515.4164995868639,516,False,False,test_account_access,BALANCE,target_coef
COLD_ACCOUNT_CODE_ACCESS,reth,0.004662661838318702,0.001,0.004486212758540447,0.004817838798620371,test_account_access,BALANCE,target_coef,presets[cold_account_code_access],1.4600247905481045e-09,0.9880802648967485,0.9877964616800045,AccountMode.EXISTING_CONTRACT_MINIMAL,,BALANCE,466.2661838318702,467,False,False,test_account_access,BALANCE,target_coef
COLD_ACCOUNT_CODE_ACCESS,reth,0.0046078021434308005,0.001,0.0044241281647627115,0.004812233837742115,test_account_access,BALANCE,target_coef,presets[cold_account_code_access],1.4600247905481045e-09,0.9804032480375444,0.979936658705105,AccountMode.EXISTING_CONTRACT_SAME_MAX,,BALANCE,460.78021434308005,461,False,False,test_account_access,BALANCE,target_coef
COLD_ACCOUNT_CODE_ACCESS,reth,0.04187379844306794,0.001,0.026248400242918253,0.04829856294570478,test_account_access,CALL,target_coef,presets[cold_account_code_access],8.572428320846449e-06,0.40696544175181015,0.39284557131732945,AccountMode.EXISTING_CONTRACT_DIFF_MAX,,CALL,4187.379844306794,4188,True,False,test_account_access,CALL,target_coef
COLD_ACCOUNT_CODE_ACCESS,reth,0.00518242811649006,0.001,0.004956266078752193,0.005394369834253459,test_account_access,CALL,target_coef,presets[cold_account_code_access],8.572428320846449e-06,0.9814126338601976,0.9809700775235356,AccountMode.EXISTING_CONTRACT_MINIMAL,,CALL,518.242811649006,519,False,True,test_account_access,CALL,target_coef
COLD_ACCOUNT_CODE_ACCESS,reth,0.005113364984687949,0.001,0.00488520691721267,0.005361380106468551,test_account_access,CALL,target_coef,presets[cold_account_code_access],8.572428320846449e-06,0.9811197013042562,0.9806701703829289,AccountMode.EXISTING_CONTRACT_SAME_MAX,,CALL,511.33649846879484,512,False,False,test_account_access,CALL,target_coef
COLD_ACCOUNT_CODE_ACCESS,reth,0.0402513502012791,0.001,0.02514711868247925,0.047912890590991325,test_account_access,CALLCODE,target_coef,presets[cold_account_code_access],8.572428320846449e-06,0.3893706628325059,0.37483186909042265,AccountMode.EXISTING_CONTRACT_DIFF_MAX,,CALLCODE,4025.13502012791,4026,True,False,test_account_access,CALLCODE,target_coef
COLD_ACCOUNT_CODE_ACCESS,reth,0.00468170480822716,0.001,0.004487457524155458,0.004862006151538333,test_account_access,CALLCODE,target_coef,presets[cold_account_code_access],8.572428320846449e-06,0.9836407236258213,0.9832512170454838,AccountMode.EXISTING_CONTRACT_MINIMAL,,CALLCODE,468.17048082271594,469,False,False,test_account_access,CALLCODE,target_coef
COLD_ACCOUNT_CODE_ACCESS,reth,0.004607551705103984,0.001,0.004416578469522772,0.004790766691166402,test_account_access,CALLCODE,target_coef,presets[cold_account_code_access],8.572428320846449e-06,0.9861133544172258,0.9857827199985884,AccountMode.EXISTING_CONTRACT_SAME_MAX,,CALLCODE,460.75517051039844,461,False,False,test_account_access,CALLCODE,target_coef
COLD_ACCOUNT_CODE_ACCESS,reth,0.04020944023277451,0.001,0.024960793702147495,0.04693560438676319,test_account_access,DELEGATECALL,target_coef,presets[cold_account_code_access],3.5709333652967353e-06,0.39126922763704586,0.37677563781888024,AccountMode.EXISTING_CONTRACT_DIFF_MAX,,DELEGATECALL,4020.944023277451,4021,True,False,test_account_access,DELEGATECALL,target_coef
COLD_ACCOUNT_CODE_ACCESS,reth,0.004668016700464818,0.001,0.004456989925557299,0.004872989676066779,test_account_access,DELEGATECALL,target_coef,presets[cold_account_code_access],3.5709333652967353e-06,0.9818080683544887,0.9813749271248338,AccountMode.EXISTING_CONTRACT_MINIMAL,,DELEGATECALL,466.8016700464818,467,False,False,test_account_access,DELEGATECALL,target_coef
COLD_ACCOUNT_CODE_ACCESS,reth,0.004712668325578425,0.001,0.00453671224225129,0.004912836699383356,test_account_access,DELEGATECALL,target_coef,presets[cold_account_code_access],3.5709333652967353e-06,0.9869329273872169,0.9866218066107221,AccountMode.EXISTING_CONTRACT_SAME_MAX,,DELEGATECALL,471.26683255784246,472,False,False,test_account_access,DELEGATECALL,target_coef
COLD_ACCOUNT_CODE_ACCESS,reth,0.04014586947361971,0.001,0.02412104987084337,0.04752190583339195,test_account_access,EXTCODECOPY,target_coef,presets[cold_account_code_access],2.135166718664828e-06,0.38694639669610065,0.37234988233172206,AccountMode.EXISTING_CONTRACT_DIFF_MAX,,EXTCODECOPY,4014.586947361971,4015,True,False,test_account_access,EXTCODECOPY,target_coef
COLD_ACCOUNT_CODE_ACCESS,reth,0.004651545402275428,0.001,0.004478688789552677,0.004835610610885656,test_account_access,EXTCODECOPY,target_coef,presets[cold_account_code_access],2.135166718664828e-06,0.9847456436532366,0.9843824446925994,AccountMode.EXISTING_CONTRACT_MINIMAL,,EXTCODECOPY,465.1545402275428,466,False,False,test_account_access,EXTCODECOPY,target_coef
COLD_ACCOUNT_CODE_ACCESS,reth,0.004568422100076167,0.001,0.004395805710407475,0.00474988024000145,test_account_access,EXTCODECOPY,target_coef,presets[cold_account_code_access],2.135166718664828e-06,0.9827582094364458,0.982347690613504,AccountMode.EXISTING_CONTRACT_SAME_MAX,,EXTCODECOPY,456.84221000761664,457,False,False,test_account_access,EXTCODECOPY,target_coef
COLD_ACCOUNT_CODE_ACCESS,reth,0.005019388285857089,0.001,0.004549721114302586,0.005501721075016395,test_account_access,EXTCODEHASH,target_coef,presets[cold_account_code_access],1.4600247905481045e-09,0.910925001792962,0.9088041685023183,AccountMode.EXISTING_CONTRACT_DIFF_MAX,,EXTCODEHASH,501.9388285857089,502,False,False,test_account_access,EXTCODEHASH,target_coef
COLD_ACCOUNT_CODE_ACCESS,reth,0.004615948544196638,0.001,0.004448717283817208,0.004786598786314921,test_account_access,EXTCODEHASH,target_coef,presets[cold_account_code_access],1.4600247905481045e-09,0.982136642058998,0.9817113240127836,AccountMode.EXISTING_CONTRACT_MINIMAL,,EXTCODEHASH,461.5948544196638,462,False,False,test_account_access,EXTCODEHASH,target_coef
COLD_ACCOUNT_CODE_ACCESS,reth,0.004623309799122166,0.001,0.004467372540183834,0.0047835988626546595,test_account_access,EXTCODEHASH,target_coef,presets[cold_account_code_access],1.4600247905481045e-09,0.9886281403448702,0.9883573817816529,AccountMode.EXISTING_CONTRACT_SAME_MAX,,EXTCODEHASH,462.3309799122166,463,False,False,test_account_access,EXTCODEHASH,target_coef
COLD_ACCOUNT_CODE_ACCESS,reth,0.040356658809117735,0.001,0.02358947701077933,0.047265644452380885,test_account_access,EXTCODESIZE,target_coef,presets[cold_account_code_access],1.5070233087552287e-09,0.3887320852160665,0.37417808724502044,AccountMode.EXISTING_CONTRACT_DIFF_MAX,,EXTCODESIZE,4035.6658809117735,4036,True,False,test_account_access,EXTCODESIZE,target_coef
COLD_ACCOUNT_CODE_ACCESS,reth,0.004778165530230843,0.001,0.004634937592233642,0.004912041776844048,test_account_access,EXTCODESIZE,target_coef,presets[cold_account_code_access],1.5070233087552287e-09,0.991153896175308,0.9909432746556726,AccountMode.EXISTING_CONTRACT_MINIMAL,,EXTCODESIZE,477.8165530230843,478,False,False,test_account_access,EXTCODESIZE,target_coef
COLD_ACCOUNT_CODE_ACCESS,reth,0.004689853533241909,0.001,0.004499330368025783,0.004876839741801774,test_account_access,EXTCODESIZE,target_coef,presets[cold_account_code_access],1.5070233087552287e-09,0.9834973225692382,0.9831044016780296,AccountMode.EXISTING_CONTRACT_SAME_MAX,,EXTCODESIZE,468.9853533241909,469,False,False,test_account_access,EXTCODESIZE,target_coef
COLD_ACCOUNT_CODE_ACCESS,reth,0.041650051612222315,0.001,0.02544032307129492,0.048692815774326534,test_account_access,STATICCALL,target_coef,presets[cold_account_code_access],3.5709333652967353e-06,0.4025133195396148,0.38828744619531985,AccountMode.EXISTING_CONTRACT_DIFF_MAX,,STATICCALL,4165.005161222231,4166,True,False,test_account_access,STATICCALL,target_coef
COLD_ACCOUNT_CODE_ACCESS,reth,0.005045830336331482,0.001,0.004820863277936549,0.0052795296853035455,test_account_access,STATICCALL,target_coef,presets[cold_account_code_access],3.5709333652967353e-06,0.9858648616284484,0.98552831071484,AccountMode.EXISTING_CONTRACT_MINIMAL,,STATICCALL,504.5830336331482,505,False,False,test_account_access,STATICCALL,target_coef
COLD_ACCOUNT_CODE_ACCESS,reth,0.005137954912297887,0.001,0.004989515138040502,0.005288888906322665,test_account_access,STATICCALL,target_coef,presets[cold_account_code_access],3.5709333652967353e-06,0.9870919640082456,0.9867846298179658,AccountMode.EXISTING_CONTRACT_SAME_MAX,,STATICCALL,513.7954912297887,514,False,False,test_account_access,STATICCALL,target_coef
COLD_ACCOUNT_CODE_WRITE,besu,0.12271034758057223,0.001,0.11663753759585976,0.12810508167636495,test_account_access,CALL,target_coef,presets[cold_account_code_write],4.271437324984487e-05,0.938800489676892,0.9380888674638326,AccountMode.EXISTING_CONTRACT_DIFF_MAX,,CALL,12271.034758057222,12272,False,True,test_account_access,CALL,target_coef
COLD_ACCOUNT_CODE_WRITE,besu,0.08883166499623286,0.001,0.08573198511826247,0.09207244001930912,test_account_access,CALL,target_coef,presets[cold_account_code_write],4.271437324984487e-05,0.9721361892878658,0.9718121914888875,AccountMode.EXISTING_CONTRACT_MINIMAL,,CALL,8883.166499623285,8884,False,False,test_account_access,CALL,target_coef
COLD_ACCOUNT_CODE_WRITE,besu,0.08655451948105253,0.001,0.0830268985665421,0.08988556162354389,test_account_access,CALL,target_coef,presets[cold_account_code_write],4.271437324984487e-05,0.9680844492214424,0.9677133381658778,AccountMode.EXISTING_CONTRACT_SAME_MAX,,CALL,8655.451948105254,8656,False,False,test_account_access,CALL,target_coef
COLD_ACCOUNT_CODE_WRITE,besu,0.05321972300330971,0.001,0.05007627349736041,0.05712478905483043,test_account_access,CALLCODE,target_coef,presets[cold_account_code_write],4.271437324984487e-05,0.9236324976229227,0.9227445034092358,AccountMode.EXISTING_CONTRACT_DIFF_MAX,,CALLCODE,5321.972300330971,5322,False,False,test_account_access,CALLCODE,target_coef
COLD_ACCOUNT_CODE_WRITE,besu,0.033397982868209344,0.001,0.03078609262050504,0.03736593022760148,test_account_access,CALLCODE,target_coef,presets[cold_account_code_write],4.271437324984487e-05,0.8543001391117551,0.852605954682822,AccountMode.EXISTING_CONTRACT_MINIMAL,,CALLCODE,3339.7982868209347,3340,False,False,test_account_access,CALLCODE,target_coef
COLD_ACCOUNT_CODE_WRITE,besu,0.03130059521029905,0.001,0.029531483494854047,0.03310064111283572,test_account_access,CALLCODE,target_coef,presets[cold_account_code_write],4.271437324984487e-05,0.9313927782652216,0.9305950198729567,AccountMode.EXISTING_CONTRACT_SAME_MAX,,CALLCODE,3130.0595210299048,3131,False,False,test_account_access,CALLCODE,target_coef
COLD_ACCOUNT_CODE_WRITE,erigon,0.07434781418900288,0.001,0.06983762191056185,0.07849800035431673,test_account_access,CALL,target_coef,presets[cold_account_code_write],3.318260149375533e-05,0.9542484455672157,0.9535335775292034,AccountMode.EXISTING_CONTRACT_DIFF_MAX,,CALL,7434.7814189002875,7435,False,True,test_account_access,CALL,target_coef
COLD_ACCOUNT_CODE_WRITE,erigon,0.06340563083109606,0.001,0.061576218694530484,0.06502052914890345,test_account_access,CALL,target_coef,presets[cold_account_code_write],3.318260149375533e-05,0.9881944695016623,0.9880100080876258,AccountMode.EXISTING_CONTRACT_MINIMAL,,CALL,6340.563083109606,6341,False,False,test_account_access,CALL,target_coef
COLD_ACCOUNT_CODE_WRITE,erigon,0.06959392565611013,0.001,0.058943713330722285,0.07942859046721615,test_account_access,CALL,target_coef,presets[cold_account_code_write],3.318260149375533e-05,0.7530153835836415,0.749156248952136,AccountMode.EXISTING_CONTRACT_SAME_MAX,,CALL,6959.392565611012,6960,False,False,test_account_access,CALL,target_coef
COLD_ACCOUNT_CODE_WRITE,erigon,0.021482493206086452,0.001,0.018767343202367604,0.023948242884450077,test_account_access,CALLCODE,target_coef,presets[cold_account_code_write],3.318260149375533e-05,0.7939789588525288,0.7907598800845995,AccountMode.EXISTING_CONTRACT_DIFF_MAX,,CALLCODE,2148.249320608645,2149,False,False,test_account_access,CALLCODE,target_coef
COLD_ACCOUNT_CODE_WRITE,erigon,0.0077691048467246155,0.001,0.007010017087307316,0.00855602068222819,test_account_access,CALLCODE,target_coef,presets[cold_account_code_write],3.318260149375533e-05,0.8305136076308424,0.8278653827500743,AccountMode.EXISTING_CONTRACT_MINIMAL,,CALLCODE,776.9104846724615,777,False,False,test_account_access,CALLCODE,target_coef
COLD_ACCOUNT_CODE_WRITE,erigon,0.007298152434027627,0.001,0.005449774300407109,0.009027292663705274,test_account_access,CALLCODE,target_coef,presets[cold_account_code_write],3.318260149375533e-05,0.5857072774522429,0.5792339536624342,AccountMode.EXISTING_CONTRACT_SAME_MAX,,CALLCODE,729.8152434027627,730,False,False,test_account_access,CALLCODE,target_coef
COLD_ACCOUNT_CODE_WRITE,ethrex,0.03076311925165049,0.001,0.028838122598990237,0.032618354300010345,test_account_access,CALL,target_coef,presets[cold_account_code_write],9.910552472256401e-06,0.9397944132082638,0.9388537009146429,AccountMode.EXISTING_CONTRACT_DIFF_MAX,,CALL,3076.311925165049,3077,False,True,test_account_access,CALL,target_coef
COLD_ACCOUNT_CODE_WRITE,ethrex,0.022901345465860905,0.001,0.021997333986349468,0.023696957380354464,test_account_access,CALL,target_coef,presets[cold_account_code_write],9.910552472256401e-06,0.9756778310984292,0.9752977972093422,AccountMode.EXISTING_CONTRACT_MINIMAL,,CALL,2290.134546586091,2291,False,False,test_account_access,CALL,target_coef
COLD_ACCOUNT_CODE_WRITE,ethrex,0.023494270256203043,0.001,0.022640043555032678,0.023876498139387137,test_account_access,CALL,target_coef,presets[cold_account_code_write],9.910552472256401e-06,0.9783912826372428,0.9780536464284497,AccountMode.EXISTING_CONTRACT_SAME_MAX,,CALL,2349.427025620304,2350,False,False,test_account_access,CALL,target_coef
COLD_ACCOUNT_CODE_WRITE,ethrex,0.009221805604387429,0.001,0.006940666246893119,0.011247348862400143,test_account_access,CALLCODE,target_coef,presets[cold_account_code_write],9.910552472256401e-06,0.5405574461732399,0.5333786562696967,AccountMode.EXISTING_CONTRACT_DIFF_MAX,,CALLCODE,922.1805604387429,923,False,False,test_account_access,CALLCODE,target_coef
COLD_ACCOUNT_CODE_WRITE,ethrex,0.0006096547706114097,0.077,0.0,0.0014248553959400302,test_account_access,CALLCODE,target_coef,presets[cold_account_code_write],9.910552472256401e-06,0.033444706480283304,0.018342280019037704,AccountMode.EXISTING_CONTRACT_MINIMAL,,CALLCODE,60.965477061140966,61,True,False,test_account_access,CALLCODE,target_coef
COLD_ACCOUNT_CODE_WRITE,ethrex,0.000548297837152142,0.082,0.0,0.0011964141648533463,test_account_access,CALLCODE,target_coef,presets[cold_account_code_write],9.910552472256401e-06,0.02919849473700531,0.014029721217270974,AccountMode.EXISTING_CONTRACT_SAME_MAX,,CALLCODE,54.829783715214205,55,True,False,test_account_access,CALLCODE,target_coef
COLD_ACCOUNT_CODE_WRITE,geth,0.15454158543535193,0.001,0.1436900714681911,0.16487016098057916,test_account_access,CALL,target_coef,presets[cold_account_code_write],3.509904454985287e-05,0.9045661355805323,0.9034564394826315,AccountMode.EXISTING_CONTRACT_DIFF_MAX,,CALL,15454.158543535194,15455,False,True,test_account_access,CALL,target_coef
COLD_ACCOUNT_CODE_WRITE,geth,0.10965623729883978,0.001,0.10785699003641097,0.11131320008084102,test_account_access,CALL,target_coef,presets[cold_account_code_write],3.509904454985287e-05,0.9928342976197333,0.9927509754990326,AccountMode.EXISTING_CONTRACT_MINIMAL,,CALL,10965.623729883979,10966,False,False,test_account_access,CALL,target_coef
COLD_ACCOUNT_CODE_WRITE,geth,0.10968040302956822,0.001,0.10751452631158198,0.11190123413974658,test_account_access,CALL,target_coef,presets[cold_account_code_write],3.509904454985287e-05,0.9921282855266902,0.992036753963047,AccountMode.EXISTING_CONTRACT_SAME_MAX,,CALL,10968.04030295682,10969,False,False,test_account_access,CALL,target_coef
COLD_ACCOUNT_CODE_WRITE,geth,0.07492241295583812,0.001,0.06413468762875296,0.08643720465757833,test_account_access,CALLCODE,target_coef,presets[cold_account_code_write],3.509904454985287e-05,0.6611985434409768,0.6572589916205231,AccountMode.EXISTING_CONTRACT_DIFF_MAX,,CALLCODE,7492.241295583813,7493,False,False,test_account_access,CALLCODE,target_coef
COLD_ACCOUNT_CODE_WRITE,geth,0.02638042774178742,0.001,0.024856015682518124,0.02790948897149473,test_account_access,CALLCODE,target_coef,presets[cold_account_code_write],3.509904454985287e-05,0.9284141865595852,0.9275817933800454,AccountMode.EXISTING_CONTRACT_MINIMAL,,CALLCODE,2638.042774178742,2639,False,False,test_account_access,CALLCODE,target_coef
COLD_ACCOUNT_CODE_WRITE,geth,0.02687096704034429,0.001,0.025535752323919112,0.028101225977962434,test_account_access,CALLCODE,target_coef,presets[cold_account_code_write],3.509904454985287e-05,0.9509770030297416,0.9504069681812503,AccountMode.EXISTING_CONTRACT_SAME_MAX,,CALLCODE,2687.096704034429,2688,False,False,test_account_access,CALLCODE,target_coef
COLD_ACCOUNT_CODE_WRITE,nethermind,0.058572087441097334,0.001,0.052663237142050255,0.06518430695337986,test_account_access,CALL,target_coef,presets[cold_account_code_write],8.505375023999923e-06,0.8467161987670773,0.8443211393728128,AccountMode.EXISTING_CONTRACT_DIFF_MAX,,CALL,5857.208744109733,5858,False,True,test_account_access,CALL,target_coef
COLD_ACCOUNT_CODE_WRITE,nethermind,0.0323721591868214,0.001,0.028162037741280736,0.03679246963100878,test_account_access,CALL,target_coef,presets[cold_account_code_write],8.505375023999923e-06,0.7297586018924929,0.725536080047063,AccountMode.EXISTING_CONTRACT_MINIMAL,,CALL,3237.2159186821405,3238,False,False,test_account_access,CALL,target_coef
COLD_ACCOUNT_CODE_WRITE,nethermind,0.031486096797709986,0.001,0.02810302262686297,0.034765179470813375,test_account_access,CALL,target_coef,presets[cold_account_code_write],8.505375023999923e-06,0.8096051019899562,0.8066301817085493,AccountMode.EXISTING_CONTRACT_SAME_MAX,,CALL,3148.609679770999,3149,False,False,test_account_access,CALL,target_coef
COLD_ACCOUNT_CODE_WRITE,nethermind,0.03771984807603517,0.001,0.030783486685646056,0.044358418870176414,test_account_access,CALLCODE,target_coef,presets[cold_account_code_write],8.505375023999923e-06,0.6540846516269144,0.6486797243085849,AccountMode.EXISTING_CONTRACT_DIFF_MAX,,CALLCODE,3771.984807603517,3772,False,False,test_account_access,CALLCODE,target_coef
COLD_ACCOUNT_CODE_WRITE,nethermind,0.0078094489482844155,0.001,0.006917026731417314,0.008839918421827206,test_account_access,CALLCODE,target_coef,presets[cold_account_code_write],8.505375023999923e-06,0.7804540309390819,0.7770236251725051,AccountMode.EXISTING_CONTRACT_MINIMAL,,CALLCODE,780.9448948284415,781,False,False,test_account_access,CALLCODE,target_coef
COLD_ACCOUNT_CODE_WRITE,nethermind,0.007721196301631883,0.001,0.006699912734148637,0.008599544744932854,test_account_access,CALLCODE,target_coef,presets[cold_account_code_write],8.505375023999923e-06,0.8079319164957561,0.8049308526910023,AccountMode.EXISTING_CONTRACT_SAME_MAX,,CALLCODE,772.1196301631883,773,False,False,test_account_access,CALLCODE,target_coef
COLD_ACCOUNT_CODE_WRITE,reth,0.1297394167615697,0.001,0.11633110271716969,0.14500916456666352,test_account_access,CALL,target_coef,presets[cold_account_code_write],8.572428320846449e-06,0.8801561158636986,0.8773026900509295,AccountMode.EXISTING_CONTRACT_DIFF_MAX,,CALL,12973.94167615697,12974,False,True,test_account_access,CALL,target_coef
COLD_ACCOUNT_CODE_WRITE,reth,0.09628123774710982,0.001,0.09433821313642668,0.09829103606323351,test_account_access,CALL,target_coef,presets[cold_account_code_write],8.572428320846449e-06,0.9966949982871945,0.996616307770223,AccountMode.EXISTING_CONTRACT_MINIMAL,,CALL,9628.123774710983,9629,False,False,test_account_access,CALL,target_coef
COLD_ACCOUNT_CODE_WRITE,reth,0.0956844609203207,0.001,0.09360393114592773,0.09761176661309494,test_account_access,CALL,target_coef,presets[cold_account_code_write],8.572428320846449e-06,0.9966767002502743,0.996597574065757,AccountMode.EXISTING_CONTRACT_SAME_MAX,,CALL,9568.446092032069,9569,False,False,test_account_access,CALL,target_coef
COLD_ACCOUNT_CODE_WRITE,reth,0.04276824597025262,0.001,0.027822266682077625,0.05279140223133934,test_account_access,CALLCODE,target_coef,presets[cold_account_code_write],8.572428320846449e-06,0.41853605884107214,0.4046916792896691,AccountMode.EXISTING_CONTRACT_DIFF_MAX,,CALLCODE,4276.824597025262,4277,True,False,test_account_access,CALLCODE,target_coef
COLD_ACCOUNT_CODE_WRITE,reth,0.006186291319203674,0.001,0.005813261407823246,0.006530053455247124,test_account_access,CALLCODE,target_coef,presets[cold_account_code_write],8.572428320846449e-06,0.9715568259281502,0.9708796074978681,AccountMode.EXISTING_CONTRACT_MINIMAL,,CALLCODE,618.6291319203674,619,False,False,test_account_access,CALLCODE,target_coef
COLD_ACCOUNT_CODE_WRITE,reth,0.006491281545304611,0.001,0.006172702339720823,0.006830499471996319,test_account_access,CALLCODE,target_coef,presets[cold_account_code_write],8.572428320846449e-06,0.9687217733174763,0.9679770536345591,AccountMode.EXISTING_CONTRACT_SAME_MAX,,CALLCODE,649.1281545304611,650,False,False,test_account_access,CALLCODE,target_coef
STORAGE_WRITE,,,,,,<derived>,<derived>,<derived>,<derived>,0.0,,,,,,13845.0,13845,False,False,,,
ACCOUNT_WRITE,,,,,,<derived>,<derived>,<derived>,<derived>,0.0,,,,,,21579.0,21579,False,False,,,
REFUND_STORAGE_CLEAR,,,,,,<derived>,<derived>,<derived>,<derived>,0.0,,,,,,16069.44,16070,False,False,,,
TX_ACCESS_LIST_STORAGE_KEY,,,,,,<derived>,<derived>,<derived>,<derived>,0.0,,,,,,2894.0,2894,False,False,,,
TX_ACCESS_LIST_ADDRESS,,,,,,<derived>,<derived>,<derived>,<derived>,0.0,,,,,,4628.0,4628,False,False,,,
