gas_param,client_name,runtime_ms,pvalue,conf_int_low,conf_int_high,test_name,target_opcode,model_coef_name,source_label,glue_adjustment,rsquared,rsquared_adj,param_account_mode,param_existing_slots,param_opcode,new_gas_decimal,new_gas_rounded,poor_fit,is_winner,selected_test,selected_opcode,selected_model_coef_name
COLD_STORAGE_ACCESS,besu,0.009981440502463376,0.001,0.009116556494285258,0.010772044517145814,test_sload_bloated,SLOAD,target_coef,presets[cold_storage_sload],0.00010979775917358841,0.9738528144554867,0.972545455178261,,False,,998.1440502463375,999,False,False,test_sload_bloated,SLOAD,target_coef
COLD_STORAGE_ACCESS,besu,0.01629366410183376,0.001,0.01529592824922356,0.01721693179742109,test_sload_bloated,SLOAD,target_coef,presets[cold_storage_sload],0.00010979775917358841,0.98174013040774,0.980827136928127,,True,,1629.366410183376,1630,False,False,test_sload_bloated,SLOAD,target_coef
COLD_STORAGE_ACCESS,besu,0.018735598577688705,0.001,0.017018414484912602,0.02036885317925797,test_sstore_bloated,SSTORE,target_coef,presets[cold_storage_sstore_access],0.0002005524377064359,0.9683626481414339,0.9667807805485056,,False,,1873.5598577688704,1874,False,False,test_sstore_bloated,SSTORE,target_coef
COLD_STORAGE_ACCESS,besu,0.024205392021639703,0.001,0.022416910458203543,0.02614341088811734,test_sstore_bloated,SSTORE,target_coef,presets[cold_storage_sstore_access],0.000199738292204344,0.970758832517389,0.9692967741432585,,True,,2420.53920216397,2421,False,True,test_sstore_bloated,SSTORE,target_coef
COLD_STORAGE_ACCESS,erigon,0.0036211462484638662,0.001,0.003334851864785264,0.003733305870455741,test_sload_bloated,SLOAD,target_coef,presets[cold_storage_sload],3.284178499809366e-05,0.971367452489638,0.9699358251141199,,False,,362.1146248463866,363,False,False,test_sload_bloated,SLOAD,target_coef
COLD_STORAGE_ACCESS,erigon,0.0037719295116408276,0.001,0.0037114155564016843,0.0038195976499834374,test_sload_bloated,SLOAD,target_coef,presets[cold_storage_sload],3.284178499809366e-05,0.9985762017764618,0.9985050118652848,,True,,377.19295116408273,378,False,False,test_sload_bloated,SLOAD,target_coef
COLD_STORAGE_ACCESS,erigon,0.0033795554579008143,0.001,0.003307088128783966,0.0034395256837687384,test_sstore_bloated,SSTORE,target_coef,presets[cold_storage_sstore_access],6.689616242930012e-05,0.9978259793179738,0.9977172782838725,,False,,337.95554579008143,338,False,False,test_sstore_bloated,SSTORE,target_coef
COLD_STORAGE_ACCESS,erigon,0.0038306392989596377,0.001,0.0037396197715505912,0.0038968521381234377,test_sstore_bloated,SSTORE,target_coef,presets[cold_storage_sstore_access],6.591531868443038e-05,0.99770412847084,0.997589334894382,,True,,383.0639298959637,384,False,True,test_sstore_bloated,SSTORE,target_coef
COLD_STORAGE_ACCESS,ethrex,0.0018988343588116259,0.001,0.0018195905383485153,0.0019936576112731374,test_sload_bloated,SLOAD,target_coef,presets[cold_storage_sload],1.2839039375272821e-05,0.9839401871468557,0.9831371965041985,,False,,189.8834358811626,190,False,False,test_sload_bloated,SLOAD,target_coef
COLD_STORAGE_ACCESS,ethrex,0.007335763247022889,0.001,0.007222819185391464,0.007443941230606075,test_sload_bloated,SLOAD,target_coef,presets[cold_storage_sload],1.2839039375272821e-05,0.9986640505844852,0.9985972531137094,,True,,733.5763247022888,734,False,False,test_sload_bloated,SLOAD,target_coef
COLD_STORAGE_ACCESS,ethrex,0.0018046737078153683,0.001,0.0016868668474881877,0.0018950468920683199,test_sstore_bloated,SSTORE,target_coef,presets[cold_storage_sstore_access],2.5469394403986612e-05,0.9711718117909519,0.9697304023804995,,False,,180.46737078153683,181,False,False,test_sstore_bloated,SSTORE,target_coef
COLD_STORAGE_ACCESS,ethrex,0.007337388221179126,0.001,0.007240327590398495,0.007463246047201027,test_sstore_bloated,SSTORE,target_coef,presets[cold_storage_sstore_access],2.536572949361782e-05,0.9988477561029994,0.9987901439081494,,True,,733.7388221179126,734,False,True,test_sstore_bloated,SSTORE,target_coef
COLD_STORAGE_ACCESS,geth,0.021874878580770456,0.001,0.020478170630608934,0.022975286480608575,test_sload_bloated,SLOAD,target_coef,presets[cold_storage_sload],3.469301406774964e-05,0.9786244017989951,0.9779348663731563,,False,,2187.4878580770455,2188,False,False,test_sload_bloated,SLOAD,target_coef
COLD_STORAGE_ACCESS,geth,0.022583803773977465,0.001,0.02100263669189925,0.023773291060503476,test_sload_bloated,SLOAD,target_coef,presets[cold_storage_sload],3.469301406774964e-05,0.9741177112624639,0.9732827987225434,,True,,2258.380377397746,2259,False,False,test_sload_bloated,SLOAD,target_coef
COLD_STORAGE_ACCESS,geth,0.022198651934276278,0.001,0.020907707387224462,0.023372209474529053,test_sstore_bloated,SSTORE,target_coef,presets[cold_storage_sstore_access],7.052388689993864e-05,0.9749570468302944,0.9741492096312716,,False,,2219.865193427628,2220,False,False,test_sstore_bloated,SSTORE,target_coef
COLD_STORAGE_ACCESS,geth,0.022590180482746774,0.001,0.020952325579424762,0.024035055601158282,test_sstore_bloated,SSTORE,target_coef,presets[cold_storage_sstore_access],6.93522855149329e-05,0.9736385060728513,0.9727881353010078,,True,,2259.0180482746773,2260,False,True,test_sstore_bloated,SSTORE,target_coef
COLD_STORAGE_ACCESS,nethermind,0.0024050954063714112,0.001,0.0021789617099600457,0.0026128622620343457,test_sload_bloated,SLOAD,target_coef,presets[cold_storage_sload],1.1784715088506817e-05,0.9666154399325078,0.9649462119291331,,False,,240.50954063714113,241,False,False,test_sload_bloated,SLOAD,target_coef
COLD_STORAGE_ACCESS,nethermind,0.0072785257683095515,0.001,0.006965380121098551,0.007617494692346959,test_sload_bloated,SLOAD,target_coef,presets[cold_storage_sload],1.1784715088506817e-05,0.9913542089698177,0.9909219194183086,,True,,727.8525768309551,728,False,False,test_sload_bloated,SLOAD,target_coef
COLD_STORAGE_ACCESS,nethermind,0.0024694409034713496,0.001,0.0023267258000272757,0.0025951463873547407,test_sstore_bloated,SSTORE,target_coef,presets[cold_storage_sstore_access],2.1229504224109466e-05,0.9875630749236889,0.9869412286698733,,False,,246.94409034713496,247,False,False,test_sstore_bloated,SSTORE,target_coef
COLD_STORAGE_ACCESS,nethermind,0.007397099501303671,0.001,0.007191769416752338,0.007587757604287917,test_sstore_bloated,SSTORE,target_coef,presets[cold_storage_sstore_access],2.0971391641244266e-05,0.9970703023633248,0.9969238174814911,,True,,739.709950130367,740,False,True,test_sstore_bloated,SSTORE,target_coef
COLD_STORAGE_ACCESS,reth,0.0052531001536549075,0.001,0.004853932176788195,0.0056427916944605345,test_sload_bloated,SLOAD,target_coef,presets[cold_storage_sload],1.1388442867289079e-05,0.9698778759807221,0.9683717697797581,,False,,525.3100153654908,526,False,False,test_sload_bloated,SLOAD,target_coef
COLD_STORAGE_ACCESS,reth,0.005152525096384858,0.001,0.004718146988970279,0.005506976514519607,test_sload_bloated,SLOAD,target_coef,presets[cold_storage_sload],1.1388442867289079e-05,0.9756653439612388,0.9744486111593008,,True,,515.2525096384859,516,False,False,test_sload_bloated,SLOAD,target_coef
COLD_STORAGE_ACCESS,reth,0.005078643783833881,0.001,0.0047058678051373455,0.005377780622054838,test_sstore_bloated,SSTORE,target_coef,presets[cold_storage_sstore_access],2.384462293527984e-05,0.9736489710163293,0.9723314195671457,,False,,507.86437838338816,508,False,False,test_sstore_bloated,SSTORE,target_coef
COLD_STORAGE_ACCESS,reth,0.005503348023694056,0.001,0.005159358941342416,0.005888840032952293,test_sstore_bloated,SSTORE,target_coef,presets[cold_storage_sstore_access],2.3738881296224676e-05,0.9787586421011001,0.9776965742061551,,True,,550.3348023694057,551,False,True,test_sstore_bloated,SSTORE,target_coef
COLD_STORAGE_WRITE,besu,0.117467010868496,0.001,0.10357213750847388,0.13034055744924744,test_sstore_bloated,SSTORE,target_coef,presets[cold_storage_sstore_write],0.0002005524377064359,0.9254386064449617,0.9217105367672097,,False,,11746.7010868496,11747,False,True,test_sstore_bloated,SSTORE,target_coef
COLD_STORAGE_WRITE,besu,0.08821482415432766,0.001,0.07931447733622968,0.09742546410434644,test_sstore_bloated,SSTORE,target_coef,presets[cold_storage_sstore_write],0.000199738292204344,0.9505460486745221,0.9480733511082482,,True,,8821.482415432765,8822,False,False,test_sstore_bloated,SSTORE,target_coef
COLD_STORAGE_WRITE,erigon,0.16754639604938648,0.001,0.16340147556246773,0.17093420544649404,test_sstore_bloated,SSTORE,target_coef,presets[cold_storage_sstore_write],6.689616242930012e-05,0.9976065592058497,0.9974868871661422,,False,,16754.63960493865,16755,False,True,test_sstore_bloated,SSTORE,target_coef
COLD_STORAGE_WRITE,erigon,0.11012058190051864,0.001,0.10843105139288228,0.11182000286174745,test_sstore_bloated,SSTORE,target_coef,presets[cold_storage_sstore_write],6.591531868443038e-05,0.9990655596052513,0.9990188375855139,,True,,11012.058190051865,11013,False,False,test_sstore_bloated,SSTORE,target_coef
COLD_STORAGE_WRITE,ethrex,0.0,1.0,0.0,0.0,test_sstore_bloated,SSTORE,target_coef,presets[cold_storage_sstore_write],2.5469394403986612e-05,0.0,-0.050000000000000044,,False,,0.0,0,True,False,test_sstore_bloated,SSTORE,target_coef
COLD_STORAGE_WRITE,ethrex,0.025406283882796525,0.001,0.02164862747654403,0.027782647232177826,test_sstore_bloated,SSTORE,target_coef,presets[cold_storage_sstore_write],2.536572949361782e-05,0.866825951035228,0.8601672485869893,,True,,2540.628388279653,2541,False,True,test_sstore_bloated,SSTORE,target_coef
COLD_STORAGE_WRITE,geth,0.15881782797269947,0.001,0.1453647706994644,0.17166338952342838,test_sstore_bloated,SSTORE,target_coef,presets[cold_storage_sstore_write],7.052388689993864e-05,0.9362672624773288,0.934211367718533,,False,,15881.782797269947,15882,False,True,test_sstore_bloated,SSTORE,target_coef
COLD_STORAGE_WRITE,geth,0.10933362659918637,0.001,0.10487506745463873,0.11395504512407655,test_sstore_bloated,SSTORE,target_coef,presets[cold_storage_sstore_write],6.93522855149329e-05,0.9844306935836461,0.9839284578927959,,True,,10933.362659918637,10934,False,False,test_sstore_bloated,SSTORE,target_coef
COLD_STORAGE_WRITE,nethermind,0.06286358679323345,0.001,0.05859454095270658,0.0659809990385836,test_sstore_bloated,SSTORE,target_coef,presets[cold_storage_sstore_write],2.1229504224109466e-05,0.9818955824648342,0.980990361588076,,False,,6286.358679323345,6287,False,True,test_sstore_bloated,SSTORE,target_coef
COLD_STORAGE_WRITE,nethermind,0.04918230244001759,0.001,0.046978045010639354,0.05100304973488067,test_sstore_bloated,SSTORE,target_coef,presets[cold_storage_sstore_write],2.0971391641244266e-05,0.993655160959435,0.9933379190074068,,True,,4918.230244001759,4919,False,False,test_sstore_bloated,SSTORE,target_coef
COLD_STORAGE_WRITE,reth,0.11611083897584687,0.001,0.10363278655091053,0.12913189859387278,test_sstore_bloated,SSTORE,target_coef,presets[cold_storage_sstore_write],2.384462293527984e-05,0.9545918292384703,0.9523214207003938,,False,,11611.083897584685,11612,False,True,test_sstore_bloated,SSTORE,target_coef
COLD_STORAGE_WRITE,reth,0.07862101873931723,0.001,0.06463163931752758,0.09286493646881137,test_sstore_bloated,SSTORE,target_coef,presets[cold_storage_sstore_write],2.3738881296224676e-05,0.8560242865239248,0.8488255008501211,,True,,7862.101873931723,7863,False,False,test_sstore_bloated,SSTORE,target_coef
WARM_ACCESS,besu,0.0001039051428077561,0.001,8.163919367503044e-05,0.00012488253299320425,test_ext_account_query_warm,BALANCE,target_coef,presets[warm_account_access],1.64404940307316e-05,0.8588423737431575,0.8517844924303154,,,BALANCE,10.390514280775609,11,False,False,test_ext_account_query_warm,BALANCE,target_coef
WARM_ACCESS,besu,0.0006756638657735909,0.001,0.0005712827275881221,0.0007467308607786343,test_ext_account_query_warm,CALL,target_coef,presets[warm_account_access],3.68495940665251e-05,0.9388581665771947,0.9358010749060544,,,CALL,67.5663865773591,68,False,True,test_ext_account_query_warm,CALL,target_coef
WARM_ACCESS,besu,0.0005437041499900081,0.001,0.00045727967035058515,0.0006109923481710421,test_ext_account_query_warm,CALLCODE,target_coef,presets[warm_account_access],3.68495940665251e-05,0.9107861580194977,0.9063254659204726,,,CALLCODE,54.370414999000815,55,False,False,test_ext_account_query_warm,CALLCODE,target_coef
WARM_ACCESS,besu,0.0004916913529455707,0.001,0.0003903797200098265,0.0005690398023154382,test_ext_account_query_warm,DELEGATECALL,target_coef,presets[warm_account_access],3.3608810101584183e-05,0.8463995779261233,0.8387195568224295,,,DELEGATECALL,49.169135294557066,50,False,False,test_ext_account_query_warm,DELEGATECALL,target_coef
WARM_ACCESS,besu,0.00010133053454749173,0.001,8.200250004154161e-05,0.00012549056656670142,test_ext_account_query_warm,EXTCODEHASH,target_coef,presets[warm_account_access],1.64404940307316e-05,0.837004292676434,0.8288545073102557,,,EXTCODEHASH,10.133053454749174,11,False,False,test_ext_account_query_warm,EXTCODEHASH,target_coef
WARM_ACCESS,besu,0.00016205681110043795,0.001,0.00012851227626519036,0.0001964911733484393,test_ext_account_query_warm,EXTCODESIZE,target_coef,presets[warm_account_access],1.6440544638280522e-05,0.832340046159271,0.8239570484672346,,,EXTCODESIZE,16.205681110043795,17,False,False,test_ext_account_query_warm,EXTCODESIZE,target_coef
WARM_ACCESS,besu,0.0005238471288228451,0.001,0.00043750937023685733,0.0006098108637458262,test_ext_account_query_warm,STATICCALL,target_coef,presets[warm_account_access],3.3608810101584183e-05,0.9125444042957609,0.9081716245105489,,,STATICCALL,52.38471288228451,53,False,False,test_ext_account_query_warm,STATICCALL,target_coef
WARM_ACCESS,besu,0.0002228831426174498,0.001,0.00011388378194966342,0.00032559948606864474,test_sload_same_key_benchmark,SLOAD,target_coef,presets[warm_storage_access_sload],0.0,0.29238703772337604,0.2755391100501231,,,,22.288314261744983,23,True,False,test_sload_same_key_benchmark,SLOAD,target_coef
WARM_ACCESS,erigon,1.3234028845246715e-05,0.001,1.0458564114612568e-05,1.5602920998418403e-05,test_ext_account_query_warm,BALANCE,target_coef,presets[warm_account_access],8.491279584463144e-06,0.933991758788232,0.9306913467276436,,,BALANCE,1.3234028845246715,2,False,False,test_ext_account_query_warm,BALANCE,target_coef
WARM_ACCESS,erigon,8.958767269653546e-05,0.001,8.207670628322786e-05,9.657041625486989e-05,test_ext_account_query_warm,CALL,target_coef,presets[warm_account_access],2.5143947713383237e-05,0.9801678411023008,0.9791762331574159,,,CALL,8.958767269653546,9,False,True,test_ext_account_query_warm,CALL,target_coef
WARM_ACCESS,erigon,4.4307853021488915e-05,0.001,4.055764726124032e-05,4.7852494613067045e-05,test_ext_account_query_warm,CALLCODE,target_coef,presets[warm_account_access],2.5143947713383237e-05,0.9773997757100008,0.9762697644955008,,,CALLCODE,4.430785302148892,5,False,False,test_ext_account_query_warm,CALLCODE,target_coef
WARM_ACCESS,erigon,4.3917101500713955e-05,0.001,3.950596464303556e-05,4.767254080671549e-05,test_ext_account_query_warm,DELEGATECALL,target_coef,presets[warm_account_access],2.2141022192852997e-05,0.9827796162894935,0.9819185971039682,,,DELEGATECALL,4.391710150071395,5,False,False,test_ext_account_query_warm,DELEGATECALL,target_coef
WARM_ACCESS,erigon,2.4980258517302408e-05,0.001,2.229638659272967e-05,2.8022805349487975e-05,test_ext_account_query_warm,EXTCODEHASH,target_coef,presets[warm_account_access],8.491279584463144e-06,0.965309017650565,0.9635744685330933,,,EXTCODEHASH,2.4980258517302407,3,False,False,test_ext_account_query_warm,EXTCODEHASH,target_coef
WARM_ACCESS,erigon,1.2905772206979295e-05,0.001,1.1498876325427758e-05,1.4497340896152991e-05,test_ext_account_query_warm,EXTCODESIZE,target_coef,presets[warm_account_access],8.491326477653753e-06,0.9727880491191745,0.9714274515751332,,,EXTCODESIZE,1.2905772206979296,2,False,False,test_ext_account_query_warm,EXTCODESIZE,target_coef
WARM_ACCESS,erigon,5.6962780107025664e-05,0.001,5.218669585498022e-05,6.17765920353794e-05,test_ext_account_query_warm,STATICCALL,target_coef,presets[warm_account_access],2.2141022192852997e-05,0.9756834159963802,0.9744675867961992,,,STATICCALL,5.696278010702566,6,False,False,test_ext_account_query_warm,STATICCALL,target_coef
WARM_ACCESS,erigon,2.148688042347373e-05,0.001,1.9242617787724562e-05,2.3527061359691735e-05,test_sload_same_key_benchmark,SLOAD,target_coef,presets[warm_storage_access_sload],0.0,0.8804898197003459,0.8776443392170208,,,,2.148688042347373,3,False,False,test_sload_same_key_benchmark,SLOAD,target_coef
WARM_ACCESS,ethrex,1.8636922589081865e-05,0.001,1.5385397418724648e-05,2.2148733502317525e-05,test_ext_account_query_warm,BALANCE,target_coef,presets[warm_account_access],2.5047365594528963e-06,0.8768554303297982,0.8706982018462881,,,BALANCE,1.8636922589081863,2,False,False,test_ext_account_query_warm,BALANCE,target_coef
WARM_ACCESS,ethrex,0.00010762508321640125,0.001,0.00010116013530007416,0.00011532175747548284,test_ext_account_query_warm,CALL,target_coef,presets[warm_account_access],7.4759834801484725e-06,0.9706658572107817,0.9691991500713207,,,CALL,10.762508321640125,11,False,False,test_ext_account_query_warm,CALL,target_coef
WARM_ACCESS,ethrex,0.00011600666948037305,0.001,0.00010272843650429736,0.00012968699999348375,test_ext_account_query_warm,CALLCODE,target_coef,presets[warm_account_access],7.4759834801484725e-06,0.9603742961106453,0.9583930109161776,,,CALLCODE,11.600666948037306,12,False,True,test_ext_account_query_warm,CALLCODE,target_coef
WARM_ACCESS,ethrex,0.00010855497670397715,0.001,9.798217109462787e-05,0.00012013192424836983,test_ext_account_query_warm,DELEGATECALL,target_coef,presets[warm_account_access],6.620508575500609e-06,0.962805864613349,0.9609461578440165,,,DELEGATECALL,10.855497670397716,11,False,False,test_ext_account_query_warm,DELEGATECALL,target_coef
WARM_ACCESS,ethrex,1.8076638226863768e-05,0.001,1.3728944898527777e-05,2.304914541666938e-05,test_ext_account_query_warm,EXTCODEHASH,target_coef,presets[warm_account_access],2.5047365594528963e-06,0.823548977301309,0.8147264261663745,,,EXTCODEHASH,1.8076638226863768,2,False,False,test_ext_account_query_warm,EXTCODEHASH,target_coef
WARM_ACCESS,ethrex,1.9984304770576655e-05,0.001,1.5105677891574396e-05,2.648574862606847e-05,test_ext_account_query_warm,EXTCODESIZE,target_coef,presets[warm_account_access],2.5047499184081855e-06,0.7630245152403636,0.7511757410023818,,,EXTCODESIZE,1.9984304770576655,2,False,False,test_ext_account_query_warm,EXTCODESIZE,target_coef
WARM_ACCESS,ethrex,0.00011116619765606049,0.001,9.89164235571291e-05,0.00012372965656913683,test_ext_account_query_warm,STATICCALL,target_coef,presets[warm_account_access],6.620508575500609e-06,0.9582003054703482,0.9561103207438656,,,STATICCALL,11.116619765606048,12,False,False,test_ext_account_query_warm,STATICCALL,target_coef
WARM_ACCESS,ethrex,3.361892821371434e-05,0.001,2.980757545635576e-05,3.791668385706393e-05,test_sload_same_key_benchmark,SLOAD,target_coef,presets[warm_storage_access_sload],0.0,0.8816185309143286,0.878799924507527,,,,3.3618928213714345,4,False,False,test_sload_same_key_benchmark,SLOAD,target_coef
WARM_ACCESS,geth,2.4434036949265374e-05,0.001,1.681912569013273e-05,3.147950698207931e-05,test_ext_account_query_warm,BALANCE,target_coef,presets[warm_account_access],8.774651129576952e-06,0.7241761585905149,0.7152786153192412,,,BALANCE,2.443403694926537,3,False,False,test_ext_account_query_warm,BALANCE,target_coef
WARM_ACCESS,geth,0.00015448890762686957,0.001,0.00013334473183947203,0.00017474104049174764,test_ext_account_query_warm,CALL,target_coef,presets[warm_account_access],2.6390143481418007e-05,0.9269560089587018,0.924599751183176,,,CALL,15.448890762686958,16,False,False,test_ext_account_query_warm,CALL,target_coef
WARM_ACCESS,geth,0.00021202979377924746,0.001,0.0001906442023410759,0.00023238894802776123,test_ext_account_query_warm,CALLCODE,target_coef,presets[warm_account_access],2.6390143481418007e-05,0.9419888508040365,0.9401175234106183,,,CALLCODE,21.202979377924745,22,False,True,test_ext_account_query_warm,CALLCODE,target_coef
WARM_ACCESS,geth,0.00015486543394949555,0.001,0.00014579602578777243,0.00016613261186922284,test_ext_account_query_warm,DELEGATECALL,target_coef,presets[warm_account_access],2.3222877059150447e-05,0.9565265596414116,0.9551241905975862,,,DELEGATECALL,15.486543394949555,16,False,False,test_ext_account_query_warm,DELEGATECALL,target_coef
WARM_ACCESS,geth,5.706894486248376e-05,0.001,4.998401775077432e-05,6.24528452000172e-05,test_ext_account_query_warm,EXTCODEHASH,target_coef,presets[warm_account_access],8.774651129576952e-06,0.9180881376688551,0.9154458195291407,,,EXTCODEHASH,5.706894486248376,6,False,False,test_ext_account_query_warm,EXTCODEHASH,target_coef
WARM_ACCESS,geth,3.226933112438102e-05,0.001,2.235169840378989e-05,4.025003601291409e-05,test_ext_account_query_warm,EXTCODESIZE,target_coef,presets[warm_account_access],8.77470058908803e-06,0.6926418277009587,0.6827270479493768,,,EXTCODESIZE,3.2269331124381018,4,False,False,test_ext_account_query_warm,EXTCODESIZE,target_coef
WARM_ACCESS,geth,0.00018297548599125298,0.001,0.0001647598557533222,0.00020585796756325894,test_ext_account_query_warm,STATICCALL,target_coef,presets[warm_account_access],2.3222877059150447e-05,0.9197334163135344,0.9171441716784872,,,STATICCALL,18.297548599125296,19,False,False,test_ext_account_query_warm,STATICCALL,target_coef
WARM_ACCESS,geth,6.57429321439103e-05,0.001,6.1029698852334666e-05,7.00176835502786e-05,test_sload_same_key_benchmark,SLOAD,target_coef,presets[warm_storage_access_sload],0.0,0.9312863501836856,0.9302126994053056,,,,6.57429321439103,7,False,False,test_sload_same_key_benchmark,SLOAD,target_coef
WARM_ACCESS,nethermind,6.212366209528725e-05,0.001,4.278772169519283e-05,7.534109181241887e-05,test_ext_account_query_warm,BALANCE,target_coef,presets[warm_account_access],2.959657974828876e-06,0.8601767290654942,0.853185565518769,,,BALANCE,6.212366209528724,7,False,False,test_ext_account_query_warm,BALANCE,target_coef
WARM_ACCESS,nethermind,0.00015870074939350548,0.001,0.00012016830209813147,0.00019520263356620677,test_ext_account_query_warm,CALL,target_coef,presets[warm_account_access],7.129637678316339e-06,0.8315743401461311,0.8231530571534376,,,CALL,15.870074939350548,16,False,False,test_ext_account_query_warm,CALL,target_coef
WARM_ACCESS,nethermind,8.996552755561938e-05,0.001,7.142391540123346e-05,0.00011167530218002185,test_ext_account_query_warm,CALLCODE,target_coef,presets[warm_account_access],7.129637678316339e-06,0.8105307011966122,0.8010572362564428,,,CALLCODE,8.99655275556194,9,False,False,test_ext_account_query_warm,CALLCODE,target_coef
WARM_ACCESS,nethermind,0.00030122126574134804,0.001,0.0002723516091442372,0.000326655102603356,test_ext_account_query_warm,DELEGATECALL,target_coef,presets[warm_account_access],6.405346675555732e-06,0.9707887904036381,0.96932822992382,,,DELEGATECALL,30.122126574134803,31,False,True,test_ext_account_query_warm,DELEGATECALL,target_coef
WARM_ACCESS,nethermind,0.00011732641607738782,0.001,9.379755987436986e-05,0.0001424658025320277,test_ext_account_query_warm,EXTCODEHASH,target_coef,presets[warm_account_access],2.959657974828876e-06,0.8559255455423944,0.8487218228195141,,,EXTCODEHASH,11.732641607738783,12,False,False,test_ext_account_query_warm,EXTCODEHASH,target_coef
WARM_ACCESS,nethermind,0.00010313358576695015,0.001,8.637027355935104e-05,0.00011875102126609154,test_ext_account_query_warm,EXTCODESIZE,target_coef,presets[warm_account_access],2.9596692852379477e-06,0.8870920645579958,0.8814466677858956,,,EXTCODESIZE,10.313358576695014,11,False,False,test_ext_account_query_warm,EXTCODESIZE,target_coef
WARM_ACCESS,nethermind,9.795916684328057e-05,0.001,5.8199771100434044e-05,0.00012785872817427918,test_ext_account_query_warm,STATICCALL,target_coef,presets[warm_account_access],6.405346675555732e-06,0.6147154141064683,0.5954511848117917,,,STATICCALL,9.795916684328056,10,False,False,test_ext_account_query_warm,STATICCALL,target_coef
WARM_ACCESS,nethermind,7.226444075612399e-05,0.001,6.241361073392154e-05,8.310779278167451e-05,test_sload_same_key_benchmark,SLOAD,target_coef,presets[warm_storage_access_sload],0.0,0.8619427725699658,0.8586556957263936,,,,7.2264440756124,8,False,False,test_sload_same_key_benchmark,SLOAD,target_coef
WARM_ACCESS,reth,1.3600731843407397e-05,0.001,1.049633687642448e-05,1.617101468366215e-05,test_ext_account_query_warm,BALANCE,target_coef,presets[warm_account_access],2.8238209591134146e-06,0.8763935593182031,0.8702132372841132,,,BALANCE,1.3600731843407399,2,False,False,test_ext_account_query_warm,BALANCE,target_coef
WARM_ACCESS,reth,6.693709131255679e-05,0.001,5.995742133418975e-05,7.366122011006659e-05,test_ext_account_query_warm,CALL,target_coef,presets[warm_account_access],7.068296950777835e-06,0.9397261336266713,0.9367124403080049,,,CALL,6.6937091312556785,7,False,False,test_ext_account_query_warm,CALL,target_coef
WARM_ACCESS,reth,7.207546313274201e-05,0.001,6.439358572283584e-05,7.99534417858392e-05,test_ext_account_query_warm,CALLCODE,target_coef,presets[warm_account_access],7.068296950777835e-06,0.9456276732658718,0.9429090569291654,,,CALLCODE,7.207546313274202,8,False,True,test_ext_account_query_warm,CALLCODE,target_coef
WARM_ACCESS,reth,6.731565909745472e-05,0.001,5.988678238130703e-05,7.448430100206888e-05,test_ext_account_query_warm,DELEGATECALL,target_coef,presets[warm_account_access],6.360601584913168e-06,0.9551082259937598,0.9528636372934478,,,DELEGATECALL,6.731565909745472,7,False,False,test_ext_account_query_warm,DELEGATECALL,target_coef
WARM_ACCESS,reth,1.743009200786434e-05,0.001,1.3248365258602412e-05,2.138626027462481e-05,test_ext_account_query_warm,EXTCODEHASH,target_coef,presets[warm_account_access],2.8238209591134146e-06,0.8364361108969393,0.8282579164417863,,,EXTCODEHASH,1.7430092007864342,2,False,False,test_ext_account_query_warm,EXTCODEHASH,target_coef
WARM_ACCESS,reth,1.0859169807219429e-05,0.001,8.02728114830762e-06,1.3780793046296154e-05,test_ext_account_query_warm,EXTCODESIZE,target_coef,presets[warm_account_access],2.8238320103677527e-06,0.8233412100008033,0.8145082705008435,,,EXTCODESIZE,1.0859169807219429,2,False,False,test_ext_account_query_warm,EXTCODESIZE,target_coef
WARM_ACCESS,reth,6.53986217917026e-05,0.001,5.7362862266833236e-05,7.257108950379251e-05,test_ext_account_query_warm,STATICCALL,target_coef,presets[warm_account_access],6.360601584913168e-06,0.9480842328896394,0.9454884445341214,,,STATICCALL,6.53986217917026,7,False,False,test_ext_account_query_warm,STATICCALL,target_coef
WARM_ACCESS,reth,1.0993993502664946e-05,0.001,9.197147328023403e-06,1.2961440447764261e-05,test_sload_same_key_benchmark,SLOAD,target_coef,presets[warm_storage_access_sload],0.0,0.7441169462424447,0.7380244925815506,,,,1.0993993502664945,2,False,False,test_sload_same_key_benchmark,SLOAD,target_coef
COLD_ACCOUNT_NOCODE_ACCESS,besu,0.015400802873398532,0.001,0.014711508649224863,0.016142384553067567,test_account_access,BALANCE,target_coef,presets[cold_account_nocode_access],0.0001871475163038459,0.9706981487429043,0.9700004856177353,AccountMode.EXISTING_EOA,,BALANCE,1540.0802873398532,1541,False,False,test_account_access,BALANCE,target_coef
COLD_ACCOUNT_NOCODE_ACCESS,besu,0.014986757351138419,0.001,0.014204517399776727,0.01585960534207876,test_account_access,BALANCE,target_coef,presets[cold_account_nocode_access],0.0001871475163038459,0.9678561643839618,0.9670908349645323,AccountMode.NON_EXISTING_ACCOUNT,,BALANCE,1498.675735113842,1499,False,False,test_account_access,BALANCE,target_coef
COLD_ACCOUNT_NOCODE_ACCESS,besu,0.01763464796766388,0.001,0.01662295439611308,0.018763509930335338,test_account_access,CALL,target_coef,presets[cold_account_nocode_access],0.0004151655556222822,0.9636534778270253,0.9627880844419544,AccountMode.EXISTING_EOA,,CALL,1763.464796766388,1764,False,False,test_account_access,CALL,target_coef
COLD_ACCOUNT_NOCODE_ACCESS,besu,0.017911843625038105,0.001,0.016817641275097977,0.018995236909622692,test_account_access,CALL,target_coef,presets[cold_account_nocode_access],0.0004151698603367844,0.9639409442565796,0.9630823953103077,AccountMode.NON_EXISTING_ACCOUNT,,CALL,1791.1843625038105,1792,False,False,test_account_access,CALL,target_coef
COLD_ACCOUNT_NOCODE_ACCESS,besu,0.016705677092639187,0.001,0.015794650854002164,0.017708068685669525,test_account_access,CALLCODE,target_coef,presets[cold_account_nocode_access],0.0004151655556222822,0.9738526832659538,0.9732301281056194,AccountMode.EXISTING_EOA,,CALLCODE,1670.5677092639187,1671,False,False,test_account_access,CALLCODE,target_coef
COLD_ACCOUNT_NOCODE_ACCESS,besu,0.01519464656369358,0.001,0.014172214673712142,0.016328878311217182,test_account_access,CALLCODE,target_coef,presets[cold_account_nocode_access],0.0004151655556222822,0.9479526120458025,0.9467133885230835,AccountMode.NON_EXISTING_ACCOUNT,,CALLCODE,1519.4646563693582,1520,False,False,test_account_access,CALLCODE,target_coef
COLD_ACCOUNT_NOCODE_ACCESS,besu,0.016662308298679852,0.001,0.01563873944263518,0.01769047132181443,test_account_access,DELEGATECALL,target_coef,presets[cold_account_nocode_access],0.0002043154353952453,0.9650534658381498,0.9642214055009628,AccountMode.EXISTING_EOA,,DELEGATECALL,1666.2308298679852,1667,False,False,test_account_access,DELEGATECALL,target_coef
COLD_ACCOUNT_NOCODE_ACCESS,besu,0.014798477369119751,0.001,0.013796673520840335,0.01582334482700569,test_account_access,DELEGATECALL,target_coef,presets[cold_account_nocode_access],0.0002043154353952453,0.9596712578885829,0.958711049743073,AccountMode.NON_EXISTING_ACCOUNT,,DELEGATECALL,1479.847736911975,1480,False,False,test_account_access,DELEGATECALL,target_coef
COLD_ACCOUNT_NOCODE_ACCESS,besu,0.01628677465074576,0.001,0.015580885240184734,0.017098680635927076,test_account_access,EXTCODECOPY,target_coef,presets[cold_account_nocode_access],0.00019687182210935178,0.9736954229698657,0.9730691235167672,AccountMode.EXISTING_EOA,,EXTCODECOPY,1628.677465074576,1629,False,False,test_account_access,EXTCODECOPY,target_coef
COLD_ACCOUNT_NOCODE_ACCESS,besu,0.015139721198989969,0.001,0.014316217514391417,0.015977089990493323,test_account_access,EXTCODECOPY,target_coef,presets[cold_account_nocode_access],0.00019687182210935178,0.9668476440384212,0.9660583022298121,AccountMode.NON_EXISTING_ACCOUNT,,EXTCODECOPY,1513.9721198989969,1514,False,False,test_account_access,EXTCODECOPY,target_coef
COLD_ACCOUNT_NOCODE_ACCESS,besu,0.015862162557129147,0.001,0.015046482391018875,0.016646987930990443,test_account_access,EXTCODEHASH,target_coef,presets[cold_account_nocode_access],0.0001871475163038459,0.9719728906898898,0.9713055785634586,AccountMode.EXISTING_EOA,,EXTCODEHASH,1586.2162557129147,1587,False,False,test_account_access,EXTCODEHASH,target_coef
COLD_ACCOUNT_NOCODE_ACCESS,besu,0.015255974434146476,0.001,0.01435244260611859,0.016185280950069655,test_account_access,EXTCODEHASH,target_coef,presets[cold_account_nocode_access],0.0001871475163038459,0.9663072022889472,0.9655049928196364,AccountMode.NON_EXISTING_ACCOUNT,,EXTCODEHASH,1525.5974434146476,1526,False,False,test_account_access,EXTCODEHASH,target_coef
COLD_ACCOUNT_NOCODE_ACCESS,besu,0.016388314935068694,0.001,0.015603097481442854,0.01723965755902692,test_account_access,EXTCODESIZE,target_coef,presets[cold_account_nocode_access],0.00018714798761497415,0.9776152589029538,0.9770822888768336,AccountMode.EXISTING_EOA,,EXTCODESIZE,1638.8314935068693,1639,False,False,test_account_access,EXTCODESIZE,target_coef
COLD_ACCOUNT_NOCODE_ACCESS,besu,0.0149971608562194,0.001,0.014373181593076378,0.015674817894257162,test_account_access,EXTCODESIZE,target_coef,presets[cold_account_nocode_access],0.00018714798761497415,0.9700269847145543,0.9693133414934723,AccountMode.NON_EXISTING_ACCOUNT,,EXTCODESIZE,1499.71608562194,1500,False,False,test_account_access,EXTCODESIZE,target_coef
COLD_ACCOUNT_NOCODE_ACCESS,besu,0.01794497030801883,0.001,0.016954991672002696,0.018914525471174306,test_account_access,STATICCALL,target_coef,presets[cold_account_nocode_access],0.0002043154353952453,0.9687429218863923,0.9679987057408302,AccountMode.EXISTING_EOA,,STATICCALL,1794.497030801883,1795,False,True,test_account_access,STATICCALL,target_coef
COLD_ACCOUNT_NOCODE_ACCESS,besu,0.017755745114690656,0.001,0.016774381894954827,0.018700448204714313,test_account_access,STATICCALL,target_coef,presets[cold_account_nocode_access],0.0002043154353952453,0.9614842951657421,0.9605672545744502,AccountMode.NON_EXISTING_ACCOUNT,,STATICCALL,1775.5745114690658,1776,False,False,test_account_access,STATICCALL,target_coef
COLD_ACCOUNT_NOCODE_ACCESS,erigon,0.003790211381813186,0.001,0.0037205562448940272,0.003869095431443713,test_account_access,BALANCE,target_coef,presets[cold_account_nocode_access],6.532253419828006e-05,0.9932986559400249,0.993139100129073,AccountMode.EXISTING_EOA,,BALANCE,379.0211381813186,380,False,False,test_account_access,BALANCE,target_coef
COLD_ACCOUNT_NOCODE_ACCESS,erigon,0.0034066548232046623,0.001,0.003317795198488807,0.0034978721732696993,test_account_access,BALANCE,target_coef,presets[cold_account_nocode_access],6.532253419828006e-05,0.9933778164963228,0.993220145460521,AccountMode.NON_EXISTING_ACCOUNT,,BALANCE,340.66548232046625,341,False,False,test_account_access,BALANCE,target_coef
COLD_ACCOUNT_NOCODE_ACCESS,erigon,0.0041404440098939035,0.001,0.003994384985008376,0.004313889928403322,test_account_access,CALL,target_coef,presets[cold_account_nocode_access],0.00016397262003137278,0.9832696204388186,0.9828712780683143,AccountMode.EXISTING_EOA,,CALL,414.04440098939034,415,False,False,test_account_access,CALL,target_coef
COLD_ACCOUNT_NOCODE_ACCESS,erigon,0.003598871366047467,0.001,0.0035141263542676267,0.0036872277457923267,test_account_access,CALL,target_coef,presets[cold_account_nocode_access],0.0001639744925489704,0.9955274705719587,0.9954209817760529,AccountMode.NON_EXISTING_ACCOUNT,,CALL,359.8871366047467,360,False,False,test_account_access,CALL,target_coef
COLD_ACCOUNT_NOCODE_ACCESS,erigon,0.003721792239667073,0.001,0.003579042415317938,0.003936009319484078,test_account_access,CALLCODE,target_coef,presets[cold_account_nocode_access],0.00016397262003137278,0.9868723799653651,0.9865598175835881,AccountMode.EXISTING_EOA,,CALLCODE,372.1792239667073,373,False,False,test_account_access,CALLCODE,target_coef
COLD_ACCOUNT_NOCODE_ACCESS,erigon,0.0032522311177372257,0.001,0.003179593097220106,0.00333253335376034,test_account_access,CALLCODE,target_coef,presets[cold_account_nocode_access],0.00016397262003137278,0.9938056705061098,0.9936581864705409,AccountMode.NON_EXISTING_ACCOUNT,,CALLCODE,325.22311177372256,326,False,False,test_account_access,CALLCODE,target_coef
COLD_ACCOUNT_NOCODE_ACCESS,erigon,0.0037218650758748455,0.001,0.003620281745536114,0.0038155605476572233,test_account_access,DELEGATECALL,target_coef,presets[cold_account_nocode_access],7.897187656151871e-05,0.9926376549585504,0.9924623610289921,AccountMode.EXISTING_EOA,,DELEGATECALL,372.1865075874845,373,False,False,test_account_access,DELEGATECALL,target_coef
COLD_ACCOUNT_NOCODE_ACCESS,erigon,0.0033430083600308716,0.001,0.0032692307497241817,0.0034124492897279657,test_account_access,DELEGATECALL,target_coef,presets[cold_account_nocode_access],7.897187656151871e-05,0.9948547613044214,0.9947322556211934,AccountMode.NON_EXISTING_ACCOUNT,,DELEGATECALL,334.30083600308717,335,False,False,test_account_access,DELEGATECALL,target_coef
COLD_ACCOUNT_NOCODE_ACCESS,erigon,0.0035633624681204196,0.001,0.0034774152904187465,0.003639521879207558,test_account_access,EXTCODECOPY,target_coef,presets[cold_account_nocode_access],7.433265073623278e-05,0.9934859295757196,0.9933308326608558,AccountMode.EXISTING_EOA,,EXTCODECOPY,356.33624681204196,357,False,False,test_account_access,EXTCODECOPY,target_coef
COLD_ACCOUNT_NOCODE_ACCESS,erigon,0.003240373139900103,0.001,0.003158879877740369,0.0033183269623279906,test_account_access,EXTCODECOPY,target_coef,presets[cold_account_nocode_access],7.433265073623278e-05,0.9939813063181268,0.9938380040876059,AccountMode.NON_EXISTING_ACCOUNT,,EXTCODECOPY,324.0373139900103,325,False,False,test_account_access,EXTCODECOPY,target_coef
COLD_ACCOUNT_NOCODE_ACCESS,erigon,0.00402282524044443,0.001,0.0038996416790189063,0.004124126775199676,test_account_access,EXTCODEHASH,target_coef,presets[cold_account_nocode_access],6.532253419828006e-05,0.992269603271435,0.9920855462064692,AccountMode.EXISTING_EOA,,EXTCODEHASH,402.282524044443,403,False,False,test_account_access,EXTCODEHASH,target_coef
COLD_ACCOUNT_NOCODE_ACCESS,erigon,0.0033664988360483927,0.001,0.003227002732271924,0.0035595970615336934,test_account_access,EXTCODEHASH,target_coef,presets[cold_account_nocode_access],6.532253419828006e-05,0.9855276471891308,0.9851830673603006,AccountMode.NON_EXISTING_ACCOUNT,,EXTCODEHASH,336.64988360483926,337,False,False,test_account_access,EXTCODEHASH,target_coef
COLD_ACCOUNT_NOCODE_ACCESS,erigon,0.0036112532282352216,0.001,0.003523951534899783,0.003702735571817127,test_account_access,EXTCODESIZE,target_coef,presets[cold_account_nocode_access],6.53227392149847e-05,0.9929402347459491,0.992772145097043,AccountMode.EXISTING_EOA,,EXTCODESIZE,361.12532282352214,362,False,False,test_account_access,EXTCODESIZE,target_coef
COLD_ACCOUNT_NOCODE_ACCESS,erigon,0.0031987087241906473,0.001,0.003138678290702782,0.003262664043191895,test_account_access,EXTCODESIZE,target_coef,presets[cold_account_nocode_access],6.53227392149847e-05,0.9955687293389619,0.9954632228946515,AccountMode.NON_EXISTING_ACCOUNT,,EXTCODESIZE,319.87087241906477,320,False,False,test_account_access,EXTCODESIZE,target_coef
COLD_ACCOUNT_NOCODE_ACCESS,erigon,0.0041930363259072055,0.001,0.00409615895253078,0.004297431601795292,test_account_access,STATICCALL,target_coef,presets[cold_account_nocode_access],7.897187656151871e-05,0.9935061351297956,0.9933515192995526,AccountMode.EXISTING_EOA,,STATICCALL,419.30363259072055,420,False,True,test_account_access,STATICCALL,target_coef
COLD_ACCOUNT_NOCODE_ACCESS,erigon,0.0041610061049150195,0.001,0.004084054176480706,0.004247497582464826,test_account_access,STATICCALL,target_coef,presets[cold_account_nocode_access],7.897187656151871e-05,0.9956566633562293,0.9955532505789966,AccountMode.NON_EXISTING_ACCOUNT,,STATICCALL,416.1006104915019,417,False,False,test_account_access,STATICCALL,target_coef
COLD_ACCOUNT_NOCODE_ACCESS,ethrex,0.00927124997470172,0.001,0.00911468819064972,0.009426944839334272,test_account_access,BALANCE,target_coef,presets[cold_account_nocode_access],2.298060156856788e-05,0.9971873187134624,0.997120350111402,AccountMode.EXISTING_EOA,,BALANCE,927.1249974701719,928,False,False,test_account_access,BALANCE,target_coef
COLD_ACCOUNT_NOCODE_ACCESS,ethrex,0.002659036866841911,0.001,0.0025589154622502235,0.0027639929751102138,test_account_access,BALANCE,target_coef,presets[cold_account_nocode_access],2.298060156856788e-05,0.9830853153048597,0.9826825847168801,AccountMode.NON_EXISTING_ACCOUNT,,BALANCE,265.90368668419103,266,False,False,test_account_access,BALANCE,target_coef
COLD_ACCOUNT_NOCODE_ACCESS,ethrex,0.009246685172951281,0.001,0.009110734659605631,0.009389805423161722,test_account_access,CALL,target_coef,presets[cold_account_nocode_access],5.591094427114379e-05,0.9970946286968992,0.9970254531896826,AccountMode.EXISTING_EOA,,CALL,924.6685172951281,925,False,False,test_account_access,CALL,target_coef
COLD_ACCOUNT_NOCODE_ACCESS,ethrex,0.002705139647345825,0.001,0.002575632674252898,0.002847259179020337,test_account_access,CALL,target_coef,presets[cold_account_nocode_access],5.591155171996442e-05,0.9810033802020316,0.9805510797306514,AccountMode.NON_EXISTING_ACCOUNT,,CALL,270.51396473458254,271,False,False,test_account_access,CALL,target_coef
COLD_ACCOUNT_NOCODE_ACCESS,ethrex,0.009139741689075699,0.001,0.00905404878431154,0.009230714168105125,test_account_access,CALLCODE,target_coef,presets[cold_account_nocode_access],5.591094427114379e-05,0.9983846729156907,0.9983462127470166,AccountMode.EXISTING_EOA,,CALLCODE,913.97416890757,914,False,False,test_account_access,CALLCODE,target_coef
COLD_ACCOUNT_NOCODE_ACCESS,ethrex,0.002577128428498996,0.001,0.0024408289155256283,0.0027013369815343065,test_account_access,CALLCODE,target_coef,presets[cold_account_nocode_access],5.591094427114379e-05,0.9769644811146013,0.9764160163792347,AccountMode.NON_EXISTING_ACCOUNT,,CALLCODE,257.71284284989963,258,False,False,test_account_access,CALLCODE,target_coef
COLD_ACCOUNT_NOCODE_ACCESS,ethrex,0.009173505501684137,0.001,0.0090164167283251,0.00931310522006889,test_account_access,DELEGATECALL,target_coef,presets[cold_account_nocode_access],2.7096260695678948e-05,0.997447340212058,0.9973865625980595,AccountMode.EXISTING_EOA,,DELEGATECALL,917.3505501684136,918,False,False,test_account_access,DELEGATECALL,target_coef
COLD_ACCOUNT_NOCODE_ACCESS,ethrex,0.002705646512617932,0.001,0.0026237267327548944,0.0027810418944230354,test_account_access,DELEGATECALL,target_coef,presets[cold_account_nocode_access],2.7096260695678948e-05,0.9901131977438238,0.9898777976901053,AccountMode.NON_EXISTING_ACCOUNT,,DELEGATECALL,270.56465126179324,271,False,False,test_account_access,DELEGATECALL,target_coef
COLD_ACCOUNT_NOCODE_ACCESS,ethrex,0.009169685646287467,0.001,0.009057449635001392,0.009287700244977121,test_account_access,EXTCODECOPY,target_coef,presets[cold_account_nocode_access],2.5547424469899436e-05,0.9983554400559207,0.998316283866776,AccountMode.EXISTING_EOA,,EXTCODECOPY,916.9685646287467,917,False,False,test_account_access,EXTCODECOPY,target_coef
COLD_ACCOUNT_NOCODE_ACCESS,ethrex,0.0026959967283112234,0.001,0.0026151635416582653,0.002772557875573468,test_account_access,EXTCODECOPY,target_coef,presets[cold_account_nocode_access],2.5547424469899436e-05,0.983595272767571,0.9832046840239417,AccountMode.NON_EXISTING_ACCOUNT,,EXTCODECOPY,269.59967283112235,270,False,False,test_account_access,EXTCODECOPY,target_coef
COLD_ACCOUNT_NOCODE_ACCESS,ethrex,0.009251594517880216,0.001,0.009054411425899774,0.009478720260585926,test_account_access,EXTCODEHASH,target_coef,presets[cold_account_nocode_access],2.298060156856788e-05,0.9961745781056791,0.9960834966320048,AccountMode.EXISTING_EOA,,EXTCODEHASH,925.1594517880216,926,False,False,test_account_access,EXTCODEHASH,target_coef
COLD_ACCOUNT_NOCODE_ACCESS,ethrex,0.002553684127806693,0.001,0.002466545030453421,0.002644490014018941,test_account_access,EXTCODEHASH,target_coef,presets[cold_account_nocode_access],2.298060156856788e-05,0.9817791261052411,0.9813452957744135,AccountMode.NON_EXISTING_ACCOUNT,,EXTCODEHASH,255.36841278066927,256,False,False,test_account_access,EXTCODEHASH,target_coef
COLD_ACCOUNT_NOCODE_ACCESS,ethrex,0.009292066990332267,0.001,0.009180169265434128,0.009434863187272647,test_account_access,EXTCODESIZE,target_coef,presets[cold_account_nocode_access],2.2980668076437064e-05,0.9976729684664228,0.9976175629537186,AccountMode.EXISTING_EOA,,EXTCODESIZE,929.2066990332268,930,False,True,test_account_access,EXTCODESIZE,target_coef
COLD_ACCOUNT_NOCODE_ACCESS,ethrex,0.0027806274815861337,0.001,0.002704704154984779,0.002859672064898855,test_account_access,EXTCODESIZE,target_coef,presets[cold_account_nocode_access],2.2980668076437064e-05,0.9916463984362354,0.9914475031609077,AccountMode.NON_EXISTING_ACCOUNT,,EXTCODESIZE,278.0627481586134,279,False,False,test_account_access,EXTCODESIZE,target_coef
COLD_ACCOUNT_NOCODE_ACCESS,ethrex,0.009290563162642372,0.001,0.009157354513405117,0.00941980433711134,test_account_access,STATICCALL,target_coef,presets[cold_account_nocode_access],2.7096260695678948e-05,0.9972224424364196,0.9971563101134772,AccountMode.EXISTING_EOA,,STATICCALL,929.0563162642371,930,False,False,test_account_access,STATICCALL,target_coef
COLD_ACCOUNT_NOCODE_ACCESS,ethrex,0.002634063229470257,0.001,0.0025157215311133684,0.002743183464583802,test_account_access,STATICCALL,target_coef,presets[cold_account_nocode_access],2.7096260695678948e-05,0.9834252510285695,0.9830306141482973,AccountMode.NON_EXISTING_ACCOUNT,,STATICCALL,263.4063229470257,264,False,False,test_account_access,STATICCALL,target_coef
COLD_ACCOUNT_NOCODE_ACCESS,geth,0.02117549570487316,0.001,0.02035288558087305,0.022005406748995898,test_account_access,BALANCE,target_coef,presets[cold_account_nocode_access],6.852684229418176e-05,0.9718228354039713,0.9713825672071583,AccountMode.EXISTING_EOA,,BALANCE,2117.5495704873156,2118,False,False,test_account_access,BALANCE,target_coef
COLD_ACCOUNT_NOCODE_ACCESS,geth,0.019649612955983407,0.001,0.018625352594581136,0.020723516937443356,test_account_access,BALANCE,target_coef,presets[cold_account_nocode_access],6.852684229418176e-05,0.963553919664208,0.9629844496589612,AccountMode.NON_EXISTING_ACCOUNT,,BALANCE,1964.9612955983407,1965,False,False,test_account_access,BALANCE,target_coef
COLD_ACCOUNT_NOCODE_ACCESS,geth,0.020728479632795758,0.001,0.020081806353642397,0.02146153329757565,test_account_access,CALL,target_coef,presets[cold_account_nocode_access],0.00017230829576002393,0.9791968860117719,0.9788718373557058,AccountMode.EXISTING_EOA,,CALL,2072.8479632795757,2073,False,False,test_account_access,CALL,target_coef
COLD_ACCOUNT_NOCODE_ACCESS,geth,0.020944081266141435,0.001,0.020316339592886448,0.021625509144232325,test_account_access,CALL,target_coef,presets[cold_account_nocode_access],0.00017231028649023142,0.9774646210493363,0.9771125057532322,AccountMode.NON_EXISTING_ACCOUNT,,CALL,2094.4081266141434,2095,False,False,test_account_access,CALL,target_coef
COLD_ACCOUNT_NOCODE_ACCESS,geth,0.021444426328380624,0.001,0.02060775036489561,0.022293650400059303,test_account_access,CALLCODE,target_coef,presets[cold_account_nocode_access],0.00017230829576002393,0.9747347388456317,0.9743399691400947,AccountMode.EXISTING_EOA,,CALLCODE,2144.4426328380623,2145,False,False,test_account_access,CALLCODE,target_coef
COLD_ACCOUNT_NOCODE_ACCESS,geth,0.021199049614477713,0.001,0.020404468130044245,0.022020504973512267,test_account_access,CALLCODE,target_coef,presets[cold_account_nocode_access],0.00017230829576002393,0.9711021930280075,0.9706506647940701,AccountMode.NON_EXISTING_ACCOUNT,,CALLCODE,2119.9049614477713,2120,False,False,test_account_access,CALLCODE,target_coef
COLD_ACCOUNT_NOCODE_ACCESS,geth,0.021550001913977816,0.001,0.020593454793081976,0.02243478105725343,test_account_access,DELEGATECALL,target_coef,presets[cold_account_nocode_access],8.297464631534213e-05,0.9756935394627845,0.9753137510168904,AccountMode.EXISTING_EOA,,DELEGATECALL,2155.0001913977817,2156,False,False,test_account_access,DELEGATECALL,target_coef
COLD_ACCOUNT_NOCODE_ACCESS,geth,0.020814066200354066,0.001,0.01991173274139111,0.021783957555404302,test_account_access,DELEGATECALL,target_coef,presets[cold_account_nocode_access],8.297464631534213e-05,0.9728253108004409,0.9724007062816977,AccountMode.NON_EXISTING_ACCOUNT,,DELEGATECALL,2081.406620035407,2082,False,False,test_account_access,DELEGATECALL,target_coef
COLD_ACCOUNT_NOCODE_ACCESS,geth,0.021400196074960385,0.001,0.02059878589129656,0.02223915306364999,test_account_access,EXTCODECOPY,target_coef,presets[cold_account_nocode_access],7.803005836875934e-05,0.9767938209041472,0.9764312243557746,AccountMode.EXISTING_EOA,,EXTCODECOPY,2140.0196074960386,2141,False,False,test_account_access,EXTCODECOPY,target_coef
COLD_ACCOUNT_NOCODE_ACCESS,geth,0.02055907297823509,0.001,0.019730736219784998,0.021496014792877844,test_account_access,EXTCODECOPY,target_coef,presets[cold_account_nocode_access],7.803005836875934e-05,0.9695270402918932,0.969050900296454,AccountMode.NON_EXISTING_ACCOUNT,,EXTCODECOPY,2055.907297823509,2056,False,False,test_account_access,EXTCODECOPY,target_coef
COLD_ACCOUNT_NOCODE_ACCESS,geth,0.021759083243795066,0.001,0.020993406207648457,0.02255580702836163,test_account_access,EXTCODEHASH,target_coef,presets[cold_account_nocode_access],6.852684229418176e-05,0.9789911113838481,0.9786628474992207,AccountMode.EXISTING_EOA,,EXTCODEHASH,2175.9083243795067,2176,False,False,test_account_access,EXTCODEHASH,target_coef
COLD_ACCOUNT_NOCODE_ACCESS,geth,0.019680896982054795,0.001,0.01879858792995076,0.0205681336734246,test_account_access,EXTCODEHASH,target_coef,presets[cold_account_nocode_access],6.852684229418176e-05,0.969112894148867,0.968630283119943,AccountMode.NON_EXISTING_ACCOUNT,,EXTCODEHASH,1968.0896982054794,1969,False,False,test_account_access,EXTCODEHASH,target_coef
COLD_ACCOUNT_NOCODE_ACCESS,geth,0.021627110471849564,0.001,0.020861920527380097,0.022271669795440128,test_account_access,EXTCODESIZE,target_coef,presets[cold_account_nocode_access],6.85270602536538e-05,0.9775986419631254,0.9772486207437993,AccountMode.EXISTING_EOA,,EXTCODESIZE,2162.7110471849564,2163,False,False,test_account_access,EXTCODESIZE,target_coef
COLD_ACCOUNT_NOCODE_ACCESS,geth,0.02048228734670658,0.001,0.01941646785409747,0.021509445424004982,test_account_access,EXTCODESIZE,target_coef,presets[cold_account_nocode_access],6.85270602536538e-05,0.9641456350858898,0.9635854106341069,AccountMode.NON_EXISTING_ACCOUNT,,EXTCODESIZE,2048.228734670658,2049,False,False,test_account_access,EXTCODESIZE,target_coef
COLD_ACCOUNT_NOCODE_ACCESS,geth,0.021494159100960104,0.001,0.020650335946346927,0.02233089123792218,test_account_access,STATICCALL,target_coef,presets[cold_account_nocode_access],8.297464631534213e-05,0.9748386331806039,0.9744454868240509,AccountMode.EXISTING_EOA,,STATICCALL,2149.41591009601,2150,False,False,test_account_access,STATICCALL,target_coef
COLD_ACCOUNT_NOCODE_ACCESS,geth,0.02209196439971698,0.001,0.02133554906528481,0.02292354387028667,test_account_access,STATICCALL,target_coef,presets[cold_account_nocode_access],8.297464631534213e-05,0.9753654628089581,0.9749805481653481,AccountMode.NON_EXISTING_ACCOUNT,,STATICCALL,2209.196439971698,2210,False,True,test_account_access,STATICCALL,target_coef
COLD_ACCOUNT_NOCODE_ACCESS,nethermind,0.0031687547098060787,0.001,0.0029929618090286797,0.003343455720967002,test_account_access,BALANCE,target_coef,presets[cold_account_nocode_access],2.278316370342973e-05,0.9668697860295868,0.9660809714112437,AccountMode.EXISTING_EOA,,BALANCE,316.8754709806079,317,False,False,test_account_access,BALANCE,target_coef
COLD_ACCOUNT_NOCODE_ACCESS,nethermind,0.002798766673267063,0.001,0.0026106860874936253,0.003021178229795367,test_account_access,BALANCE,target_coef,presets[cold_account_nocode_access],2.278316370342973e-05,0.9562374229766736,0.9551954568570705,AccountMode.NON_EXISTING_ACCOUNT,,BALANCE,279.8766673267063,280,False,False,test_account_access,BALANCE,target_coef
COLD_ACCOUNT_NOCODE_ACCESS,nethermind,0.0033626393489400224,0.001,0.003156130351561918,0.0035753757647447957,test_account_access,CALL,target_coef,presets[cold_account_nocode_access],5.391295991680154e-05,0.9654173443127816,0.9645939477488001,AccountMode.EXISTING_EOA,,CALL,336.2639348940022,337,False,False,test_account_access,CALL,target_coef
COLD_ACCOUNT_NOCODE_ACCESS,nethermind,0.0032293966218255384,0.001,0.003027667754697613,0.0034116641944238017,test_account_access,CALL,target_coef,presets[cold_account_nocode_access],5.391351749207498e-05,0.9713856828129934,0.9707043895466361,AccountMode.NON_EXISTING_ACCOUNT,,CALL,322.93966218255383,323,False,False,test_account_access,CALL,target_coef
COLD_ACCOUNT_NOCODE_ACCESS,nethermind,0.003198307488620139,0.001,0.0030037730392416767,0.0034167872086798227,test_account_access,CALLCODE,target_coef,presets[cold_account_nocode_access],5.391295991680154e-05,0.9614744687893512,0.9605571942367167,AccountMode.EXISTING_EOA,,CALLCODE,319.83074886201393,320,False,False,test_account_access,CALLCODE,target_coef
COLD_ACCOUNT_NOCODE_ACCESS,nethermind,0.0030381353806209995,0.001,0.0028031040780684057,0.003269987744830798,test_account_access,CALLCODE,target_coef,presets[cold_account_nocode_access],5.391295991680154e-05,0.9570537922949263,0.9560312635400435,AccountMode.NON_EXISTING_ACCOUNT,,CALLCODE,303.81353806209995,304,False,False,test_account_access,CALLCODE,target_coef
COLD_ACCOUNT_NOCODE_ACCESS,nethermind,0.0037058788758093813,0.001,0.0034992021788079713,0.003910837810071886,test_account_access,DELEGATECALL,target_coef,presets[cold_account_nocode_access],2.62287574889301e-05,0.9712241589996053,0.9705390199281674,AccountMode.EXISTING_EOA,,DELEGATECALL,370.5878875809381,371,False,True,test_account_access,DELEGATECALL,target_coef
COLD_ACCOUNT_NOCODE_ACCESS,nethermind,0.003287016781696518,0.001,0.0030867749090011964,0.0034723625958654313,test_account_access,DELEGATECALL,target_coef,presets[cold_account_nocode_access],2.62287574889301e-05,0.9748542020399097,0.9742554925646695,AccountMode.NON_EXISTING_ACCOUNT,,DELEGATECALL,328.7016781696518,329,False,False,test_account_access,DELEGATECALL,target_coef
COLD_ACCOUNT_NOCODE_ACCESS,nethermind,0.00334225603239148,0.001,0.003070297832655282,0.003610451566740855,test_account_access,EXTCODECOPY,target_coef,presets[cold_account_nocode_access],2.495638346061542e-05,0.9483916665427752,0.9471628966985556,AccountMode.EXISTING_EOA,,EXTCODECOPY,334.22560323914803,335,False,False,test_account_access,EXTCODECOPY,target_coef
COLD_ACCOUNT_NOCODE_ACCESS,nethermind,0.002979858567415978,0.001,0.002759571103035587,0.003213357749012123,test_account_access,EXTCODECOPY,target_coef,presets[cold_account_nocode_access],2.495638346061542e-05,0.9599589485545604,0.9590055901868119,AccountMode.NON_EXISTING_ACCOUNT,,EXTCODECOPY,297.98585674159784,298,False,False,test_account_access,EXTCODECOPY,target_coef
COLD_ACCOUNT_NOCODE_ACCESS,nethermind,0.0032935445461182654,0.001,0.0030713966202039296,0.003504954864555959,test_account_access,EXTCODEHASH,target_coef,presets[cold_account_nocode_access],2.278316370342973e-05,0.9663650547189732,0.9655642226884725,AccountMode.EXISTING_EOA,,EXTCODEHASH,329.35445461182655,330,False,False,test_account_access,EXTCODEHASH,target_coef
COLD_ACCOUNT_NOCODE_ACCESS,nethermind,0.0032223261978941244,0.001,0.0030225214490168196,0.003405501586468881,test_account_access,EXTCODEHASH,target_coef,presets[cold_account_nocode_access],2.278316370342973e-05,0.9682433799244206,0.967487269922621,AccountMode.NON_EXISTING_ACCOUNT,,EXTCODEHASH,322.2326197894124,323,False,False,test_account_access,EXTCODEHASH,target_coef
COLD_ACCOUNT_NOCODE_ACCESS,nethermind,0.0033398772370872606,0.001,0.003134065659572894,0.003567497478506989,test_account_access,EXTCODESIZE,target_coef,presets[cold_account_nocode_access],2.278322475078399e-05,0.9640582059409666,0.963202448939561,AccountMode.EXISTING_EOA,,EXTCODESIZE,333.98772370872604,334,False,False,test_account_access,EXTCODESIZE,target_coef
COLD_ACCOUNT_NOCODE_ACCESS,nethermind,0.002972102308622423,0.001,0.002770191138617789,0.003204289896223213,test_account_access,EXTCODESIZE,target_coef,presets[cold_account_nocode_access],2.278322475078399e-05,0.9610251604209872,0.9600971880500583,AccountMode.NON_EXISTING_ACCOUNT,,EXTCODESIZE,297.21023086224227,298,False,False,test_account_access,EXTCODESIZE,target_coef
COLD_ACCOUNT_NOCODE_ACCESS,nethermind,0.0034593809469226936,0.001,0.0032205283603465584,0.00368252519786664,test_account_access,STATICCALL,target_coef,presets[cold_account_nocode_access],2.62287574889301e-05,0.9570163546507688,0.9559929345234062,AccountMode.EXISTING_EOA,,STATICCALL,345.9380946922693,346,False,False,test_account_access,STATICCALL,target_coef
COLD_ACCOUNT_NOCODE_ACCESS,nethermind,0.002928332019948927,0.001,0.002711333092709345,0.0031200097864662207,test_account_access,STATICCALL,target_coef,presets[cold_account_nocode_access],2.62287574889301e-05,0.9691398107203879,0.9684050443089686,AccountMode.NON_EXISTING_ACCOUNT,,STATICCALL,292.83320199489276,293,False,False,test_account_access,STATICCALL,target_coef
COLD_ACCOUNT_NOCODE_ACCESS,reth,0.004672727251611021,0.001,0.004512163427226007,0.004842636996029307,test_account_access,BALANCE,target_coef,presets[cold_account_nocode_access],1.8957309684825803e-05,0.985302787448054,0.9849528538158648,AccountMode.EXISTING_EOA,,BALANCE,467.2727251611021,468,False,False,test_account_access,BALANCE,target_coef
COLD_ACCOUNT_NOCODE_ACCESS,reth,0.004633478560899683,0.001,0.004433897923372129,0.004813742879263565,test_account_access,BALANCE,target_coef,presets[cold_account_nocode_access],1.8957309684825803e-05,0.9819362317558673,0.9815061420357689,AccountMode.NON_EXISTING_ACCOUNT,,BALANCE,463.34785608996833,464,False,False,test_account_access,BALANCE,target_coef
COLD_ACCOUNT_NOCODE_ACCESS,reth,0.005276131630398776,0.001,0.005025365120473408,0.005512711165130227,test_account_access,CALL,target_coef,presets[cold_account_nocode_access],4.6408009319569164e-05,0.9777004527102043,0.9771695111080664,AccountMode.EXISTING_EOA,,CALL,527.6131630398776,528,False,False,test_account_access,CALL,target_coef
COLD_ACCOUNT_NOCODE_ACCESS,reth,0.004759018424264038,0.001,0.0045849397726409466,0.004932322551392068,test_account_access,CALL,target_coef,presets[cold_account_nocode_access],4.6408386361797367e-05,0.9858715560777565,0.9855351645557983,AccountMode.NON_EXISTING_ACCOUNT,,CALL,475.90184242640385,476,False,False,test_account_access,CALL,target_coef
COLD_ACCOUNT_NOCODE_ACCESS,reth,0.0046557846389755145,0.001,0.004456151213302063,0.004856409556202246,test_account_access,CALLCODE,target_coef,presets[cold_account_nocode_access],4.6408009319569164e-05,0.9773863948887525,0.976847975719437,AccountMode.EXISTING_EOA,,CALLCODE,465.57846389755144,466,False,False,test_account_access,CALLCODE,target_coef
COLD_ACCOUNT_NOCODE_ACCESS,reth,0.004802396201826632,0.001,0.004629627178238167,0.004968023262907075,test_account_access,CALLCODE,target_coef,presets[cold_account_nocode_access],4.6408009319569164e-05,0.9765445660263875,0.9759861033127301,AccountMode.NON_EXISTING_ACCOUNT,,CALLCODE,480.2396201826632,481,False,False,test_account_access,CALLCODE,target_coef
COLD_ACCOUNT_NOCODE_ACCESS,reth,0.004836111742947902,0.001,0.004602835347878473,0.00504451556028647,test_account_access,DELEGATECALL,target_coef,presets[cold_account_nocode_access],2.2493995001635514e-05,0.9768354790740691,0.976283942861547,AccountMode.EXISTING_EOA,,DELEGATECALL,483.6111742947902,484,False,False,test_account_access,DELEGATECALL,target_coef
COLD_ACCOUNT_NOCODE_ACCESS,reth,0.0047476440675749965,0.001,0.004570231668075289,0.0049238084023686315,test_account_access,DELEGATECALL,target_coef,presets[cold_account_nocode_access],2.2493995001635514e-05,0.9826105837173668,0.9821965499963516,AccountMode.NON_EXISTING_ACCOUNT,,DELEGATECALL,474.76440675749967,475,False,False,test_account_access,DELEGATECALL,target_coef
COLD_ACCOUNT_NOCODE_ACCESS,reth,0.004982365175293184,0.001,0.004706892399209419,0.005255708018218112,test_account_access,EXTCODECOPY,target_coef,presets[cold_account_nocode_access],2.1080697287183283e-05,0.9757156324834899,0.9751374332569064,AccountMode.EXISTING_EOA,,EXTCODECOPY,498.23651752931846,499,False,False,test_account_access,EXTCODECOPY,target_coef
COLD_ACCOUNT_NOCODE_ACCESS,reth,0.00483284269386594,0.001,0.004613380183561326,0.005051004605185192,test_account_access,EXTCODECOPY,target_coef,presets[cold_account_nocode_access],2.1080697287183283e-05,0.9800226322360034,0.979546980622575,AccountMode.NON_EXISTING_ACCOUNT,,EXTCODECOPY,483.284269386594,484,False,False,test_account_access,EXTCODECOPY,target_coef
COLD_ACCOUNT_NOCODE_ACCESS,reth,0.004807187047522198,0.001,0.004575486720311135,0.005060024589087143,test_account_access,EXTCODEHASH,target_coef,presets[cold_account_nocode_access],1.8957309684825803e-05,0.9680478171118916,0.9672870508526509,AccountMode.EXISTING_EOA,,EXTCODEHASH,480.71870475221976,481,False,False,test_account_access,EXTCODEHASH,target_coef
COLD_ACCOUNT_NOCODE_ACCESS,reth,0.004684139257909215,0.001,0.004462043098333995,0.004912581882877454,test_account_access,EXTCODEHASH,target_coef,presets[cold_account_nocode_access],1.8957309684825803e-05,0.9684938917325129,0.9677437462975728,AccountMode.NON_EXISTING_ACCOUNT,,EXTCODEHASH,468.4139257909215,469,False,False,test_account_access,EXTCODEHASH,target_coef
COLD_ACCOUNT_NOCODE_ACCESS,reth,0.004616719199086304,0.001,0.004344470038591756,0.004877931375957619,test_account_access,EXTCODESIZE,target_coef,presets[cold_account_nocode_access],1.8957350966122828e-05,0.9692868234020776,0.9685555572926032,AccountMode.EXISTING_EOA,,EXTCODESIZE,461.67191990863034,462,False,False,test_account_access,EXTCODESIZE,target_coef
COLD_ACCOUNT_NOCODE_ACCESS,reth,0.004862924390391547,0.001,0.004605442539141656,0.005111781309666702,test_account_access,EXTCODESIZE,target_coef,presets[cold_account_nocode_access],1.8957350966122828e-05,0.9660656254942287,0.9652576641964722,AccountMode.NON_EXISTING_ACCOUNT,,EXTCODESIZE,486.29243903915466,487,False,False,test_account_access,EXTCODESIZE,target_coef
COLD_ACCOUNT_NOCODE_ACCESS,reth,0.005330776336167711,0.001,0.005038288184949391,0.005656652982067883,test_account_access,STATICCALL,target_coef,presets[cold_account_nocode_access],2.2493995001635514e-05,0.9691741911717567,0.9684402433425129,AccountMode.EXISTING_EOA,,STATICCALL,533.0776336167711,534,False,True,test_account_access,STATICCALL,target_coef
COLD_ACCOUNT_NOCODE_ACCESS,reth,0.004810292914811754,0.001,0.0045298487534734515,0.0050986795176493445,test_account_access,STATICCALL,target_coef,presets[cold_account_nocode_access],2.2493995001635514e-05,0.9667152858319485,0.9659227926374712,AccountMode.NON_EXISTING_ACCOUNT,,STATICCALL,481.0292914811754,482,False,False,test_account_access,STATICCALL,target_coef
COLD_ACCOUNT_NOCODE_WRITE,besu,0.08932361841705123,0.001,0.08203845295676165,0.09588460245285739,test_account_access,CALL,target_coef,presets[cold_account_nocode_write],0.0004151655556222822,0.9457533805314239,0.9444617943536007,AccountMode.EXISTING_EOA,,CALL,8932.361841705122,8933,False,False,test_account_access,CALL,target_coef
COLD_ACCOUNT_NOCODE_WRITE,besu,0.20317610363601132,0.001,0.17985530151946477,0.22517307795821068,test_account_access,CALL,target_coef,presets[cold_account_nocode_write],0.0004151698603367844,0.8793862199420055,0.876514463273958,AccountMode.NON_EXISTING_ACCOUNT,,CALL,20317.610363601132,20318,False,True,test_account_access,CALL,target_coef
COLD_ACCOUNT_NOCODE_WRITE,besu,0.019878532006427627,0.001,0.017226376072881553,0.0223571370154572,test_account_access,CALLCODE,target_coef,presets[cold_account_nocode_write],0.0004151655556222822,0.8236375703120872,0.8194384648433273,AccountMode.EXISTING_EOA,,CALLCODE,1987.8532006427627,1988,False,False,test_account_access,CALLCODE,target_coef
COLD_ACCOUNT_NOCODE_WRITE,besu,0.021720762492924137,0.001,0.019233138373311365,0.024373831850744408,test_account_access,CALLCODE,target_coef,presets[cold_account_nocode_write],0.0004151655556222822,0.8659073033597543,0.8627146201064151,AccountMode.NON_EXISTING_ACCOUNT,,CALLCODE,2172.0762492924136,2173,False,False,test_account_access,CALLCODE,target_coef
COLD_ACCOUNT_NOCODE_WRITE,erigon,0.061445393842534175,0.001,0.06036400639021059,0.062499489677636244,test_account_access,CALL,target_coef,presets[cold_account_nocode_write],0.00016397262003137278,0.9974777627085181,0.9974177094396732,AccountMode.EXISTING_EOA,,CALL,6144.539384253417,6145,False,False,test_account_access,CALL,target_coef
COLD_ACCOUNT_NOCODE_WRITE,erigon,0.19536164198726208,0.001,0.19075222571191022,0.20037071470000983,test_account_access,CALL,target_coef,presets[cold_account_nocode_write],0.0001639744925489704,0.993367232083599,0.9932093090379704,AccountMode.NON_EXISTING_ACCOUNT,,CALL,19536.16419872621,19537,False,True,test_account_access,CALL,target_coef
COLD_ACCOUNT_NOCODE_WRITE,erigon,0.003623655486954659,0.001,0.003402281768905743,0.0038605822423484794,test_account_access,CALLCODE,target_coef,presets[cold_account_nocode_write],0.00016397262003137278,0.9662330190639946,0.9654290433274231,AccountMode.EXISTING_EOA,,CALLCODE,362.3655486954659,363,False,False,test_account_access,CALLCODE,target_coef
COLD_ACCOUNT_NOCODE_WRITE,erigon,0.003159828287475055,0.001,0.002891358264959379,0.003412579884025883,test_account_access,CALLCODE,target_coef,presets[cold_account_nocode_write],0.00016397262003137278,0.9495110877732583,0.9483089708154787,AccountMode.NON_EXISTING_ACCOUNT,,CALLCODE,315.9828287475055,316,False,False,test_account_access,CALLCODE,target_coef
COLD_ACCOUNT_NOCODE_WRITE,ethrex,0.03645328010369506,0.001,0.035841963115324976,0.03705209464112559,test_account_access,CALL,target_coef,presets[cold_account_nocode_write],5.591094427114379e-05,0.9964235823762648,0.9963384295756997,AccountMode.EXISTING_EOA,,CALL,3645.3280103695056,3646,False,True,test_account_access,CALL,target_coef
COLD_ACCOUNT_NOCODE_WRITE,ethrex,0.026426871983106278,0.001,0.02477713464372583,0.028192601259130028,test_account_access,CALL,target_coef,presets[cold_account_nocode_write],5.591155171996442e-05,0.9553511859602307,0.9542881189592838,AccountMode.NON_EXISTING_ACCOUNT,,CALL,2642.6871983106275,2643,False,False,test_account_access,CALL,target_coef
COLD_ACCOUNT_NOCODE_WRITE,ethrex,0.002051023086714991,0.085,0.0,0.004928400587451734,test_account_access,CALLCODE,target_coef,presets[cold_account_nocode_write],5.591094427114379e-05,0.02903271753454717,0.005914448904417391,AccountMode.EXISTING_EOA,,CALLCODE,205.10230867149912,206,True,False,test_account_access,CALLCODE,target_coef
COLD_ACCOUNT_NOCODE_WRITE,ethrex,0.0035767737097638233,0.001,0.003444954240734417,0.003678881508424903,test_account_access,CALLCODE,target_coef,presets[cold_account_nocode_write],5.591094427114379e-05,0.93928607756999,0.9378405079883232,AccountMode.NON_EXISTING_ACCOUNT,,CALLCODE,357.67737097638235,358,False,False,test_account_access,CALLCODE,target_coef
COLD_ACCOUNT_NOCODE_WRITE,geth,0.10789617978039583,0.001,0.1047352435660042,0.11130941259807708,test_account_access,CALL,target_coef,presets[cold_account_nocode_write],0.00017230829576002393,0.9865115182397403,0.9863007607122362,AccountMode.EXISTING_EOA,,CALL,10789.617978039583,10790,False,False,test_account_access,CALL,target_coef
COLD_ACCOUNT_NOCODE_WRITE,geth,0.12507498378760779,0.001,0.11522476214962885,0.1360673347202741,test_account_access,CALL,target_coef,presets[cold_account_nocode_write],0.00017231028649023142,0.8820485402009294,0.8802055486415689,AccountMode.NON_EXISTING_ACCOUNT,,CALL,12507.49837876078,12508,False,True,test_account_access,CALL,target_coef
COLD_ACCOUNT_NOCODE_WRITE,geth,0.029190794137033987,0.001,0.027468083364305708,0.030831607854769856,test_account_access,CALLCODE,target_coef,presets[cold_account_nocode_write],0.00017230829576002393,0.9384760050635974,0.9375146926427161,AccountMode.EXISTING_EOA,,CALLCODE,2919.0794137033986,2920,False,False,test_account_access,CALLCODE,target_coef
COLD_ACCOUNT_NOCODE_WRITE,geth,0.028879559503359478,0.001,0.0269041660212234,0.03076726115586001,test_account_access,CALLCODE,target_coef,presets[cold_account_nocode_write],0.00017230829576002393,0.924311910514029,0.9231292841158106,AccountMode.NON_EXISTING_ACCOUNT,,CALLCODE,2887.955950335948,2888,False,False,test_account_access,CALLCODE,target_coef
COLD_ACCOUNT_NOCODE_WRITE,nethermind,0.03722757447396011,0.001,0.03480705839451996,0.03941731039604199,test_account_access,CALL,target_coef,presets[cold_account_nocode_write],5.391295991680154e-05,0.969827902968311,0.9691095197056517,AccountMode.EXISTING_EOA,,CALL,3722.757447396011,3723,False,False,test_account_access,CALL,target_coef
COLD_ACCOUNT_NOCODE_WRITE,nethermind,0.08329472296605396,0.001,0.07848751770854555,0.088004254428853,test_account_access,CALL,target_coef,presets[cold_account_nocode_write],5.391351749207498e-05,0.9715335170343711,0.9708557436304275,AccountMode.NON_EXISTING_ACCOUNT,,CALL,8329.472296605396,8330,False,True,test_account_access,CALL,target_coef
COLD_ACCOUNT_NOCODE_WRITE,nethermind,0.007427567677716251,0.001,0.006559526222516002,0.008189698499973164,test_account_access,CALLCODE,target_coef,presets[cold_account_nocode_write],5.391295991680154e-05,0.9048293473139362,0.9025633793928394,AccountMode.EXISTING_EOA,,CALLCODE,742.756767771625,743,False,False,test_account_access,CALLCODE,target_coef
COLD_ACCOUNT_NOCODE_WRITE,nethermind,0.005846965466047216,0.001,0.0051450233891671745,0.006454509567035966,test_account_access,CALLCODE,target_coef,presets[cold_account_nocode_write],5.391295991680154e-05,0.8948835895941682,0.892380817917839,AccountMode.NON_EXISTING_ACCOUNT,,CALLCODE,584.6965466047217,585,False,False,test_account_access,CALLCODE,target_coef
COLD_ACCOUNT_NOCODE_WRITE,reth,0.09153754633973213,0.001,0.0884192263455719,0.09475775635266516,test_account_access,CALL,target_coef,presets[cold_account_nocode_write],4.6408009319569164e-05,0.9872898590945512,0.9869872366920406,AccountMode.EXISTING_EOA,,CALL,9153.754633973213,9154,False,False,test_account_access,CALL,target_coef
COLD_ACCOUNT_NOCODE_WRITE,reth,0.1419710441247023,0.001,0.13688498546669825,0.14736140882525708,test_account_access,CALL,target_coef,presets[cold_account_nocode_write],4.6408386361797367e-05,0.9850309169379995,0.984674510198428,AccountMode.NON_EXISTING_ACCOUNT,,CALL,14197.10441247023,14198,False,True,test_account_access,CALL,target_coef
COLD_ACCOUNT_NOCODE_WRITE,reth,0.006553438169457508,0.001,0.0061569067704310716,0.006872694131379902,test_account_access,CALLCODE,target_coef,presets[cold_account_nocode_write],4.6408009319569164e-05,0.9604463438210461,0.9595045901024996,AccountMode.EXISTING_EOA,,CALLCODE,655.3438169457507,656,False,False,test_account_access,CALLCODE,target_coef
COLD_ACCOUNT_NOCODE_WRITE,reth,0.006769452977051068,0.001,0.006499666589427228,0.007063116819126051,test_account_access,CALLCODE,target_coef,presets[cold_account_nocode_write],4.6408009319569164e-05,0.9793834201272209,0.978892549177869,AccountMode.NON_EXISTING_ACCOUNT,,CALLCODE,676.9452977051068,677,False,False,test_account_access,CALLCODE,target_coef
COLD_ACCOUNT_CODE_ACCESS,besu,0.023026356232887308,0.001,0.0198331893410119,0.026182741881169893,test_account_access,BALANCE,target_coef,presets[cold_account_code_access],2.1717704643292878e-08,0.8487849572823922,0.8451845991224491,AccountMode.EXISTING_CONTRACT_DIFF_MAX,,BALANCE,2302.6356232887306,2303,False,False,test_account_access,BALANCE,target_coef
COLD_ACCOUNT_CODE_ACCESS,besu,0.012074854608883516,0.001,0.011132942694165569,0.012990014726540124,test_account_access,BALANCE,target_coef,presets[cold_account_code_access],2.1717704643292878e-08,0.9416981408305344,0.9403100013264994,AccountMode.EXISTING_CONTRACT_MINIMAL,,BALANCE,1207.4854608883516,1208,False,False,test_account_access,BALANCE,target_coef
COLD_ACCOUNT_CODE_ACCESS,besu,0.012527433157040737,0.001,0.011554285314407109,0.013370780736472226,test_account_access,BALANCE,target_coef,presets[cold_account_code_access],2.1717704643292878e-08,0.9496165802137978,0.948416974980793,AccountMode.EXISTING_CONTRACT_SAME_MAX,,BALANCE,1252.7433157040737,1253,False,False,test_account_access,BALANCE,target_coef
COLD_ACCOUNT_CODE_ACCESS,besu,0.027930331335584688,0.001,0.024458096950789734,0.031660323522654646,test_account_access,CALL,target_coef,presets[cold_account_code_access],4.096688320193531e-05,0.8591535248856892,0.8558000373829675,AccountMode.EXISTING_CONTRACT_DIFF_MAX,,CALL,2793.0331335584688,2794,False,True,test_account_access,CALL,target_coef
COLD_ACCOUNT_CODE_ACCESS,besu,0.0134701929247955,0.001,0.01249829663841577,0.014370637590791869,test_account_access,CALL,target_coef,presets[cold_account_code_access],4.096688320193531e-05,0.9567981892142121,0.9557695746716933,AccountMode.EXISTING_CONTRACT_MINIMAL,,CALL,1347.01929247955,1348,False,False,test_account_access,CALL,target_coef
COLD_ACCOUNT_CODE_ACCESS,besu,0.013051265107955203,0.001,0.011892219938884473,0.014022187389973913,test_account_access,CALL,target_coef,presets[cold_account_code_access],4.096688320193531e-05,0.9291396772818914,0.9274525267409841,AccountMode.EXISTING_CONTRACT_SAME_MAX,,CALL,1305.1265107955203,1306,False,False,test_account_access,CALL,target_coef
COLD_ACCOUNT_CODE_ACCESS,besu,0.026869618237205215,0.001,0.02365539837487896,0.02995192833682397,test_account_access,CALLCODE,target_coef,presets[cold_account_code_access],4.096688320193531e-05,0.8689522276549735,0.8658320425991395,AccountMode.EXISTING_CONTRACT_DIFF_MAX,,CALLCODE,2686.9618237205214,2687,False,False,test_account_access,CALLCODE,target_coef
COLD_ACCOUNT_CODE_ACCESS,besu,0.013268429843789628,0.001,0.012337036267569082,0.014112167361567906,test_account_access,CALLCODE,target_coef,presets[cold_account_code_access],4.096688320193531e-05,0.9599340996111984,0.9589801496019412,AccountMode.EXISTING_CONTRACT_MINIMAL,,CALLCODE,1326.8429843789627,1327,False,False,test_account_access,CALLCODE,target_coef
COLD_ACCOUNT_CODE_ACCESS,besu,0.012950637229472367,0.001,0.012080562313957937,0.013758311396493,test_account_access,CALLCODE,target_coef,presets[cold_account_code_access],4.096688320193531e-05,0.9565536259608388,0.955519188483716,AccountMode.EXISTING_CONTRACT_SAME_MAX,,CALLCODE,1295.0637229472368,1296,False,False,test_account_access,CALLCODE,target_coef
COLD_ACCOUNT_CODE_ACCESS,besu,0.026608664418839443,0.001,0.023225872555021166,0.029937407449358185,test_account_access,DELEGATECALL,target_coef,presets[cold_account_code_access],1.718966895205159e-05,0.8500455036824209,0.8464751585320024,AccountMode.EXISTING_CONTRACT_DIFF_MAX,,DELEGATECALL,2660.8664418839444,2661,False,False,test_account_access,DELEGATECALL,target_coef
COLD_ACCOUNT_CODE_ACCESS,besu,0.013301625792441719,0.001,0.012250964304441246,0.014361117234008852,test_account_access,DELEGATECALL,target_coef,presets[cold_account_code_access],1.718966895205159e-05,0.9411473273188529,0.939746073207397,AccountMode.EXISTING_CONTRACT_MINIMAL,,DELEGATECALL,1330.1625792441719,1331,False,False,test_account_access,DELEGATECALL,target_coef
COLD_ACCOUNT_CODE_ACCESS,besu,0.012693168877853767,0.001,0.011857697534106705,0.013587594750956443,test_account_access,DELEGATECALL,target_coef,presets[cold_account_code_access],1.718966895205159e-05,0.9518812793674694,0.9507355955428853,AccountMode.EXISTING_CONTRACT_SAME_MAX,,DELEGATECALL,1269.3168877853768,1270,False,False,test_account_access,DELEGATECALL,target_coef
COLD_ACCOUNT_CODE_ACCESS,besu,0.02355328551026602,0.001,0.02058726092072765,0.026659667636462103,test_account_access,EXTCODECOPY,target_coef,presets[cold_account_code_access],9.746504075968047e-06,0.8563986968236295,0.852979618176573,AccountMode.EXISTING_CONTRACT_DIFF_MAX,,EXTCODECOPY,2355.3285510266023,2356,False,False,test_account_access,EXTCODECOPY,target_coef
COLD_ACCOUNT_CODE_ACCESS,besu,0.012698800772240604,0.001,0.011707402054553435,0.013614213301712584,test_account_access,EXTCODECOPY,target_coef,presets[cold_account_code_access],9.746504075968047e-06,0.9560562431051954,0.9550099631791287,AccountMode.EXISTING_CONTRACT_MINIMAL,,EXTCODECOPY,1269.8800772240604,1270,False,False,test_account_access,EXTCODECOPY,target_coef
COLD_ACCOUNT_CODE_ACCESS,besu,0.012947181861095147,0.001,0.012076019829192588,0.013804453798606082,test_account_access,EXTCODECOPY,target_coef,presets[cold_account_code_access],9.746504075968047e-06,0.9606960316206744,0.959760222849738,AccountMode.EXISTING_CONTRACT_SAME_MAX,,EXTCODECOPY,1294.7181861095146,1295,False,False,test_account_access,EXTCODECOPY,target_coef
COLD_ACCOUNT_CODE_ACCESS,besu,0.023666420152240488,0.001,0.020252953074805076,0.02707828438454407,test_account_access,EXTCODEHASH,target_coef,presets[cold_account_code_access],2.1717704643292878e-08,0.842902476706981,0.8391620594857186,AccountMode.EXISTING_CONTRACT_DIFF_MAX,,EXTCODEHASH,2366.642015224049,2367,False,False,test_account_access,EXTCODEHASH,target_coef
COLD_ACCOUNT_CODE_ACCESS,besu,0.012073460518655453,0.001,0.011367829793056259,0.012844906793898828,test_account_access,EXTCODEHASH,target_coef,presets[cold_account_code_access],2.1717704643292878e-08,0.9565642479014309,0.9555300633276554,AccountMode.EXISTING_CONTRACT_MINIMAL,,EXTCODEHASH,1207.3460518655454,1208,False,False,test_account_access,EXTCODEHASH,target_coef
COLD_ACCOUNT_CODE_ACCESS,besu,0.01223999927276913,0.001,0.011542881580959332,0.01292015072875419,test_account_access,EXTCODEHASH,target_coef,presets[cold_account_code_access],2.1717704643292878e-08,0.9560840659682475,0.9550384484913009,AccountMode.EXISTING_CONTRACT_SAME_MAX,,EXTCODEHASH,1223.999927276913,1224,False,False,test_account_access,EXTCODEHASH,target_coef
COLD_ACCOUNT_CODE_ACCESS,besu,0.02306474197118815,0.001,0.020034082180733617,0.025958993335084207,test_account_access,EXTCODESIZE,target_coef,presets[cold_account_code_access],2.2416802318690275e-08,0.8627334907808814,0.8594652405613785,AccountMode.EXISTING_CONTRACT_DIFF_MAX,,EXTCODESIZE,2306.474197118815,2307,False,False,test_account_access,EXTCODESIZE,target_coef
COLD_ACCOUNT_CODE_ACCESS,besu,0.012565981479598738,0.001,0.011535116754637881,0.013484615455576424,test_account_access,EXTCODESIZE,target_coef,presets[cold_account_code_access],2.2416802318690275e-08,0.938791060251862,0.937333704543573,AccountMode.EXISTING_CONTRACT_MINIMAL,,EXTCODESIZE,1256.5981479598738,1257,False,False,test_account_access,EXTCODESIZE,target_coef
COLD_ACCOUNT_CODE_ACCESS,besu,0.012162461640019393,0.001,0.01136569925008935,0.012865847556536277,test_account_access,EXTCODESIZE,target_coef,presets[cold_account_code_access],2.2416802318690275e-08,0.9603824399573099,0.9594391647181982,AccountMode.EXISTING_CONTRACT_SAME_MAX,,EXTCODESIZE,1216.2461640019394,1217,False,False,test_account_access,EXTCODESIZE,target_coef
COLD_ACCOUNT_CODE_ACCESS,besu,0.027509053915440777,0.001,0.024232246614135214,0.031087153444140012,test_account_access,STATICCALL,target_coef,presets[cold_account_code_access],1.718966895205159e-05,0.8677020570436498,0.8645521060208795,AccountMode.EXISTING_CONTRACT_DIFF_MAX,,STATICCALL,2750.9053915440777,2751,False,False,test_account_access,STATICCALL,target_coef
COLD_ACCOUNT_CODE_ACCESS,besu,0.012743408534851022,0.001,0.011806422053880355,0.013633758265182903,test_account_access,STATICCALL,target_coef,presets[cold_account_code_access],1.718966895205159e-05,0.9521602713330354,0.9510212301742982,AccountMode.EXISTING_CONTRACT_MINIMAL,,STATICCALL,1274.3408534851023,1275,False,False,test_account_access,STATICCALL,target_coef
COLD_ACCOUNT_CODE_ACCESS,besu,0.013249793122545461,0.001,0.012205867507134262,0.01430607590047461,test_account_access,STATICCALL,target_coef,presets[cold_account_code_access],1.718966895205159e-05,0.9454205829029224,0.9441210729720396,AccountMode.EXISTING_CONTRACT_SAME_MAX,,STATICCALL,1324.979312254546,1325,False,False,test_account_access,STATICCALL,target_coef
COLD_ACCOUNT_CODE_ACCESS,erigon,0.0043141060385613736,0.001,0.004067891927986464,0.004629539254851015,test_account_access,BALANCE,target_coef,presets[cold_account_code_access],1.0685034822229116e-08,0.9439888314786757,0.942655232228168,AccountMode.EXISTING_CONTRACT_DIFF_MAX,,BALANCE,431.41060385613736,432,False,False,test_account_access,BALANCE,target_coef
COLD_ACCOUNT_CODE_ACCESS,erigon,0.0035126414610028595,0.001,0.0031351425024314416,0.00386529957716336,test_account_access,BALANCE,target_coef,presets[cold_account_code_access],1.0685034822229116e-08,0.8959900201999682,0.8935135921094912,AccountMode.EXISTING_CONTRACT_MINIMAL,,BALANCE,351.2641461002859,352,False,False,test_account_access,BALANCE,target_coef
COLD_ACCOUNT_CODE_ACCESS,erigon,0.003742825971403743,0.001,0.0029886613447730444,0.00449553529857691,test_account_access,BALANCE,target_coef,presets[cold_account_code_access],1.0685034822229116e-08,0.7591178381999634,0.7533825486332959,AccountMode.EXISTING_CONTRACT_SAME_MAX,,BALANCE,374.2825971403743,375,False,False,test_account_access,BALANCE,target_coef
COLD_ACCOUNT_CODE_ACCESS,erigon,0.015579399347212974,0.001,0.011164107004965153,0.019776179940374315,test_account_access,CALL,target_coef,presets[cold_account_code_access],3.3374809035667055e-05,0.5531835834155655,0.5425450973064123,AccountMode.EXISTING_CONTRACT_DIFF_MAX,,CALL,1557.9399347212973,1558,False,False,test_account_access,CALL,target_coef
COLD_ACCOUNT_CODE_ACCESS,erigon,0.004332629321924515,0.001,0.0040181086508800715,0.004639461564263404,test_account_access,CALL,target_coef,presets[cold_account_code_access],3.3374809035667055e-05,0.9497866619680533,0.9485911063006259,AccountMode.EXISTING_CONTRACT_MINIMAL,,CALL,433.2629321924515,434,False,False,test_account_access,CALL,target_coef
COLD_ACCOUNT_CODE_ACCESS,erigon,0.004468004604810172,0.001,0.0038042266768717973,0.005022271369526332,test_account_access,CALL,target_coef,presets[cold_account_code_access],3.3374809035667055e-05,0.8167557564975604,0.8123927983189309,AccountMode.EXISTING_CONTRACT_SAME_MAX,,CALL,446.8004604810172,447,False,False,test_account_access,CALL,target_coef
COLD_ACCOUNT_CODE_ACCESS,erigon,0.015324596700045845,0.001,0.011042261973557664,0.019346264819524995,test_account_access,CALLCODE,target_coef,presets[cold_account_code_access],3.3374809035667055e-05,0.5515675473091463,0.5408905841498403,AccountMode.EXISTING_CONTRACT_DIFF_MAX,,CALLCODE,1532.4596700045845,1533,False,False,test_account_access,CALLCODE,target_coef
COLD_ACCOUNT_CODE_ACCESS,erigon,0.004065248034148637,0.001,0.0038238239351278277,0.004295122107091697,test_account_access,CALLCODE,target_coef,presets[cold_account_code_access],3.3374809035667055e-05,0.9642126469039719,0.9633605670683522,AccountMode.EXISTING_CONTRACT_MINIMAL,,CALLCODE,406.52480341486364,407,False,False,test_account_access,CALLCODE,target_coef
COLD_ACCOUNT_CODE_ACCESS,erigon,0.004587841457731414,0.001,0.004042205044042554,0.005177142474389239,test_account_access,CALLCODE,target_coef,presets[cold_account_code_access],3.3374809035667055e-05,0.8493748851058865,0.8457885728465029,AccountMode.EXISTING_CONTRACT_SAME_MAX,,CALLCODE,458.7841457731414,459,False,False,test_account_access,CALLCODE,target_coef
COLD_ACCOUNT_CODE_ACCESS,erigon,0.015168261564535827,0.001,0.010955792830699805,0.019431805304045806,test_account_access,DELEGATECALL,target_coef,presets[cold_account_code_access],1.3660046975849574e-05,0.5443764657745485,0.5335282863882282,AccountMode.EXISTING_CONTRACT_DIFF_MAX,,DELEGATECALL,1516.8261564535826,1517,False,False,test_account_access,DELEGATECALL,target_coef
COLD_ACCOUNT_CODE_ACCESS,erigon,0.004143467447447923,0.001,0.0040404587025511685,0.00426557198789453,test_account_access,DELEGATECALL,target_coef,presets[cold_account_code_access],1.3660046975849574e-05,0.9762421032857364,0.9756764390782539,AccountMode.EXISTING_CONTRACT_MINIMAL,,DELEGATECALL,414.3467447447923,415,False,False,test_account_access,DELEGATECALL,target_coef
COLD_ACCOUNT_CODE_ACCESS,erigon,0.004379608648691445,0.001,0.003820389492994467,0.004931834714477454,test_account_access,DELEGATECALL,target_coef,presets[cold_account_code_access],1.3660046975849574e-05,0.8617183219916649,0.8584259010867045,AccountMode.EXISTING_CONTRACT_SAME_MAX,,DELEGATECALL,437.96086486914453,438,False,False,test_account_access,DELEGATECALL,target_coef
COLD_ACCOUNT_CODE_ACCESS,erigon,0.014441523332710319,0.001,0.01047084238916186,0.018687581815387776,test_account_access,EXTCODECOPY,target_coef,presets[cold_account_code_access],9.021100691214214e-06,0.5258863022152843,0.5145978808394578,AccountMode.EXISTING_CONTRACT_DIFF_MAX,,EXTCODECOPY,1444.152333271032,1445,False,False,test_account_access,EXTCODECOPY,target_coef
COLD_ACCOUNT_CODE_ACCESS,erigon,0.0035412348131197368,0.001,0.0032991178616226984,0.00380445686842921,test_account_access,EXTCODECOPY,target_coef,presets[cold_account_code_access],9.021100691214214e-06,0.9497763550335891,0.9485805539629604,AccountMode.EXISTING_CONTRACT_MINIMAL,,EXTCODECOPY,354.12348131197365,355,False,False,test_account_access,EXTCODECOPY,target_coef
COLD_ACCOUNT_CODE_ACCESS,erigon,0.003706710690308286,0.001,0.0031907909520585646,0.0042146274929904136,test_account_access,EXTCODECOPY,target_coef,presets[cold_account_code_access],9.021100691214214e-06,0.8144013079787162,0.809982291502019,AccountMode.EXISTING_CONTRACT_SAME_MAX,,EXTCODECOPY,370.6710690308286,371,False,False,test_account_access,EXTCODECOPY,target_coef
COLD_ACCOUNT_CODE_ACCESS,erigon,0.004268963837209961,0.001,0.004107735622379574,0.004455813804954924,test_account_access,EXTCODEHASH,target_coef,presets[cold_account_code_access],1.0685034822229116e-08,0.9794538167094882,0.9789646218692379,AccountMode.EXISTING_CONTRACT_DIFF_MAX,,EXTCODEHASH,426.8963837209961,427,False,False,test_account_access,EXTCODEHASH,target_coef
COLD_ACCOUNT_CODE_ACCESS,erigon,0.0034817185810062366,0.001,0.00315788793039748,0.003764785758147874,test_account_access,EXTCODEHASH,target_coef,presets[cold_account_code_access],1.0685034822229116e-08,0.921120703406343,0.9192426249160178,AccountMode.EXISTING_CONTRACT_MINIMAL,,EXTCODEHASH,348.17185810062364,349,False,False,test_account_access,EXTCODEHASH,target_coef
COLD_ACCOUNT_CODE_ACCESS,erigon,0.004050927173035708,0.001,0.003384736404178017,0.0046136510808081985,test_account_access,EXTCODEHASH,target_coef,presets[cold_account_code_access],1.0685034822229116e-08,0.8248287696214529,0.8206580260410113,AccountMode.EXISTING_CONTRACT_SAME_MAX,,EXTCODEHASH,405.09271730357085,406,False,False,test_account_access,EXTCODEHASH,target_coef
COLD_ACCOUNT_CODE_ACCESS,erigon,0.00601539343312653,0.001,0.005527285149792847,0.006426586362445816,test_account_access,EXTCODESIZE,target_coef,presets[cold_account_code_access],1.1028988436501494e-08,0.9265662706666001,0.9248178485396145,AccountMode.EXISTING_CONTRACT_DIFF_MAX,,EXTCODESIZE,601.539343312653,602,False,False,test_account_access,EXTCODESIZE,target_coef
COLD_ACCOUNT_CODE_ACCESS,erigon,0.0032136819637745826,0.001,0.002936983844076844,0.0034623258195885815,test_account_access,EXTCODESIZE,target_coef,presets[cold_account_code_access],1.1028988436501494e-08,0.939367725679204,0.9379241001001375,AccountMode.EXISTING_CONTRACT_MINIMAL,,EXTCODESIZE,321.3681963774583,322,False,False,test_account_access,EXTCODESIZE,target_coef
COLD_ACCOUNT_CODE_ACCESS,erigon,0.0036972439831574506,0.001,0.0032395844694932062,0.004150049020189909,test_account_access,EXTCODESIZE,target_coef,presets[cold_account_code_access],1.1028988436501494e-08,0.8380321528047231,0.8341757754905499,AccountMode.EXISTING_CONTRACT_SAME_MAX,,EXTCODESIZE,369.7243983157451,370,False,False,test_account_access,EXTCODESIZE,target_coef
COLD_ACCOUNT_CODE_ACCESS,erigon,0.016202760403260342,0.001,0.011558130997251267,0.020485090358860977,test_account_access,STATICCALL,target_coef,presets[cold_account_code_access],1.3660046975849574e-05,0.5566286977858814,0.5460722382093548,AccountMode.EXISTING_CONTRACT_DIFF_MAX,,STATICCALL,1620.2760403260343,1621,False,True,test_account_access,STATICCALL,target_coef
COLD_ACCOUNT_CODE_ACCESS,erigon,0.004158795102365995,0.001,0.004021945181630627,0.004307729111987114,test_account_access,STATICCALL,target_coef,presets[cold_account_code_access],1.3660046975849574e-05,0.9842735204744947,0.9838990804857922,AccountMode.EXISTING_CONTRACT_MINIMAL,,STATICCALL,415.87951023659946,416,False,False,test_account_access,STATICCALL,target_coef
COLD_ACCOUNT_CODE_ACCESS,erigon,0.004478166564758601,0.001,0.003976074780123859,0.004963736903654716,test_account_access,STATICCALL,target_coef,presets[cold_account_code_access],1.3660046975849574e-05,0.8493503823084649,0.8457634866491427,AccountMode.EXISTING_CONTRACT_SAME_MAX,,STATICCALL,447.81665647586004,448,False,False,test_account_access,STATICCALL,target_coef
COLD_ACCOUNT_CODE_ACCESS,ethrex,0.010779017637755815,0.001,0.008410708325216452,0.013251101802449304,test_account_access,BALANCE,target_coef,presets[cold_account_code_access],3.1481011677543634e-09,0.6788429553216793,0.6711963590198144,AccountMode.EXISTING_CONTRACT_DIFF_MAX,,BALANCE,1077.9017637755815,1078,False,False,test_account_access,BALANCE,target_coef
COLD_ACCOUNT_CODE_ACCESS,ethrex,0.002974967269827258,0.001,0.002864768331917844,0.0030815437485086582,test_account_access,BALANCE,target_coef,presets[cold_account_code_access],3.1481011677543634e-09,0.9843657982649338,0.9839935553664798,AccountMode.EXISTING_CONTRACT_MINIMAL,,BALANCE,297.49672698272576,298,False,False,test_account_access,BALANCE,target_coef
COLD_ACCOUNT_CODE_ACCESS,ethrex,0.0029840574283391424,0.001,0.002810151506477917,0.0031517049235294274,test_account_access,BALANCE,target_coef,presets[cold_account_code_access],3.1481011677543634e-09,0.9784623520609531,0.9779495509195473,AccountMode.EXISTING_CONTRACT_SAME_MAX,,BALANCE,298.40574283391425,299,False,False,test_account_access,BALANCE,target_coef
COLD_ACCOUNT_CODE_ACCESS,ethrex,0.009925228087105937,0.001,0.00779605184602735,0.012058768257958532,test_account_access,CALL,target_coef,presets[cold_account_code_access],9.963749811074594e-06,0.6867459370695551,0.6792875069997826,AccountMode.EXISTING_CONTRACT_DIFF_MAX,,CALL,992.5228087105936,993,False,False,test_account_access,CALL,target_coef
COLD_ACCOUNT_CODE_ACCESS,ethrex,0.0031398455171688564,0.001,0.0030387954622855444,0.0032519123916150256,test_account_access,CALL,target_coef,presets[cold_account_code_access],9.963749811074594e-06,0.9771808006704147,0.9766374864006626,AccountMode.EXISTING_CONTRACT_MINIMAL,,CALL,313.9845517168856,314,False,False,test_account_access,CALL,target_coef
COLD_ACCOUNT_CODE_ACCESS,ethrex,0.0031334968849251526,0.001,0.0030348638473271976,0.003239404644237045,test_account_access,CALL,target_coef,presets[cold_account_code_access],9.963749811074594e-06,0.9824290001910551,0.9820106430527469,AccountMode.EXISTING_CONTRACT_SAME_MAX,,CALL,313.3496884925152,314,False,False,test_account_access,CALL,target_coef
COLD_ACCOUNT_CODE_ACCESS,ethrex,0.010309355544217384,0.001,0.00809670984409805,0.012733541430782586,test_account_access,CALLCODE,target_coef,presets[cold_account_code_access],9.963749811074594e-06,0.6803070546345191,0.672695317840103,AccountMode.EXISTING_CONTRACT_DIFF_MAX,,CALLCODE,1030.9355544217383,1031,False,False,test_account_access,CALLCODE,target_coef
COLD_ACCOUNT_CODE_ACCESS,ethrex,0.003095925640883651,0.001,0.0030021267182274857,0.003186879941557563,test_account_access,CALLCODE,target_coef,presets[cold_account_code_access],9.963749811074594e-06,0.9913010693401861,0.9910939519435239,AccountMode.EXISTING_CONTRACT_MINIMAL,,CALLCODE,309.5925640883651,310,False,False,test_account_access,CALLCODE,target_coef
COLD_ACCOUNT_CODE_ACCESS,ethrex,0.0031586861054155725,0.001,0.003056168458491213,0.003266226396896472,test_account_access,CALLCODE,target_coef,presets[cold_account_code_access],9.963749811074594e-06,0.9866184645870824,0.9862998566010605,AccountMode.EXISTING_CONTRACT_SAME_MAX,,CALLCODE,315.86861054155725,316,False,False,test_account_access,CALLCODE,target_coef
COLD_ACCOUNT_CODE_ACCESS,ethrex,0.009879626285551798,0.001,0.007838662678052737,0.012016420469918762,test_account_access,DELEGATECALL,target_coef,presets[cold_account_code_access],4.118812142766144e-06,0.6774019273938139,0.6697210209031904,AccountMode.EXISTING_CONTRACT_DIFF_MAX,,DELEGATECALL,987.9626285551798,988,False,False,test_account_access,DELEGATECALL,target_coef
COLD_ACCOUNT_CODE_ACCESS,ethrex,0.003108212354155538,0.001,0.0030005633246658133,0.003219019588369833,test_account_access,DELEGATECALL,target_coef,presets[cold_account_code_access],4.118812142766144e-06,0.985188027769658,0.9848353617641736,AccountMode.EXISTING_CONTRACT_MINIMAL,,DELEGATECALL,310.8212354155538,311,False,False,test_account_access,DELEGATECALL,target_coef
COLD_ACCOUNT_CODE_ACCESS,ethrex,0.003159090663913063,0.001,0.00302051626804632,0.0032907958979041954,test_account_access,DELEGATECALL,target_coef,presets[cold_account_code_access],4.118812142766144e-06,0.9835889335928834,0.9831981939165234,AccountMode.EXISTING_CONTRACT_SAME_MAX,,DELEGATECALL,315.9090663913063,316,False,False,test_account_access,DELEGATECALL,target_coef
COLD_ACCOUNT_CODE_ACCESS,ethrex,0.009627150162931145,0.001,0.007457910094944522,0.011660037593245012,test_account_access,EXTCODECOPY,target_coef,presets[cold_account_code_access],2.5700465657236768e-06,0.6844124408017835,0.6768984512970642,AccountMode.EXISTING_CONTRACT_DIFF_MAX,,EXTCODECOPY,962.7150162931146,963,False,False,test_account_access,EXTCODECOPY,target_coef
COLD_ACCOUNT_CODE_ACCESS,ethrex,0.0031099718847386174,0.001,0.003003102239840746,0.0032378641601941006,test_account_access,EXTCODECOPY,target_coef,presets[cold_account_code_access],2.5700465657236768e-06,0.9795352248725882,0.9790479683219355,AccountMode.EXISTING_CONTRACT_MINIMAL,,EXTCODECOPY,310.99718847386174,311,False,False,test_account_access,EXTCODECOPY,target_coef
COLD_ACCOUNT_CODE_ACCESS,ethrex,0.0029984881535493114,0.001,0.002864169481196605,0.00313140005681526,test_account_access,EXTCODECOPY,target_coef,presets[cold_account_code_access],2.5700465657236768e-06,0.9801147386217235,0.9796412800174789,AccountMode.EXISTING_CONTRACT_SAME_MAX,,EXTCODECOPY,299.84881535493116,300,False,False,test_account_access,EXTCODECOPY,target_coef
COLD_ACCOUNT_CODE_ACCESS,ethrex,0.010523153381871419,0.001,0.00814156636165077,0.012768651839814175,test_account_access,EXTCODEHASH,target_coef,presets[cold_account_code_access],3.1481011677543634e-09,0.6870948919797049,0.679644770360174,AccountMode.EXISTING_CONTRACT_DIFF_MAX,,EXTCODEHASH,1052.3153381871418,1053,False,False,test_account_access,EXTCODEHASH,target_coef
COLD_ACCOUNT_CODE_ACCESS,ethrex,0.0029576653030752315,0.001,0.0028481280772434505,0.0030551650598922113,test_account_access,EXTCODEHASH,target_coef,presets[cold_account_code_access],3.1481011677543634e-09,0.9872087487772664,0.9869041951767251,AccountMode.EXISTING_CONTRACT_MINIMAL,,EXTCODEHASH,295.76653030752317,296,False,False,test_account_access,EXTCODEHASH,target_coef
COLD_ACCOUNT_CODE_ACCESS,ethrex,0.003033203744674879,0.001,0.0029332798221626674,0.0031444415109922177,test_account_access,EXTCODEHASH,target_coef,presets[cold_account_code_access],3.1481011677543634e-09,0.9833924634320413,0.982997045894709,AccountMode.EXISTING_CONTRACT_SAME_MAX,,EXTCODEHASH,303.3203744674879,304,False,False,test_account_access,EXTCODEHASH,target_coef
COLD_ACCOUNT_CODE_ACCESS,ethrex,0.01140636857249901,0.001,0.00923782758888346,0.013599752166553838,test_account_access,EXTCODESIZE,target_coef,presets[cold_account_code_access],3.249439234757342e-09,0.7218626000261803,0.7152402809791846,AccountMode.EXISTING_CONTRACT_DIFF_MAX,,EXTCODESIZE,1140.636857249901,1141,False,True,test_account_access,EXTCODESIZE,target_coef
COLD_ACCOUNT_CODE_ACCESS,ethrex,0.003029819594579771,0.001,0.002861817059963606,0.003204733541528881,test_account_access,EXTCODESIZE,target_coef,presets[cold_account_code_access],3.249439234757342e-09,0.9733506627069078,0.9727161546761199,AccountMode.EXISTING_CONTRACT_MINIMAL,,EXTCODESIZE,302.9819594579771,303,False,False,test_account_access,EXTCODESIZE,target_coef
COLD_ACCOUNT_CODE_ACCESS,ethrex,0.0030559107571816483,0.001,0.002983090625897804,0.003145364409515983,test_account_access,EXTCODESIZE,target_coef,presets[cold_account_code_access],3.249439234757342e-09,0.9896717392137071,0.9894258282426049,AccountMode.EXISTING_CONTRACT_SAME_MAX,,EXTCODESIZE,305.59107571816486,306,False,False,test_account_access,EXTCODESIZE,target_coef
COLD_ACCOUNT_CODE_ACCESS,ethrex,0.01003409144851604,0.001,0.007941115620839212,0.012141053004135267,test_account_access,STATICCALL,target_coef,presets[cold_account_code_access],4.118812142766144e-06,0.69661412756823,0.6893906544150927,AccountMode.EXISTING_CONTRACT_DIFF_MAX,,STATICCALL,1003.409144851604,1004,False,False,test_account_access,STATICCALL,target_coef
COLD_ACCOUNT_CODE_ACCESS,ethrex,0.00312678832840901,0.001,0.0029738740690401144,0.0032474600140529196,test_account_access,STATICCALL,target_coef,presets[cold_account_code_access],4.118812142766144e-06,0.9823199631380878,0.9818990098794709,AccountMode.EXISTING_CONTRACT_MINIMAL,,STATICCALL,312.67883284090107,313,False,False,test_account_access,STATICCALL,target_coef
COLD_ACCOUNT_CODE_ACCESS,ethrex,0.0030580828397140498,0.001,0.002928905287764654,0.003184129148227982,test_account_access,STATICCALL,target_coef,presets[cold_account_code_access],4.118812142766144e-06,0.9808883866372482,0.9804333482238493,AccountMode.EXISTING_CONTRACT_SAME_MAX,,STATICCALL,305.80828397140493,306,False,False,test_account_access,STATICCALL,target_coef
COLD_ACCOUNT_CODE_ACCESS,geth,0.017383057737765623,0.001,0.015318435788062877,0.01921254444314172,test_account_access,BALANCE,target_coef,presets[cold_account_code_access],1.1250973739530808e-08,0.8768251315506723,0.8749005242311516,AccountMode.EXISTING_CONTRACT_DIFF_MAX,,BALANCE,1738.3057737765623,1739,False,False,test_account_access,BALANCE,target_coef
COLD_ACCOUNT_CODE_ACCESS,geth,0.019810718882683164,0.001,0.018917099673177624,0.02072958518925114,test_account_access,BALANCE,target_coef,presets[cold_account_code_access],1.1250973739530808e-08,0.9721152634432237,0.9716795644345241,AccountMode.EXISTING_CONTRACT_MINIMAL,,BALANCE,1981.0718882683163,1982,False,False,test_account_access,BALANCE,target_coef
COLD_ACCOUNT_CODE_ACCESS,geth,0.01948451106076229,0.001,0.018494658101644634,0.020448918652577187,test_account_access,BALANCE,target_coef,presets[cold_account_code_access],1.1250973739530808e-08,0.9585954944268665,0.9579485490272863,AccountMode.EXISTING_CONTRACT_SAME_MAX,,BALANCE,1948.451106076229,1949,False,False,test_account_access,BALANCE,target_coef
COLD_ACCOUNT_CODE_ACCESS,geth,0.04691967684977386,0.001,0.041294080393804,0.053141525405843305,test_account_access,CALL,target_coef,presets[cold_account_code_access],3.5303972609294587e-05,0.7852530758878414,0.781897655198589,AccountMode.EXISTING_CONTRACT_DIFF_MAX,,CALL,4691.967684977386,4692,False,False,test_account_access,CALL,target_coef
COLD_ACCOUNT_CODE_ACCESS,geth,0.021058579260316717,0.001,0.020086162708478236,0.022093855278752583,test_account_access,CALL,target_coef,presets[cold_account_code_access],3.5303972609294587e-05,0.9679697657339472,0.9674692933235401,AccountMode.EXISTING_CONTRACT_MINIMAL,,CALL,2105.857926031672,2106,False,False,test_account_access,CALL,target_coef
COLD_ACCOUNT_CODE_ACCESS,geth,0.02064862266103281,0.001,0.02000109764158448,0.021355091005056608,test_account_access,CALL,target_coef,presets[cold_account_code_access],3.5303972609294587e-05,0.9791428667309121,0.9788169740235826,AccountMode.EXISTING_CONTRACT_SAME_MAX,,CALL,2064.862266103281,2065,False,False,test_account_access,CALL,target_coef
COLD_ACCOUNT_CODE_ACCESS,geth,0.04625263067881207,0.001,0.03942992988897986,0.052287766685667716,test_account_access,CALLCODE,target_coef,presets[cold_account_code_access],3.5303972609294587e-05,0.7834187503783364,0.780034668352998,AccountMode.EXISTING_CONTRACT_DIFF_MAX,,CALLCODE,4625.263067881207,4626,False,False,test_account_access,CALLCODE,target_coef
COLD_ACCOUNT_CODE_ACCESS,geth,0.02012197170997764,0.001,0.01929788609782264,0.020994534897968563,test_account_access,CALLCODE,target_coef,presets[cold_account_code_access],3.5303972609294587e-05,0.9652095410946444,0.9646659401742482,AccountMode.EXISTING_CONTRACT_MINIMAL,,CALLCODE,2012.1971709977643,2013,False,False,test_account_access,CALLCODE,target_coef
COLD_ACCOUNT_CODE_ACCESS,geth,0.0206607212862173,0.001,0.019974475080405472,0.02141100498910367,test_account_access,CALLCODE,target_coef,presets[cold_account_code_access],3.5303972609294587e-05,0.9730295050054206,0.9726080910211303,AccountMode.EXISTING_CONTRACT_SAME_MAX,,CALLCODE,2066.07212862173,2067,False,False,test_account_access,CALLCODE,target_coef
COLD_ACCOUNT_CODE_ACCESS,geth,0.04552707664560029,0.001,0.03996098585929665,0.05143281762727506,test_account_access,DELEGATECALL,target_coef,presets[cold_account_code_access],1.4459075318210947e-05,0.7804538905091162,0.7770234825483211,AccountMode.EXISTING_CONTRACT_DIFF_MAX,,DELEGATECALL,4552.707664560028,4553,False,False,test_account_access,DELEGATECALL,target_coef
COLD_ACCOUNT_CODE_ACCESS,geth,0.020406704121636574,0.001,0.019593809013781344,0.02116283732169493,test_account_access,DELEGATECALL,target_coef,presets[cold_account_code_access],1.4459075318210947e-05,0.9664715129084739,0.9659476302976688,AccountMode.EXISTING_CONTRACT_MINIMAL,,DELEGATECALL,2040.6704121636574,2041,False,False,test_account_access,DELEGATECALL,target_coef
COLD_ACCOUNT_CODE_ACCESS,geth,0.02010448850732668,0.001,0.019151082991561163,0.02113339282338233,test_account_access,DELEGATECALL,target_coef,presets[cold_account_code_access],1.4459075318210947e-05,0.970222566980696,0.9697572945897693,AccountMode.EXISTING_CONTRACT_SAME_MAX,,DELEGATECALL,2010.448850732668,2011,False,False,test_account_access,DELEGATECALL,target_coef
COLD_ACCOUNT_CODE_ACCESS,geth,0.04676757746019717,0.001,0.040756440488499024,0.05370630152541655,test_account_access,EXTCODECOPY,target_coef,presets[cold_account_code_access],9.514777808301086e-06,0.7664762992499544,0.7628274914257349,AccountMode.EXISTING_CONTRACT_DIFF_MAX,,EXTCODECOPY,4676.757746019717,4677,False,False,test_account_access,EXTCODECOPY,target_coef
COLD_ACCOUNT_CODE_ACCESS,geth,0.020857753707813356,0.001,0.019859661085816112,0.02182093158892735,test_account_access,EXTCODECOPY,target_coef,presets[cold_account_code_access],9.514777808301086e-06,0.9658145072069227,0.9652803588820309,AccountMode.EXISTING_CONTRACT_MINIMAL,,EXTCODECOPY,2085.7753707813354,2086,False,False,test_account_access,EXTCODECOPY,target_coef
COLD_ACCOUNT_CODE_ACCESS,geth,0.019827488474923414,0.001,0.0190024343947656,0.020781870478681876,test_account_access,EXTCODECOPY,target_coef,presets[cold_account_code_access],9.514777808301086e-06,0.9557294141245672,0.9550376862202636,AccountMode.EXISTING_CONTRACT_SAME_MAX,,EXTCODECOPY,1982.7488474923414,1983,False,False,test_account_access,EXTCODECOPY,target_coef
COLD_ACCOUNT_CODE_ACCESS,geth,0.01731292709793067,0.001,0.015624166147751535,0.018969617049681958,test_account_access,EXTCODEHASH,target_coef,presets[cold_account_code_access],1.1250973739530808e-08,0.8937759326494046,0.8921161815970515,AccountMode.EXISTING_CONTRACT_DIFF_MAX,,EXTCODEHASH,1731.292709793067,1732,False,False,test_account_access,EXTCODEHASH,target_coef
COLD_ACCOUNT_CODE_ACCESS,geth,0.019466817942024768,0.001,0.018538248940098975,0.02036037430587695,test_account_access,EXTCODEHASH,target_coef,presets[cold_account_code_access],1.1250973739530808e-08,0.9644597443083984,0.9639044278132172,AccountMode.EXISTING_CONTRACT_MINIMAL,,EXTCODEHASH,1946.6817942024768,1947,False,False,test_account_access,EXTCODEHASH,target_coef
COLD_ACCOUNT_CODE_ACCESS,geth,0.019733447454670597,0.001,0.018885344406525922,0.0206070622287808,test_account_access,EXTCODEHASH,target_coef,presets[cold_account_code_access],1.1250973739530808e-08,0.971369160347767,0.9709218034782009,AccountMode.EXISTING_CONTRACT_SAME_MAX,,EXTCODEHASH,1973.3447454670597,1974,False,False,test_account_access,EXTCODEHASH,target_coef
COLD_ACCOUNT_CODE_ACCESS,geth,0.04724964318169977,0.001,0.04133529177912225,0.05324958812784275,test_account_access,EXTCODESIZE,target_coef,presets[cold_account_code_access],1.1613145051667715e-08,0.7808566863094522,0.7774325720330373,AccountMode.EXISTING_CONTRACT_DIFF_MAX,,EXTCODESIZE,4724.964318169977,4725,False,True,test_account_access,EXTCODESIZE,target_coef
COLD_ACCOUNT_CODE_ACCESS,geth,0.019332583903784385,0.001,0.018623463268080825,0.020129525501839607,test_account_access,EXTCODESIZE,target_coef,presets[cold_account_code_access],1.1613145051667715e-08,0.9674106389837112,0.9669014302178316,AccountMode.EXISTING_CONTRACT_MINIMAL,,EXTCODESIZE,1933.2583903784384,1934,False,False,test_account_access,EXTCODESIZE,target_coef
COLD_ACCOUNT_CODE_ACCESS,geth,0.019690242634936253,0.001,0.01898463743619968,0.02034517542784731,test_account_access,EXTCODESIZE,target_coef,presets[cold_account_code_access],1.1613145051667715e-08,0.9715042596558346,0.9710590137129571,AccountMode.EXISTING_CONTRACT_SAME_MAX,,EXTCODESIZE,1969.0242634936253,1970,False,False,test_account_access,EXTCODESIZE,target_coef
COLD_ACCOUNT_CODE_ACCESS,geth,0.04629484643903989,0.001,0.04007191802170381,0.05254739793697461,test_account_access,STATICCALL,target_coef,presets[cold_account_code_access],1.4459075318210947e-05,0.7846561108593884,0.7812913625915663,AccountMode.EXISTING_CONTRACT_DIFF_MAX,,STATICCALL,4629.484643903988,4630,False,False,test_account_access,STATICCALL,target_coef
COLD_ACCOUNT_CODE_ACCESS,geth,0.020149161647283833,0.001,0.01938484315237126,0.020934301138117374,test_account_access,STATICCALL,target_coef,presets[cold_account_code_access],1.4459075318210947e-05,0.9775797372594545,0.9772294206541334,AccountMode.EXISTING_CONTRACT_MINIMAL,,STATICCALL,2014.9161647283834,2015,False,False,test_account_access,STATICCALL,target_coef
COLD_ACCOUNT_CODE_ACCESS,geth,0.020610261320677257,0.001,0.019873756473059525,0.02135525082431964,test_account_access,STATICCALL,target_coef,presets[cold_account_code_access],1.4459075318210947e-05,0.9715302600338614,0.9710854203468905,AccountMode.EXISTING_CONTRACT_SAME_MAX,,STATICCALL,2061.026132067726,2062,False,False,test_account_access,STATICCALL,target_coef
COLD_ACCOUNT_CODE_ACCESS,nethermind,0.0027218036516963714,0.001,0.0023850291512359074,0.0030092116137670475,test_account_access,BALANCE,target_coef,presets[cold_account_code_access],3.1923767396442144e-09,0.870406311783095,0.8673207477779306,AccountMode.EXISTING_CONTRACT_DIFF_MAX,,BALANCE,272.1803651696371,273,False,False,test_account_access,BALANCE,target_coef
COLD_ACCOUNT_CODE_ACCESS,nethermind,0.0027437081883171085,0.001,0.002434584385628844,0.0030513084197952476,test_account_access,BALANCE,target_coef,presets[cold_account_code_access],3.1923767396442144e-09,0.9010653095906844,0.8987097217237959,AccountMode.EXISTING_CONTRACT_MINIMAL,,BALANCE,274.37081883171084,275,False,False,test_account_access,BALANCE,target_coef
COLD_ACCOUNT_CODE_ACCESS,nethermind,0.0028145778462328047,0.001,0.0024931356729061996,0.003186607572731199,test_account_access,BALANCE,target_coef,presets[cold_account_code_access],3.1923767396442144e-09,0.8684549623946503,0.865322937689761,AccountMode.EXISTING_CONTRACT_SAME_MAX,,BALANCE,281.4577846232805,282,False,False,test_account_access,BALANCE,target_coef
COLD_ACCOUNT_CODE_ACCESS,nethermind,0.02258257673593615,0.001,0.014523838270142732,0.030535560632410506,test_account_access,CALL,target_coef,presets[cold_account_code_access],8.361463185151983e-06,0.4301015054477829,0.41653249367273015,AccountMode.EXISTING_CONTRACT_DIFF_MAX,,CALL,2258.2576735936145,2259,True,False,test_account_access,CALL,target_coef
COLD_ACCOUNT_CODE_ACCESS,nethermind,0.0030348613180750782,0.001,0.002653587308027278,0.0034359924559547823,test_account_access,CALL,target_coef,presets[cold_account_code_access],8.361463185151983e-06,0.875199329388121,0.8722278848497429,AccountMode.EXISTING_CONTRACT_MINIMAL,,CALL,303.48613180750783,304,False,False,test_account_access,CALL,target_coef
COLD_ACCOUNT_CODE_ACCESS,nethermind,0.0031657546832697197,0.001,0.0027233252258018893,0.003586810495560222,test_account_access,CALL,target_coef,presets[cold_account_code_access],8.361463185151983e-06,0.8392653669108081,0.8354383518372559,AccountMode.EXISTING_CONTRACT_SAME_MAX,,CALL,316.575468326972,317,False,False,test_account_access,CALL,target_coef
COLD_ACCOUNT_CODE_ACCESS,nethermind,0.02262343547130006,0.001,0.014444903655928622,0.030773995100479852,test_account_access,CALLCODE,target_coef,presets[cold_account_code_access],8.361463185151983e-06,0.42014671948282334,0.4063406889943191,AccountMode.EXISTING_CONTRACT_DIFF_MAX,,CALLCODE,2262.343547130006,2263,True,False,test_account_access,CALLCODE,target_coef
COLD_ACCOUNT_CODE_ACCESS,nethermind,0.0031065151571651618,0.001,0.002816620909378504,0.00339265511860238,test_account_access,CALLCODE,target_coef,presets[cold_account_code_access],8.361463185151983e-06,0.9302838080403278,0.9286238987079547,AccountMode.EXISTING_CONTRACT_MINIMAL,,CALLCODE,310.6515157165162,311,False,False,test_account_access,CALLCODE,target_coef
COLD_ACCOUNT_CODE_ACCESS,nethermind,0.002838100525125779,0.001,0.002418780029441385,0.0032529161652683986,test_account_access,CALLCODE,target_coef,presets[cold_account_code_access],8.361463185151983e-06,0.8328194663276315,0.8288389774306704,AccountMode.EXISTING_CONTRACT_SAME_MAX,,CALLCODE,283.8100525125779,284,False,False,test_account_access,CALLCODE,target_coef
COLD_ACCOUNT_CODE_ACCESS,nethermind,0.02267630117974555,0.001,0.014833667838825918,0.030166623125154085,test_account_access,DELEGATECALL,target_coef,presets[cold_account_code_access],3.4487920402720922e-06,0.4403512495714831,0.42702627932318504,AccountMode.EXISTING_CONTRACT_DIFF_MAX,,DELEGATECALL,2267.630117974555,2268,True,False,test_account_access,DELEGATECALL,target_coef
COLD_ACCOUNT_CODE_ACCESS,nethermind,0.0030797600421480303,0.001,0.002751708699034133,0.0034054804505007593,test_account_access,DELEGATECALL,target_coef,presets[cold_account_code_access],3.4487920402720922e-06,0.9228637293977333,0.9210271515262508,AccountMode.EXISTING_CONTRACT_MINIMAL,,DELEGATECALL,307.976004214803,308,False,False,test_account_access,DELEGATECALL,target_coef
COLD_ACCOUNT_CODE_ACCESS,nethermind,0.003122100975447758,0.001,0.0029105353290340597,0.003323467546466976,test_account_access,DELEGATECALL,target_coef,presets[cold_account_code_access],3.4487920402720922e-06,0.9479995025840557,0.9467613955027238,AccountMode.EXISTING_CONTRACT_SAME_MAX,,DELEGATECALL,312.2100975447758,313,False,False,test_account_access,DELEGATECALL,target_coef
COLD_ACCOUNT_CODE_ACCESS,nethermind,0.022367105198066922,0.001,0.014813602501543963,0.03007566429705958,test_account_access,EXTCODECOPY,target_coef,presets[cold_account_code_access],2.1765009223543355e-06,0.43299470090650505,0.4194945747376123,AccountMode.EXISTING_CONTRACT_DIFF_MAX,,EXTCODECOPY,2236.7105198066924,2237,True,False,test_account_access,EXTCODECOPY,target_coef
COLD_ACCOUNT_CODE_ACCESS,nethermind,0.0028840281387346903,0.001,0.002629071367714156,0.00312164894061812,test_account_access,EXTCODECOPY,target_coef,presets[cold_account_code_access],2.1765009223543355e-06,0.9187597946642025,0.9168255040609693,AccountMode.EXISTING_CONTRACT_MINIMAL,,EXTCODECOPY,288.40281387346903,289,False,False,test_account_access,EXTCODECOPY,target_coef
COLD_ACCOUNT_CODE_ACCESS,nethermind,0.0030733193174077708,0.001,0.0028255442462109554,0.003337075500644762,test_account_access,EXTCODECOPY,target_coef,presets[cold_account_code_access],2.1765009223543355e-06,0.9319954347643805,0.9303762784492468,AccountMode.EXISTING_CONTRACT_SAME_MAX,,EXTCODECOPY,307.3319317407771,308,False,False,test_account_access,EXTCODECOPY,target_coef
COLD_ACCOUNT_CODE_ACCESS,nethermind,0.0026863811431808693,0.001,0.002323429516783822,0.003035617923798429,test_account_access,EXTCODEHASH,target_coef,presets[cold_account_code_access],3.1923767396442144e-09,0.8624817258482593,0.8592074812255989,AccountMode.EXISTING_CONTRACT_DIFF_MAX,,EXTCODEHASH,268.63811431808693,269,False,False,test_account_access,EXTCODEHASH,target_coef
COLD_ACCOUNT_CODE_ACCESS,nethermind,0.002906385358714873,0.001,0.0026552873622699754,0.003155942300432702,test_account_access,EXTCODEHASH,target_coef,presets[cold_account_code_access],3.1923767396442144e-09,0.9081970373839073,0.9060112525597146,AccountMode.EXISTING_CONTRACT_MINIMAL,,EXTCODEHASH,290.6385358714873,291,False,False,test_account_access,EXTCODEHASH,target_coef
COLD_ACCOUNT_CODE_ACCESS,nethermind,0.0028521929047778667,0.001,0.0026280528703308266,0.003075639181626489,test_account_access,EXTCODEHASH,target_coef,presets[cold_account_code_access],3.1923767396442144e-09,0.9073351412551487,0.905128835094557,AccountMode.EXISTING_CONTRACT_SAME_MAX,,EXTCODEHASH,285.21929047778667,286,False,False,test_account_access,EXTCODEHASH,target_coef
COLD_ACCOUNT_CODE_ACCESS,nethermind,0.022205094313197386,0.001,0.014266199390931829,0.03053530899038279,test_account_access,EXTCODESIZE,target_coef,presets[cold_account_code_access],3.295140047016443e-09,0.4168105445968454,0.4029250813729608,AccountMode.EXISTING_CONTRACT_DIFF_MAX,,EXTCODESIZE,2220.5094313197387,2221,True,False,test_account_access,EXTCODESIZE,target_coef
COLD_ACCOUNT_CODE_ACCESS,nethermind,0.003260306709698789,0.001,0.0029587174486160163,0.0035531069295010945,test_account_access,EXTCODESIZE,target_coef,presets[cold_account_code_access],3.295140047016443e-09,0.9265529454271912,0.9248042060326006,AccountMode.EXISTING_CONTRACT_MINIMAL,,EXTCODESIZE,326.0306709698789,327,False,True,test_account_access,EXTCODESIZE,target_coef
COLD_ACCOUNT_CODE_ACCESS,nethermind,0.002999349589428511,0.001,0.002666056560177814,0.0033009772829140356,test_account_access,EXTCODESIZE,target_coef,presets[cold_account_code_access],3.295140047016443e-09,0.9088250764574168,0.9066542449444982,AccountMode.EXISTING_CONTRACT_SAME_MAX,,EXTCODESIZE,299.9349589428511,300,False,False,test_account_access,EXTCODESIZE,target_coef
COLD_ACCOUNT_CODE_ACCESS,nethermind,0.02272549804089418,0.001,0.014965919586822238,0.030068459934819332,test_account_access,STATICCALL,target_coef,presets[cold_account_code_access],3.4487920402720922e-06,0.43926867437709927,0.42591792852893495,AccountMode.EXISTING_CONTRACT_DIFF_MAX,,STATICCALL,2272.549804089418,2273,True,False,test_account_access,STATICCALL,target_coef
COLD_ACCOUNT_CODE_ACCESS,nethermind,0.002973342762470074,0.001,0.002710624245856737,0.0032250088964954366,test_account_access,STATICCALL,target_coef,presets[cold_account_code_access],3.4487920402720922e-06,0.9204015186485073,0.918506316711567,AccountMode.EXISTING_CONTRACT_MINIMAL,,STATICCALL,297.33427624700744,298,False,False,test_account_access,STATICCALL,target_coef
COLD_ACCOUNT_CODE_ACCESS,nethermind,0.003204172327556484,0.001,0.0028205973281068375,0.0035223607355717263,test_account_access,STATICCALL,target_coef,presets[cold_account_code_access],3.4487920402720922e-06,0.9163601247944705,0.9143686991943388,AccountMode.EXISTING_CONTRACT_SAME_MAX,,STATICCALL,320.4172327556484,321,False,False,test_account_access,STATICCALL,target_coef
COLD_ACCOUNT_CODE_ACCESS,reth,0.0051449182703346644,0.001,0.004597222943436373,0.005636480965215236,test_account_access,BALANCE,target_coef,presets[cold_account_code_access],1.4529741679100653e-09,0.908943963584646,0.9067759627176137,AccountMode.EXISTING_CONTRACT_DIFF_MAX,,BALANCE,514.4918270334664,515,False,False,test_account_access,BALANCE,target_coef
COLD_ACCOUNT_CODE_ACCESS,reth,0.004394053241055065,0.001,0.0041791200899128295,0.004625413772538486,test_account_access,BALANCE,target_coef,presets[cold_account_code_access],1.4529741679100653e-09,0.9733354495841304,0.9727005793361335,AccountMode.EXISTING_CONTRACT_MINIMAL,,BALANCE,439.40532410550645,440,False,False,test_account_access,BALANCE,target_coef
COLD_ACCOUNT_CODE_ACCESS,reth,0.004410600205982379,0.001,0.004170814344924346,0.004643994729025002,test_account_access,BALANCE,target_coef,presets[cold_account_code_access],1.4529741679100653e-09,0.9722856119191826,0.971625745536306,AccountMode.EXISTING_CONTRACT_SAME_MAX,,BALANCE,441.06002059823794,442,False,False,test_account_access,BALANCE,target_coef
COLD_ACCOUNT_CODE_ACCESS,reth,0.0406494434451172,0.001,0.02553879684474306,0.04772056567866421,test_account_access,CALL,target_coef,presets[cold_account_code_access],8.499998908770785e-06,0.39988754876830124,0.3855991570723084,AccountMode.EXISTING_CONTRACT_DIFF_MAX,,CALL,4064.94434451172,4065,True,False,test_account_access,CALL,target_coef
COLD_ACCOUNT_CODE_ACCESS,reth,0.0051576091290731155,0.001,0.00494978402530544,0.005376869479199447,test_account_access,CALL,target_coef,presets[cold_account_code_access],8.499998908770785e-06,0.9856068835735738,0.9852641903253256,AccountMode.EXISTING_CONTRACT_MINIMAL,,CALL,515.7609129073115,516,False,False,test_account_access,CALL,target_coef
COLD_ACCOUNT_CODE_ACCESS,reth,0.005182445239532319,0.001,0.004864094401713341,0.005471773729556409,test_account_access,CALL,target_coef,presets[cold_account_code_access],8.499998908770785e-06,0.9644926834267384,0.963647271127375,AccountMode.EXISTING_CONTRACT_SAME_MAX,,CALL,518.2445239532319,519,False,True,test_account_access,CALL,target_coef
COLD_ACCOUNT_CODE_ACCESS,reth,0.03923904441421479,0.001,0.024392206482421956,0.04657325717587737,test_account_access,CALLCODE,target_coef,presets[cold_account_code_access],8.499998908770785e-06,0.3891076571392875,0.3745626013568897,AccountMode.EXISTING_CONTRACT_DIFF_MAX,,CALLCODE,3923.904441421479,3924,True,False,test_account_access,CALLCODE,target_coef
COLD_ACCOUNT_CODE_ACCESS,reth,0.00473317238047029,0.001,0.004522990212154885,0.0049440419073183495,test_account_access,CALLCODE,target_coef,presets[cold_account_code_access],8.499998908770785e-06,0.9795268444465002,0.9790393883618931,AccountMode.EXISTING_CONTRACT_MINIMAL,,CALLCODE,473.3172380470289,474,False,False,test_account_access,CALLCODE,target_coef
COLD_ACCOUNT_CODE_ACCESS,reth,0.004569774769723476,0.001,0.004308088091394042,0.004834604391684123,test_account_access,CALLCODE,target_coef,presets[cold_account_code_access],8.499998908770785e-06,0.9743026422879201,0.9736908004376325,AccountMode.EXISTING_CONTRACT_SAME_MAX,,CALLCODE,456.97747697234763,457,False,False,test_account_access,CALLCODE,target_coef
COLD_ACCOUNT_CODE_ACCESS,reth,0.03935479877265375,0.001,0.02521721120450146,0.04677783440077882,test_account_access,DELEGATECALL,target_coef,presets[cold_account_code_access],3.538139078925854e-06,0.3887594870654534,0.3742061415193928,AccountMode.EXISTING_CONTRACT_DIFF_MAX,,DELEGATECALL,3935.4798772653753,3936,True,False,test_account_access,DELEGATECALL,target_coef
COLD_ACCOUNT_CODE_ACCESS,reth,0.004691209376156689,0.001,0.004474275196496544,0.004929049979977327,test_account_access,DELEGATECALL,target_coef,presets[cold_account_code_access],3.538139078925854e-06,0.9775428211056987,0.97700812637012,AccountMode.EXISTING_CONTRACT_MINIMAL,,DELEGATECALL,469.12093761566894,470,False,False,test_account_access,DELEGATECALL,target_coef
COLD_ACCOUNT_CODE_ACCESS,reth,0.004508587553898799,0.001,0.004292542604980992,0.004746015665703005,test_account_access,DELEGATECALL,target_coef,presets[cold_account_code_access],3.538139078925854e-06,0.9770120200355045,0.976464687179207,AccountMode.EXISTING_CONTRACT_SAME_MAX,,DELEGATECALL,450.8587553898799,451,False,False,test_account_access,DELEGATECALL,target_coef
COLD_ACCOUNT_CODE_ACCESS,reth,0.03954168939164913,0.001,0.024517748107212484,0.046280255190354294,test_account_access,EXTCODECOPY,target_coef,presets[cold_account_code_access],2.1248557603166796e-06,0.3923882799788192,0.3779213342640292,AccountMode.EXISTING_CONTRACT_DIFF_MAX,,EXTCODECOPY,3954.168939164913,3955,True,False,test_account_access,EXTCODECOPY,target_coef
COLD_ACCOUNT_CODE_ACCESS,reth,0.004597676021106203,0.001,0.004422527050433364,0.004777759031550398,test_account_access,EXTCODECOPY,target_coef,presets[cold_account_code_access],2.1248557603166796e-06,0.9807761540874416,0.9803184434704759,AccountMode.EXISTING_CONTRACT_MINIMAL,,EXTCODECOPY,459.7676021106203,460,False,False,test_account_access,EXTCODECOPY,target_coef
COLD_ACCOUNT_CODE_ACCESS,reth,0.004571899565358761,0.001,0.004313344103330519,0.004813607066808419,test_account_access,EXTCODECOPY,target_coef,presets[cold_account_code_access],2.1248557603166796e-06,0.9651009545063256,0.9642700248517143,AccountMode.EXISTING_CONTRACT_SAME_MAX,,EXTCODECOPY,457.1899565358761,458,False,False,test_account_access,EXTCODECOPY,target_coef
COLD_ACCOUNT_CODE_ACCESS,reth,0.0045615145397418745,0.001,0.004139255502355108,0.004994688973331965,test_account_access,EXTCODEHASH,target_coef,presets[cold_account_code_access],1.4529741679100653e-09,0.9058144607504176,0.9035719479111418,AccountMode.EXISTING_CONTRACT_DIFF_MAX,,EXTCODEHASH,456.1514539741874,457,False,False,test_account_access,EXTCODEHASH,target_coef
COLD_ACCOUNT_CODE_ACCESS,reth,0.004474575674985192,0.001,0.0042177454787773695,0.0047176198377071,test_account_access,EXTCODEHASH,target_coef,presets[cold_account_code_access],1.4529741679100653e-09,0.9739711333699235,0.9733513984501597,AccountMode.EXISTING_CONTRACT_MINIMAL,,EXTCODEHASH,447.45756749851915,448,False,False,test_account_access,EXTCODEHASH,target_coef
COLD_ACCOUNT_CODE_ACCESS,reth,0.004608409300742049,0.001,0.004369977202208899,0.004780707022501897,test_account_access,EXTCODEHASH,target_coef,presets[cold_account_code_access],1.4529741679100653e-09,0.9834504066351092,0.9830563686978498,AccountMode.EXISTING_CONTRACT_SAME_MAX,,EXTCODEHASH,460.84093007420495,461,False,False,test_account_access,EXTCODEHASH,target_coef
COLD_ACCOUNT_CODE_ACCESS,reth,0.0395102732559808,0.001,0.02433982886908053,0.04674447329180134,test_account_access,EXTCODESIZE,target_coef,presets[cold_account_code_access],1.4997457250281926e-09,0.3760281459214815,0.3611716732053263,AccountMode.EXISTING_CONTRACT_DIFF_MAX,,EXTCODESIZE,3951.0273255980796,3952,True,False,test_account_access,EXTCODESIZE,target_coef
COLD_ACCOUNT_CODE_ACCESS,reth,0.00460398656670023,0.001,0.0042783593805286995,0.004936113527166579,test_account_access,EXTCODESIZE,target_coef,presets[cold_account_code_access],1.4997457250281926e-09,0.9615897850300144,0.9606752561021575,AccountMode.EXISTING_CONTRACT_MINIMAL,,EXTCODESIZE,460.398656670023,461,False,False,test_account_access,EXTCODESIZE,target_coef
COLD_ACCOUNT_CODE_ACCESS,reth,0.004727369789011942,0.001,0.004456509246114319,0.005030181747858063,test_account_access,EXTCODESIZE,target_coef,presets[cold_account_code_access],1.4997457250281926e-09,0.9620821876416064,0.9611793825854541,AccountMode.EXISTING_CONTRACT_SAME_MAX,,EXTCODESIZE,472.7369789011942,473,False,False,test_account_access,EXTCODESIZE,target_coef
COLD_ACCOUNT_CODE_ACCESS,reth,0.04090846558932283,0.001,0.024458076755931903,0.04812933637936806,test_account_access,STATICCALL,target_coef,presets[cold_account_code_access],3.538139078925854e-06,0.3899287955415033,0.3754032906734439,AccountMode.EXISTING_CONTRACT_DIFF_MAX,,STATICCALL,4090.846558932283,4091,True,False,test_account_access,STATICCALL,target_coef
COLD_ACCOUNT_CODE_ACCESS,reth,0.005124232600766453,0.001,0.004876428059146489,0.005398688754375457,test_account_access,STATICCALL,target_coef,presets[cold_account_code_access],3.538139078925854e-06,0.9675024393936953,0.966728687950688,AccountMode.EXISTING_CONTRACT_MINIMAL,,STATICCALL,512.4232600766453,513,False,False,test_account_access,STATICCALL,target_coef
COLD_ACCOUNT_CODE_ACCESS,reth,0.005179941600882366,0.001,0.004785101944852952,0.0056691132951604255,test_account_access,STATICCALL,target_coef,presets[cold_account_code_access],3.538139078925854e-06,0.9445599846188875,0.9432399842526705,AccountMode.EXISTING_CONTRACT_SAME_MAX,,STATICCALL,517.9941600882366,518,False,False,test_account_access,STATICCALL,target_coef
COLD_ACCOUNT_CODE_WRITE,besu,0.10432520400248455,0.001,0.09432563420990708,0.11394339890147019,test_account_access,CALL,target_coef,presets[cold_account_code_write],4.096688320193531e-05,0.9288846547989382,0.927191432294151,AccountMode.EXISTING_CONTRACT_DIFF_MAX,,CALL,10432.520400248455,10433,False,True,test_account_access,CALL,target_coef
COLD_ACCOUNT_CODE_WRITE,besu,0.07439728995449195,0.001,0.0685347697044271,0.08020946486716793,test_account_access,CALL,target_coef,presets[cold_account_code_write],4.096688320193531e-05,0.9361114204913472,0.9345902638363793,AccountMode.EXISTING_CONTRACT_MINIMAL,,CALL,7439.728995449194,7440,False,False,test_account_access,CALL,target_coef
COLD_ACCOUNT_CODE_WRITE,besu,0.07809046949557535,0.001,0.07271357365358547,0.08356402308552117,test_account_access,CALL,target_coef,presets[cold_account_code_write],4.096688320193531e-05,0.9408296057570429,0.9394207868464963,AccountMode.EXISTING_CONTRACT_SAME_MAX,,CALL,7809.046949557535,7810,False,False,test_account_access,CALL,target_coef
COLD_ACCOUNT_CODE_WRITE,besu,0.04090078379540233,0.001,0.035214681265215424,0.04612553536951581,test_account_access,CALLCODE,target_coef,presets[cold_account_code_write],4.096688320193531e-05,0.8489143698800327,0.8453170929724144,AccountMode.EXISTING_CONTRACT_DIFF_MAX,,CALLCODE,4090.078379540233,4091,False,False,test_account_access,CALLCODE,target_coef
COLD_ACCOUNT_CODE_WRITE,besu,0.017534646243219154,0.001,0.015773682550265438,0.019599365333771955,test_account_access,CALLCODE,target_coef,presets[cold_account_code_write],4.096688320193531e-05,0.8606681550008337,0.8573507301199011,AccountMode.EXISTING_CONTRACT_MINIMAL,,CALLCODE,1753.4646243219154,1754,False,False,test_account_access,CALLCODE,target_coef
COLD_ACCOUNT_CODE_WRITE,besu,0.0186880213196969,0.001,0.016351558620827527,0.021043491858451713,test_account_access,CALLCODE,target_coef,presets[cold_account_code_write],4.096688320193531e-05,0.8475763211524527,0.8439471859417969,AccountMode.EXISTING_CONTRACT_SAME_MAX,,CALLCODE,1868.80213196969,1869,False,False,test_account_access,CALLCODE,target_coef
COLD_ACCOUNT_CODE_WRITE,erigon,0.07417746804770771,0.001,0.06924152144821052,0.07929924792154928,test_account_access,CALL,target_coef,presets[cold_account_code_write],3.3374809035667055e-05,0.9515772225082197,0.9504242992346059,AccountMode.EXISTING_CONTRACT_DIFF_MAX,,CALL,7417.746804770771,7418,False,True,test_account_access,CALL,target_coef
COLD_ACCOUNT_CODE_WRITE,erigon,0.05612664907605498,0.001,0.053243330868847555,0.05932084296007532,test_account_access,CALL,target_coef,presets[cold_account_code_write],3.3374809035667055e-05,0.9760783235443538,0.9755087598192194,AccountMode.EXISTING_CONTRACT_MINIMAL,,CALL,5612.664907605498,5613,False,False,test_account_access,CALL,target_coef
COLD_ACCOUNT_CODE_WRITE,erigon,0.06729465658238294,0.001,0.054263768488050555,0.081126069210166,test_account_access,CALL,target_coef,presets[cold_account_code_write],3.3374809035667055e-05,0.7088767636385302,0.7019452580108763,AccountMode.EXISTING_CONTRACT_SAME_MAX,,CALL,6729.465658238295,6730,False,False,test_account_access,CALL,target_coef
COLD_ACCOUNT_CODE_WRITE,erigon,0.021482477112903867,0.001,0.018236421294247525,0.02448360619674562,test_account_access,CALLCODE,target_coef,presets[cold_account_code_write],3.3374809035667055e-05,0.7943218674909825,0.7894247690979107,AccountMode.EXISTING_CONTRACT_DIFF_MAX,,CALLCODE,2148.2477112903866,2149,False,False,test_account_access,CALLCODE,target_coef
COLD_ACCOUNT_CODE_WRITE,erigon,0.008470518046169443,0.001,0.007758651645428668,0.009217679470887417,test_account_access,CALLCODE,target_coef,presets[cold_account_code_write],3.3374809035667055e-05,0.9165792850648693,0.9145930775664138,AccountMode.EXISTING_CONTRACT_MINIMAL,,CALLCODE,847.0518046169443,848,False,False,test_account_access,CALLCODE,target_coef
COLD_ACCOUNT_CODE_WRITE,erigon,0.007021231737987221,0.001,0.005048386164306085,0.008844052680656654,test_account_access,CALLCODE,target_coef,presets[cold_account_code_write],3.3374809035667055e-05,0.574334829957742,0.5641999449567359,AccountMode.EXISTING_CONTRACT_SAME_MAX,,CALLCODE,702.1231737987221,703,False,False,test_account_access,CALLCODE,target_coef
COLD_ACCOUNT_CODE_WRITE,ethrex,0.03024550885634161,0.001,0.02781095941161641,0.03251395276464611,test_account_access,CALL,target_coef,presets[cold_account_code_write],9.963749811074594e-06,0.9487598905749164,0.9475398879695572,AccountMode.EXISTING_CONTRACT_DIFF_MAX,,CALL,3024.550885634161,3025,False,True,test_account_access,CALL,target_coef
COLD_ACCOUNT_CODE_WRITE,ethrex,0.023570282352682315,0.001,0.022720547289889193,0.024072532812208114,test_account_access,CALL,target_coef,presets[cold_account_code_write],9.963749811074594e-06,0.9778535727856521,0.9773262768995962,AccountMode.EXISTING_CONTRACT_MINIMAL,,CALL,2357.0282352682316,2358,False,False,test_account_access,CALL,target_coef
COLD_ACCOUNT_CODE_WRITE,ethrex,0.023868710072397267,0.001,0.02308564686004882,0.024139201437136732,test_account_access,CALL,target_coef,presets[cold_account_code_write],9.963749811074594e-06,0.9806060043379615,0.9801442425364845,AccountMode.EXISTING_CONTRACT_SAME_MAX,,CALL,2386.8710072397266,2387,False,False,test_account_access,CALL,target_coef
COLD_ACCOUNT_CODE_WRITE,ethrex,0.009734077549818629,0.001,0.007362697948728561,0.01183118306869842,test_account_access,CALLCODE,target_coef,presets[cold_account_code_write],9.963749811074594e-06,0.6262418449590335,0.6173428412675819,AccountMode.EXISTING_CONTRACT_DIFF_MAX,,CALLCODE,973.4077549818628,974,False,False,test_account_access,CALLCODE,target_coef
COLD_ACCOUNT_CODE_WRITE,ethrex,0.00047231945378683365,0.174,0.0,0.0014135391837431686,test_account_access,CALLCODE,target_coef,presets[cold_account_code_write],9.963749811074594e-06,0.021564635199039728,-0.0017314449152689981,AccountMode.EXISTING_CONTRACT_MINIMAL,,CALLCODE,47.23194537868336,48,True,False,test_account_access,CALLCODE,target_coef
COLD_ACCOUNT_CODE_WRITE,ethrex,0.00026158517336635393,0.258,0.0,0.0011891210855137352,test_account_access,CALLCODE,target_coef,presets[cold_account_code_write],9.963749811074594e-06,0.0067550972867332915,-0.016893590873106268,AccountMode.EXISTING_CONTRACT_SAME_MAX,,CALLCODE,26.15851733663539,27,True,False,test_account_access,CALLCODE,target_coef
COLD_ACCOUNT_CODE_WRITE,geth,0.15326596800156772,0.001,0.14089930711979567,0.1654511688854824,test_account_access,CALL,target_coef,presets[cold_account_code_write],3.5303972609294587e-05,0.9037067482029647,0.902202166143636,AccountMode.EXISTING_CONTRACT_DIFF_MAX,,CALL,15326.596800156773,15327,False,True,test_account_access,CALL,target_coef
COLD_ACCOUNT_CODE_WRITE,geth,0.11002441767723464,0.001,0.10742704493319598,0.11267490972337485,test_account_access,CALL,target_coef,presets[cold_account_code_write],3.5303972609294587e-05,0.9898825262068239,0.9897244406788056,AccountMode.EXISTING_CONTRACT_MINIMAL,,CALL,11002.441767723463,11003,False,False,test_account_access,CALL,target_coef
COLD_ACCOUNT_CODE_WRITE,geth,0.1102079865245951,0.001,0.10658041937204814,0.11384012912561443,test_account_access,CALL,target_coef,presets[cold_account_code_write],3.5303972609294587e-05,0.9853275231561633,0.9850982657054784,AccountMode.EXISTING_CONTRACT_SAME_MAX,,CALL,11020.798652459509,11021,False,False,test_account_access,CALL,target_coef
COLD_ACCOUNT_CODE_WRITE,geth,0.07273564759134322,0.001,0.060545143917129327,0.08572568767076436,test_account_access,CALLCODE,target_coef,presets[cold_account_code_write],3.5303972609294587e-05,0.6871840240725837,0.6822962744487178,AccountMode.EXISTING_CONTRACT_DIFF_MAX,,CALLCODE,7273.564759134322,7274,False,False,test_account_access,CALLCODE,target_coef
COLD_ACCOUNT_CODE_WRITE,geth,0.027458060349004648,0.001,0.025582743273991675,0.029310562264009528,test_account_access,CALLCODE,target_coef,presets[cold_account_code_write],3.5303972609294587e-05,0.9362423413978204,0.9352461279821613,AccountMode.EXISTING_CONTRACT_MINIMAL,,CALLCODE,2745.8060349004645,2746,False,False,test_account_access,CALLCODE,target_coef
COLD_ACCOUNT_CODE_WRITE,geth,0.028642170259006863,0.001,0.026254214784393406,0.030825797731549663,test_account_access,CALLCODE,target_coef,presets[cold_account_code_write],3.5303972609294587e-05,0.9114132871895453,0.910029119801882,AccountMode.EXISTING_CONTRACT_SAME_MAX,,CALLCODE,2864.217025900686,2865,False,False,test_account_access,CALLCODE,target_coef
COLD_ACCOUNT_CODE_WRITE,nethermind,0.05492839978779726,0.001,0.04740029365126826,0.06179914337171316,test_account_access,CALL,target_coef,presets[cold_account_code_write],8.361463185151983e-06,0.8721886204263525,0.8691454923412656,AccountMode.EXISTING_CONTRACT_DIFF_MAX,,CALL,5492.839978779726,5493,False,True,test_account_access,CALL,target_coef
COLD_ACCOUNT_CODE_WRITE,nethermind,0.03750312449635726,0.001,0.03525994843463453,0.03949657630496685,test_account_access,CALL,target_coef,presets[cold_account_code_write],8.361463185151983e-06,0.9753368762793954,0.9747496590479524,AccountMode.EXISTING_CONTRACT_MINIMAL,,CALL,3750.312449635726,3751,False,False,test_account_access,CALL,target_coef
COLD_ACCOUNT_CODE_WRITE,nethermind,0.03644080270533984,0.001,0.03462316506044355,0.038384405605936894,test_account_access,CALL,target_coef,presets[cold_account_code_write],8.361463185151983e-06,0.9738397236062585,0.973216859882598,AccountMode.EXISTING_CONTRACT_SAME_MAX,,CALL,3644.0802705339847,3645,False,False,test_account_access,CALL,target_coef
COLD_ACCOUNT_CODE_WRITE,nethermind,0.033601354377622406,0.001,0.025522189210609662,0.04110665205733129,test_account_access,CALLCODE,target_coef,presets[cold_account_code_write],8.361463185151983e-06,0.63609089925041,0.6274263968516102,AccountMode.EXISTING_CONTRACT_DIFF_MAX,,CALLCODE,3360.1354377622406,3361,False,False,test_account_access,CALLCODE,target_coef
COLD_ACCOUNT_CODE_WRITE,nethermind,0.0072392242071635145,0.001,0.006151128437534208,0.008310027623268393,test_account_access,CALLCODE,target_coef,presets[cold_account_code_write],8.361463185151983e-06,0.8534392570513649,0.8499497155525879,AccountMode.EXISTING_CONTRACT_MINIMAL,,CALLCODE,723.9224207163514,724,False,False,test_account_access,CALLCODE,target_coef
COLD_ACCOUNT_CODE_WRITE,nethermind,0.00746888963488595,0.001,0.006700656765852397,0.008155116162080603,test_account_access,CALLCODE,target_coef,presets[cold_account_code_write],8.361463185151983e-06,0.9145567274571351,0.9125223638251622,AccountMode.EXISTING_CONTRACT_SAME_MAX,,CALLCODE,746.888963488595,747,False,False,test_account_access,CALLCODE,target_coef
COLD_ACCOUNT_CODE_WRITE,reth,0.125838956492913,0.001,0.10965120050055797,0.14099317658548988,test_account_access,CALL,target_coef,presets[cold_account_code_write],8.499998908770785e-06,0.8669353955175659,0.8637671906489366,AccountMode.EXISTING_CONTRACT_DIFF_MAX,,CALL,12583.895649291298,12584,False,True,test_account_access,CALL,target_coef
COLD_ACCOUNT_CODE_WRITE,reth,0.09287807280903912,0.001,0.08932015044447923,0.09611373454671436,test_account_access,CALL,target_coef,presets[cold_account_code_write],8.499998908770785e-06,0.9871618151121279,0.986856144043369,AccountMode.EXISTING_CONTRACT_MINIMAL,,CALL,9287.807280903911,9288,False,False,test_account_access,CALL,target_coef
COLD_ACCOUNT_CODE_WRITE,reth,0.09324793859614604,0.001,0.08964060377099985,0.0970227922186901,test_account_access,CALL,target_coef,presets[cold_account_code_write],8.499998908770785e-06,0.9862783666280738,0.9859516610715994,AccountMode.EXISTING_CONTRACT_SAME_MAX,,CALL,9324.793859614603,9325,False,False,test_account_access,CALL,target_coef
COLD_ACCOUNT_CODE_WRITE,reth,0.04127104222496651,0.001,0.02531754443709715,0.050853398895823534,test_account_access,CALLCODE,target_coef,presets[cold_account_code_write],8.499998908770785e-06,0.41541956425931903,0.40150098245596955,AccountMode.EXISTING_CONTRACT_DIFF_MAX,,CALLCODE,4127.104222496651,4128,True,False,test_account_access,CALLCODE,target_coef
COLD_ACCOUNT_CODE_WRITE,reth,0.006196735136121491,0.001,0.005792291133481468,0.006647914308182366,test_account_access,CALLCODE,target_coef,presets[cold_account_code_write],8.499998908770785e-06,0.9576549488198681,0.9566467333155793,AccountMode.EXISTING_CONTRACT_MINIMAL,,CALLCODE,619.673513612149,620,False,False,test_account_access,CALLCODE,target_coef
COLD_ACCOUNT_CODE_WRITE,reth,0.006378135032090043,0.001,0.005908202215291561,0.006794440871636887,test_account_access,CALLCODE,target_coef,presets[cold_account_code_write],8.499998908770785e-06,0.9607844732428856,0.9598507702248591,AccountMode.EXISTING_CONTRACT_SAME_MAX,,CALLCODE,637.8135032090042,638,False,False,test_account_access,CALLCODE,target_coef
STORAGE_WRITE,,,,,,<derived>,<derived>,<derived>,<derived>,0.0,,,,,,14334.0,14334,False,False,,,
ACCOUNT_WRITE,,,,,,<derived>,<derived>,<derived>,<derived>,0.0,,,,,,18108.0,18108,False,False,,,
REFUND_STORAGE_CLEAR,,,,,,<derived>,<derived>,<derived>,<derived>,0.0,,,,,,16084.8,16085,False,False,,,
TX_ACCESS_LIST_STORAGE_KEY,,,,,,<derived>,<derived>,<derived>,<derived>,0.0,,,,,,2421.0,2421,False,False,,,
TX_ACCESS_LIST_ADDRESS,,,,,,<derived>,<derived>,<derived>,<derived>,0.0,,,,,,4725.0,4725,False,False,,,
