gas_param,client_name,runtime_ms,pvalue,conf_int_low,conf_int_high,test_name,target_opcode,model_coef_name,source_label,glue_adjustment,rsquared,rsquared_adj,param_account_mode,param_existing_slots,param_opcode,new_gas_decimal,new_gas_rounded,poor_fit,is_winner,selected_test,selected_opcode,selected_model_coef_name
COLD_STORAGE_ACCESS,besu,0.007717934071062368,0.001,0.007499443680833499,0.007939967932244737,test_sload_bloated,SLOAD,target_coef,presets[cold_storage_sload],0.0,0.9107477903592915,0.9105744850978532,,False,,771.7934071062368,772,False,False,test_sload_bloated,SLOAD,target_coef
COLD_STORAGE_ACCESS,besu,0.014607247344994053,0.001,0.014327913343630082,0.014896932149606334,test_sload_bloated,SLOAD,target_coef,presets[cold_storage_sload],0.0,0.9506404806947337,0.9505446369679273,,True,,1460.7247344994053,1461,False,False,test_sload_bloated,SLOAD,target_coef
COLD_STORAGE_ACCESS,besu,0.008172211736214918,0.001,0.0077623040639756774,0.008599576632850325,test_sstore_bloated,SSTORE,target_coef,presets[cold_storage_sstore_access],0.0,0.7276336544222775,0.7271047877318353,,False,,817.2211736214917,818,False,False,test_sstore_bloated,SSTORE,target_coef
COLD_STORAGE_ACCESS,besu,0.015188949881350713,0.001,0.014760248223976992,0.015626601823303842,test_sstore_bloated,SSTORE,target_coef,presets[cold_storage_sstore_access],0.0,0.8963313399783067,0.8961300416093325,,True,,1518.8949881350713,1519,False,True,test_sstore_bloated,SSTORE,target_coef
COLD_STORAGE_ACCESS,erigon,0.006738234938690767,0.001,0.00662021121570332,0.0067821763402776325,test_sload_bloated,SLOAD,target_coef,presets[cold_storage_sload],0.0,0.9744947361707994,0.9744049289037952,,False,,673.8234938690767,674,False,True,test_sload_bloated,SLOAD,target_coef
COLD_STORAGE_ACCESS,erigon,0.0066035490080705445,0.001,0.006538013703907949,0.006651372194645538,test_sload_bloated,SLOAD,target_coef,presets[cold_storage_sload],0.0,0.9741327887636179,0.9740417070339122,,True,,660.3549008070545,661,False,False,test_sload_bloated,SLOAD,target_coef
COLD_STORAGE_ACCESS,erigon,0.006657332569352811,0.001,0.006531373761895282,0.006779501840336491,test_sstore_bloated,SSTORE,target_coef,presets[cold_storage_sstore_access],0.0,0.97169697489682,0.9715973163577244,,False,,665.7332569352811,666,False,False,test_sstore_bloated,SSTORE,target_coef
COLD_STORAGE_ACCESS,erigon,0.006624393218853313,0.001,0.006537223454816089,0.006669498654221355,test_sstore_bloated,SSTORE,target_coef,presets[cold_storage_sstore_access],0.0,0.9749711036858185,0.9748829737692193,,True,,662.4393218853313,663,False,False,test_sstore_bloated,SSTORE,target_coef
COLD_STORAGE_ACCESS,ethrex,0.009009062473808957,0.001,0.008878783563976277,0.009123705675735436,test_sload_bloated,SLOAD,target_coef,presets[cold_storage_sload],0.0,0.9029002817934524,0.9026538358081566,,False,,900.9062473808958,901,False,False,test_sload_bloated,SLOAD,target_coef
COLD_STORAGE_ACCESS,ethrex,0.013203007962392257,0.001,0.013096018049514787,0.013313691979707474,test_sload_bloated,SLOAD,target_coef,presets[cold_storage_sload],0.0,0.9494493811489633,0.9493210800858896,,True,,1320.3007962392257,1321,False,False,test_sload_bloated,SLOAD,target_coef
COLD_STORAGE_ACCESS,ethrex,0.009501996725298903,0.001,0.009401507347914853,0.009596452079033679,test_sstore_bloated,SSTORE,target_coef,presets[cold_storage_sstore_access],0.0,0.9323489379351673,0.932177234731957,,False,,950.1996725298903,951,False,False,test_sstore_bloated,SSTORE,target_coef
COLD_STORAGE_ACCESS,ethrex,0.013943513786722173,0.001,0.013859192312437704,0.01402755963146533,test_sstore_bloated,SSTORE,target_coef,presets[cold_storage_sstore_access],0.0,0.9706995747027501,0.970625208141082,,True,,1394.3513786722172,1395,False,True,test_sstore_bloated,SSTORE,target_coef
COLD_STORAGE_ACCESS,geth,0.024248890106161717,0.001,0.02381678874034526,0.024654097391222804,test_sload_bloated,SLOAD,target_coef,presets[cold_storage_sload],0.0,0.9712274682444485,0.9711501227289766,,False,,2424.8890106161716,2425,False,True,test_sload_bloated,SLOAD,target_coef
COLD_STORAGE_ACCESS,geth,0.023782730541723772,0.001,0.023292583962752626,0.02424871425249539,test_sload_bloated,SLOAD,target_coef,presets[cold_storage_sload],0.0,0.9664560755593677,0.9663659037194736,,True,,2378.273054172377,2379,False,False,test_sload_bloated,SLOAD,target_coef
COLD_STORAGE_ACCESS,geth,0.024158602760356647,0.001,0.023790224790507197,0.024542729462030555,test_sstore_bloated,SSTORE,target_coef,presets[cold_storage_sstore_access],0.0,0.974599035362484,0.97453075319948,,False,,2415.860276035665,2416,False,False,test_sstore_bloated,SSTORE,target_coef
COLD_STORAGE_ACCESS,geth,0.023549044495315686,0.001,0.023146608132428633,0.023979405607569147,test_sstore_bloated,SSTORE,target_coef,presets[cold_storage_sstore_access],0.0,0.9720695492782861,0.9719944674215073,,True,,2354.904449531569,2355,False,False,test_sstore_bloated,SSTORE,target_coef
COLD_STORAGE_ACCESS,nethermind,0.0034260146646509205,0.001,0.003291962483636567,0.0035725379830432815,test_sload_bloated,SLOAD,target_coef,presets[cold_storage_sload],0.0,0.895395977179904,0.8950659960353612,,False,,342.601466465092,343,False,False,test_sload_bloated,SLOAD,target_coef
COLD_STORAGE_ACCESS,nethermind,0.008921984291459661,0.001,0.008747809498059762,0.009086646701484848,test_sload_bloated,SLOAD,target_coef,presets[cold_storage_sload],0.0,0.9745682948827347,0.9744880686836266,,True,,892.1984291459661,893,False,False,test_sload_bloated,SLOAD,target_coef
COLD_STORAGE_ACCESS,nethermind,0.003464609709221973,0.001,0.0033516915201622995,0.0035808498783096256,test_sstore_bloated,SSTORE,target_coef,presets[cold_storage_sstore_access],0.0,0.9263776763821998,0.9261454293045411,,False,,346.46097092219725,347,False,False,test_sstore_bloated,SSTORE,target_coef
COLD_STORAGE_ACCESS,nethermind,0.00916399030796374,0.001,0.008996434735280641,0.009321674953778522,test_sstore_bloated,SSTORE,target_coef,presets[cold_storage_sstore_access],0.0,0.9762417391569468,0.9761667919618583,,True,,916.399030796374,917,False,True,test_sstore_bloated,SSTORE,target_coef
COLD_STORAGE_ACCESS,reth,0.0012442148329809954,0.001,0.001220107753735464,0.0012662013849519987,test_sload_bloated,SLOAD,target_coef,presets[cold_storage_sload],0.0,0.9580344351104659,0.9579453362465815,,False,,124.42148329809955,125,False,False,test_sload_bloated,SLOAD,target_coef
COLD_STORAGE_ACCESS,reth,0.0014182391775620876,0.001,0.0013887875675505084,0.0014476224710194992,test_sload_bloated,SLOAD,target_coef,presets[cold_storage_sload],0.0,0.947166439561405,0.9470542663969919,,True,,141.82391775620877,142,False,False,test_sload_bloated,SLOAD,target_coef
COLD_STORAGE_ACCESS,reth,0.0012757436275459058,0.001,0.0012486082780243507,0.0013039187609548213,test_sstore_bloated,SSTORE,target_coef,presets[cold_storage_sstore_access],0.0,0.9478063637513416,0.9476955492370133,,False,,127.57436275459058,128,False,False,test_sstore_bloated,SSTORE,target_coef
COLD_STORAGE_ACCESS,reth,0.0014436837355552403,0.001,0.0014115324364579354,0.0014761480120967082,test_sstore_bloated,SSTORE,target_coef,presets[cold_storage_sstore_access],0.0,0.9454017754685662,0.9452858556712596,,True,,144.36837355552402,145,False,True,test_sstore_bloated,SSTORE,target_coef
COLD_STORAGE_WRITE,besu,0.1449737764754703,0.001,0.12515758961282303,0.16486595414332736,test_sstore_bloated,SSTORE,target_coef,presets[cold_storage_sstore_write],0.0,0.2737230315787855,0.2723127850381618,,False,,14497.377647547031,14498,True,False,test_sstore_bloated,SSTORE,target_coef
COLD_STORAGE_WRITE,besu,0.06479720656603631,0.001,0.06308889502697078,0.0666046106885751,test_sstore_bloated,SSTORE,target_coef,presets[cold_storage_sstore_write],0.0,0.9129894787810777,0.9128205263126915,,True,,6479.720656603631,6480,False,True,test_sstore_bloated,SSTORE,target_coef
COLD_STORAGE_WRITE,erigon,0.0,1.0,0.0,0.04956425462381955,test_sstore_bloated,SSTORE,target_coef,presets[cold_storage_sstore_write],0.0,0.0,-0.0035211267605634866,,False,,0.0,0,True,False,test_sstore_bloated,SSTORE,target_coef
COLD_STORAGE_WRITE,erigon,0.12197875613074298,0.001,0.11890529469589023,0.12493896050699795,test_sstore_bloated,SSTORE,target_coef,presets[cold_storage_sstore_write],0.0,0.9556647686046794,0.9555086586349776,,True,,12197.875613074297,12198,False,True,test_sstore_bloated,SSTORE,target_coef
COLD_STORAGE_WRITE,ethrex,0.0183315266305605,0.001,0.01598991101440969,0.02035794941822082,test_sstore_bloated,SSTORE,target_coef,presets[cold_storage_sstore_write],0.0,0.4161865553002968,0.4147047952883687,,False,,1833.15266305605,1834,True,False,test_sstore_bloated,SSTORE,target_coef
COLD_STORAGE_WRITE,ethrex,0.024531599730078,0.001,0.024389457235994703,0.024664378983369654,test_sstore_bloated,SSTORE,target_coef,presets[cold_storage_sstore_write],0.0,0.9965276914750747,0.9965188785092753,,True,,2453.1599730078,2454,False,True,test_sstore_bloated,SSTORE,target_coef
COLD_STORAGE_WRITE,geth,0.1352932941194817,0.001,0.13129038243659727,0.13912153147685907,test_sstore_bloated,SSTORE,target_coef,presets[cold_storage_sstore_write],0.0,0.9209381046848047,0.920725572708151,,False,,13529.32941194817,13530,False,True,test_sstore_bloated,SSTORE,target_coef
COLD_STORAGE_WRITE,geth,0.09330220442692738,0.001,0.09208895835553721,0.09435939609481957,test_sstore_bloated,SSTORE,target_coef,presets[cold_storage_sstore_write],0.0,0.9864143929975804,0.9863778725486492,,True,,9330.220442692738,9331,False,False,test_sstore_bloated,SSTORE,target_coef
COLD_STORAGE_WRITE,nethermind,0.054458684459957524,0.001,0.04988397856093358,0.058383626678554276,test_sstore_bloated,SSTORE,target_coef,presets[cold_storage_sstore_write],0.0,0.6607351102419425,0.659664873996649,,False,,5445.868445995753,5446,False,True,test_sstore_bloated,SSTORE,target_coef
COLD_STORAGE_WRITE,nethermind,0.03608375734976018,0.001,0.034693628215233904,0.03741598537509247,test_sstore_bloated,SSTORE,target_coef,presets[cold_storage_sstore_write],0.0,0.8930958455944364,0.8927586085142927,,True,,3608.375734976018,3609,False,False,test_sstore_bloated,SSTORE,target_coef
COLD_STORAGE_WRITE,reth,0.03943185705926091,0.001,0.038277526968584434,0.040572869610232355,test_sstore_bloated,SSTORE,target_coef,presets[cold_storage_sstore_write],0.0,0.9008896819313146,0.9006792566275594,,False,,3943.185705926091,3944,False,True,test_sstore_bloated,SSTORE,target_coef
COLD_STORAGE_WRITE,reth,0.023687514863720335,0.001,0.02350583661207763,0.02384891228984116,test_sstore_bloated,SSTORE,target_coef,presets[cold_storage_sstore_write],0.0,0.993826887100706,0.9938137807038923,,True,,2368.7514863720335,2369,False,False,test_sstore_bloated,SSTORE,target_coef
COLD_ACCOUNT_NOCODE_ACCESS,besu,0.013079853827508939,0.001,0.012569521205406478,0.013547911165185113,test_account_access,BALANCE,target_coef,presets[cold_account_nocode_access],0.0,0.8347895515738365,0.8344687545866012,AccountMode.EXISTING_EOA,,BALANCE,1307.985382750894,1308,False,False,test_account_access,BALANCE,target_coef
COLD_ACCOUNT_NOCODE_ACCESS,besu,0.013578562317912768,0.001,0.013160417816462966,0.0140545970199364,test_account_access,BALANCE,target_coef,presets[cold_account_nocode_access],0.0,0.8601748288692781,0.8599033236826166,AccountMode.NON_EXISTING_ACCOUNT,,BALANCE,1357.8562317912767,1358,False,False,test_account_access,BALANCE,target_coef
COLD_ACCOUNT_NOCODE_ACCESS,besu,0.015694832293088205,0.001,0.015116218739604722,0.01631188878854873,test_account_access,CALL,target_coef,presets[cold_account_nocode_access],0.0,0.8417639170283884,0.8414566624983464,AccountMode.EXISTING_EOA,,CALL,1569.4832293088205,1570,False,False,test_account_access,CALL,target_coef
COLD_ACCOUNT_NOCODE_ACCESS,besu,0.01587599902603652,0.001,0.015353911141736808,0.016415125661404958,test_account_access,CALL,target_coef,presets[cold_account_nocode_access],0.0,0.8574406076922271,0.8571637933382315,AccountMode.NON_EXISTING_ACCOUNT,,CALL,1587.5999026036518,1588,False,False,test_account_access,CALL,target_coef
COLD_ACCOUNT_NOCODE_ACCESS,besu,0.014782972156327661,0.001,0.014229296840208811,0.015369975394483022,test_account_access,CALLCODE,target_coef,presets[cold_account_nocode_access],0.0,0.8236888964348557,0.8233465447774476,AccountMode.EXISTING_EOA,,CALLCODE,1478.297215632766,1479,False,False,test_account_access,CALLCODE,target_coef
COLD_ACCOUNT_NOCODE_ACCESS,besu,0.01492070528020957,0.001,0.014470212822171783,0.015326729373435348,test_account_access,CALLCODE,target_coef,presets[cold_account_nocode_access],0.0,0.8816925545359044,0.8814628313408286,AccountMode.NON_EXISTING_ACCOUNT,,CALLCODE,1492.070528020957,1493,False,False,test_account_access,CALLCODE,target_coef
COLD_ACCOUNT_NOCODE_ACCESS,besu,0.014534780347135574,0.001,0.013926632849143573,0.015118070885833886,test_account_access,DELEGATECALL,target_coef,presets[cold_account_nocode_access],0.0,0.8137425200143473,0.8133808550046664,AccountMode.EXISTING_EOA,,DELEGATECALL,1453.4780347135575,1454,False,False,test_account_access,DELEGATECALL,target_coef
COLD_ACCOUNT_NOCODE_ACCESS,besu,0.014937898054255513,0.001,0.014473134588592552,0.015410181087057315,test_account_access,DELEGATECALL,target_coef,presets[cold_account_nocode_access],0.0,0.8774143899274096,0.877176359616589,AccountMode.NON_EXISTING_ACCOUNT,,DELEGATECALL,1493.7898054255513,1494,False,False,test_account_access,DELEGATECALL,target_coef
COLD_ACCOUNT_NOCODE_ACCESS,besu,0.0004753814145104719,0.001,0.00040728749375564406,0.0005505302945866112,test_account_access,EXTCODECOPY,target_coef,presets[cold_account_nocode_access],0.0,0.23590803676278926,0.2344243630477656,AccountMode.NON_EXISTING_ACCOUNT,,EXTCODECOPY,47.53814145104719,48,True,False,test_account_access,EXTCODECOPY,target_coef
COLD_ACCOUNT_NOCODE_ACCESS,besu,0.013209331807918966,0.001,0.012751757271305581,0.013679448011846188,test_account_access,EXTCODEHASH,target_coef,presets[cold_account_nocode_access],0.0,0.8493818925409731,0.8490894301963925,AccountMode.NON_EXISTING_ACCOUNT,,EXTCODEHASH,1320.9331807918966,1321,False,False,test_account_access,EXTCODEHASH,target_coef
COLD_ACCOUNT_NOCODE_ACCESS,besu,0.01330868351846007,0.001,0.012882469516983441,0.013771612218454929,test_account_access,EXTCODESIZE,target_coef,presets[cold_account_nocode_access],0.0,0.8544610081883715,0.8541784082042712,AccountMode.NON_EXISTING_ACCOUNT,,EXTCODESIZE,1330.868351846007,1331,False,False,test_account_access,EXTCODESIZE,target_coef
COLD_ACCOUNT_NOCODE_ACCESS,besu,0.015434010755068754,0.001,0.014798816112454611,0.01603558821974827,test_account_access,STATICCALL,target_coef,presets[cold_account_nocode_access],0.0,0.8291330579758057,0.8288012775058559,AccountMode.EXISTING_EOA,,STATICCALL,1543.4010755068753,1544,False,False,test_account_access,STATICCALL,target_coef
COLD_ACCOUNT_NOCODE_ACCESS,besu,0.015887985300571925,0.001,0.01531821573367252,0.016483472370116825,test_account_access,STATICCALL,target_coef,presets[cold_account_nocode_access],0.0,0.8614783548102,0.8612093807418703,AccountMode.NON_EXISTING_ACCOUNT,,STATICCALL,1588.7985300571925,1589,False,True,test_account_access,STATICCALL,target_coef
COLD_ACCOUNT_NOCODE_ACCESS,erigon,0.009570823276260906,0.001,0.009380649473619947,0.009741001137694532,test_account_access,BALANCE,target_coef,presets[cold_account_nocode_access],0.0,0.9670757419202808,0.9669598114340846,AccountMode.EXISTING_EOA,,BALANCE,957.0823276260907,958,False,False,test_account_access,BALANCE,target_coef
COLD_ACCOUNT_NOCODE_ACCESS,erigon,0.008520783916377627,0.001,0.008375970149312302,0.008578852076403394,test_account_access,BALANCE,target_coef,presets[cold_account_nocode_access],0.0,0.9695240720898505,0.969416762484533,AccountMode.NON_EXISTING_ACCOUNT,,BALANCE,852.0783916377627,853,False,False,test_account_access,BALANCE,target_coef
COLD_ACCOUNT_NOCODE_ACCESS,erigon,0.01080366121530802,0.001,0.010558256572107778,0.011087283778722598,test_account_access,CALL,target_coef,presets[cold_account_nocode_access],0.0,0.96805670224001,0.9679442258394466,AccountMode.EXISTING_EOA,,CALL,1080.366121530802,1081,False,False,test_account_access,CALL,target_coef
COLD_ACCOUNT_NOCODE_ACCESS,erigon,0.009758737466699141,0.001,0.009576830604272696,0.00983014434868958,test_account_access,CALL,target_coef,presets[cold_account_nocode_access],0.0,0.9707081889025208,0.9706050487226,AccountMode.NON_EXISTING_ACCOUNT,,CALL,975.8737466699141,976,False,False,test_account_access,CALL,target_coef
COLD_ACCOUNT_NOCODE_ACCESS,erigon,0.009721194734415094,0.001,0.009536448947052549,0.009935412914882636,test_account_access,CALLCODE,target_coef,presets[cold_account_nocode_access],0.0,0.9689970938046081,0.9688879286419483,AccountMode.EXISTING_EOA,,CALLCODE,972.1194734415094,973,False,False,test_account_access,CALLCODE,target_coef
COLD_ACCOUNT_NOCODE_ACCESS,erigon,0.009041858739025702,0.001,0.008852272509081318,0.009185752263060266,test_account_access,CALLCODE,target_coef,presets[cold_account_nocode_access],0.0,0.9680680681732305,0.9679556317935588,AccountMode.NON_EXISTING_ACCOUNT,,CALLCODE,904.18587390257,905,False,False,test_account_access,CALLCODE,target_coef
COLD_ACCOUNT_NOCODE_ACCESS,erigon,0.009809203268106617,0.001,0.00960658804715442,0.010003919389316412,test_account_access,DELEGATECALL,target_coef,presets[cold_account_nocode_access],0.0,0.9714742931683261,0.9713738505386371,AccountMode.EXISTING_EOA,,DELEGATECALL,980.9203268106617,981,False,False,test_account_access,DELEGATECALL,target_coef
COLD_ACCOUNT_NOCODE_ACCESS,erigon,0.009034385757730294,0.001,0.008823795784108529,0.009174429267866862,test_account_access,DELEGATECALL,target_coef,presets[cold_account_nocode_access],0.0,0.9653634757326778,0.9652415161401872,AccountMode.NON_EXISTING_ACCOUNT,,DELEGATECALL,903.4385757730294,904,False,False,test_account_access,DELEGATECALL,target_coef
COLD_ACCOUNT_NOCODE_ACCESS,erigon,7.652471620405297e-05,0.001,7.274975311124248e-05,8.052423873067666e-05,test_account_access,EXTCODECOPY,target_coef,presets[cold_account_nocode_access],0.0,0.867750077963866,0.8672844092243022,AccountMode.NON_EXISTING_ACCOUNT,,EXTCODECOPY,7.652471620405297,8,False,False,test_account_access,EXTCODECOPY,target_coef
COLD_ACCOUNT_NOCODE_ACCESS,erigon,0.008191168179216049,0.001,0.008081835242168347,0.008251850005132559,test_account_access,EXTCODEHASH,target_coef,presets[cold_account_nocode_access],0.0,0.9682561775540145,0.9681444035313174,AccountMode.NON_EXISTING_ACCOUNT,,EXTCODEHASH,819.1168179216048,820,False,False,test_account_access,EXTCODEHASH,target_coef
COLD_ACCOUNT_NOCODE_ACCESS,erigon,0.008378099951549539,0.001,0.008257786859598298,0.008443628373164463,test_account_access,EXTCODESIZE,target_coef,presets[cold_account_nocode_access],0.0,0.9664753756750681,0.9663573312232198,AccountMode.NON_EXISTING_ACCOUNT,,EXTCODESIZE,837.8099951549539,838,False,False,test_account_access,EXTCODESIZE,target_coef
COLD_ACCOUNT_NOCODE_ACCESS,erigon,0.010079893433082928,0.001,0.009822231745009423,0.01036796374766537,test_account_access,STATICCALL,target_coef,presets[cold_account_nocode_access],0.0,0.9623135021994035,0.9621808032634859,AccountMode.EXISTING_EOA,,STATICCALL,1007.9893433082927,1008,False,False,test_account_access,STATICCALL,target_coef
COLD_ACCOUNT_NOCODE_ACCESS,erigon,0.011049655933392096,0.001,0.010887190569448328,0.01113035298695973,test_account_access,STATICCALL,target_coef,presets[cold_account_nocode_access],0.0,0.9606485471551316,0.9605099857014525,AccountMode.NON_EXISTING_ACCOUNT,,STATICCALL,1104.9655933392096,1105,False,True,test_account_access,STATICCALL,target_coef
COLD_ACCOUNT_NOCODE_ACCESS,ethrex,0.007211810703638463,0.001,0.0071577971677431,0.0072705415716293785,test_account_access,BALANCE,target_coef,presets[cold_account_nocode_access],0.0,0.9937904405259381,0.9937746802227044,AccountMode.EXISTING_EOA,,BALANCE,721.1810703638464,722,False,False,test_account_access,BALANCE,target_coef
COLD_ACCOUNT_NOCODE_ACCESS,ethrex,0.0019939709901442494,0.001,0.001958537916400818,0.0020296211456179276,test_account_access,BALANCE,target_coef,presets[cold_account_nocode_access],0.0,0.9660932587482886,0.9660072010293755,AccountMode.NON_EXISTING_ACCOUNT,,BALANCE,199.39709901442495,200,False,False,test_account_access,BALANCE,target_coef
COLD_ACCOUNT_NOCODE_ACCESS,ethrex,0.007262369884748288,0.001,0.007206931773469023,0.0073226850308803606,test_account_access,CALL,target_coef,presets[cold_account_nocode_access],0.0,0.993659824760966,0.9936437329456386,AccountMode.EXISTING_EOA,,CALL,726.2369884748288,727,False,True,test_account_access,CALL,target_coef
COLD_ACCOUNT_NOCODE_ACCESS,ethrex,0.0020588635688766964,0.001,0.0020186107653128575,0.0020983847986987356,test_account_access,CALL,target_coef,presets[cold_account_nocode_access],0.0,0.9668486809839375,0.9667645405803434,AccountMode.NON_EXISTING_ACCOUNT,,CALL,205.88635688766962,206,False,False,test_account_access,CALL,target_coef
COLD_ACCOUNT_NOCODE_ACCESS,ethrex,0.007242050774360581,0.001,0.007186996278661239,0.0072972637348919294,test_account_access,CALLCODE,target_coef,presets[cold_account_nocode_access],0.0,0.9935576141158511,0.9935412628826426,AccountMode.EXISTING_EOA,,CALLCODE,724.2050774360581,725,False,False,test_account_access,CALLCODE,target_coef
COLD_ACCOUNT_NOCODE_ACCESS,ethrex,0.002036345702652308,0.001,0.0020004013178821192,0.002073483969673811,test_account_access,CALLCODE,target_coef,presets[cold_account_nocode_access],0.0,0.9678442423956735,0.9677626287976929,AccountMode.NON_EXISTING_ACCOUNT,,CALLCODE,203.63457026523082,204,False,False,test_account_access,CALLCODE,target_coef
COLD_ACCOUNT_NOCODE_ACCESS,ethrex,0.007246552102014076,0.001,0.00718341462685849,0.007301661112924974,test_account_access,DELEGATECALL,target_coef,presets[cold_account_nocode_access],0.0,0.9928192002906857,0.9928009749107128,AccountMode.EXISTING_EOA,,DELEGATECALL,724.6552102014075,725,False,False,test_account_access,DELEGATECALL,target_coef
COLD_ACCOUNT_NOCODE_ACCESS,ethrex,0.002048259518920517,0.001,0.002014562344306895,0.002079351461337204,test_account_access,DELEGATECALL,target_coef,presets[cold_account_nocode_access],0.0,0.9696633502498171,0.9695863536768471,AccountMode.NON_EXISTING_ACCOUNT,,DELEGATECALL,204.8259518920517,205,False,False,test_account_access,DELEGATECALL,target_coef
COLD_ACCOUNT_NOCODE_ACCESS,ethrex,3.256600348578281e-05,0.001,2.8014291507306724e-05,3.701381237753086e-05,test_account_access,EXTCODECOPY,target_coef,presets[cold_account_nocode_access],0.0,0.3098406138691985,0.3080889403003386,AccountMode.NON_EXISTING_ACCOUNT,,EXTCODECOPY,3.2566003485782806,4,True,False,test_account_access,EXTCODECOPY,target_coef
COLD_ACCOUNT_NOCODE_ACCESS,ethrex,0.001989344466805088,0.001,0.001953228959025978,0.002025153804930945,test_account_access,EXTCODEHASH,target_coef,presets[cold_account_nocode_access],0.0,0.9643651336221837,0.9642746897988898,AccountMode.NON_EXISTING_ACCOUNT,,EXTCODEHASH,198.9344466805088,199,False,False,test_account_access,EXTCODEHASH,target_coef
COLD_ACCOUNT_NOCODE_ACCESS,ethrex,0.0019674774189384885,0.001,0.001935778107452288,0.00199926899865532,test_account_access,EXTCODESIZE,target_coef,presets[cold_account_nocode_access],0.0,0.9676689573603248,0.9675868988764678,AccountMode.NON_EXISTING_ACCOUNT,,EXTCODESIZE,196.74774189384885,197,False,False,test_account_access,EXTCODESIZE,target_coef
COLD_ACCOUNT_NOCODE_ACCESS,ethrex,0.007247444437162031,0.001,0.007183983720726066,0.007312879530227412,test_account_access,STATICCALL,target_coef,presets[cold_account_nocode_access],0.0,0.9927157334541895,0.9926972454680326,AccountMode.EXISTING_EOA,,STATICCALL,724.7444437162031,725,False,False,test_account_access,STATICCALL,target_coef
COLD_ACCOUNT_NOCODE_ACCESS,ethrex,0.0020299204554690355,0.001,0.0019918875529864924,0.0020682035297452735,test_account_access,STATICCALL,target_coef,presets[cold_account_nocode_access],0.0,0.9652520529834981,0.965163860224573,AccountMode.NON_EXISTING_ACCOUNT,,STATICCALL,202.99204554690354,203,False,False,test_account_access,STATICCALL,target_coef
COLD_ACCOUNT_NOCODE_ACCESS,geth,0.01069655115937702,0.001,0.01035295999417848,0.011099567476005146,test_account_access,BALANCE,target_coef,presets[cold_account_nocode_access],0.0,0.9140303577229952,0.9137992565340786,AccountMode.EXISTING_EOA,,BALANCE,1069.655115937702,1070,False,False,test_account_access,BALANCE,target_coef
COLD_ACCOUNT_NOCODE_ACCESS,geth,0.021563042646369147,0.001,0.020605733103194687,0.022537403857908235,test_account_access,BALANCE,target_coef,presets[cold_account_nocode_access],0.0,0.8586453604156344,0.8582653748253539,AccountMode.NON_EXISTING_ACCOUNT,,BALANCE,2156.304264636915,2157,False,False,test_account_access,BALANCE,target_coef
COLD_ACCOUNT_NOCODE_ACCESS,geth,0.010887556993447473,0.001,0.010470829382386611,0.011281887182346599,test_account_access,CALL,target_coef,presets[cold_account_nocode_access],0.0,0.9109032147240694,0.9106637072367686,AccountMode.EXISTING_EOA,,CALL,1088.7556993447472,1089,False,False,test_account_access,CALL,target_coef
COLD_ACCOUNT_NOCODE_ACCESS,geth,0.022018751334734694,0.001,0.021021488546341966,0.022945347797560675,test_account_access,CALL,target_coef,presets[cold_account_nocode_access],0.0,0.8622547863214932,0.8618845034890241,AccountMode.NON_EXISTING_ACCOUNT,,CALL,2201.8751334734693,2202,False,False,test_account_access,CALL,target_coef
COLD_ACCOUNT_NOCODE_ACCESS,geth,0.011132180312863272,0.001,0.010714195794669033,0.011493915902276684,test_account_access,CALLCODE,target_coef,presets[cold_account_nocode_access],0.0,0.9175745296339787,0.9173529557889087,AccountMode.EXISTING_EOA,,CALLCODE,1113.2180312863272,1114,False,False,test_account_access,CALLCODE,target_coef
COLD_ACCOUNT_NOCODE_ACCESS,geth,0.022564930367030382,0.001,0.021674396404361387,0.023551298055702236,test_account_access,CALLCODE,target_coef,presets[cold_account_nocode_access],0.0,0.8677752146253265,0.8674197716538892,AccountMode.NON_EXISTING_ACCOUNT,,CALLCODE,2256.493036703038,2257,False,False,test_account_access,CALLCODE,target_coef
COLD_ACCOUNT_NOCODE_ACCESS,geth,0.011057370747714677,0.001,0.010717897429028744,0.011418531475727547,test_account_access,DELEGATECALL,target_coef,presets[cold_account_nocode_access],0.0,0.9151518883017066,0.914923801979937,AccountMode.EXISTING_EOA,,DELEGATECALL,1105.7370747714676,1106,False,False,test_account_access,DELEGATECALL,target_coef
COLD_ACCOUNT_NOCODE_ACCESS,geth,0.02240472240047277,0.001,0.021431387396670498,0.02339152776942378,test_account_access,DELEGATECALL,target_coef,presets[cold_account_nocode_access],0.0,0.8680931911458256,0.8677386029499811,AccountMode.NON_EXISTING_ACCOUNT,,DELEGATECALL,2240.472240047277,2241,False,False,test_account_access,DELEGATECALL,target_coef
COLD_ACCOUNT_NOCODE_ACCESS,geth,0.00035514878488754077,0.001,0.00034563094607088584,0.00036532139152920445,test_account_access,EXTCODECOPY,target_coef,presets[cold_account_nocode_access],0.0,0.9376138023571025,0.9374460975247291,AccountMode.NON_EXISTING_ACCOUNT,,EXTCODECOPY,35.51487848875408,36,False,False,test_account_access,EXTCODECOPY,target_coef
COLD_ACCOUNT_NOCODE_ACCESS,geth,0.021738374864031178,0.001,0.020751593907794286,0.02260850919385931,test_account_access,EXTCODEHASH,target_coef,presets[cold_account_nocode_access],0.0,0.8645577422370142,0.8641936501462535,AccountMode.NON_EXISTING_ACCOUNT,,EXTCODEHASH,2173.837486403118,2174,False,False,test_account_access,EXTCODEHASH,target_coef
COLD_ACCOUNT_NOCODE_ACCESS,geth,0.02163085948431348,0.001,0.020745395895166052,0.022520958609550102,test_account_access,EXTCODESIZE,target_coef,presets[cold_account_nocode_access],0.0,0.8633212419178506,0.8629538259015008,AccountMode.NON_EXISTING_ACCOUNT,,EXTCODESIZE,2163.085948431348,2164,False,False,test_account_access,EXTCODESIZE,target_coef
COLD_ACCOUNT_NOCODE_ACCESS,geth,0.011068658803481778,0.001,0.010688435233812228,0.01147092170058065,test_account_access,STATICCALL,target_coef,presets[cold_account_nocode_access],0.0,0.9155890097556625,0.9153620984915648,AccountMode.EXISTING_EOA,,STATICCALL,1106.8658803481778,1107,False,False,test_account_access,STATICCALL,target_coef
COLD_ACCOUNT_NOCODE_ACCESS,geth,0.022662267605976706,0.001,0.02175214462842798,0.02353726260796899,test_account_access,STATICCALL,target_coef,presets[cold_account_nocode_access],0.0,0.8667700553151387,0.866411910302545,AccountMode.NON_EXISTING_ACCOUNT,,STATICCALL,2266.2267605976704,2267,False,True,test_account_access,STATICCALL,target_coef
COLD_ACCOUNT_NOCODE_ACCESS,nethermind,0.004121666160388457,0.001,0.0039007337848332053,0.004337987792984753,test_account_access,BALANCE,target_coef,presets[cold_account_nocode_access],0.0,0.8076926267604566,0.8070859788953476,AccountMode.EXISTING_EOA,,BALANCE,412.16661603884575,413,False,False,test_account_access,BALANCE,target_coef
COLD_ACCOUNT_NOCODE_ACCESS,nethermind,0.0038804539332114355,0.001,0.0036689963949222645,0.004098675182476224,test_account_access,BALANCE,target_coef,presets[cold_account_nocode_access],0.0,0.7960786120565871,0.795435326921119,AccountMode.NON_EXISTING_ACCOUNT,,BALANCE,388.04539332114354,389,False,False,test_account_access,BALANCE,target_coef
COLD_ACCOUNT_NOCODE_ACCESS,nethermind,0.004614240679928598,0.001,0.004392832267859395,0.00483594278020748,test_account_access,CALL,target_coef,presets[cold_account_nocode_access],0.0,0.8201482004176199,0.8195808445829752,AccountMode.EXISTING_EOA,,CALL,461.4240679928598,462,False,True,test_account_access,CALL,target_coef
COLD_ACCOUNT_NOCODE_ACCESS,nethermind,0.004354332935536374,0.001,0.004112496363518881,0.004612160760589313,test_account_access,CALL,target_coef,presets[cold_account_nocode_access],0.0,0.7985977159435048,0.7979623775079954,AccountMode.NON_EXISTING_ACCOUNT,,CALL,435.4332935536374,436,False,False,test_account_access,CALL,target_coef
COLD_ACCOUNT_NOCODE_ACCESS,nethermind,0.004304222463686072,0.001,0.0040348065525131005,0.004579619984583213,test_account_access,CALLCODE,target_coef,presets[cold_account_nocode_access],0.0,0.7792742947278699,0.7785779991276424,AccountMode.EXISTING_EOA,,CALLCODE,430.4222463686072,431,False,False,test_account_access,CALLCODE,target_coef
COLD_ACCOUNT_NOCODE_ACCESS,nethermind,0.004176034071070246,0.001,0.003963349209774573,0.0043947603855918295,test_account_access,CALLCODE,target_coef,presets[cold_account_nocode_access],0.0,0.8152219617153552,0.8146390656955298,AccountMode.NON_EXISTING_ACCOUNT,,CALLCODE,417.6034071070246,418,False,False,test_account_access,CALLCODE,target_coef
COLD_ACCOUNT_NOCODE_ACCESS,nethermind,0.00440276533900382,0.001,0.0041372408445458884,0.004680910599932725,test_account_access,DELEGATECALL,target_coef,presets[cold_account_nocode_access],0.0,0.7688547772585574,0.7681256125180481,AccountMode.EXISTING_EOA,,DELEGATECALL,440.276533900382,441,False,False,test_account_access,DELEGATECALL,target_coef
COLD_ACCOUNT_NOCODE_ACCESS,nethermind,0.004435272539815527,0.001,0.00416459026677951,0.004716646452373425,test_account_access,DELEGATECALL,target_coef,presets[cold_account_nocode_access],0.0,0.7737457796791006,0.7730320439683092,AccountMode.NON_EXISTING_ACCOUNT,,DELEGATECALL,443.52725398155275,444,False,False,test_account_access,DELEGATECALL,target_coef
COLD_ACCOUNT_NOCODE_ACCESS,nethermind,0.00031665001197381503,0.001,0.0002900878973011626,0.00034426162396368275,test_account_access,EXTCODECOPY,target_coef,presets[cold_account_nocode_access],0.0,0.6646299434895648,0.6635719937844846,AccountMode.NON_EXISTING_ACCOUNT,,EXTCODECOPY,31.665001197381503,32,False,False,test_account_access,EXTCODECOPY,target_coef
COLD_ACCOUNT_NOCODE_ACCESS,nethermind,0.003947022966562994,0.001,0.0036901573308617533,0.004234647315794292,test_account_access,EXTCODEHASH,target_coef,presets[cold_account_nocode_access],0.0,0.7626109758152902,0.7618621145402596,AccountMode.NON_EXISTING_ACCOUNT,,EXTCODEHASH,394.70229665629944,395,False,False,test_account_access,EXTCODEHASH,target_coef
COLD_ACCOUNT_NOCODE_ACCESS,nethermind,0.0041278714709668375,0.001,0.003908490564810337,0.004362718452234412,test_account_access,EXTCODESIZE,target_coef,presets[cold_account_nocode_access],0.0,0.801925714930573,0.8013008749145811,AccountMode.NON_EXISTING_ACCOUNT,,EXTCODESIZE,412.7871470966837,413,False,False,test_account_access,EXTCODESIZE,target_coef
COLD_ACCOUNT_NOCODE_ACCESS,nethermind,0.0044680955850539186,0.001,0.004221118074066085,0.004725815490211436,test_account_access,STATICCALL,target_coef,presets[cold_account_nocode_access],0.0,0.807486507504459,0.8068792094208769,AccountMode.EXISTING_EOA,,STATICCALL,446.80955850539186,447,False,False,test_account_access,STATICCALL,target_coef
COLD_ACCOUNT_NOCODE_ACCESS,nethermind,0.004326472539250233,0.001,0.004096363688686773,0.004558923261529423,test_account_access,STATICCALL,target_coef,presets[cold_account_nocode_access],0.0,0.8143587842615464,0.8137731652844535,AccountMode.NON_EXISTING_ACCOUNT,,STATICCALL,432.6472539250233,433,False,False,test_account_access,STATICCALL,target_coef
COLD_ACCOUNT_NOCODE_ACCESS,reth,0.0010506262592878536,0.001,0.0010224541898866302,0.001080294951229144,test_account_access,BALANCE,target_coef,presets[cold_account_nocode_access],0.0,0.9204741359423915,0.9203052912204008,AccountMode.EXISTING_EOA,,BALANCE,105.06262592878537,106,False,False,test_account_access,BALANCE,target_coef
COLD_ACCOUNT_NOCODE_ACCESS,reth,0.0007145337024003771,0.001,0.0006892374694968245,0.0007388480007906582,test_account_access,BALANCE,target_coef,presets[cold_account_nocode_access],0.0,0.8790895903680145,0.8788328803687958,AccountMode.NON_EXISTING_ACCOUNT,,BALANCE,71.45337024003771,72,False,False,test_account_access,BALANCE,target_coef
COLD_ACCOUNT_NOCODE_ACCESS,reth,0.0010819990968629865,0.001,0.0010550019645412525,0.0011107888650790318,test_account_access,CALL,target_coef,presets[cold_account_nocode_access],0.0,0.9223481670391378,0.9221833011517474,AccountMode.EXISTING_EOA,,CALL,108.19990968629865,109,False,False,test_account_access,CALL,target_coef
COLD_ACCOUNT_NOCODE_ACCESS,reth,0.0007517476703818675,0.001,0.0007237256396356492,0.0007769831004861335,test_account_access,CALL,target_coef,presets[cold_account_nocode_access],0.0,0.8746144488938757,0.8743482375327163,AccountMode.NON_EXISTING_ACCOUNT,,CALL,75.17476703818674,76,False,False,test_account_access,CALL,target_coef
COLD_ACCOUNT_NOCODE_ACCESS,reth,0.0010690596537342916,0.001,0.0010402959177638364,0.0010981311235633486,test_account_access,CALLCODE,target_coef,presets[cold_account_nocode_access],0.0,0.9257976600950799,0.9256401179721395,AccountMode.EXISTING_EOA,,CALLCODE,106.90596537342915,107,False,False,test_account_access,CALLCODE,target_coef
COLD_ACCOUNT_NOCODE_ACCESS,reth,0.0007494946198109521,0.001,0.0007221024516818782,0.0007754575083494687,test_account_access,CALLCODE,target_coef,presets[cold_account_nocode_access],0.0,0.8740146340475576,0.8737471491941554,AccountMode.NON_EXISTING_ACCOUNT,,CALLCODE,74.94946198109521,75,False,False,test_account_access,CALLCODE,target_coef
COLD_ACCOUNT_NOCODE_ACCESS,reth,0.0010771096137386447,0.001,0.0010480611967506866,0.0011062141240367473,test_account_access,DELEGATECALL,target_coef,presets[cold_account_nocode_access],0.0,0.923270975899186,0.9231080692662756,AccountMode.EXISTING_EOA,,DELEGATECALL,107.71096137386446,108,False,False,test_account_access,DELEGATECALL,target_coef
COLD_ACCOUNT_NOCODE_ACCESS,reth,0.0007572494733961329,0.001,0.0007292487338370423,0.0007831474476758791,test_account_access,DELEGATECALL,target_coef,presets[cold_account_nocode_access],0.0,0.8611842622607969,0.8608895367029642,AccountMode.NON_EXISTING_ACCOUNT,,DELEGATECALL,75.7249473396133,76,False,False,test_account_access,DELEGATECALL,target_coef
COLD_ACCOUNT_NOCODE_ACCESS,reth,2.3489430445169537e-05,0.001,2.1116487205610798e-05,2.5686339825195437e-05,test_account_access,EXTCODECOPY,target_coef,presets[cold_account_nocode_access],0.0,0.5060344959740622,0.50498573694216,AccountMode.NON_EXISTING_ACCOUNT,,EXTCODECOPY,2.348943044516954,3,False,False,test_account_access,EXTCODECOPY,target_coef
COLD_ACCOUNT_NOCODE_ACCESS,reth,0.0007110531752194105,0.001,0.0006860544889490943,0.0007352963679260752,test_account_access,EXTCODEHASH,target_coef,presets[cold_account_nocode_access],0.0,0.867366459543628,0.8670848596700476,AccountMode.NON_EXISTING_ACCOUNT,,EXTCODEHASH,71.10531752194105,72,False,False,test_account_access,EXTCODEHASH,target_coef
COLD_ACCOUNT_NOCODE_ACCESS,reth,0.0006844971648631961,0.001,0.0006608838024134263,0.00070760006419432,test_account_access,EXTCODESIZE,target_coef,presets[cold_account_nocode_access],0.0,0.8723369631533664,0.8720659163660063,AccountMode.NON_EXISTING_ACCOUNT,,EXTCODESIZE,68.4497164863196,69,False,False,test_account_access,EXTCODESIZE,target_coef
COLD_ACCOUNT_NOCODE_ACCESS,reth,0.0011028188443757301,0.001,0.0010769821535654954,0.001128393669069453,test_account_access,STATICCALL,target_coef,presets[cold_account_nocode_access],0.0,0.9286235085130998,0.9284719660683294,AccountMode.EXISTING_EOA,,STATICCALL,110.28188443757301,111,False,True,test_account_access,STATICCALL,target_coef
COLD_ACCOUNT_NOCODE_ACCESS,reth,0.0007634358059806321,0.001,0.000738186270280713,0.0007890407395084875,test_account_access,STATICCALL,target_coef,presets[cold_account_nocode_access],0.0,0.8858504042882805,0.885608048458744,AccountMode.NON_EXISTING_ACCOUNT,,STATICCALL,76.34358059806321,77,False,False,test_account_access,STATICCALL,target_coef
COLD_ACCOUNT_CODE_ACCESS,besu,0.025373019751569345,0.001,0.024548817429245903,0.02611321442095986,test_account_access,BALANCE,target_coef,presets[cold_account_code_access],0.0,0.8753586263927025,0.8751166043080281,AccountMode.EXISTING_CONTRACT,,BALANCE,2537.3019751569345,2538,False,False,test_account_access,BALANCE,target_coef
COLD_ACCOUNT_CODE_ACCESS,besu,0.013578562317912768,0.001,0.013160417816462966,0.0140545970199364,test_account_access,BALANCE,target_coef,presets[cold_account_code_access],0.0,0.8601748288692781,0.8599033236826166,AccountMode.NON_EXISTING_ACCOUNT,,BALANCE,1357.8562317912767,1358,False,False,test_account_access,BALANCE,target_coef
COLD_ACCOUNT_CODE_ACCESS,besu,0.027714159753558662,0.001,0.026810553948048352,0.02863269992513155,test_account_access,CALL,target_coef,presets[cold_account_code_access],0.0,0.8719524435235407,0.8717038074915476,AccountMode.EXISTING_CONTRACT,,CALL,2771.4159753558665,2772,False,True,test_account_access,CALL,target_coef
COLD_ACCOUNT_CODE_ACCESS,besu,0.01587599902603652,0.001,0.015353911141736808,0.016415125661404958,test_account_access,CALL,target_coef,presets[cold_account_code_access],0.0,0.8574406076922271,0.8571637933382315,AccountMode.NON_EXISTING_ACCOUNT,,CALL,1587.5999026036518,1588,False,False,test_account_access,CALL,target_coef
COLD_ACCOUNT_CODE_ACCESS,besu,0.02747511634860434,0.001,0.02666644937605165,0.0283522144413487,test_account_access,CALLCODE,target_coef,presets[cold_account_code_access],0.0,0.8749721117571435,0.8747293391586137,AccountMode.EXISTING_CONTRACT,,CALLCODE,2747.5116348604342,2748,False,False,test_account_access,CALLCODE,target_coef
COLD_ACCOUNT_CODE_ACCESS,besu,0.01492070528020957,0.001,0.014470212822171783,0.015326729373435348,test_account_access,CALLCODE,target_coef,presets[cold_account_code_access],0.0,0.8816925545359044,0.8814628313408286,AccountMode.NON_EXISTING_ACCOUNT,,CALLCODE,1492.070528020957,1493,False,False,test_account_access,CALLCODE,target_coef
COLD_ACCOUNT_CODE_ACCESS,besu,0.027274013908993706,0.001,0.0263721456239914,0.028153347701748526,test_account_access,DELEGATECALL,target_coef,presets[cold_account_code_access],0.0,0.864260292089854,0.8639967198414847,AccountMode.EXISTING_CONTRACT,,DELEGATECALL,2727.40139089937,2728,False,False,test_account_access,DELEGATECALL,target_coef
COLD_ACCOUNT_CODE_ACCESS,besu,0.014937898054255513,0.001,0.014473134588592552,0.015410181087057315,test_account_access,DELEGATECALL,target_coef,presets[cold_account_code_access],0.0,0.8774143899274096,0.877176359616589,AccountMode.NON_EXISTING_ACCOUNT,,DELEGATECALL,1493.7898054255513,1494,False,False,test_account_access,DELEGATECALL,target_coef
COLD_ACCOUNT_CODE_ACCESS,besu,0.0019392800610222938,0.001,0.0017162048686234378,0.0021435717058346775,test_account_access,EXTCODECOPY,target_coef,presets[cold_account_code_access],0.0,0.34812372224474375,0.34685794306463646,AccountMode.EXISTING_CONTRACT,,EXTCODECOPY,193.92800610222938,194,True,False,test_account_access,EXTCODECOPY,target_coef
COLD_ACCOUNT_CODE_ACCESS,besu,0.0004753814145104719,0.001,0.00040728749375564406,0.0005505302945866112,test_account_access,EXTCODECOPY,target_coef,presets[cold_account_code_access],0.0,0.23590803676278926,0.2344243630477656,AccountMode.NON_EXISTING_ACCOUNT,,EXTCODECOPY,47.53814145104719,48,True,False,test_account_access,EXTCODECOPY,target_coef
COLD_ACCOUNT_CODE_ACCESS,besu,0.02524239011597292,0.001,0.024488876762995437,0.02593145955756919,test_account_access,EXTCODEHASH,target_coef,presets[cold_account_code_access],0.0,0.8749661118110117,0.874723327562101,AccountMode.EXISTING_CONTRACT,,EXTCODEHASH,2524.239011597292,2525,False,False,test_account_access,EXTCODEHASH,target_coef
COLD_ACCOUNT_CODE_ACCESS,besu,0.013209331807918966,0.001,0.012751757271305581,0.013679448011846188,test_account_access,EXTCODEHASH,target_coef,presets[cold_account_code_access],0.0,0.8493818925409731,0.8490894301963925,AccountMode.NON_EXISTING_ACCOUNT,,EXTCODEHASH,1320.9331807918966,1321,False,False,test_account_access,EXTCODEHASH,target_coef
COLD_ACCOUNT_CODE_ACCESS,besu,0.025489541580715997,0.001,0.024747689529670654,0.026278500715836553,test_account_access,EXTCODESIZE,target_coef,presets[cold_account_code_access],0.0,0.8734229371505927,0.8731771564460308,AccountMode.EXISTING_CONTRACT,,EXTCODESIZE,2548.9541580716,2549,False,False,test_account_access,EXTCODESIZE,target_coef
COLD_ACCOUNT_CODE_ACCESS,besu,0.01330868351846007,0.001,0.012882469516983441,0.013771612218454929,test_account_access,EXTCODESIZE,target_coef,presets[cold_account_code_access],0.0,0.8544610081883715,0.8541784082042712,AccountMode.NON_EXISTING_ACCOUNT,,EXTCODESIZE,1330.868351846007,1331,False,False,test_account_access,EXTCODESIZE,target_coef
COLD_ACCOUNT_CODE_ACCESS,besu,0.027680001819860495,0.001,0.026819543560732302,0.02855424184034887,test_account_access,STATICCALL,target_coef,presets[cold_account_code_access],0.0,0.8738041195286085,0.8735590789840039,AccountMode.EXISTING_CONTRACT,,STATICCALL,2768.0001819860495,2769,False,False,test_account_access,STATICCALL,target_coef
COLD_ACCOUNT_CODE_ACCESS,besu,0.015887985300571925,0.001,0.01531821573367252,0.016483472370116825,test_account_access,STATICCALL,target_coef,presets[cold_account_code_access],0.0,0.8614783548102,0.8612093807418703,AccountMode.NON_EXISTING_ACCOUNT,,STATICCALL,1588.7985300571925,1589,False,False,test_account_access,STATICCALL,target_coef
COLD_ACCOUNT_CODE_ACCESS,erigon,0.02449604911683143,0.001,0.02371582163011412,0.025245380144205236,test_account_access,BALANCE,target_coef,presets[cold_account_code_access],0.0,0.9313485272704056,0.9311067967326253,AccountMode.EXISTING_CONTRACT,,BALANCE,2449.604911683143,2450,False,True,test_account_access,BALANCE,target_coef
COLD_ACCOUNT_CODE_ACCESS,erigon,0.008520783916377627,0.001,0.008375970149312302,0.008578852076403394,test_account_access,BALANCE,target_coef,presets[cold_account_code_access],0.0,0.9695240720898505,0.969416762484533,AccountMode.NON_EXISTING_ACCOUNT,,BALANCE,852.0783916377627,853,False,False,test_account_access,BALANCE,target_coef
COLD_ACCOUNT_CODE_ACCESS,erigon,0.029615816445638446,0.001,0.025445041352663202,0.03417320310380323,test_account_access,CALL,target_coef,presets[cold_account_code_access],0.0,0.36957300735562815,0.36735319400124655,AccountMode.EXISTING_CONTRACT,,CALL,2961.5816445638443,2962,True,False,test_account_access,CALL,target_coef
COLD_ACCOUNT_CODE_ACCESS,erigon,0.009758737466699141,0.001,0.009576830604272696,0.00983014434868958,test_account_access,CALL,target_coef,presets[cold_account_code_access],0.0,0.9707081889025208,0.9706050487226,AccountMode.NON_EXISTING_ACCOUNT,,CALL,975.8737466699141,976,False,False,test_account_access,CALL,target_coef
COLD_ACCOUNT_CODE_ACCESS,erigon,0.02866200379393904,0.001,0.024439623971574675,0.03338265327948753,test_account_access,CALLCODE,target_coef,presets[cold_account_code_access],0.0,0.34541175796409174,0.34310686978790894,AccountMode.EXISTING_CONTRACT,,CALLCODE,2866.200379393904,2867,True,False,test_account_access,CALLCODE,target_coef
COLD_ACCOUNT_CODE_ACCESS,erigon,0.009041858739025702,0.001,0.008852272509081318,0.009185752263060266,test_account_access,CALLCODE,target_coef,presets[cold_account_code_access],0.0,0.9680680681732305,0.9679556317935588,AccountMode.NON_EXISTING_ACCOUNT,,CALLCODE,904.18587390257,905,False,False,test_account_access,CALLCODE,target_coef
COLD_ACCOUNT_CODE_ACCESS,erigon,0.02871363767853423,0.001,0.024218238832987172,0.03369256387540744,test_account_access,DELEGATECALL,target_coef,presets[cold_account_code_access],0.0,0.35040397576252513,0.348116665818027,AccountMode.EXISTING_CONTRACT,,DELEGATECALL,2871.363767853423,2872,True,False,test_account_access,DELEGATECALL,target_coef
COLD_ACCOUNT_CODE_ACCESS,erigon,0.009034385757730294,0.001,0.008823795784108529,0.009174429267866862,test_account_access,DELEGATECALL,target_coef,presets[cold_account_code_access],0.0,0.9653634757326778,0.9652415161401872,AccountMode.NON_EXISTING_ACCOUNT,,DELEGATECALL,903.4385757730294,904,False,False,test_account_access,DELEGATECALL,target_coef
COLD_ACCOUNT_CODE_ACCESS,erigon,0.00032507975807157425,0.001,0.0003114714609509649,0.00033752912911878466,test_account_access,EXTCODECOPY,target_coef,presets[cold_account_code_access],0.0,0.8867096155125165,0.8863107057079831,AccountMode.EXISTING_CONTRACT,,EXTCODECOPY,32.50797580715742,33,False,False,test_account_access,EXTCODECOPY,target_coef
COLD_ACCOUNT_CODE_ACCESS,erigon,7.652471620405297e-05,0.001,7.274975311124248e-05,8.052423873067666e-05,test_account_access,EXTCODECOPY,target_coef,presets[cold_account_code_access],0.0,0.867750077963866,0.8672844092243022,AccountMode.NON_EXISTING_ACCOUNT,,EXTCODECOPY,7.652471620405297,8,False,False,test_account_access,EXTCODECOPY,target_coef
COLD_ACCOUNT_CODE_ACCESS,erigon,0.02407675124041099,0.001,0.023313913542187707,0.02476388840891657,test_account_access,EXTCODEHASH,target_coef,presets[cold_account_code_access],0.0,0.9322400040805223,0.9320014125455945,AccountMode.EXISTING_CONTRACT,,EXTCODEHASH,2407.675124041099,2408,False,False,test_account_access,EXTCODEHASH,target_coef
COLD_ACCOUNT_CODE_ACCESS,erigon,0.008191168179216049,0.001,0.008081835242168347,0.008251850005132559,test_account_access,EXTCODEHASH,target_coef,presets[cold_account_code_access],0.0,0.9682561775540145,0.9681444035313174,AccountMode.NON_EXISTING_ACCOUNT,,EXTCODEHASH,819.1168179216048,820,False,False,test_account_access,EXTCODEHASH,target_coef
COLD_ACCOUNT_CODE_ACCESS,erigon,0.028304280254391724,0.001,0.023633404550074004,0.03238754801286823,test_account_access,EXTCODESIZE,target_coef,presets[cold_account_code_access],0.0,0.3456390192667703,0.3433349313064421,AccountMode.EXISTING_CONTRACT,,EXTCODESIZE,2830.4280254391724,2831,True,False,test_account_access,EXTCODESIZE,target_coef
COLD_ACCOUNT_CODE_ACCESS,erigon,0.008378099951549539,0.001,0.008257786859598298,0.008443628373164463,test_account_access,EXTCODESIZE,target_coef,presets[cold_account_code_access],0.0,0.9664753756750681,0.9663573312232198,AccountMode.NON_EXISTING_ACCOUNT,,EXTCODESIZE,837.8099951549539,838,False,False,test_account_access,EXTCODESIZE,target_coef
COLD_ACCOUNT_CODE_ACCESS,erigon,0.02861065262582043,0.001,0.024297177818815602,0.033553613220555174,test_account_access,STATICCALL,target_coef,presets[cold_account_code_access],0.0,0.34866490970479125,0.3463714762882588,AccountMode.EXISTING_CONTRACT,,STATICCALL,2861.065262582043,2862,True,False,test_account_access,STATICCALL,target_coef
COLD_ACCOUNT_CODE_ACCESS,erigon,0.011049655933392096,0.001,0.010887190569448328,0.01113035298695973,test_account_access,STATICCALL,target_coef,presets[cold_account_code_access],0.0,0.9606485471551316,0.9605099857014525,AccountMode.NON_EXISTING_ACCOUNT,,STATICCALL,1104.9655933392096,1105,False,False,test_account_access,STATICCALL,target_coef
COLD_ACCOUNT_CODE_ACCESS,ethrex,0.0077075677281189395,0.001,0.0076476014685659946,0.007766690885758925,test_account_access,BALANCE,target_coef,presets[cold_account_code_access],0.0,0.9934180124612352,0.9934013069091063,AccountMode.EXISTING_CONTRACT,,BALANCE,770.7567728118939,771,False,False,test_account_access,BALANCE,target_coef
COLD_ACCOUNT_CODE_ACCESS,ethrex,0.0019939709901442494,0.001,0.001958537916400818,0.0020296211456179276,test_account_access,BALANCE,target_coef,presets[cold_account_code_access],0.0,0.9660932587482886,0.9660072010293755,AccountMode.NON_EXISTING_ACCOUNT,,BALANCE,199.39709901442495,200,False,False,test_account_access,BALANCE,target_coef
COLD_ACCOUNT_CODE_ACCESS,ethrex,0.0078526967796474,0.001,0.007790596155631227,0.007909881955319706,test_account_access,CALL,target_coef,presets[cold_account_code_access],0.0,0.993188664104746,0.9931713764501896,AccountMode.EXISTING_CONTRACT,,CALL,785.2696779647399,786,False,False,test_account_access,CALL,target_coef
COLD_ACCOUNT_CODE_ACCESS,ethrex,0.0020588635688766964,0.001,0.0020186107653128575,0.0020983847986987356,test_account_access,CALL,target_coef,presets[cold_account_code_access],0.0,0.9668486809839375,0.9667645405803434,AccountMode.NON_EXISTING_ACCOUNT,,CALL,205.88635688766962,206,False,False,test_account_access,CALL,target_coef
COLD_ACCOUNT_CODE_ACCESS,ethrex,0.007869160886536525,0.001,0.007803359292192555,0.007934056934094333,test_account_access,CALLCODE,target_coef,presets[cold_account_code_access],0.0,0.9935541590191993,0.9935377990167099,AccountMode.EXISTING_CONTRACT,,CALLCODE,786.9160886536524,787,False,False,test_account_access,CALLCODE,target_coef
COLD_ACCOUNT_CODE_ACCESS,ethrex,0.002036345702652308,0.001,0.0020004013178821192,0.002073483969673811,test_account_access,CALLCODE,target_coef,presets[cold_account_code_access],0.0,0.9678442423956735,0.9677626287976929,AccountMode.NON_EXISTING_ACCOUNT,,CALLCODE,203.63457026523082,204,False,False,test_account_access,CALLCODE,target_coef
COLD_ACCOUNT_CODE_ACCESS,ethrex,0.007913167652968038,0.001,0.0078475877572888,0.007976104484937827,test_account_access,DELEGATECALL,target_coef,presets[cold_account_code_access],0.0,0.992371717151748,0.9923523560277676,AccountMode.EXISTING_CONTRACT,,DELEGATECALL,791.3167652968037,792,False,True,test_account_access,DELEGATECALL,target_coef
COLD_ACCOUNT_CODE_ACCESS,ethrex,0.002048259518920517,0.001,0.002014562344306895,0.002079351461337204,test_account_access,DELEGATECALL,target_coef,presets[cold_account_code_access],0.0,0.9696633502498171,0.9695863536768471,AccountMode.NON_EXISTING_ACCOUNT,,DELEGATECALL,204.8259518920517,205,False,False,test_account_access,DELEGATECALL,target_coef
COLD_ACCOUNT_CODE_ACCESS,ethrex,0.0002181604207834154,0.001,0.00020720704024128616,0.00022943303185725414,test_account_access,EXTCODECOPY,target_coef,presets[cold_account_code_access],0.0,0.8155098732862065,0.8150416242336335,AccountMode.EXISTING_CONTRACT,,EXTCODECOPY,21.81604207834154,22,False,False,test_account_access,EXTCODECOPY,target_coef
COLD_ACCOUNT_CODE_ACCESS,ethrex,3.256600348578281e-05,0.001,2.8014291507306724e-05,3.701381237753086e-05,test_account_access,EXTCODECOPY,target_coef,presets[cold_account_code_access],0.0,0.3098406138691985,0.3080889403003386,AccountMode.NON_EXISTING_ACCOUNT,,EXTCODECOPY,3.2566003485782806,4,True,False,test_account_access,EXTCODECOPY,target_coef
COLD_ACCOUNT_CODE_ACCESS,ethrex,0.00775395627740852,0.001,0.007697380312804895,0.007814695476777041,test_account_access,EXTCODEHASH,target_coef,presets[cold_account_code_access],0.0,0.9935781881425865,0.9935618891277199,AccountMode.EXISTING_CONTRACT,,EXTCODEHASH,775.395627740852,776,False,False,test_account_access,EXTCODEHASH,target_coef
COLD_ACCOUNT_CODE_ACCESS,ethrex,0.001989344466805088,0.001,0.001953228959025978,0.002025153804930945,test_account_access,EXTCODEHASH,target_coef,presets[cold_account_code_access],0.0,0.9643651336221837,0.9642746897988898,AccountMode.NON_EXISTING_ACCOUNT,,EXTCODEHASH,198.9344466805088,199,False,False,test_account_access,EXTCODEHASH,target_coef
COLD_ACCOUNT_CODE_ACCESS,ethrex,0.007754309155776205,0.001,0.007688471474433421,0.007820952476287253,test_account_access,EXTCODESIZE,target_coef,presets[cold_account_code_access],0.0,0.9932578611302988,0.9932407491027108,AccountMode.EXISTING_CONTRACT,,EXTCODESIZE,775.4309155776205,776,False,False,test_account_access,EXTCODESIZE,target_coef
COLD_ACCOUNT_CODE_ACCESS,ethrex,0.0019674774189384885,0.001,0.001935778107452288,0.00199926899865532,test_account_access,EXTCODESIZE,target_coef,presets[cold_account_code_access],0.0,0.9676689573603248,0.9675868988764678,AccountMode.NON_EXISTING_ACCOUNT,,EXTCODESIZE,196.74774189384885,197,False,False,test_account_access,EXTCODESIZE,target_coef
COLD_ACCOUNT_CODE_ACCESS,ethrex,0.007871094803678244,0.001,0.007807645824401516,0.007939319800050817,test_account_access,STATICCALL,target_coef,presets[cold_account_code_access],0.0,0.9922791393161561,0.9922595432230499,AccountMode.EXISTING_CONTRACT,,STATICCALL,787.1094803678244,788,False,False,test_account_access,STATICCALL,target_coef
COLD_ACCOUNT_CODE_ACCESS,ethrex,0.0020299204554690355,0.001,0.0019918875529864924,0.0020682035297452735,test_account_access,STATICCALL,target_coef,presets[cold_account_code_access],0.0,0.9652520529834981,0.965163860224573,AccountMode.NON_EXISTING_ACCOUNT,,STATICCALL,202.99204554690354,203,False,False,test_account_access,STATICCALL,target_coef
COLD_ACCOUNT_CODE_ACCESS,geth,0.02302943610543548,0.001,0.02199615515408361,0.023966396383180853,test_account_access,BALANCE,target_coef,presets[cold_account_code_access],0.0,0.8613188629378273,0.8609460641822839,AccountMode.EXISTING_CONTRACT,,BALANCE,2302.943610543548,2303,False,False,test_account_access,BALANCE,target_coef
COLD_ACCOUNT_CODE_ACCESS,geth,0.021563042646369147,0.001,0.020605733103194687,0.022537403857908235,test_account_access,BALANCE,target_coef,presets[cold_account_code_access],0.0,0.8586453604156344,0.8582653748253539,AccountMode.NON_EXISTING_ACCOUNT,,BALANCE,2156.304264636915,2157,False,False,test_account_access,BALANCE,target_coef
COLD_ACCOUNT_CODE_ACCESS,geth,0.023585218810879802,0.001,0.022544931286277613,0.024625438244301773,test_account_access,CALL,target_coef,presets[cold_account_code_access],0.0,0.8632403763992995,0.8628727430025235,AccountMode.EXISTING_CONTRACT,,CALL,2358.52188108798,2359,False,False,test_account_access,CALL,target_coef
COLD_ACCOUNT_CODE_ACCESS,geth,0.022018751334734694,0.001,0.021021488546341966,0.022945347797560675,test_account_access,CALL,target_coef,presets[cold_account_code_access],0.0,0.8622547863214932,0.8618845034890241,AccountMode.NON_EXISTING_ACCOUNT,,CALL,2201.8751334734693,2202,False,False,test_account_access,CALL,target_coef
COLD_ACCOUNT_CODE_ACCESS,geth,0.023628557011891416,0.001,0.022599453639003644,0.02466329324908145,test_account_access,CALLCODE,target_coef,presets[cold_account_code_access],0.0,0.8632957920764422,0.8629283076465402,AccountMode.EXISTING_CONTRACT,,CALLCODE,2362.8557011891417,2363,False,True,test_account_access,CALLCODE,target_coef
COLD_ACCOUNT_CODE_ACCESS,geth,0.022564930367030382,0.001,0.021674396404361387,0.023551298055702236,test_account_access,CALLCODE,target_coef,presets[cold_account_code_access],0.0,0.8677752146253265,0.8674197716538892,AccountMode.NON_EXISTING_ACCOUNT,,CALLCODE,2256.493036703038,2257,False,False,test_account_access,CALLCODE,target_coef
COLD_ACCOUNT_CODE_ACCESS,geth,0.023547944577498005,0.001,0.02253974164422559,0.02459431056881443,test_account_access,DELEGATECALL,target_coef,presets[cold_account_code_access],0.0,0.862709586810527,0.8623405265600177,AccountMode.EXISTING_CONTRACT,,DELEGATECALL,2354.7944577498006,2355,False,False,test_account_access,DELEGATECALL,target_coef
COLD_ACCOUNT_CODE_ACCESS,geth,0.02240472240047277,0.001,0.021431387396670498,0.02339152776942378,test_account_access,DELEGATECALL,target_coef,presets[cold_account_code_access],0.0,0.8680931911458256,0.8677386029499811,AccountMode.NON_EXISTING_ACCOUNT,,DELEGATECALL,2240.472240047277,2241,False,False,test_account_access,DELEGATECALL,target_coef
COLD_ACCOUNT_CODE_ACCESS,geth,0.0007658501292745164,0.001,0.0007372485210534988,0.0007958821911742309,test_account_access,EXTCODECOPY,target_coef,presets[cold_account_code_access],0.0,0.8837452920306755,0.883432779374844,AccountMode.EXISTING_CONTRACT,,EXTCODECOPY,76.58501292745164,77,False,False,test_account_access,EXTCODECOPY,target_coef
COLD_ACCOUNT_CODE_ACCESS,geth,0.00035514878488754077,0.001,0.00034563094607088584,0.00036532139152920445,test_account_access,EXTCODECOPY,target_coef,presets[cold_account_code_access],0.0,0.9376138023571025,0.9374460975247291,AccountMode.NON_EXISTING_ACCOUNT,,EXTCODECOPY,35.51487848875408,36,False,False,test_account_access,EXTCODECOPY,target_coef
COLD_ACCOUNT_CODE_ACCESS,geth,0.02311948160882188,0.001,0.02210155951760418,0.02414423557312858,test_account_access,EXTCODEHASH,target_coef,presets[cold_account_code_access],0.0,0.8608837514397218,0.8605097830296136,AccountMode.EXISTING_CONTRACT,,EXTCODEHASH,2311.948160882188,2312,False,False,test_account_access,EXTCODEHASH,target_coef
COLD_ACCOUNT_CODE_ACCESS,geth,0.021738374864031178,0.001,0.020751593907794286,0.02260850919385931,test_account_access,EXTCODEHASH,target_coef,presets[cold_account_code_access],0.0,0.8645577422370142,0.8641936501462535,AccountMode.NON_EXISTING_ACCOUNT,,EXTCODEHASH,2173.837486403118,2174,False,False,test_account_access,EXTCODEHASH,target_coef
COLD_ACCOUNT_CODE_ACCESS,geth,0.023111116443478817,0.001,0.02213553598726695,0.02418615977940925,test_account_access,EXTCODESIZE,target_coef,presets[cold_account_code_access],0.0,0.8626202947221754,0.8622509944391705,AccountMode.EXISTING_CONTRACT,,EXTCODESIZE,2311.111644347882,2312,False,False,test_account_access,EXTCODESIZE,target_coef
COLD_ACCOUNT_CODE_ACCESS,geth,0.02163085948431348,0.001,0.020745395895166052,0.022520958609550102,test_account_access,EXTCODESIZE,target_coef,presets[cold_account_code_access],0.0,0.8633212419178506,0.8629538259015008,AccountMode.NON_EXISTING_ACCOUNT,,EXTCODESIZE,2163.085948431348,2164,False,False,test_account_access,EXTCODESIZE,target_coef
COLD_ACCOUNT_CODE_ACCESS,geth,0.023534835591294313,0.001,0.02255921414811544,0.024628847654090073,test_account_access,STATICCALL,target_coef,presets[cold_account_code_access],0.0,0.8615602349263931,0.8611880850202813,AccountMode.EXISTING_CONTRACT,,STATICCALL,2353.4835591294313,2354,False,False,test_account_access,STATICCALL,target_coef
COLD_ACCOUNT_CODE_ACCESS,geth,0.022662267605976706,0.001,0.02175214462842798,0.02353726260796899,test_account_access,STATICCALL,target_coef,presets[cold_account_code_access],0.0,0.8667700553151387,0.866411910302545,AccountMode.NON_EXISTING_ACCOUNT,,STATICCALL,2266.2267605976704,2267,False,False,test_account_access,STATICCALL,target_coef
COLD_ACCOUNT_CODE_ACCESS,nethermind,0.0123996608270998,0.001,0.011206685067717083,0.013673863556883367,test_account_access,BALANCE,target_coef,presets[cold_account_code_access],0.0,0.5539871730878319,0.552580192561295,AccountMode.EXISTING_CONTRACT,,BALANCE,1239.96608270998,1240,False,False,test_account_access,BALANCE,target_coef
COLD_ACCOUNT_CODE_ACCESS,nethermind,0.0038804539332114355,0.001,0.0036689963949222645,0.004098675182476224,test_account_access,BALANCE,target_coef,presets[cold_account_code_access],0.0,0.7960786120565871,0.795435326921119,AccountMode.NON_EXISTING_ACCOUNT,,BALANCE,388.04539332114354,389,False,False,test_account_access,BALANCE,target_coef
COLD_ACCOUNT_CODE_ACCESS,nethermind,0.014938215968708094,0.001,0.013680213295693628,0.016291506748250098,test_account_access,CALL,target_coef,presets[cold_account_code_access],0.0,0.6153790953102422,0.6141657801534921,AccountMode.EXISTING_CONTRACT,,CALL,1493.8215968708093,1494,False,True,test_account_access,CALL,target_coef
COLD_ACCOUNT_CODE_ACCESS,nethermind,0.004354332935536374,0.001,0.004112496363518881,0.004612160760589313,test_account_access,CALL,target_coef,presets[cold_account_code_access],0.0,0.7985977159435048,0.7979623775079954,AccountMode.NON_EXISTING_ACCOUNT,,CALL,435.4332935536374,436,False,False,test_account_access,CALL,target_coef
COLD_ACCOUNT_CODE_ACCESS,nethermind,0.014472590208642055,0.001,0.01321237672055321,0.015802690944212442,test_account_access,CALLCODE,target_coef,presets[cold_account_code_access],0.0,0.6283594374953438,0.6271870697902818,AccountMode.EXISTING_CONTRACT,,CALLCODE,1447.2590208642055,1448,False,False,test_account_access,CALLCODE,target_coef
COLD_ACCOUNT_CODE_ACCESS,nethermind,0.004176034071070246,0.001,0.003963349209774573,0.0043947603855918295,test_account_access,CALLCODE,target_coef,presets[cold_account_code_access],0.0,0.8152219617153552,0.8146390656955298,AccountMode.NON_EXISTING_ACCOUNT,,CALLCODE,417.6034071070246,418,False,False,test_account_access,CALLCODE,target_coef
COLD_ACCOUNT_CODE_ACCESS,nethermind,0.013061520816550517,0.001,0.011942984231707587,0.014256271434497637,test_account_access,DELEGATECALL,target_coef,presets[cold_account_code_access],0.0,0.6053737573951157,0.6041288796581918,AccountMode.EXISTING_CONTRACT,,DELEGATECALL,1306.1520816550515,1307,False,False,test_account_access,DELEGATECALL,target_coef
COLD_ACCOUNT_CODE_ACCESS,nethermind,0.004435272539815527,0.001,0.00416459026677951,0.004716646452373425,test_account_access,DELEGATECALL,target_coef,presets[cold_account_code_access],0.0,0.7737457796791006,0.7730320439683092,AccountMode.NON_EXISTING_ACCOUNT,,DELEGATECALL,443.52725398155275,444,False,False,test_account_access,DELEGATECALL,target_coef
COLD_ACCOUNT_CODE_ACCESS,nethermind,0.0012985008937225833,0.001,0.001224658560449132,0.0013725035294821835,test_account_access,EXTCODECOPY,target_coef,presets[cold_account_code_access],0.0,0.7871098505584595,0.7864382727999688,AccountMode.EXISTING_CONTRACT,,EXTCODECOPY,129.85008937225834,130,False,False,test_account_access,EXTCODECOPY,target_coef
COLD_ACCOUNT_CODE_ACCESS,nethermind,0.00031665001197381503,0.001,0.0002900878973011626,0.00034426162396368275,test_account_access,EXTCODECOPY,target_coef,presets[cold_account_code_access],0.0,0.6646299434895648,0.6635719937844846,AccountMode.NON_EXISTING_ACCOUNT,,EXTCODECOPY,31.665001197381503,32,False,False,test_account_access,EXTCODECOPY,target_coef
COLD_ACCOUNT_CODE_ACCESS,nethermind,0.012773156247397522,0.001,0.011440739624192143,0.014185332551644843,test_account_access,EXTCODEHASH,target_coef,presets[cold_account_code_access],0.0,0.5282283852084471,0.5267401466759816,AccountMode.EXISTING_CONTRACT,,EXTCODEHASH,1277.3156247397521,1278,False,False,test_account_access,EXTCODEHASH,target_coef
COLD_ACCOUNT_CODE_ACCESS,nethermind,0.003947022966562994,0.001,0.0036901573308617533,0.004234647315794292,test_account_access,EXTCODEHASH,target_coef,presets[cold_account_code_access],0.0,0.7626109758152902,0.7618621145402596,AccountMode.NON_EXISTING_ACCOUNT,,EXTCODEHASH,394.70229665629944,395,False,False,test_account_access,EXTCODEHASH,target_coef
COLD_ACCOUNT_CODE_ACCESS,nethermind,0.01329139325595862,0.001,0.011986625624657713,0.014751245520564251,test_account_access,EXTCODESIZE,target_coef,presets[cold_account_code_access],0.0,0.5912283661985427,0.589938865776456,AccountMode.EXISTING_CONTRACT,,EXTCODESIZE,1329.139325595862,1330,False,False,test_account_access,EXTCODESIZE,target_coef
COLD_ACCOUNT_CODE_ACCESS,nethermind,0.0041278714709668375,0.001,0.003908490564810337,0.004362718452234412,test_account_access,EXTCODESIZE,target_coef,presets[cold_account_code_access],0.0,0.801925714930573,0.8013008749145811,AccountMode.NON_EXISTING_ACCOUNT,,EXTCODESIZE,412.7871470966837,413,False,False,test_account_access,EXTCODESIZE,target_coef
COLD_ACCOUNT_CODE_ACCESS,nethermind,0.014776448116830588,0.001,0.013504154585346739,0.01610786983691433,test_account_access,STATICCALL,target_coef,presets[cold_account_code_access],0.0,0.6136548878049464,0.612436133507801,AccountMode.EXISTING_CONTRACT,,STATICCALL,1477.6448116830588,1478,False,False,test_account_access,STATICCALL,target_coef
COLD_ACCOUNT_CODE_ACCESS,nethermind,0.004326472539250233,0.001,0.004096363688686773,0.004558923261529423,test_account_access,STATICCALL,target_coef,presets[cold_account_code_access],0.0,0.8143587842615464,0.8137731652844535,AccountMode.NON_EXISTING_ACCOUNT,,STATICCALL,432.6472539250233,433,False,False,test_account_access,STATICCALL,target_coef
COLD_ACCOUNT_CODE_ACCESS,reth,0.0039930942123966,0.001,0.003932206107274458,0.004052149620009763,test_account_access,BALANCE,target_coef,presets[cold_account_code_access],0.0,0.9733866617001268,0.9733301577971546,AccountMode.EXISTING_CONTRACT,,BALANCE,399.30942123966,400,False,False,test_account_access,BALANCE,target_coef
COLD_ACCOUNT_CODE_ACCESS,reth,0.0007145337024003771,0.001,0.0006892374694968245,0.0007388480007906582,test_account_access,BALANCE,target_coef,presets[cold_account_code_access],0.0,0.8790895903680145,0.8788328803687958,AccountMode.NON_EXISTING_ACCOUNT,,BALANCE,71.45337024003771,72,False,False,test_account_access,BALANCE,target_coef
COLD_ACCOUNT_CODE_ACCESS,reth,0.004084100440575904,0.001,0.004022194551234776,0.004144999693275524,test_account_access,CALL,target_coef,presets[cold_account_code_access],0.0,0.9716413011118927,0.9715810915601133,AccountMode.EXISTING_CONTRACT,,CALL,408.4100440575904,409,False,False,test_account_access,CALL,target_coef
COLD_ACCOUNT_CODE_ACCESS,reth,0.0007517476703818675,0.001,0.0007237256396356492,0.0007769831004861335,test_account_access,CALL,target_coef,presets[cold_account_code_access],0.0,0.8746144488938757,0.8743482375327163,AccountMode.NON_EXISTING_ACCOUNT,,CALL,75.17476703818674,76,False,False,test_account_access,CALL,target_coef
COLD_ACCOUNT_CODE_ACCESS,reth,0.004051955239427509,0.001,0.003994818440190335,0.004109553658032729,test_account_access,CALLCODE,target_coef,presets[cold_account_code_access],0.0,0.9773056806979674,0.9772574974298103,AccountMode.EXISTING_CONTRACT,,CALLCODE,405.1955239427509,406,False,False,test_account_access,CALLCODE,target_coef
COLD_ACCOUNT_CODE_ACCESS,reth,0.0007494946198109521,0.001,0.0007221024516818782,0.0007754575083494687,test_account_access,CALLCODE,target_coef,presets[cold_account_code_access],0.0,0.8740146340475576,0.8737471491941554,AccountMode.NON_EXISTING_ACCOUNT,,CALLCODE,74.94946198109521,75,False,False,test_account_access,CALLCODE,target_coef
COLD_ACCOUNT_CODE_ACCESS,reth,0.004065414059150451,0.001,0.00399832244979263,0.004135949640594303,test_account_access,DELEGATECALL,target_coef,presets[cold_account_code_access],0.0,0.9699968941576464,0.9699331932959854,AccountMode.EXISTING_CONTRACT,,DELEGATECALL,406.54140591504506,407,False,False,test_account_access,DELEGATECALL,target_coef
COLD_ACCOUNT_CODE_ACCESS,reth,0.0007572494733961329,0.001,0.0007292487338370423,0.0007831474476758791,test_account_access,DELEGATECALL,target_coef,presets[cold_account_code_access],0.0,0.8611842622607969,0.8608895367029642,AccountMode.NON_EXISTING_ACCOUNT,,DELEGATECALL,75.7249473396133,76,False,False,test_account_access,DELEGATECALL,target_coef
COLD_ACCOUNT_CODE_ACCESS,reth,0.00010384263707467714,0.001,9.627331751127367e-05,0.0001111061435075484,test_account_access,EXTCODECOPY,target_coef,presets[cold_account_code_access],0.0,0.6357496854192515,0.634976330186596,AccountMode.EXISTING_CONTRACT,,EXTCODECOPY,10.384263707467714,11,False,False,test_account_access,EXTCODECOPY,target_coef
COLD_ACCOUNT_CODE_ACCESS,reth,2.3489430445169537e-05,0.001,2.1116487205610798e-05,2.5686339825195437e-05,test_account_access,EXTCODECOPY,target_coef,presets[cold_account_code_access],0.0,0.5060344959740622,0.50498573694216,AccountMode.NON_EXISTING_ACCOUNT,,EXTCODECOPY,2.348943044516954,3,False,False,test_account_access,EXTCODECOPY,target_coef
COLD_ACCOUNT_CODE_ACCESS,reth,0.0040511258703084555,0.001,0.003987930083227749,0.00411342699375414,test_account_access,EXTCODEHASH,target_coef,presets[cold_account_code_access],0.0,0.97527105012543,0.9752185470471401,AccountMode.EXISTING_CONTRACT,,EXTCODEHASH,405.1125870308456,406,False,False,test_account_access,EXTCODEHASH,target_coef
COLD_ACCOUNT_CODE_ACCESS,reth,0.0007110531752194105,0.001,0.0006860544889490943,0.0007352963679260752,test_account_access,EXTCODEHASH,target_coef,presets[cold_account_code_access],0.0,0.867366459543628,0.8670848596700476,AccountMode.NON_EXISTING_ACCOUNT,,EXTCODEHASH,71.10531752194105,72,False,False,test_account_access,EXTCODEHASH,target_coef
COLD_ACCOUNT_CODE_ACCESS,reth,0.003981848926478936,0.001,0.00391764129561331,0.004040540270372642,test_account_access,EXTCODESIZE,target_coef,presets[cold_account_code_access],0.0,0.9739120708034572,0.9738566824187511,AccountMode.EXISTING_CONTRACT,,EXTCODESIZE,398.18489264789355,399,False,False,test_account_access,EXTCODESIZE,target_coef
COLD_ACCOUNT_CODE_ACCESS,reth,0.0006844971648631961,0.001,0.0006608838024134263,0.00070760006419432,test_account_access,EXTCODESIZE,target_coef,presets[cold_account_code_access],0.0,0.8723369631533664,0.8720659163660063,AccountMode.NON_EXISTING_ACCOUNT,,EXTCODESIZE,68.4497164863196,69,False,False,test_account_access,EXTCODESIZE,target_coef
COLD_ACCOUNT_CODE_ACCESS,reth,0.004108372946505776,0.001,0.004043981477897164,0.004174313879537784,test_account_access,STATICCALL,target_coef,presets[cold_account_code_access],0.0,0.9726027028509466,0.9725445344918191,AccountMode.EXISTING_CONTRACT,,STATICCALL,410.83729465057763,411,False,True,test_account_access,STATICCALL,target_coef
COLD_ACCOUNT_CODE_ACCESS,reth,0.0007634358059806321,0.001,0.000738186270280713,0.0007890407395084875,test_account_access,STATICCALL,target_coef,presets[cold_account_code_access],0.0,0.8858504042882805,0.885608048458744,AccountMode.NON_EXISTING_ACCOUNT,,STATICCALL,76.34358059806321,77,False,False,test_account_access,STATICCALL,target_coef
COLD_ACCOUNT_NOCODE_WRITE,besu,0.06970815751163291,0.001,0.06732416773854955,0.07193604500147814,test_account_access,CALL,target_coef,presets[cold_account_nocode_write],0.0,0.8862993660621755,0.8860785881321992,AccountMode.EXISTING_EOA,,CALL,6970.815751163291,6971,False,True,test_account_access,CALL,target_coef
COLD_ACCOUNT_NOCODE_WRITE,besu,0.1703430508807014,0.001,0.13915257457110386,0.2014919556638196,test_account_access,CALL,target_coef,presets[cold_account_nocode_write],0.0,0.19059505129584642,0.1890233912012752,AccountMode.NON_EXISTING_ACCOUNT,,CALL,17034.305088070138,17035,True,False,test_account_access,CALL,target_coef
COLD_ACCOUNT_NOCODE_WRITE,besu,0.025811179765223378,0.001,0.024909615520020075,0.026628400880301682,test_account_access,CALLCODE,target_coef,presets[cold_account_nocode_write],0.0,0.8685126768215979,0.8682573616309602,AccountMode.EXISTING_EOA,,CALLCODE,2581.117976522338,2582,False,False,test_account_access,CALLCODE,target_coef
COLD_ACCOUNT_NOCODE_WRITE,besu,0.005637144727755741,0.001,0.004614473817749531,0.0065758601492075025,test_account_access,CALLCODE,target_coef,presets[cold_account_nocode_write],0.0,0.20605180817736146,0.20451016120294863,AccountMode.NON_EXISTING_ACCOUNT,,CALLCODE,563.7144727755741,564,True,False,test_account_access,CALLCODE,target_coef
COLD_ACCOUNT_NOCODE_WRITE,erigon,0.06178513348690491,0.001,0.05934574934237706,0.06424251664914958,test_account_access,CALL,target_coef,presets[cold_account_nocode_write],0.0,0.909786691641523,0.909469039147303,AccountMode.EXISTING_EOA,,CALL,6178.5133486904915,6179,False,False,test_account_access,CALL,target_coef
COLD_ACCOUNT_NOCODE_WRITE,erigon,0.19737873053390148,0.001,0.18624406384984873,0.20857021588864924,test_account_access,CALL,target_coef,presets[cold_account_nocode_write],0.0,0.8135426193101534,0.8128860792373018,AccountMode.NON_EXISTING_ACCOUNT,,CALL,19737.87305339015,19738,False,True,test_account_access,CALL,target_coef
COLD_ACCOUNT_NOCODE_WRITE,erigon,0.007756579007778851,0.001,0.007560084038811214,0.007985604079127247,test_account_access,CALLCODE,target_coef,presets[cold_account_nocode_write],0.0,0.9516782695464316,0.9515081226082148,AccountMode.EXISTING_EOA,,CALLCODE,775.6579007778851,776,False,False,test_account_access,CALLCODE,target_coef
COLD_ACCOUNT_NOCODE_WRITE,erigon,0.0016378226103547565,0.001,0.0015445225160621893,0.0017457345094381495,test_account_access,CALLCODE,target_coef,presets[cold_account_nocode_write],0.0,0.7970677795094008,0.7963532294372508,AccountMode.NON_EXISTING_ACCOUNT,,CALLCODE,163.78226103547564,164,False,False,test_account_access,CALLCODE,target_coef
COLD_ACCOUNT_NOCODE_WRITE,ethrex,0.02205960110842701,0.001,0.02180845270549737,0.02229426627466971,test_account_access,CALL,target_coef,presets[cold_account_nocode_write],0.0,0.9832781298467724,0.9832356885519673,AccountMode.EXISTING_EOA,,CALL,2205.960110842701,2206,False,True,test_account_access,CALL,target_coef
COLD_ACCOUNT_NOCODE_WRITE,ethrex,0.012244080325251193,0.001,0.00849309287943772,0.015870703966224062,test_account_access,CALL,target_coef,presets[cold_account_nocode_write],0.0,0.0934627040837106,0.09116184800270477,AccountMode.NON_EXISTING_ACCOUNT,,CALL,1224.4080325251193,1225,True,False,test_account_access,CALL,target_coef
COLD_ACCOUNT_NOCODE_WRITE,ethrex,0.0,1.0,0.0,0.0,test_account_access,CALLCODE,target_coef,presets[cold_account_nocode_write],0.0,-4.440892098500626e-16,-0.002538071065990355,AccountMode.EXISTING_EOA,,CALLCODE,0.0,0,True,False,test_account_access,CALLCODE,target_coef
COLD_ACCOUNT_NOCODE_WRITE,ethrex,0.00034764135932709443,0.003,0.00013367407329502266,0.0005476551530437442,test_account_access,CALLCODE,target_coef,presets[cold_account_nocode_write],0.0,0.023807029979712402,0.021329382847681155,AccountMode.NON_EXISTING_ACCOUNT,,CALLCODE,34.76413593270944,35,True,False,test_account_access,CALLCODE,target_coef
COLD_ACCOUNT_NOCODE_WRITE,geth,0.059359748124754044,0.001,0.05840004741328354,0.06029153383157818,test_account_access,CALL,target_coef,presets[cold_account_nocode_write],0.0,0.9704895981972943,0.9704102691601902,AccountMode.EXISTING_EOA,,CALL,5935.974812475405,5936,False,False,test_account_access,CALL,target_coef
COLD_ACCOUNT_NOCODE_WRITE,geth,0.09907743175686894,0.001,0.09543741515605067,0.102794170815698,test_account_access,CALL,target_coef,presets[cold_account_nocode_write],0.0,0.8852550833614048,0.8849466292844194,AccountMode.NON_EXISTING_ACCOUNT,,CALL,9907.743175686894,9908,False,True,test_account_access,CALL,target_coef
COLD_ACCOUNT_NOCODE_WRITE,geth,0.013778791011841311,0.001,0.013253205031819128,0.0143625043739184,test_account_access,CALLCODE,target_coef,presets[cold_account_nocode_write],0.0,0.8910679821754356,0.8907751541705309,AccountMode.EXISTING_EOA,,CALLCODE,1377.879101184131,1378,False,False,test_account_access,CALLCODE,target_coef
COLD_ACCOUNT_NOCODE_WRITE,geth,0.010384182952597546,0.001,0.010151443968343204,0.010612086746741207,test_account_access,CALLCODE,target_coef,presets[cold_account_nocode_write],0.0,0.9586926891686613,0.9585816480105126,AccountMode.NON_EXISTING_ACCOUNT,,CALLCODE,1038.4182952597546,1039,False,False,test_account_access,CALLCODE,target_coef
COLD_ACCOUNT_NOCODE_WRITE,nethermind,0.027794765480579457,0.001,0.026140255687557287,0.029453487223578073,test_account_access,CALL,target_coef,presets[cold_account_nocode_write],0.0,0.765070761034071,0.7643296593338631,AccountMode.EXISTING_EOA,,CALL,2779.476548057946,2780,False,False,test_account_access,CALL,target_coef
COLD_ACCOUNT_NOCODE_WRITE,nethermind,0.04720459468390859,0.001,0.044364761574703544,0.05017204075983046,test_account_access,CALL,target_coef,presets[cold_account_nocode_write],0.0,0.7483227565491497,0.7475288220272227,AccountMode.NON_EXISTING_ACCOUNT,,CALL,4720.45946839086,4721,False,True,test_account_access,CALL,target_coef
COLD_ACCOUNT_NOCODE_WRITE,nethermind,0.004402369216721556,0.001,0.004052379559875331,0.004728891819367072,test_account_access,CALLCODE,target_coef,presets[cold_account_nocode_write],0.0,0.6815405214726431,0.6805359174394339,AccountMode.EXISTING_EOA,,CALLCODE,440.23692167215563,441,False,False,test_account_access,CALLCODE,target_coef
COLD_ACCOUNT_NOCODE_WRITE,nethermind,0.001629018812225661,0.001,0.0014664690260082483,0.0017912338508929769,test_account_access,CALLCODE,target_coef,presets[cold_account_nocode_write],0.0,0.5283197782665867,0.5268318280402984,AccountMode.NON_EXISTING_ACCOUNT,,CALLCODE,162.9018812225661,163,False,False,test_account_access,CALLCODE,target_coef
COLD_ACCOUNT_NOCODE_WRITE,reth,0.023090184989707524,0.001,0.022845952682364473,0.023346434602695844,test_account_access,CALL,target_coef,presets[cold_account_nocode_write],0.0,0.9873505846202527,0.9873237281120154,AccountMode.EXISTING_EOA,,CALL,2309.0184989707527,2310,False,False,test_account_access,CALL,target_coef
COLD_ACCOUNT_NOCODE_WRITE,reth,0.025694576425929837,0.001,0.024040440266398694,0.027176094258975256,test_account_access,CALL,target_coef,presets[cold_account_nocode_write],0.0,0.6453649457647515,0.6446120050975853,AccountMode.NON_EXISTING_ACCOUNT,,CALL,2569.4576425929836,2570,False,True,test_account_access,CALL,target_coef
COLD_ACCOUNT_NOCODE_WRITE,reth,0.0015467424025255058,0.001,0.0014815692672426025,0.001614974044376225,test_account_access,CALLCODE,target_coef,presets[cold_account_nocode_write],0.0,0.7923206852748542,0.7918797525472,AccountMode.EXISTING_EOA,,CALLCODE,154.67424025255056,155,False,False,test_account_access,CALLCODE,target_coef
COLD_ACCOUNT_NOCODE_WRITE,reth,0.0003236906609771212,0.001,0.0002774601866714957,0.000380778231191173,test_account_access,CALLCODE,target_coef,presets[cold_account_nocode_write],0.0,0.31873180025569103,0.3172853709568709,AccountMode.NON_EXISTING_ACCOUNT,,CALLCODE,32.36906609771212,33,True,False,test_account_access,CALLCODE,target_coef
COLD_ACCOUNT_CODE_WRITE,besu,0.08746993221578522,0.001,0.08548206145392165,0.08944822076834767,test_account_access,CALL,target_coef,presets[cold_account_code_write],0.0,0.9407602580757795,0.9406452294506839,AccountMode.EXISTING_CONTRACT,,CALL,8746.993221578521,8747,False,True,test_account_access,CALL,target_coef
COLD_ACCOUNT_CODE_WRITE,besu,0.1703430508807014,0.001,0.13915257457110386,0.2014919556638196,test_account_access,CALL,target_coef,presets[cold_account_code_write],0.0,0.19059505129584642,0.1890233912012752,AccountMode.NON_EXISTING_ACCOUNT,,CALL,17034.305088070138,17035,True,False,test_account_access,CALL,target_coef
COLD_ACCOUNT_CODE_WRITE,besu,0.03147113280940702,0.001,0.030033208186078957,0.03298851011448684,test_account_access,CALLCODE,target_coef,presets[cold_account_code_write],0.0,0.7902085307787748,0.7898011687026171,AccountMode.EXISTING_CONTRACT,,CALLCODE,3147.1132809407018,3148,False,False,test_account_access,CALLCODE,target_coef
COLD_ACCOUNT_CODE_WRITE,besu,0.005637144727755741,0.001,0.004614473817749531,0.0065758601492075025,test_account_access,CALLCODE,target_coef,presets[cold_account_code_write],0.0,0.20605180817736146,0.20451016120294863,AccountMode.NON_EXISTING_ACCOUNT,,CALLCODE,563.7144727755741,564,True,False,test_account_access,CALLCODE,target_coef
COLD_ACCOUNT_CODE_WRITE,erigon,0.18283811282871457,0.001,0.16148053591523648,0.20483683792846075,test_account_access,CALL,target_coef,presets[cold_account_code_write],0.0,0.5064613444684254,0.5047235323010607,AccountMode.EXISTING_CONTRACT,,CALL,18283.811282871455,18284,False,False,test_account_access,CALL,target_coef
COLD_ACCOUNT_CODE_WRITE,erigon,0.19737873053390148,0.001,0.18624406384984873,0.20857021588864924,test_account_access,CALL,target_coef,presets[cold_account_code_write],0.0,0.8135426193101534,0.8128860792373018,AccountMode.NON_EXISTING_ACCOUNT,,CALL,19737.87305339015,19738,False,True,test_account_access,CALL,target_coef
COLD_ACCOUNT_CODE_WRITE,erigon,0.02448818327298197,0.001,0.019787589634562855,0.029946208028852183,test_account_access,CALLCODE,target_coef,presets[cold_account_code_write],0.0,0.25213730207347684,0.24950398271458063,AccountMode.EXISTING_CONTRACT,,CALLCODE,2448.818327298197,2449,True,False,test_account_access,CALLCODE,target_coef
COLD_ACCOUNT_CODE_WRITE,erigon,0.0016378226103547565,0.001,0.0015445225160621893,0.0017457345094381495,test_account_access,CALLCODE,target_coef,presets[cold_account_code_write],0.0,0.7970677795094008,0.7963532294372508,AccountMode.NON_EXISTING_ACCOUNT,,CALLCODE,163.78226103547564,164,False,False,test_account_access,CALLCODE,target_coef
COLD_ACCOUNT_CODE_WRITE,ethrex,0.02311553542433991,0.001,0.022849802535386796,0.02334948042087421,test_account_access,CALL,target_coef,presets[cold_account_code_write],0.0,0.9852094943757518,0.9851719550213756,AccountMode.EXISTING_CONTRACT,,CALL,2311.553542433991,2312,False,True,test_account_access,CALL,target_coef
COLD_ACCOUNT_CODE_WRITE,ethrex,0.012244080325251193,0.001,0.00849309287943772,0.015870703966224062,test_account_access,CALL,target_coef,presets[cold_account_code_write],0.0,0.0934627040837106,0.09116184800270477,AccountMode.NON_EXISTING_ACCOUNT,,CALL,1224.4080325251193,1225,True,False,test_account_access,CALL,target_coef
COLD_ACCOUNT_CODE_WRITE,ethrex,0.0,1.0,0.0,0.0,test_account_access,CALLCODE,target_coef,presets[cold_account_code_write],0.0,0.0,-0.002538071065989911,AccountMode.EXISTING_CONTRACT,,CALLCODE,0.0,0,True,False,test_account_access,CALLCODE,target_coef
COLD_ACCOUNT_CODE_WRITE,ethrex,0.00034764135932709443,0.003,0.00013367407329502266,0.0005476551530437442,test_account_access,CALLCODE,target_coef,presets[cold_account_code_write],0.0,0.023807029979712402,0.021329382847681155,AccountMode.NON_EXISTING_ACCOUNT,,CALLCODE,34.76413593270944,35,True,False,test_account_access,CALLCODE,target_coef
COLD_ACCOUNT_CODE_WRITE,geth,0.09803803614905074,0.001,0.09655141596658647,0.0995760987597441,test_account_access,CALL,target_coef,presets[cold_account_code_write],0.0,0.9771328534210891,0.9770713825969523,AccountMode.EXISTING_CONTRACT,,CALL,9803.803614905075,9804,False,False,test_account_access,CALL,target_coef
COLD_ACCOUNT_CODE_WRITE,geth,0.09907743175686894,0.001,0.09543741515605067,0.102794170815698,test_account_access,CALL,target_coef,presets[cold_account_code_write],0.0,0.8852550833614048,0.8849466292844194,AccountMode.NON_EXISTING_ACCOUNT,,CALL,9907.743175686894,9908,False,True,test_account_access,CALL,target_coef
COLD_ACCOUNT_CODE_WRITE,geth,0.02520858529986042,0.001,0.024090004349503088,0.026267429506756625,test_account_access,CALLCODE,target_coef,presets[cold_account_code_write],0.0,0.858338844867707,0.8579580353108998,AccountMode.EXISTING_CONTRACT,,CALLCODE,2520.858529986042,2521,False,False,test_account_access,CALLCODE,target_coef
COLD_ACCOUNT_CODE_WRITE,geth,0.010384182952597546,0.001,0.010151443968343204,0.010612086746741207,test_account_access,CALLCODE,target_coef,presets[cold_account_code_write],0.0,0.9586926891686613,0.9585816480105126,AccountMode.NON_EXISTING_ACCOUNT,,CALLCODE,1038.4182952597546,1039,False,False,test_account_access,CALLCODE,target_coef
COLD_ACCOUNT_CODE_WRITE,nethermind,0.04343654740888552,0.001,0.041552531444077306,0.04536211163568564,test_account_access,CALL,target_coef,presets[cold_account_code_write],0.0,0.8382773202603664,0.8377671540782224,AccountMode.EXISTING_CONTRACT,,CALL,4343.654740888552,4344,False,False,test_account_access,CALL,target_coef
COLD_ACCOUNT_CODE_WRITE,nethermind,0.04720459468390859,0.001,0.044364761574703544,0.05017204075983046,test_account_access,CALL,target_coef,presets[cold_account_code_write],0.0,0.7483227565491497,0.7475288220272227,AccountMode.NON_EXISTING_ACCOUNT,,CALL,4720.45946839086,4721,False,True,test_account_access,CALL,target_coef
COLD_ACCOUNT_CODE_WRITE,nethermind,0.016068222011343634,0.001,0.014505410813272949,0.017656652255764536,test_account_access,CALLCODE,target_coef,presets[cold_account_code_write],0.0,0.5454929999989936,0.5440592239737538,AccountMode.EXISTING_CONTRACT,,CALLCODE,1606.8222011343635,1607,False,False,test_account_access,CALLCODE,target_coef
COLD_ACCOUNT_CODE_WRITE,nethermind,0.001629018812225661,0.001,0.0014664690260082483,0.0017912338508929769,test_account_access,CALLCODE,target_coef,presets[cold_account_code_write],0.0,0.5283197782665867,0.5268318280402984,AccountMode.NON_EXISTING_ACCOUNT,,CALLCODE,162.9018812225661,163,False,False,test_account_access,CALLCODE,target_coef
COLD_ACCOUNT_CODE_WRITE,reth,0.027831818894755975,0.001,0.027547044745984232,0.028120792738076685,test_account_access,CALL,target_coef,presets[cold_account_code_write],0.0,0.9845171548248747,0.9844842825421249,AccountMode.EXISTING_CONTRACT,,CALL,2783.1818894755975,2784,False,True,test_account_access,CALL,target_coef
COLD_ACCOUNT_CODE_WRITE,reth,0.025694576425929837,0.001,0.024040440266398694,0.027176094258975256,test_account_access,CALL,target_coef,presets[cold_account_code_write],0.0,0.6453649457647515,0.6446120050975853,AccountMode.NON_EXISTING_ACCOUNT,,CALL,2569.4576425929836,2570,False,False,test_account_access,CALL,target_coef
COLD_ACCOUNT_CODE_WRITE,reth,0.005023350867703668,0.001,0.004923745910939854,0.0051255515301349,test_account_access,CALLCODE,target_coef,presets[cold_account_code_write],0.0,0.9540747698052164,0.9539772640086246,AccountMode.EXISTING_CONTRACT,,CALLCODE,502.3350867703668,503,False,False,test_account_access,CALLCODE,target_coef
COLD_ACCOUNT_CODE_WRITE,reth,0.0003236906609771212,0.001,0.0002774601866714957,0.000380778231191173,test_account_access,CALLCODE,target_coef,presets[cold_account_code_write],0.0,0.31873180025569103,0.3172853709568709,AccountMode.NON_EXISTING_ACCOUNT,,CALLCODE,32.36906609771212,33,True,False,test_account_access,CALLCODE,target_coef
WARM_ACCESS,besu,0.00019012244058964109,0.001,0.00015624465783287472,0.00022247639937601955,test_ext_account_query_warm,BALANCE,target_coef,presets[warm_account_access],0.0,0.18587632668732657,0.18429550402069994,,,BALANCE,19.012244058964107,20,True,False,test_ext_account_query_warm,BALANCE,target_coef
WARM_ACCESS,besu,0.000502155628692921,0.001,0.00047350346219356305,0.0005298306571306876,test_ext_account_query_warm,CALL,target_coef,presets[warm_account_access],0.0,0.725162702433716,0.7246290377782476,,,CALL,50.21556286929209,51,False,True,test_ext_account_query_warm,CALL,target_coef
WARM_ACCESS,besu,0.0006191402831561263,0.001,0.0005634238039298106,0.0006764859187462624,test_ext_account_query_warm,CALLCODE,target_coef,presets[warm_account_access],0.0,0.4744741623072529,0.4734537237874612,,,CALLCODE,61.914028315612626,62,True,False,test_ext_account_query_warm,CALLCODE,target_coef
WARM_ACCESS,besu,0.0005730056526220592,0.001,0.0005213372955408288,0.0006215031041158166,test_ext_account_query_warm,DELEGATECALL,target_coef,presets[warm_account_access],0.0,0.4882468801257248,0.48725318474732815,,,DELEGATECALL,57.30056526220592,58,True,False,test_ext_account_query_warm,DELEGATECALL,target_coef
WARM_ACCESS,besu,0.00017916787977371903,0.001,0.0001460592635574321,0.00021524032355181027,test_ext_account_query_warm,EXTCODEHASH,target_coef,presets[warm_account_access],0.0,0.15935480494128984,0.15772248417418555,,,EXTCODEHASH,17.916787977371904,18,True,False,test_ext_account_query_warm,EXTCODEHASH,target_coef
WARM_ACCESS,besu,0.00018033403923120047,0.001,0.00014522754711180806,0.00021447762929199343,test_ext_account_query_warm,EXTCODESIZE,target_coef,presets[warm_account_access],0.0,0.16987008248444657,0.1682581797319892,,,EXTCODESIZE,18.033403923120048,19,True,False,test_ext_account_query_warm,EXTCODESIZE,target_coef
WARM_ACCESS,besu,0.0004540921944334369,0.001,0.00042685709615024586,0.00048372581818257427,test_ext_account_query_warm,STATICCALL,target_coef,presets[warm_account_access],0.0,0.681189621302549,0.6805705720235249,,,STATICCALL,45.40921944334369,46,False,False,test_ext_account_query_warm,STATICCALL,target_coef
WARM_ACCESS,besu,0.00022381551452484288,0.001,0.00019857981652032295,0.000250589798022508,test_storage_sload_same_key_benchmark,SLOAD,target_coef,presets[warm_storage_access_sload],0.0,0.22930945710236028,0.22856266394063773,,,,22.38155145248429,23,True,False,test_storage_sload_same_key_benchmark,SLOAD,target_coef
WARM_ACCESS,erigon,5.545027137681962e-05,0.001,5.263777872418453e-05,5.801950265779361e-05,test_ext_account_query_warm,BALANCE,target_coef,presets[warm_account_access],0.0,0.8289204227025189,0.8283180298247108,,,BALANCE,5.545027137681962,6,False,False,test_ext_account_query_warm,BALANCE,target_coef
WARM_ACCESS,erigon,0.0004808653631282088,0.001,0.00046405820634634544,0.0004976542782683766,test_ext_account_query_warm,CALL,target_coef,presets[warm_account_access],0.0,0.913653728963284,0.9133496927976618,,,CALL,48.086536312820876,49,False,True,test_ext_account_query_warm,CALL,target_coef
WARM_ACCESS,erigon,0.00027621260951222744,0.001,0.00025914136203078654,0.00029912908961577533,test_ext_account_query_warm,CALLCODE,target_coef,presets[warm_account_access],0.0,0.7804542743430662,0.7796812260132883,,,CALLCODE,27.621260951222744,28,False,False,test_ext_account_query_warm,CALLCODE,target_coef
WARM_ACCESS,erigon,0.00025954631585706927,0.001,0.00024881651026365377,0.0002700953824771886,test_ext_account_query_warm,DELEGATECALL,target_coef,presets[warm_account_access],0.0,0.8938200274799399,0.8934461543372637,,,DELEGATECALL,25.954631585706927,26,False,False,test_ext_account_query_warm,DELEGATECALL,target_coef
WARM_ACCESS,erigon,0.00029636615465280104,0.001,0.0002851778434665986,0.0003096486577811563,test_ext_account_query_warm,EXTCODEHASH,target_coef,presets[warm_account_access],0.0,0.9101023252431382,0.9097857841348393,,,EXTCODEHASH,29.636615465280105,30,False,False,test_ext_account_query_warm,EXTCODEHASH,target_coef
WARM_ACCESS,erigon,4.869767057562876e-05,0.001,4.532353280813327e-05,5.210557501921812e-05,test_ext_account_query_warm,EXTCODESIZE,target_coef,presets[warm_account_access],0.0,0.7703065520783361,0.769497772332133,,,EXTCODESIZE,4.869767057562877,5,False,False,test_ext_account_query_warm,EXTCODESIZE,target_coef
WARM_ACCESS,erigon,0.00045338881568588417,0.001,0.0004357705292016755,0.00047074925709271036,test_ext_account_query_warm,STATICCALL,target_coef,presets[warm_account_access],0.0,0.8899242648775049,0.8895366742608763,,,STATICCALL,45.33888156858842,46,False,False,test_ext_account_query_warm,STATICCALL,target_coef
WARM_ACCESS,erigon,4.738715923569869e-05,0.001,4.606760900378709e-05,4.875339489332506e-05,test_storage_sload_same_key_benchmark,SLOAD,target_coef,presets[warm_storage_access_sload],0.0,0.891361149493492,0.8911705550189192,,,,4.7387159235698695,5,False,False,test_storage_sload_same_key_benchmark,SLOAD,target_coef
WARM_ACCESS,ethrex,1.3608779356201925e-05,0.001,1.1529334301391065e-05,1.544852514347458e-05,test_ext_account_query_warm,BALANCE,target_coef,presets[warm_account_access],0.0,0.28769582156247553,0.2858879429369996,,,BALANCE,1.3608779356201925,2,True,False,test_ext_account_query_warm,BALANCE,target_coef
WARM_ACCESS,ethrex,0.00010582534014348114,0.001,0.00010295697645077463,0.00010872490005272176,test_ext_account_query_warm,CALL,target_coef,presets[warm_account_access],0.0,0.9419448584224764,0.9417975103474066,,,CALL,10.582534014348113,11,False,True,test_ext_account_query_warm,CALL,target_coef
WARM_ACCESS,ethrex,0.00010550086185441322,0.001,0.00010302085896988165,0.00010790638158925659,test_ext_account_query_warm,CALLCODE,target_coef,presets[warm_account_access],0.0,0.9399661854504064,0.9398138153627171,,,CALLCODE,10.550086185441323,11,False,False,test_ext_account_query_warm,CALLCODE,target_coef
WARM_ACCESS,ethrex,0.00010155648351933126,0.001,9.898883791522731e-05,0.00010416609723660572,test_ext_account_query_warm,DELEGATECALL,target_coef,presets[warm_account_access],0.0,0.9386809901652244,0.9385253581605677,,,DELEGATECALL,10.155648351933127,11,False,False,test_ext_account_query_warm,DELEGATECALL,target_coef
WARM_ACCESS,ethrex,1.4037649516393121e-05,0.001,1.1608205615015545e-05,1.6459356321494764e-05,test_ext_account_query_warm,EXTCODEHASH,target_coef,presets[warm_account_access],0.0,0.2602033935871173,0.2583257372256633,,,EXTCODEHASH,1.403764951639312,2,True,False,test_ext_account_query_warm,EXTCODEHASH,target_coef
WARM_ACCESS,ethrex,1.4633271933610404e-05,0.001,1.2604097923281048e-05,1.6839034652436806e-05,test_ext_account_query_warm,EXTCODESIZE,target_coef,presets[warm_account_access],0.0,0.26554466114575903,0.2636805613009513,,,EXTCODESIZE,1.4633271933610403,2,True,False,test_ext_account_query_warm,EXTCODESIZE,target_coef
WARM_ACCESS,ethrex,0.00010046861477796869,0.001,9.807714061443447e-05,0.00010279432413893616,test_ext_account_query_warm,STATICCALL,target_coef,presets[warm_account_access],0.0,0.9426907100519086,0.942545255001279,,,STATICCALL,10.046861477796869,11,False,False,test_ext_account_query_warm,STATICCALL,target_coef
WARM_ACCESS,ethrex,2.124884052204472e-05,0.001,2.0136794545298616e-05,2.2340948546533616e-05,test_storage_sload_same_key_benchmark,SLOAD,target_coef,presets[warm_storage_access_sload],0.0,0.6668835837603437,0.6664619174106732,,,,2.124884052204472,3,False,False,test_storage_sload_same_key_benchmark,SLOAD,target_coef
WARM_ACCESS,geth,2.979278569914776e-05,0.001,2.8030395069178934e-05,3.1424437385074925e-05,test_ext_account_query_warm,BALANCE,target_coef,presets[warm_account_access],0.0,0.7849939484764176,0.7844159752196338,,,BALANCE,2.979278569914776,3,False,False,test_ext_account_query_warm,BALANCE,target_coef
WARM_ACCESS,geth,0.00013477581321234125,0.001,0.00012883467353824656,0.0001407361516137116,test_ext_account_query_warm,CALL,target_coef,presets[warm_account_access],0.0,0.866928762781067,0.8665710444014463,,,CALL,13.477581321234126,14,False,False,test_ext_account_query_warm,CALL,target_coef
WARM_ACCESS,geth,0.00018889286415974725,0.001,0.00018287818832480435,0.00019543654388005824,test_ext_account_query_warm,CALLCODE,target_coef,presets[warm_account_access],0.0,0.9000806095375589,0.899812009025563,,,CALLCODE,18.889286415974727,19,False,True,test_ext_account_query_warm,CALLCODE,target_coef
WARM_ACCESS,geth,0.00016421461260619606,0.001,0.00015808615010462374,0.00017021628016532507,test_ext_account_query_warm,DELEGATECALL,target_coef,presets[warm_account_access],0.0,0.8998138063471776,0.8995444886223044,,,DELEGATECALL,16.421461260619605,17,False,False,test_ext_account_query_warm,DELEGATECALL,target_coef
WARM_ACCESS,geth,4.025106181046956e-05,0.001,3.8367352645953976e-05,4.211997526430875e-05,test_ext_account_query_warm,EXTCODEHASH,target_coef,presets[warm_account_access],0.0,0.8357893720017021,0.8353479455823518,,,EXTCODEHASH,4.025106181046956,5,False,False,test_ext_account_query_warm,EXTCODEHASH,target_coef
WARM_ACCESS,geth,2.9532351809062084e-05,0.001,2.7859725551762465e-05,3.126657218260752e-05,test_ext_account_query_warm,EXTCODESIZE,target_coef,presets[warm_account_access],0.0,0.762397306487304,0.7617585895692591,,,EXTCODESIZE,2.9532351809062085,3,False,False,test_ext_account_query_warm,EXTCODESIZE,target_coef
WARM_ACCESS,geth,0.00018739167636186348,0.001,0.00018001824733000912,0.000194606098171488,test_ext_account_query_warm,STATICCALL,target_coef,presets[warm_account_access],0.0,0.8901844628066469,0.8898892597496755,,,STATICCALL,18.73916763618635,19,False,False,test_ext_account_query_warm,STATICCALL,target_coef
WARM_ACCESS,geth,4.47215830875756e-05,0.001,4.3357124548706735e-05,4.617871357286721e-05,test_storage_sload_same_key_benchmark,SLOAD,target_coef,presets[warm_storage_access_sload],0.0,0.8483355044446494,0.8481322008313045,,,,4.47215830875756,5,False,False,test_storage_sload_same_key_benchmark,SLOAD,target_coef
WARM_ACCESS,nethermind,0.0001379692813769319,0.001,0.00012704996607262149,0.0001491912174419965,test_ext_account_query_warm,BALANCE,target_coef,presets[warm_account_access],0.0,0.6835265047456776,0.6825281656439288,,,BALANCE,13.796928137693188,14,False,False,test_ext_account_query_warm,BALANCE,target_coef
WARM_ACCESS,nethermind,0.00037019684495780646,0.001,0.0003393807044588377,0.0004000331417041987,test_ext_account_query_warm,CALL,target_coef,presets[warm_account_access],0.0,0.6481812717876414,0.6470714335282964,,,CALL,37.019684495780645,38,False,False,test_ext_account_query_warm,CALL,target_coef
WARM_ACCESS,nethermind,0.00023490067347532758,0.001,0.00021860013813186348,0.00025063928372399453,test_ext_account_query_warm,CALLCODE,target_coef,presets[warm_account_access],0.0,0.7309777256499059,0.7301290749421769,,,CALLCODE,23.490067347532758,24,False,False,test_ext_account_query_warm,CALLCODE,target_coef
WARM_ACCESS,nethermind,0.00037355290997621274,0.001,0.00033819418256552937,0.0004055968203498394,test_ext_account_query_warm,DELEGATECALL,target_coef,presets[warm_account_access],0.0,0.5986500337677283,0.5973839455461754,,,DELEGATECALL,37.355290997621275,38,False,True,test_ext_account_query_warm,DELEGATECALL,target_coef
WARM_ACCESS,nethermind,0.00022480636129568388,0.001,0.0002017689355084006,0.00024845123031194514,test_ext_account_query_warm,EXTCODEHASH,target_coef,presets[warm_account_access],0.0,0.5387035318070132,0.5372483379010418,,,EXTCODEHASH,22.48063612956839,23,False,False,test_ext_account_query_warm,EXTCODEHASH,target_coef
WARM_ACCESS,nethermind,0.00018304587551244431,0.001,0.00017160434165869583,0.00019320769065307565,test_ext_account_query_warm,EXTCODESIZE,target_coef,presets[warm_account_access],0.0,0.7794582224285596,0.7787625070418989,,,EXTCODESIZE,18.30458755124443,19,False,False,test_ext_account_query_warm,EXTCODESIZE,target_coef
WARM_ACCESS,nethermind,0.0003551048166259461,0.001,0.0003243314699776888,0.00038466018184685305,test_ext_account_query_warm,STATICCALL,target_coef,presets[warm_account_access],0.0,0.6150967268048564,0.6138825208957235,,,STATICCALL,35.510481662594614,36,False,False,test_ext_account_query_warm,STATICCALL,target_coef
WARM_ACCESS,nethermind,0.00015229315905848298,0.001,0.00014589453149076916,0.00015834503990849163,test_storage_sload_same_key_benchmark,SLOAD,target_coef,presets[warm_storage_access_sload],0.0,0.7810144479925818,0.7806701310869097,,,,15.229315905848297,16,False,False,test_storage_sload_same_key_benchmark,SLOAD,target_coef
WARM_ACCESS,reth,1.2867895929062773e-05,0.001,1.1911683873188943e-05,1.3826008550005496e-05,test_ext_account_query_warm,BALANCE,target_coef,presets[warm_account_access],0.0,0.615556867503013,0.6147406400454822,,,BALANCE,1.2867895929062771,2,False,False,test_ext_account_query_warm,BALANCE,target_coef
WARM_ACCESS,reth,5.854680338832843e-05,0.001,5.7181652082364105e-05,5.994142295520862e-05,test_ext_account_query_warm,CALL,target_coef,presets[warm_account_access],0.0,0.9269514298759068,0.9267963373703355,,,CALL,5.854680338832843,6,False,True,test_ext_account_query_warm,CALL,target_coef
WARM_ACCESS,reth,5.583849444261534e-05,0.001,5.433798004560655e-05,5.736539720296766e-05,test_ext_account_query_warm,CALLCODE,target_coef,presets[warm_account_access],0.0,0.9100573608691838,0.9098663998519209,,,CALLCODE,5.583849444261534,6,False,False,test_ext_account_query_warm,CALLCODE,target_coef
WARM_ACCESS,reth,5.526493787838166e-05,0.001,5.3853377703155394e-05,5.664994570431572e-05,test_ext_account_query_warm,DELEGATECALL,target_coef,presets[warm_account_access],0.0,0.9232837184587444,0.9231208388801004,,,DELEGATECALL,5.526493787838166,6,False,False,test_ext_account_query_warm,DELEGATECALL,target_coef
WARM_ACCESS,reth,1.3028663254310817e-05,0.001,1.1915006285547219e-05,1.4124645896368801e-05,test_ext_account_query_warm,EXTCODEHASH,target_coef,presets[warm_account_access],0.0,0.5469800405139587,0.5460182146976401,,,EXTCODEHASH,1.3028663254310817,2,False,False,test_ext_account_query_warm,EXTCODEHASH,target_coef
WARM_ACCESS,reth,8.914351263323017e-06,0.001,8.218875679370528e-06,9.641984788715848e-06,test_ext_account_query_warm,EXTCODESIZE,target_coef,presets[warm_account_access],0.0,0.5991623840293423,0.598311348751273,,,EXTCODESIZE,0.8914351263323017,1,False,False,test_ext_account_query_warm,EXTCODESIZE,target_coef
WARM_ACCESS,reth,5.604432569636001e-05,0.001,5.455889797612791e-05,5.760611703578855e-05,test_ext_account_query_warm,STATICCALL,target_coef,presets[warm_account_access],0.0,0.9191106230366181,0.918938883382768,,,STATICCALL,5.604432569636001,6,False,False,test_ext_account_query_warm,STATICCALL,target_coef
WARM_ACCESS,reth,7.7908966967044e-06,0.001,7.365941098893576e-06,8.256448083352624e-06,test_storage_sload_same_key_benchmark,SLOAD,target_coef,presets[warm_storage_access_sload],0.0,0.5514737519139157,0.5509986181765363,,,,0.77908966967044,1,False,False,test_storage_sload_same_key_benchmark,SLOAD,target_coef
STORAGE_WRITE,,,,,,<derived>,<derived>,<derived>,<derived>,0.0,,,,,,11105.0,11105,False,False,,,
ACCOUNT_WRITE,,,,,,<derived>,<derived>,<derived>,<derived>,0.0,,,,,,17471.0,17471,False,False,,,
REFUND_STORAGE_CLEAR,,,,,,<derived>,<derived>,<derived>,<derived>,0.0,,,,,,12988.8,12989,False,False,,,
TX_ACCESS_LIST_STORAGE_KEY,,,,,,<derived>,<derived>,<derived>,<derived>,0.0,,,,,,2425.0,2425,False,False,,,
TX_ACCESS_LIST_ADDRESS,,,,,,<derived>,<derived>,<derived>,<derived>,0.0,,,,,,2772.0,2772,False,False,,,
