gas_param,client_name,runtime_ms,pvalue,conf_int_low,conf_int_high,test_name,target_opcode,model_coef_name,source_label,glue_adjustment,rsquared,rsquared_adj,param_account_mode,param_existing_slots,param_opcode,new_gas_decimal,new_gas_rounded,poor_fit,is_winner,selected_test,selected_opcode,selected_model_coef_name
COLD_STORAGE_ACCESS,besu,0.010188123618009463,0.001,0.009884264191868334,0.01049040322808682,test_sload_bloated,SLOAD,target_coef,presets[cold_storage_sload],0.00011016385029134724,0.9842878723746825,0.9841051732162486,,False,,1018.8123618009463,1019,False,False,test_sload_bloated,SLOAD,target_coef
COLD_STORAGE_ACCESS,besu,0.01654287723850831,0.001,0.01607111154343082,0.01695993508771687,test_sload_bloated,SLOAD,target_coef,presets[cold_storage_sload],0.00011016385029134724,0.9883857877853823,0.9882507388061426,,True,,1654.287723850831,1655,False,False,test_sload_bloated,SLOAD,target_coef
COLD_STORAGE_ACCESS,besu,0.019342785523850197,0.001,0.018681303734420257,0.01998923229567443,test_sstore_bloated,SSTORE,target_coef,presets[cold_storage_sstore_access],0.00010976243808815983,0.9813684951867131,0.9811518497819074,,False,,1934.2785523850196,1935,False,False,test_sstore_bloated,SSTORE,target_coef
COLD_STORAGE_ACCESS,besu,0.02490533409054557,0.001,0.02411743353090892,0.025566254476069326,test_sstore_bloated,SSTORE,target_coef,presets[cold_storage_sstore_access],0.0001089796034713623,0.9841198494910758,0.9839351965781813,,True,,2490.533409054557,2491,False,True,test_sstore_bloated,SSTORE,target_coef
COLD_STORAGE_ACCESS,erigon,0.0035404808294237995,0.001,0.003469807688058338,0.003630287264524773,test_sload_bloated,SLOAD,target_coef,presets[cold_storage_sload],2.584963164901184e-05,0.9887994906569707,0.9886840214884859,,False,,354.04808294237995,355,False,False,test_sload_bloated,SLOAD,target_coef
COLD_STORAGE_ACCESS,erigon,0.0038055624371592933,0.001,0.0037453255494932815,0.0038566472340515264,test_sload_bloated,SLOAD,target_coef,presets[cold_storage_sload],2.584963164901184e-05,0.9953757946316455,0.9953281224113532,,True,,380.5562437159293,381,False,False,test_sload_bloated,SLOAD,target_coef
COLD_STORAGE_ACCESS,erigon,0.003424863022441628,0.001,0.0033456887703341657,0.0034904519028100345,test_sstore_bloated,SSTORE,target_coef,presets[cold_storage_sstore_access],4.94872945449508e-05,0.9909870898014992,0.9908941732015146,,False,,342.4863022441628,343,False,False,test_sstore_bloated,SSTORE,target_coef
COLD_STORAGE_ACCESS,erigon,0.0038272231202967364,0.001,0.003792091669376417,0.0038601852329844173,test_sstore_bloated,SSTORE,target_coef,presets[cold_storage_sstore_access],4.841765324887661e-05,0.9980648539743359,0.9980449040153084,,True,,382.7223120296737,383,False,True,test_sstore_bloated,SSTORE,target_coef
COLD_STORAGE_ACCESS,ethrex,0.0018599382523091978,0.001,0.0017493864382839939,0.001978395496353786,test_sload_bloated,SLOAD,target_coef,presets[cold_storage_sload],1.2588851125725004e-05,0.9061344770574464,0.905166791253915,,False,,185.99382523091978,186,False,False,test_sload_bloated,SLOAD,target_coef
COLD_STORAGE_ACCESS,ethrex,0.007380575932811871,0.001,0.00717536560145251,0.007580329280008659,test_sload_bloated,SLOAD,target_coef,presets[cold_storage_sload],1.2588851125725004e-05,0.9841295409191844,0.9839659279389698,,True,,738.0575932811871,739,False,True,test_sload_bloated,SLOAD,target_coef
COLD_STORAGE_ACCESS,ethrex,0.001825382772992567,0.001,0.0017373093578073554,0.0019301898120913346,test_sstore_bloated,SSTORE,target_coef,presets[cold_storage_sstore_access],2.4769670993252974e-05,0.9457871015070225,0.9452282056462702,,False,,182.5382772992567,183,False,False,test_sstore_bloated,SSTORE,target_coef
COLD_STORAGE_ACCESS,ethrex,0.0073561592452427585,0.001,0.007224935692960051,0.007479716673396743,test_sstore_bloated,SSTORE,target_coef,presets[cold_storage_sstore_access],2.4602448714755063e-05,0.9925322197865898,0.9924552323617093,,True,,735.6159245242758,736,False,False,test_sstore_bloated,SSTORE,target_coef
COLD_STORAGE_ACCESS,geth,0.021474756600560772,0.001,0.020731460216743224,0.022166373991096503,test_sload_bloated,SLOAD,target_coef,presets[cold_storage_sload],3.4953769442457105e-05,0.9734637114936517,0.9732180051185929,,False,,2147.4756600560772,2148,False,False,test_sload_bloated,SLOAD,target_coef
COLD_STORAGE_ACCESS,geth,0.022186899173703555,0.001,0.021476607536185237,0.022863433502674523,test_sload_bloated,SLOAD,target_coef,presets[cold_storage_sload],3.4953769442457105e-05,0.9773665468510669,0.9771569778404287,,True,,2218.689917370355,2219,False,True,test_sload_bloated,SLOAD,target_coef
COLD_STORAGE_ACCESS,geth,0.02175840903329998,0.001,0.021030029158775224,0.022433944521832408,test_sstore_bloated,SSTORE,target_coef,presets[cold_storage_sstore_access],7.122752106534914e-05,0.9744979497676561,0.9742618196729123,,False,,2175.8409033299977,2176,False,False,test_sstore_bloated,SSTORE,target_coef
COLD_STORAGE_ACCESS,geth,0.02204072101265925,0.001,0.021277124466010395,0.022745230235115484,test_sstore_bloated,SSTORE,target_coef,presets[cold_storage_sstore_access],7.006801813626191e-05,0.9761512936256812,0.9759304722703634,,True,,2204.072101265925,2205,False,False,test_sstore_bloated,SSTORE,target_coef
COLD_STORAGE_ACCESS,nethermind,0.0025221911068725477,0.001,0.0023576210376479905,0.0026997968227459508,test_sload_bloated,SLOAD,target_coef,presets[cold_storage_sload],1.098288199330879e-05,0.9119187383874218,0.9108945376709965,,False,,252.21911068725478,253,False,False,test_sload_bloated,SLOAD,target_coef
COLD_STORAGE_ACCESS,nethermind,0.007689049377677025,0.001,0.007232628375497546,0.008187944599190719,test_sload_bloated,SLOAD,target_coef,presets[cold_storage_sload],1.098288199330879e-05,0.9332397783718105,0.9324634967249711,,True,,768.9049377677024,769,False,False,test_sload_bloated,SLOAD,target_coef
COLD_STORAGE_ACCESS,nethermind,0.0025345425426369964,0.001,0.0023595320253128843,0.0027133643757651354,test_sstore_bloated,SSTORE,target_coef,presets[cold_storage_sstore_access],1.9835188412401517e-05,0.9193875372267674,0.9184501830084739,,False,,253.45425426369962,254,False,False,test_sstore_bloated,SSTORE,target_coef
COLD_STORAGE_ACCESS,nethermind,0.007942480121356928,0.001,0.007416722934750307,0.008456620021350005,test_sstore_bloated,SSTORE,target_coef,presets[cold_storage_sstore_access],1.9590640157245803e-05,0.9205643256342888,0.9196406550021293,,True,,794.2480121356928,795,False,True,test_sstore_bloated,SSTORE,target_coef
COLD_STORAGE_ACCESS,reth,0.005363493973946168,0.001,0.005213772755934744,0.005517984240280031,test_sload_bloated,SLOAD,target_coef,presets[cold_storage_sload],1.1720144131591602e-05,0.9822993734238311,0.9820935521845733,,False,,536.3493973946169,537,False,False,test_sload_bloated,SLOAD,target_coef
COLD_STORAGE_ACCESS,reth,0.005408463171512095,0.001,0.005265628575290418,0.005560631624148182,test_sload_bloated,SLOAD,target_coef,presets[cold_storage_sload],1.1720144131591602e-05,0.9811998225802675,0.9809812158660846,,True,,540.8463171512094,541,False,False,test_sload_bloated,SLOAD,target_coef
COLD_STORAGE_ACCESS,reth,0.005298012903913001,0.001,0.005147088044350182,0.005455808555037454,test_sstore_bloated,SSTORE,target_coef,presets[cold_storage_sstore_access],2.507682409121145e-05,0.9802782640807919,0.9800489415701035,,False,,529.8012903913001,530,False,False,test_sstore_bloated,SSTORE,target_coef
COLD_STORAGE_ACCESS,reth,0.005526529298453528,0.001,0.005377781662225243,0.005678488802909878,test_sstore_bloated,SSTORE,target_coef,presets[cold_storage_sstore_access],2.497670484117375e-05,0.9808539586953248,0.9806313303080612,,True,,552.6529298453528,553,False,True,test_sstore_bloated,SSTORE,target_coef
COLD_STORAGE_WRITE,besu,0.11229818219319983,0.001,0.10457429400000919,0.11897119140017587,test_sstore_bloated,SSTORE,target_coef,presets[cold_storage_sstore_write],0.00010976243808815983,0.9106912081420949,0.9096527338181658,,False,,11229.818219319983,11230,False,True,test_sstore_bloated,SSTORE,target_coef
COLD_STORAGE_WRITE,besu,0.09097031588781225,0.001,0.08729167215457681,0.09416365433623004,test_sstore_bloated,SSTORE,target_coef,presets[cold_storage_sstore_write],0.0001089796034713623,0.9721480799765511,0.9718242204413947,,True,,9097.031588781225,9098,False,False,test_sstore_bloated,SSTORE,target_coef
COLD_STORAGE_WRITE,erigon,0.16732570130248473,0.001,0.16576790582687267,0.16883771429423633,test_sstore_bloated,SSTORE,target_coef,presets[cold_storage_sstore_write],4.94872945449508e-05,0.9976932036648916,0.9976694222593749,,False,,16732.57013024847,16733,False,True,test_sstore_bloated,SSTORE,target_coef
COLD_STORAGE_WRITE,erigon,0.11045563897641789,0.001,0.10971063779663448,0.11116933921179478,test_sstore_bloated,SSTORE,target_coef,presets[cold_storage_sstore_write],4.841765324887661e-05,0.9991569531727424,0.9991482619683377,,True,,11045.563897641789,11046,False,False,test_sstore_bloated,SSTORE,target_coef
COLD_STORAGE_WRITE,ethrex,0.0,1.0,0.0,0.0,test_sstore_bloated,SSTORE,target_coef,presets[cold_storage_sstore_write],2.4769670993252974e-05,0.0,-0.010309278350515427,,False,,0.0,0,True,False,test_sstore_bloated,SSTORE,target_coef
COLD_STORAGE_WRITE,ethrex,0.023739445688450288,0.001,0.021422412003575798,0.025592916114583003,test_sstore_bloated,SSTORE,target_coef,presets[cold_storage_sstore_write],2.4602448714755063e-05,0.7732226921107558,0.770884781720145,,True,,2373.944568845029,2374,False,True,test_sstore_bloated,SSTORE,target_coef
COLD_STORAGE_WRITE,geth,0.1572622933608813,0.001,0.14919886315231817,0.1652643088757452,test_sstore_bloated,SSTORE,target_coef,presets[cold_storage_sstore_write],7.122752106534914e-05,0.9233049530042376,0.9225948136802028,,False,,15726.22933608813,15727,False,True,test_sstore_bloated,SSTORE,target_coef
COLD_STORAGE_WRITE,geth,0.10990875460651939,0.001,0.10788997614981234,0.1119207571504725,test_sstore_bloated,SSTORE,target_coef,presets[cold_storage_sstore_write],7.006801813626191e-05,0.9897353475164444,0.989640304437893,,True,,10990.875460651938,10991,False,False,test_sstore_bloated,SSTORE,target_coef
COLD_STORAGE_WRITE,nethermind,0.07253776523730725,0.001,0.06673465166547358,0.07770654607497537,test_sstore_bloated,SSTORE,target_coef,presets[cold_storage_sstore_write],1.9835188412401517e-05,0.8984159725651752,0.8972347629438401,,False,,7253.776523730725,7254,False,True,test_sstore_bloated,SSTORE,target_coef
COLD_STORAGE_WRITE,nethermind,0.06847286972840948,0.001,0.057358693912334065,0.07894520418311643,test_sstore_bloated,SSTORE,target_coef,presets[cold_storage_sstore_write],1.9590640157245803e-05,0.6495560799582412,0.6454811506554301,,True,,6847.286972840948,6848,False,False,test_sstore_bloated,SSTORE,target_coef
COLD_STORAGE_WRITE,reth,0.1212180940358175,0.001,0.11674933513268576,0.12504781480952123,test_sstore_bloated,SSTORE,target_coef,presets[cold_storage_sstore_write],2.507682409121145e-05,0.9776323075084583,0.9773722180608823,,False,,12121.80940358175,12122,False,True,test_sstore_bloated,SSTORE,target_coef
COLD_STORAGE_WRITE,reth,0.08626509335257923,0.001,0.08136400035698216,0.09037626382754724,test_sstore_bloated,SSTORE,target_coef,presets[cold_storage_sstore_write],2.497670484117375e-05,0.9422301855696567,0.9415584435413968,,True,,8626.509335257922,8627,False,False,test_sstore_bloated,SSTORE,target_coef
WARM_ACCESS,besu,0.00010856558501579983,0.001,9.887244229187853e-05,0.00011870421230534244,test_ext_account_query_warm,BALANCE,target_coef,presets[warm_account_access],1.643817967047961e-05,0.8691628628959249,0.8676415008365752,,,BALANCE,10.856558501579983,11,False,False,test_ext_account_query_warm,BALANCE,target_coef
WARM_ACCESS,besu,0.0006975016170592437,0.001,0.0006631947327917007,0.0007293972784296718,test_ext_account_query_warm,CALL,target_coef,presets[warm_account_access],3.6244711077071954e-05,0.9463893857680341,0.9457660065327786,,,CALL,69.75016170592437,70,False,True,test_ext_account_query_warm,CALL,target_coef
WARM_ACCESS,besu,0.0005938859585473605,0.001,0.0005623489646085856,0.0006254308000290947,test_ext_account_query_warm,CALLCODE,target_coef,presets[warm_account_access],3.6244711077071954e-05,0.9325698366681133,0.9317857650014635,,,CALLCODE,59.38859585473604,60,False,False,test_ext_account_query_warm,CALLCODE,target_coef
WARM_ACCESS,besu,0.0005449851852230461,0.001,0.0005142385244786281,0.000574185543174812,test_ext_account_query_warm,DELEGATECALL,target_coef,presets[warm_account_access],3.311498623901019e-05,0.9271042713626708,0.926256646611074,,,DELEGATECALL,54.498518522304614,55,False,False,test_ext_account_query_warm,DELEGATECALL,target_coef
WARM_ACCESS,besu,0.00011130722129765132,0.001,0.00010123301712178611,0.00012077090461238836,test_ext_account_query_warm,EXTCODEHASH,target_coef,presets[warm_account_access],1.643817967047961e-05,0.896625893179615,0.8954238686817035,,,EXTCODEHASH,11.130722129765132,12,False,False,test_ext_account_query_warm,EXTCODEHASH,target_coef
WARM_ACCESS,besu,0.00016822786229863035,0.001,0.00014936903612892684,0.0001848658636291261,test_ext_account_query_warm,EXTCODESIZE,target_coef,presets[warm_account_access],1.6438228543747486e-05,0.8542602820412217,0.8525656341579801,,,EXTCODESIZE,16.822786229863034,17,False,False,test_ext_account_query_warm,EXTCODESIZE,target_coef
WARM_ACCESS,besu,0.0005643911166017376,0.001,0.0005231373907121132,0.0006021692149205026,test_ext_account_query_warm,STATICCALL,target_coef,presets[warm_account_access],3.311498623901019e-05,0.9264917787766064,0.9256370320181948,,,STATICCALL,56.43911166017376,57,False,False,test_ext_account_query_warm,STATICCALL,target_coef
WARM_ACCESS,besu,0.00022733331112697686,0.001,0.0001691396259320353,0.0002826978578039546,test_sload_same_key_benchmark,SLOAD,target_coef,presets[warm_storage_access_sload],0.0,0.29298119404808265,0.2889178675770946,,,,22.733331112697684,23,True,False,test_sload_same_key_benchmark,SLOAD,target_coef
WARM_ACCESS,erigon,1.4676729577608474e-05,0.001,1.3189729405525846e-05,1.6164610331269553e-05,test_ext_account_query_warm,BALANCE,target_coef,presets[warm_account_access],7.499748853809837e-06,0.8975519553059667,0.8964957898967498,,,BALANCE,1.4676729577608474,2,False,False,test_ext_account_query_warm,BALANCE,target_coef
WARM_ACCESS,erigon,8.706365757925757e-05,0.001,8.393465244689584e-05,9.060538388440223e-05,test_ext_account_query_warm,CALL,target_coef,presets[warm_account_access],2.4000973141001542e-05,0.9740491059188767,0.9737815709283497,,,CALL,8.706365757925756,9,False,True,test_ext_account_query_warm,CALL,target_coef
WARM_ACCESS,erigon,4.82652587319177e-05,0.001,4.6253711520353384e-05,5.048211001720629e-05,test_ext_account_query_warm,CALLCODE,target_coef,presets[warm_account_access],2.4000973141001542e-05,0.9695255071488277,0.9692113371194342,,,CALLCODE,4.826525873191771,5,False,False,test_ext_account_query_warm,CALLCODE,target_coef
WARM_ACCESS,erigon,4.727466684647045e-05,0.001,4.4495835644033435e-05,4.9699407935130066e-05,test_ext_account_query_warm,DELEGATECALL,target_coef,presets[warm_account_access],2.1030095699805255e-05,0.9633069495358229,0.9629286706650582,,,DELEGATECALL,4.7274666846470454,5,False,False,test_ext_account_query_warm,DELEGATECALL,target_coef
WARM_ACCESS,erigon,2.6702376265279963e-05,0.001,2.5366159182287368e-05,2.7949290772962443e-05,test_ext_account_query_warm,EXTCODEHASH,target_coef,presets[warm_account_access],7.499748853809837e-06,0.9659172172163485,0.9655658483216717,,,EXTCODEHASH,2.6702376265279963,3,False,False,test_ext_account_query_warm,EXTCODEHASH,target_coef
WARM_ACCESS,erigon,1.4202701979140085e-05,0.001,1.2518680699965618e-05,1.598805220080679e-05,test_ext_account_query_warm,EXTCODESIZE,target_coef,presets[warm_account_access],7.499795246542916e-06,0.8825535569692522,0.8813427688967703,,,EXTCODESIZE,1.4202701979140087,2,False,False,test_ext_account_query_warm,EXTCODESIZE,target_coef
WARM_ACCESS,erigon,6.142370518641717e-05,0.001,5.9345693887558735e-05,6.352306073379852e-05,test_ext_account_query_warm,STATICCALL,target_coef,presets[warm_account_access],2.1030095699805255e-05,0.9804345316601805,0.9802328258010071,,,STATICCALL,6.142370518641717,7,False,False,test_ext_account_query_warm,STATICCALL,target_coef
WARM_ACCESS,erigon,2.2622064369610836e-05,0.001,2.1729385647172912e-05,2.3532213250304457e-05,test_sload_same_key_benchmark,SLOAD,target_coef,presets[warm_storage_access_sload],0.0,0.9286663424926476,0.9283023952604672,,,,2.2622064369610833,3,False,False,test_sload_same_key_benchmark,SLOAD,target_coef
WARM_ACCESS,ethrex,1.916141958821552e-05,0.001,1.6832043594493362e-05,2.1329464856708176e-05,test_ext_account_query_warm,BALANCE,target_coef,presets[warm_account_access],2.5427144275196252e-06,0.7943626893225965,0.7922427170475717,,,BALANCE,1.916141958821552,2,False,False,test_ext_account_query_warm,BALANCE,target_coef
WARM_ACCESS,ethrex,0.0001205204806656522,0.001,0.00011399307863206007,0.00012756965794388268,test_ext_account_query_warm,CALL,target_coef,presets[warm_account_access],7.4215973407756445e-06,0.9286410803608004,0.9279054213954478,,,CALL,12.05204806656522,13,False,True,test_ext_account_query_warm,CALL,target_coef
WARM_ACCESS,ethrex,0.00011892923549083275,0.001,0.00011051269564572465,0.00012717453074434368,test_ext_account_query_warm,CALLCODE,target_coef,presets[warm_account_access],7.4215973407756445e-06,0.9234162999024126,0.9226267772209942,,,CALLCODE,11.892923549083275,12,False,False,test_ext_account_query_warm,CALLCODE,target_coef
WARM_ACCESS,ethrex,0.00011472894637851846,0.001,0.00010790860331542556,0.00012124260694150112,test_ext_account_query_warm,DELEGATECALL,target_coef,presets[warm_account_access],6.581078248610484e-06,0.9346668784322197,0.9339933410964695,,,DELEGATECALL,11.472894637851844,12,False,False,test_ext_account_query_warm,DELEGATECALL,target_coef
WARM_ACCESS,ethrex,1.9171169909610134e-05,0.001,1.7001096270426698e-05,2.155941798365255e-05,test_ext_account_query_warm,EXTCODEHASH,target_coef,presets[warm_account_access],2.5427144275196252e-06,0.8098121997182597,0.807851500746283,,,EXTCODEHASH,1.9171169909610135,2,False,False,test_ext_account_query_warm,EXTCODEHASH,target_coef
WARM_ACCESS,ethrex,2.0712270631061724e-05,0.001,1.786641254290998e-05,2.3422766025843825e-05,test_ext_account_query_warm,EXTCODESIZE,target_coef,presets[warm_account_access],2.542727552927409e-06,0.7295960316196056,0.7268083618424881,,,EXTCODESIZE,2.071227063106172,3,False,False,test_ext_account_query_warm,EXTCODESIZE,target_coef
WARM_ACCESS,ethrex,0.00011099581240525712,0.001,0.00010416012239319507,0.0001178709465304598,test_ext_account_query_warm,STATICCALL,target_coef,presets[warm_account_access],6.581078248610484e-06,0.9221724824870124,0.9213701369456414,,,STATICCALL,11.099581240525714,12,False,False,test_ext_account_query_warm,STATICCALL,target_coef
WARM_ACCESS,ethrex,3.516267935752008e-05,0.001,3.2904687615335475e-05,3.7492650183550804e-05,test_sload_same_key_benchmark,SLOAD,target_coef,presets[warm_storage_access_sload],0.0,0.8387580336608538,0.8379353705672867,,,,3.5162679357520084,4,False,False,test_sload_same_key_benchmark,SLOAD,target_coef
WARM_ACCESS,geth,3.094897218706817e-05,0.001,2.6934056502466307e-05,3.476496347622509e-05,test_ext_account_query_warm,BALANCE,target_coef,presets[warm_account_access],8.809148827161518e-06,0.8000157432954962,0.7981640372148989,,,BALANCE,3.094897218706817,4,False,False,test_ext_account_query_warm,BALANCE,target_coef
WARM_ACCESS,geth,0.00015827883194112594,0.001,0.00014749129508041835,0.00016926014573663743,test_ext_account_query_warm,CALL,target_coef,presets[warm_account_access],2.6387414903243472e-05,0.9145709608394635,0.9137799512176067,,,CALL,15.827883194112594,16,False,False,test_ext_account_query_warm,CALL,target_coef
WARM_ACCESS,geth,0.0002102886638127187,0.001,0.0001977620314779644,0.00022326910201925901,test_ext_account_query_warm,CALLCODE,target_coef,presets[warm_account_access],2.6387414903243472e-05,0.9351623016997638,0.9345619526414283,,,CALLCODE,21.028866381271868,22,False,True,test_ext_account_query_warm,CALLCODE,target_coef
WARM_ACCESS,geth,0.00017546540526536416,0.001,0.0001655000141649102,0.00018564902889385245,test_ext_account_query_warm,DELEGATECALL,target_coef,presets[warm_account_access],2.322907003998727e-05,0.928022193633381,0.9273557324633197,,,DELEGATECALL,17.54654052653642,18,False,False,test_ext_account_query_warm,DELEGATECALL,target_coef
WARM_ACCESS,geth,5.073602249770781e-05,0.001,4.645143437831051e-05,5.5084009454419144e-05,test_ext_account_query_warm,EXTCODEHASH,target_coef,presets[warm_account_access],8.809148827161518e-06,0.8995856430875245,0.8986558805235201,,,EXTCODEHASH,5.073602249770781,6,False,False,test_ext_account_query_warm,EXTCODEHASH,target_coef
WARM_ACCESS,geth,3.800065859687702e-05,0.001,3.387007485653349e-05,4.267602719416666e-05,test_ext_account_query_warm,EXTCODESIZE,target_coef,presets[warm_account_access],8.809198147355e-06,0.7379180721527376,0.7354913876356334,,,EXTCODESIZE,3.800065859687702,4,False,False,test_ext_account_query_warm,EXTCODESIZE,target_coef
WARM_ACCESS,geth,0.0002041941194677659,0.001,0.00019252011372416057,0.00021699838656460556,test_ext_account_query_warm,STATICCALL,target_coef,presets[warm_account_access],2.322907003998727e-05,0.92681364294106,0.9261359914868105,,,STATICCALL,20.41941194677659,21,False,False,test_ext_account_query_warm,STATICCALL,target_coef
WARM_ACCESS,geth,6.820823761633054e-05,0.001,6.53908825075823e-05,7.114676703922364e-05,test_sload_same_key_benchmark,SLOAD,target_coef,presets[warm_storage_access_sload],0.0,0.9195657513992874,0.9191967869561649,,,,6.820823761633053,7,False,False,test_sload_same_key_benchmark,SLOAD,target_coef
WARM_ACCESS,nethermind,6.716418950092213e-05,0.001,5.910196811393046e-05,7.391708325256759e-05,test_ext_account_query_warm,BALANCE,target_coef,presets[warm_account_access],2.5155744628332763e-06,0.8615761840638755,0.8599666048088043,,,BALANCE,6.716418950092212,7,False,False,test_ext_account_query_warm,BALANCE,target_coef
WARM_ACCESS,nethermind,0.00017383195904523708,0.001,0.00015598263530788975,0.00019123699585541184,test_ext_account_query_warm,CALL,target_coef,presets[warm_account_access],6.159582766782024e-06,0.8135158556886821,0.8113474354059924,,,CALL,17.38319590452371,18,False,False,test_ext_account_query_warm,CALL,target_coef
WARM_ACCESS,nethermind,9.942466673918025e-05,0.001,9.054366778350985e-05,0.00010917807396880598,test_ext_account_query_warm,CALLCODE,target_coef,presets[warm_account_access],6.159582766782024e-06,0.8632708494100847,0.861680975566016,,,CALLCODE,9.942466673918025,10,False,False,test_ext_account_query_warm,CALLCODE,target_coef
WARM_ACCESS,nethermind,0.0003092876326438816,0.001,0.0002773687198201732,0.00034151758705852793,test_ext_account_query_warm,DELEGATECALL,target_coef,presets[warm_account_access],5.516217141144308e-06,0.8160068755113867,0.8138674205754726,,,DELEGATECALL,30.928763264388163,31,False,True,test_ext_account_query_warm,DELEGATECALL,target_coef
WARM_ACCESS,nethermind,0.00013135512629474592,0.001,0.00011792221489995575,0.00014561155050728868,test_ext_account_query_warm,EXTCODEHASH,target_coef,presets[warm_account_access],2.5155744628332763e-06,0.8324800778430276,0.8305321717714349,,,EXTCODEHASH,13.135512629474592,14,False,False,test_ext_account_query_warm,EXTCODEHASH,target_coef
WARM_ACCESS,nethermind,0.0001081987487472171,0.001,9.649637334595832e-05,0.0001195314236970666,test_ext_account_query_warm,EXTCODESIZE,target_coef,presets[warm_account_access],2.5155845095249806e-06,0.824861519361533,0.8228250254006205,,,EXTCODESIZE,10.81987487472171,11,False,False,test_ext_account_query_warm,EXTCODESIZE,target_coef
WARM_ACCESS,nethermind,0.00015995158074477795,0.001,0.00013919922075087288,0.00017913703404076815,test_ext_account_query_warm,STATICCALL,target_coef,presets[warm_account_access],5.516217141144308e-06,0.8052839568023469,0.8030198167651649,,,STATICCALL,15.995158074477795,16,False,False,test_ext_account_query_warm,STATICCALL,target_coef
WARM_ACCESS,nethermind,6.697136772794893e-05,0.001,6.108785070905208e-05,7.234994939532072e-05,test_sload_same_key_benchmark,SLOAD,target_coef,presets[warm_storage_access_sload],0.0,0.7489627423089489,0.7475199994486554,,,,6.6971367727948925,7,False,False,test_sload_same_key_benchmark,SLOAD,target_coef
WARM_ACCESS,reth,1.466934248305028e-05,0.001,1.3051958017003805e-05,1.6140577864099665e-05,test_ext_account_query_warm,BALANCE,target_coef,presets[warm_account_access],2.7396403391266745e-06,0.839721429760165,0.8378577254550506,,,BALANCE,1.466934248305028,2,False,False,test_ext_account_query_warm,BALANCE,target_coef
WARM_ACCESS,reth,7.195661504744932e-05,0.001,6.833873359928918e-05,7.578219271852033e-05,test_ext_account_query_warm,CALL,target_coef,presets[warm_account_access],6.9193650529619356e-06,0.9520905707580134,0.9515334843714787,,,CALL,7.1956615047449315,8,False,False,test_ext_account_query_warm,CALL,target_coef
WARM_ACCESS,reth,7.208276366760905e-05,0.001,6.864792882263612e-05,7.540798415570052e-05,test_ext_account_query_warm,CALLCODE,target_coef,presets[warm_account_access],6.9193650529619356e-06,0.9560914169603626,0.9555808520412971,,,CALLCODE,7.208276366760905,8,False,True,test_ext_account_query_warm,CALLCODE,target_coef
WARM_ACCESS,reth,6.651517633349056e-05,0.001,6.285793491736982e-05,7.046322963020616e-05,test_ext_account_query_warm,DELEGATECALL,target_coef,presets[warm_account_access],6.226833744503129e-06,0.9414444084270569,0.9407635294552785,,,DELEGATECALL,6.651517633349055,7,False,False,test_ext_account_query_warm,DELEGATECALL,target_coef
WARM_ACCESS,reth,1.7038873713056377e-05,0.001,1.5204500474945065e-05,1.9055121778867274e-05,test_ext_account_query_warm,EXTCODEHASH,target_coef,presets[warm_account_access],2.7396403391266745e-06,0.8575239464232731,0.8558672481258693,,,EXTCODEHASH,1.7038873713056377,2,False,False,test_ext_account_query_warm,EXTCODEHASH,target_coef
WARM_ACCESS,reth,1.3655107999579698e-05,0.001,1.1932644598462593e-05,1.5601350262963173e-05,test_ext_account_query_warm,EXTCODESIZE,target_coef,presets[warm_account_access],2.7396511535815884e-06,0.8030140532841114,0.8007235190199731,,,EXTCODESIZE,1.3655107999579699,2,False,False,test_ext_account_query_warm,EXTCODESIZE,target_coef
WARM_ACCESS,reth,7.101076844560913e-05,0.001,6.649654495306376e-05,7.620169648352478e-05,test_ext_account_query_warm,STATICCALL,target_coef,presets[warm_account_access],6.226833744503129e-06,0.9456057947503694,0.9449733039916528,,,STATICCALL,7.101076844560913,8,False,False,test_ext_account_query_warm,STATICCALL,target_coef
WARM_ACCESS,reth,1.1309989719890595e-05,0.001,1.0430304070363271e-05,1.2188013327383355e-05,test_sload_same_key_benchmark,SLOAD,target_coef,presets[warm_storage_access_sload],0.0,0.7740945783926689,0.7727962713719372,,,,1.1309989719890596,2,False,False,test_sload_same_key_benchmark,SLOAD,target_coef
COLD_ACCOUNT_NOCODE_ACCESS,besu,0.01586535345597897,0.001,0.015565528414807933,0.016202325414599573,test_account_access,BALANCE,target_coef,presets[cold_account_nocode_access],0.000187735479669216,0.9809520169611053,0.9808425457942151,AccountMode.EXISTING_EOA,,BALANCE,1586.535345597897,1587,False,False,test_account_access,BALANCE,target_coef
COLD_ACCOUNT_NOCODE_ACCESS,besu,0.015184607551630978,0.001,0.014842883579503531,0.015496501772693214,test_account_access,BALANCE,target_coef,presets[cold_account_nocode_access],0.000187735479669216,0.9796936974285729,0.9795769945402314,AccountMode.NON_EXISTING_ACCOUNT,,BALANCE,1518.4607551630977,1519,False,False,test_account_access,BALANCE,target_coef
COLD_ACCOUNT_NOCODE_ACCESS,besu,0.01829366538787125,0.001,0.017876413949337762,0.018705863689869543,test_account_access,CALL,target_coef,presets[cold_account_nocode_access],0.00041513632645234506,0.9788322493011162,0.9787105955614674,AccountMode.EXISTING_EOA,,CALL,1829.366538787125,1830,False,False,test_account_access,CALL,target_coef
COLD_ACCOUNT_NOCODE_ACCESS,besu,0.018846590660903266,0.001,0.01842281781524804,0.019272262402540596,test_account_access,CALL,target_coef,presets[cold_account_nocode_access],0.00041514062660584006,0.9775850383246241,0.9774562167058001,AccountMode.NON_EXISTING_ACCOUNT,,CALL,1884.6590660903266,1885,False,True,test_account_access,CALL,target_coef
COLD_ACCOUNT_NOCODE_ACCESS,besu,0.016995936080274714,0.001,0.016633113435851173,0.017308411759128305,test_account_access,CALLCODE,target_coef,presets[cold_account_nocode_access],0.00041513632645234506,0.9835097624183627,0.9834149909380085,AccountMode.EXISTING_EOA,,CALLCODE,1699.5936080274714,1700,False,False,test_account_access,CALLCODE,target_coef
COLD_ACCOUNT_NOCODE_ACCESS,besu,0.015330911608665374,0.001,0.014964882141535584,0.015735123854287627,test_account_access,CALLCODE,target_coef,presets[cold_account_nocode_access],0.00041513632645234506,0.9706962630389916,0.9705278507576065,AccountMode.NON_EXISTING_ACCOUNT,,CALLCODE,1533.0911608665374,1534,False,False,test_account_access,CALLCODE,target_coef
COLD_ACCOUNT_NOCODE_ACCESS,besu,0.0171701753179225,0.001,0.01678290454313277,0.017538071386875995,test_account_access,DELEGATECALL,target_coef,presets[cold_account_nocode_access],0.000204411905051316,0.9799073034352763,0.979791828167663,AccountMode.EXISTING_EOA,,DELEGATECALL,1717.0175317922499,1718,False,False,test_account_access,DELEGATECALL,target_coef
COLD_ACCOUNT_NOCODE_ACCESS,besu,0.01547337123415914,0.001,0.015057488813064245,0.015868621230806672,test_account_access,DELEGATECALL,target_coef,presets[cold_account_nocode_access],0.000204411905051316,0.9719091637757398,0.971747722188244,AccountMode.NON_EXISTING_ACCOUNT,,DELEGATECALL,1547.337123415914,1548,False,False,test_account_access,DELEGATECALL,target_coef
COLD_ACCOUNT_NOCODE_ACCESS,besu,0.01661173242060826,0.001,0.016283334310471916,0.0169616199318767,test_account_access,EXTCODECOPY,target_coef,presets[cold_account_nocode_access],0.0001971265729203621,0.9836865654556719,0.9835928100847275,AccountMode.EXISTING_EOA,,EXTCODECOPY,1661.1732420608262,1662,False,False,test_account_access,EXTCODECOPY,target_coef
COLD_ACCOUNT_NOCODE_ACCESS,besu,0.015321454542565996,0.001,0.015017127253526316,0.01565554404522304,test_account_access,EXTCODECOPY,target_coef,presets[cold_account_nocode_access],0.0001971265729203621,0.9793526771297221,0.9792340143546056,AccountMode.NON_EXISTING_ACCOUNT,,EXTCODECOPY,1532.1454542565996,1533,False,False,test_account_access,EXTCODECOPY,target_coef
COLD_ACCOUNT_NOCODE_ACCESS,besu,0.016222365758299943,0.001,0.015944296240577718,0.016511317584374696,test_account_access,EXTCODEHASH,target_coef,presets[cold_account_nocode_access],0.000187735479669216,0.983723941217494,0.9836304006497784,AccountMode.EXISTING_EOA,,EXTCODEHASH,1622.236575829994,1623,False,False,test_account_access,EXTCODEHASH,target_coef
COLD_ACCOUNT_NOCODE_ACCESS,besu,0.015373178153790178,0.001,0.015035099455979539,0.015708244391213988,test_account_access,EXTCODEHASH,target_coef,presets[cold_account_nocode_access],0.000187735479669216,0.9807204892141576,0.980609687428032,AccountMode.NON_EXISTING_ACCOUNT,,EXTCODEHASH,1537.3178153790177,1538,False,False,test_account_access,EXTCODEHASH,target_coef
COLD_ACCOUNT_NOCODE_ACCESS,besu,0.016426658361140486,0.001,0.01612924410545642,0.016756354070235003,test_account_access,EXTCODESIZE,target_coef,presets[cold_account_nocode_access],0.00018773595048097235,0.9842506713811467,0.9841601579982798,AccountMode.EXISTING_EOA,,EXTCODESIZE,1642.6658361140485,1643,False,False,test_account_access,EXTCODESIZE,target_coef
COLD_ACCOUNT_NOCODE_ACCESS,besu,0.01523241434678118,0.001,0.014922163425699022,0.015556759731095715,test_account_access,EXTCODESIZE,target_coef,presets[cold_account_nocode_access],0.00018773595048097235,0.9816478241709145,0.9815423518960347,AccountMode.NON_EXISTING_ACCOUNT,,EXTCODESIZE,1523.241434678118,1524,False,False,test_account_access,EXTCODESIZE,target_coef
COLD_ACCOUNT_NOCODE_ACCESS,besu,0.01841796691936849,0.001,0.01802240641786386,0.018827969263948675,test_account_access,STATICCALL,target_coef,presets[cold_account_nocode_access],0.000204411905051316,0.9806867542473435,0.9805757585820983,AccountMode.EXISTING_EOA,,STATICCALL,1841.796691936849,1842,False,False,test_account_access,STATICCALL,target_coef
COLD_ACCOUNT_NOCODE_ACCESS,besu,0.018808740308627916,0.001,0.018424143488383737,0.01918621493773338,test_account_access,STATICCALL,target_coef,presets[cold_account_nocode_access],0.000204411905051316,0.9785132874283982,0.9783898005745384,AccountMode.NON_EXISTING_ACCOUNT,,STATICCALL,1880.8740308627914,1881,False,False,test_account_access,STATICCALL,target_coef
COLD_ACCOUNT_NOCODE_ACCESS,erigon,0.0038580044130721762,0.001,0.003814909178088301,0.003905830458402301,test_account_access,BALANCE,target_coef,presets[cold_account_nocode_access],4.4081921783849697e-05,0.9931324766181469,0.9930974382335456,AccountMode.EXISTING_EOA,,BALANCE,385.8004413072176,386,False,False,test_account_access,BALANCE,target_coef
COLD_ACCOUNT_NOCODE_ACCESS,erigon,0.0035297705314818796,0.001,0.0034668565262528255,0.003613154187492709,test_account_access,BALANCE,target_coef,presets[cold_account_nocode_access],4.4081921783849697e-05,0.9853633791251057,0.9852887024879889,AccountMode.NON_EXISTING_ACCOUNT,,BALANCE,352.9770531481879,353,False,False,test_account_access,BALANCE,target_coef
COLD_ACCOUNT_NOCODE_ACCESS,erigon,0.00422036283943919,0.001,0.004155111389433941,0.004285839675368973,test_account_access,CALL,target_coef,presets[cold_account_nocode_access],0.00012117740948592951,0.9883516960548536,0.9882922659326845,AccountMode.EXISTING_EOA,,CALL,422.036283943919,423,False,True,test_account_access,CALL,target_coef
COLD_ACCOUNT_NOCODE_ACCESS,erigon,0.0036449475799884986,0.001,0.0035970983101819634,0.0036897218238074576,test_account_access,CALL,target_coef,presets[cold_account_nocode_access],0.00012117838699699612,0.990216259130067,0.9901663420848121,AccountMode.NON_EXISTING_ACCOUNT,,CALL,364.4947579988498,365,False,False,test_account_access,CALL,target_coef
COLD_ACCOUNT_NOCODE_ACCESS,erigon,0.0037082186993676928,0.001,0.0036567707127476627,0.0037626536168091696,test_account_access,CALLCODE,target_coef,presets[cold_account_nocode_access],0.00012117740948592951,0.9892546036649833,0.9891997802142944,AccountMode.EXISTING_EOA,,CALLCODE,370.8218699367693,371,False,False,test_account_access,CALLCODE,target_coef
COLD_ACCOUNT_NOCODE_ACCESS,erigon,0.003375324325438708,0.001,0.003334440035747846,0.0034204844448443676,test_account_access,CALLCODE,target_coef,presets[cold_account_nocode_access],0.00012117740948592951,0.9910287095611496,0.9909829376711555,AccountMode.NON_EXISTING_ACCOUNT,,CALLCODE,337.5324325438708,338,False,False,test_account_access,CALLCODE,target_coef
COLD_ACCOUNT_NOCODE_ACCESS,erigon,0.00372309467837795,0.001,0.00367748850531165,0.0037728426886182603,test_account_access,DELEGATECALL,target_coef,presets[cold_account_nocode_access],5.7611859258663185e-05,0.9927439559856434,0.9927069353529171,AccountMode.EXISTING_EOA,,DELEGATECALL,372.30946783779495,373,False,False,test_account_access,DELEGATECALL,target_coef
COLD_ACCOUNT_NOCODE_ACCESS,erigon,0.003393109784440273,0.001,0.003353690128858475,0.0034363159037234694,test_account_access,DELEGATECALL,target_coef,presets[cold_account_nocode_access],5.7611859258663185e-05,0.9883198030561143,0.9882602102145639,AccountMode.NON_EXISTING_ACCOUNT,,DELEGATECALL,339.3109784440273,340,False,False,test_account_access,DELEGATECALL,target_coef
COLD_ACCOUNT_NOCODE_ACCESS,erigon,0.0035584708350996515,0.001,0.0035147649767411863,0.003599241632380105,test_account_access,EXTCODECOPY,target_coef,presets[cold_account_nocode_access],5.2995685231040675e-05,0.9913029570688636,0.9912585844008476,AccountMode.EXISTING_EOA,,EXTCODECOPY,355.84708350996516,356,False,False,test_account_access,EXTCODECOPY,target_coef
COLD_ACCOUNT_NOCODE_ACCESS,erigon,0.003332829416287008,0.001,0.0032957033500473944,0.00337110183963341,test_account_access,EXTCODECOPY,target_coef,presets[cold_account_nocode_access],5.2995685231040675e-05,0.9922477635589602,0.9922082113322201,AccountMode.NON_EXISTING_ACCOUNT,,EXTCODECOPY,333.2829416287008,334,False,False,test_account_access,EXTCODECOPY,target_coef
COLD_ACCOUNT_NOCODE_ACCESS,erigon,0.004047381567953272,0.001,0.003990376751519439,0.004103211837711873,test_account_access,EXTCODEHASH,target_coef,presets[cold_account_nocode_access],4.4081921783849697e-05,0.9894160234438814,0.989362023563493,AccountMode.EXISTING_EOA,,EXTCODEHASH,404.7381567953272,405,False,False,test_account_access,EXTCODEHASH,target_coef
COLD_ACCOUNT_NOCODE_ACCESS,erigon,0.0033662640688905446,0.001,0.0033125495247330384,0.003423662426371681,test_account_access,EXTCODEHASH,target_coef,presets[cold_account_nocode_access],4.4081921783849697e-05,0.9850429903346561,0.9849666790608533,AccountMode.NON_EXISTING_ACCOUNT,,EXTCODEHASH,336.62640688905446,337,False,False,test_account_access,EXTCODEHASH,target_coef
COLD_ACCOUNT_NOCODE_ACCESS,erigon,0.003664627402623929,0.001,0.0036049893188655575,0.0037428336052685324,test_account_access,EXTCODESIZE,target_coef,presets[cold_account_nocode_access],4.4082028808797215e-05,0.9883499016919413,0.9882904624148593,AccountMode.EXISTING_EOA,,EXTCODESIZE,366.4627402623929,367,False,False,test_account_access,EXTCODESIZE,target_coef
COLD_ACCOUNT_NOCODE_ACCESS,erigon,0.003283813220251199,0.001,0.0032423928428968536,0.0033324456565852543,test_account_access,EXTCODESIZE,target_coef,presets[cold_account_nocode_access],4.4082028808797215e-05,0.9894588650925772,0.9894050837920291,AccountMode.NON_EXISTING_ACCOUNT,,EXTCODESIZE,328.38132202511986,329,False,False,test_account_access,EXTCODESIZE,target_coef
COLD_ACCOUNT_NOCODE_ACCESS,erigon,0.0041643177250333336,0.001,0.00412002041240409,0.004207273105145986,test_account_access,STATICCALL,target_coef,presets[cold_account_nocode_access],5.7611859258663185e-05,0.9899516286861489,0.989900361485568,AccountMode.EXISTING_EOA,,STATICCALL,416.4317725033333,417,False,False,test_account_access,STATICCALL,target_coef
COLD_ACCOUNT_NOCODE_ACCESS,erigon,0.004199907964371698,0.001,0.004157692475527537,0.004249687166224938,test_account_access,STATICCALL,target_coef,presets[cold_account_nocode_access],5.7611859258663185e-05,0.9927687295662088,0.9927318353293016,AccountMode.NON_EXISTING_ACCOUNT,,STATICCALL,419.9907964371698,420,False,False,test_account_access,STATICCALL,target_coef
COLD_ACCOUNT_NOCODE_ACCESS,ethrex,0.015739396219837387,0.001,0.012788508803413957,0.01708098390163428,test_account_access,BALANCE,target_coef,presets[cold_account_nocode_access],2.273242245498568e-05,0.39802866408216864,0.3949573817560572,AccountMode.EXISTING_EOA,,BALANCE,1573.9396219837386,1574,True,False,test_account_access,BALANCE,target_coef
COLD_ACCOUNT_NOCODE_ACCESS,ethrex,0.002502590833966489,0.001,0.0024040508007305236,0.0026004016256404206,test_account_access,BALANCE,target_coef,presets[cold_account_nocode_access],2.273242245498568e-05,0.9286935480492904,0.9283297396209704,AccountMode.NON_EXISTING_ACCOUNT,,BALANCE,250.2590833966489,251,False,False,test_account_access,BALANCE,target_coef
COLD_ACCOUNT_NOCODE_ACCESS,ethrex,0.015812871555506453,0.001,0.012821990041572303,0.017304150997218354,test_account_access,CALL,target_coef,presets[cold_account_nocode_access],5.522980647968389e-05,0.39321989784304856,0.39012408099530904,AccountMode.EXISTING_EOA,,CALL,1581.2871555506451,1582,True,False,test_account_access,CALL,target_coef
COLD_ACCOUNT_NOCODE_ACCESS,ethrex,0.0025715731080683557,0.001,0.0024859922608831938,0.0026582159432664387,test_account_access,CALL,target_coef,presets[cold_account_nocode_access],5.523040936342469e-05,0.952970775046922,0.9527308300216512,AccountMode.NON_EXISTING_ACCOUNT,,CALL,257.15731080683554,258,False,False,test_account_access,CALL,target_coef
COLD_ACCOUNT_NOCODE_ACCESS,ethrex,0.015847899852121535,0.001,0.012915635734472025,0.017266075255557633,test_account_access,CALLCODE,target_coef,presets[cold_account_nocode_access],5.522980647968389e-05,0.39198661065522233,0.38888450152591225,AccountMode.EXISTING_EOA,,CALLCODE,1584.7899852121536,1585,True,False,test_account_access,CALLCODE,target_coef
COLD_ACCOUNT_NOCODE_ACCESS,ethrex,0.0025477592835110056,0.001,0.002462541682271881,0.00264263528857867,test_account_access,CALLCODE,target_coef,presets[cold_account_nocode_access],5.522980647968389e-05,0.9530078141820535,0.952768058131962,AccountMode.NON_EXISTING_ACCOUNT,,CALLCODE,254.77592835110056,255,False,False,test_account_access,CALLCODE,target_coef
COLD_ACCOUNT_NOCODE_ACCESS,ethrex,0.01584243504397749,0.001,0.012972122814612722,0.017325609596318545,test_account_access,DELEGATECALL,target_coef,presets[cold_account_nocode_access],2.6770675453420087e-05,0.3931602055005071,0.3900640840999995,AccountMode.EXISTING_EOA,,DELEGATECALL,1584.243504397749,1585,True,False,test_account_access,DELEGATECALL,target_coef
COLD_ACCOUNT_NOCODE_ACCESS,ethrex,0.002588939859003023,0.001,0.0024987895327936807,0.002668333492550867,test_account_access,DELEGATECALL,target_coef,presets[cold_account_nocode_access],2.6770675453420087e-05,0.9540883560867677,0.9538541130055778,AccountMode.NON_EXISTING_ACCOUNT,,DELEGATECALL,258.8939859003023,259,False,False,test_account_access,DELEGATECALL,target_coef
COLD_ACCOUNT_NOCODE_ACCESS,ethrex,0.015985190949870998,0.001,0.013176994476037747,0.017304901063920703,test_account_access,EXTCODECOPY,target_coef,presets[cold_account_nocode_access],2.5254372303753743e-05,0.39271397476240677,0.3896155766744598,AccountMode.EXISTING_EOA,,EXTCODECOPY,1598.5190949870998,1599,True,False,test_account_access,EXTCODECOPY,target_coef
COLD_ACCOUNT_NOCODE_ACCESS,ethrex,0.00248985601104278,0.001,0.002402801632399802,0.0025789424681062706,test_account_access,EXTCODECOPY,target_coef,presets[cold_account_nocode_access],2.5254372303753743e-05,0.9455231068711994,0.9452451635389096,AccountMode.NON_EXISTING_ACCOUNT,,EXTCODECOPY,248.985601104278,249,False,False,test_account_access,EXTCODECOPY,target_coef
COLD_ACCOUNT_NOCODE_ACCESS,ethrex,0.015760623986415968,0.001,0.01304337483819822,0.017170693400351496,test_account_access,EXTCODEHASH,target_coef,presets[cold_account_nocode_access],2.273242245498568e-05,0.3908224469247278,0.3877143981845479,AccountMode.EXISTING_EOA,,EXTCODEHASH,1576.0623986415967,1577,True,False,test_account_access,EXTCODEHASH,target_coef
COLD_ACCOUNT_NOCODE_ACCESS,ethrex,0.0024895467106985023,0.001,0.0024013913325529753,0.002584388504972319,test_account_access,EXTCODEHASH,target_coef,presets[cold_account_nocode_access],2.273242245498568e-05,0.9434823572247429,0.943194001904461,AccountMode.NON_EXISTING_ACCOUNT,,EXTCODEHASH,248.9546710698502,249,False,False,test_account_access,EXTCODEHASH,target_coef
COLD_ACCOUNT_NOCODE_ACCESS,ethrex,0.015789357439686694,0.001,0.012784114380202325,0.0173187050975952,test_account_access,EXTCODESIZE,target_coef,presets[cold_account_nocode_access],2.2732488463037063e-05,0.3847338917172617,0.3815947789199008,AccountMode.EXISTING_EOA,,EXTCODESIZE,1578.9357439686694,1579,True,False,test_account_access,EXTCODESIZE,target_coef
COLD_ACCOUNT_NOCODE_ACCESS,ethrex,0.0025420648683561684,0.001,0.0024583927173424643,0.002634943242255593,test_account_access,EXTCODESIZE,target_coef,presets[cold_account_nocode_access],2.2732488463037063e-05,0.9359139403440611,0.935586970651939,AccountMode.NON_EXISTING_ACCOUNT,,EXTCODESIZE,254.20648683561686,255,False,False,test_account_access,EXTCODESIZE,target_coef
COLD_ACCOUNT_NOCODE_ACCESS,ethrex,0.01592857191766847,0.001,0.013163021778736189,0.017448869053099877,test_account_access,STATICCALL,target_coef,presets[cold_account_nocode_access],2.6770675453420087e-05,0.38816555776986705,0.38504395347277454,AccountMode.EXISTING_EOA,,STATICCALL,1592.857191766847,1593,True,False,test_account_access,STATICCALL,target_coef
COLD_ACCOUNT_NOCODE_ACCESS,ethrex,0.002589708568925481,0.001,0.002501012026740947,0.0026722773611693408,test_account_access,STATICCALL,target_coef,presets[cold_account_nocode_access],2.6770675453420087e-05,0.9528005344463224,0.9525597208465587,AccountMode.NON_EXISTING_ACCOUNT,,STATICCALL,258.9708568925481,259,False,True,test_account_access,STATICCALL,target_coef
COLD_ACCOUNT_NOCODE_ACCESS,geth,0.020803907439954812,0.001,0.020428023442846555,0.02120573920825756,test_account_access,BALANCE,target_coef,presets[cold_account_nocode_access],6.8932916013311e-05,0.9781534257635414,0.9780532121202549,AccountMode.EXISTING_EOA,,BALANCE,2080.390743995481,2081,False,False,test_account_access,BALANCE,target_coef
COLD_ACCOUNT_NOCODE_ACCESS,geth,0.019687897399989777,0.001,0.019214242235425744,0.020195789254759768,test_account_access,BALANCE,target_coef,presets[cold_account_nocode_access],6.8932916013311e-05,0.9704325355405234,0.9702969049696084,AccountMode.NON_EXISTING_ACCOUNT,,BALANCE,1968.7897399989777,1969,False,False,test_account_access,BALANCE,target_coef
COLD_ACCOUNT_NOCODE_ACCESS,geth,0.020942327735537357,0.001,0.02054337725419187,0.021361297683968994,test_account_access,CALL,target_coef,presets[cold_account_nocode_access],0.0001730460834796178,0.9809577708420519,0.9808704211670155,AccountMode.EXISTING_EOA,,CALL,2094.2327735537356,2095,False,False,test_account_access,CALL,target_coef
COLD_ACCOUNT_NOCODE_ACCESS,geth,0.02019876573923836,0.001,0.019822684195743928,0.020550168972847352,test_account_access,CALL,target_coef,presets[cold_account_nocode_access],0.0001730480814432536,0.979033887935277,0.978937713109292,AccountMode.NON_EXISTING_ACCOUNT,,CALL,2019.8765739238358,2020,False,False,test_account_access,CALL,target_coef
COLD_ACCOUNT_NOCODE_ACCESS,geth,0.02090654071128083,0.001,0.020563918060580954,0.02124500075082579,test_account_access,CALLCODE,target_coef,presets[cold_account_nocode_access],0.0001730460834796178,0.9817087403074285,0.9816248354464534,AccountMode.EXISTING_EOA,,CALLCODE,2090.654071128083,2091,False,False,test_account_access,CALLCODE,target_coef
COLD_ACCOUNT_NOCODE_ACCESS,geth,0.020914740014998216,0.001,0.02054940805330661,0.021280051702347844,test_account_access,CALLCODE,target_coef,presets[cold_account_nocode_access],0.0001730460834796178,0.9815181302504505,0.9814333510314159,AccountMode.NON_EXISTING_ACCOUNT,,CALLCODE,2091.4740014998215,2092,False,False,test_account_access,CALLCODE,target_coef
COLD_ACCOUNT_NOCODE_ACCESS,geth,0.02134293394018336,0.001,0.020970009719528268,0.021715651716270188,test_account_access,DELEGATECALL,target_coef,presets[cold_account_nocode_access],8.335241670276428e-05,0.9811021175642578,0.9810154300301489,AccountMode.EXISTING_EOA,,DELEGATECALL,2134.293394018336,2135,False,False,test_account_access,DELEGATECALL,target_coef
COLD_ACCOUNT_NOCODE_ACCESS,geth,0.021186925736803388,0.001,0.020810231467557415,0.021560617165555403,test_account_access,DELEGATECALL,target_coef,presets[cold_account_nocode_access],8.335241670276428e-05,0.9809045568606758,0.9808169630848074,AccountMode.NON_EXISTING_ACCOUNT,,DELEGATECALL,2118.692573680339,2119,False,False,test_account_access,DELEGATECALL,target_coef
COLD_ACCOUNT_NOCODE_ACCESS,geth,0.021260677425430315,0.001,0.020839981996601278,0.02166985301892817,test_account_access,EXTCODECOPY,target_coef,presets[cold_account_nocode_access],7.840936627503382e-05,0.9808418149946552,0.9807539334120619,AccountMode.EXISTING_EOA,,EXTCODECOPY,2126.0677425430313,2127,False,False,test_account_access,EXTCODECOPY,target_coef
COLD_ACCOUNT_NOCODE_ACCESS,geth,0.02028704954556483,0.001,0.019884024244313854,0.020705253134239748,test_account_access,EXTCODECOPY,target_coef,presets[cold_account_nocode_access],7.840936627503382e-05,0.9760207074676461,0.9759107107129106,AccountMode.NON_EXISTING_ACCOUNT,,EXTCODECOPY,2028.704954556483,2029,False,False,test_account_access,EXTCODECOPY,target_coef
COLD_ACCOUNT_NOCODE_ACCESS,geth,0.02090256173498369,0.001,0.020525256017863362,0.021289761014713086,test_account_access,EXTCODEHASH,target_coef,presets[cold_account_nocode_access],6.8932916013311e-05,0.9811475518700422,0.9810610727501801,AccountMode.EXISTING_EOA,,EXTCODEHASH,2090.2561734983688,2091,False,False,test_account_access,EXTCODEHASH,target_coef
COLD_ACCOUNT_NOCODE_ACCESS,geth,0.020064009694059033,0.001,0.019656577916543003,0.020454663264868597,test_account_access,EXTCODEHASH,target_coef,presets[cold_account_nocode_access],6.8932916013311e-05,0.9771758548102883,0.9770711568965741,AccountMode.NON_EXISTING_ACCOUNT,,EXTCODEHASH,2006.4009694059032,2007,False,False,test_account_access,EXTCODEHASH,target_coef
COLD_ACCOUNT_NOCODE_ACCESS,geth,0.021024555643612323,0.001,0.02066409954466482,0.021378059306726354,test_account_access,EXTCODESIZE,target_coef,presets[cold_account_nocode_access],6.893313476475082e-05,0.9816231897614489,0.9815388924667766,AccountMode.EXISTING_EOA,,EXTCODESIZE,2102.4555643612325,2103,False,False,test_account_access,EXTCODESIZE,target_coef
COLD_ACCOUNT_NOCODE_ACCESS,geth,0.020319607948185735,0.001,0.019896343562159573,0.020747676668068538,test_account_access,EXTCODESIZE,target_coef,presets[cold_account_nocode_access],6.893313476475082e-05,0.9728108804749963,0.9726861597432302,AccountMode.NON_EXISTING_ACCOUNT,,EXTCODESIZE,2031.9607948185735,2032,False,False,test_account_access,EXTCODESIZE,target_coef
COLD_ACCOUNT_NOCODE_ACCESS,geth,0.021147693003488954,0.001,0.020761761322352558,0.021517459004775828,test_account_access,STATICCALL,target_coef,presets[cold_account_nocode_access],8.335241670276428e-05,0.9824011298061779,0.9823204010438209,AccountMode.EXISTING_EOA,,STATICCALL,2114.7693003488957,2115,False,False,test_account_access,STATICCALL,target_coef
COLD_ACCOUNT_NOCODE_ACCESS,geth,0.021441697513213676,0.001,0.02105467629144639,0.021815504878869536,test_account_access,STATICCALL,target_coef,presets[cold_account_nocode_access],8.335241670276428e-05,0.9819180130235773,0.9818350681291901,AccountMode.NON_EXISTING_ACCOUNT,,STATICCALL,2144.1697513213676,2145,False,True,test_account_access,STATICCALL,target_coef
COLD_ACCOUNT_NOCODE_ACCESS,nethermind,0.0031562360170901975,0.001,0.0030514463354114033,0.003254904510778595,test_account_access,BALANCE,target_coef,presets[cold_account_nocode_access],2.0839541953663358e-05,0.9602116109743054,0.9599829420718589,AccountMode.EXISTING_EOA,,BALANCE,315.62360170901974,316,False,False,test_account_access,BALANCE,target_coef
COLD_ACCOUNT_NOCODE_ACCESS,nethermind,0.0028562522311422144,0.001,0.002777248929258538,0.0029441357487481217,test_account_access,BALANCE,target_coef,presets[cold_account_nocode_access],2.0839541953663358e-05,0.9651200156753265,0.9649195559952995,AccountMode.NON_EXISTING_ACCOUNT,,BALANCE,285.6252231142214,286,False,False,test_account_access,BALANCE,target_coef
COLD_ACCOUNT_NOCODE_ACCESS,nethermind,0.0034158518726100737,0.001,0.003322388124100452,0.0035096966104886753,test_account_access,CALL,target_coef,presets[cold_account_nocode_access],4.897336370890739e-05,0.9637138671784311,0.9635053261852037,AccountMode.EXISTING_EOA,,CALL,341.5851872610074,342,False,False,test_account_access,CALL,target_coef
COLD_ACCOUNT_NOCODE_ACCESS,nethermind,0.003055105789005433,0.001,0.002965647237618039,0.0031492007339460563,test_account_access,CALL,target_coef,presets[cold_account_nocode_access],4.897388603038906e-05,0.9689218996552738,0.9687432898831776,AccountMode.NON_EXISTING_ACCOUNT,,CALL,305.5105789005433,306,False,False,test_account_access,CALL,target_coef
COLD_ACCOUNT_NOCODE_ACCESS,nethermind,0.003274109279141141,0.001,0.0031793712293934247,0.003377072051834983,test_account_access,CALLCODE,target_coef,presets[cold_account_nocode_access],4.897336370890739e-05,0.9623195398256486,0.9621029854568305,AccountMode.EXISTING_EOA,,CALLCODE,327.4109279141141,328,False,False,test_account_access,CALLCODE,target_coef
COLD_ACCOUNT_NOCODE_ACCESS,nethermind,0.002875938879127884,0.001,0.0027902473443237514,0.0029685466045335004,test_account_access,CALLCODE,target_coef,presets[cold_account_nocode_access],4.897336370890739e-05,0.9592301835142599,0.958995874224112,AccountMode.NON_EXISTING_ACCOUNT,,CALLCODE,287.5938879127884,288,False,False,test_account_access,CALLCODE,target_coef
COLD_ACCOUNT_NOCODE_ACCESS,nethermind,0.0035360545874636375,0.001,0.0034235924784407883,0.0036444049099241473,test_account_access,DELEGATECALL,target_coef,presets[cold_account_nocode_access],2.3840100735750168e-05,0.9629737111916901,0.9627609164284239,AccountMode.EXISTING_EOA,,DELEGATECALL,353.60545874636375,354,False,True,test_account_access,DELEGATECALL,target_coef
COLD_ACCOUNT_NOCODE_ACCESS,nethermind,0.0031826448106575442,0.001,0.003082214271751166,0.0032689195124238923,test_account_access,DELEGATECALL,target_coef,presets[cold_account_nocode_access],2.3840100735750168e-05,0.9644480798106528,0.9642437584302543,AccountMode.NON_EXISTING_ACCOUNT,,DELEGATECALL,318.2644810657544,319,False,False,test_account_access,DELEGATECALL,target_coef
COLD_ACCOUNT_NOCODE_ACCESS,nethermind,0.0033048886008593104,0.001,0.0032044435627309035,0.0034099345411132166,test_account_access,EXTCODECOPY,target_coef,presets[cold_account_nocode_access],2.276995285009264e-05,0.9542773350857143,0.9540145611494253,AccountMode.EXISTING_EOA,,EXTCODECOPY,330.48886008593104,331,False,False,test_account_access,EXTCODECOPY,target_coef
COLD_ACCOUNT_NOCODE_ACCESS,nethermind,0.003018200610361511,0.001,0.002929072000801541,0.0031137974800394667,test_account_access,EXTCODECOPY,target_coef,presets[cold_account_nocode_access],2.276995285009264e-05,0.9674597203686847,0.9672727072673553,AccountMode.NON_EXISTING_ACCOUNT,,EXTCODECOPY,301.82006103615106,302,False,False,test_account_access,EXTCODECOPY,target_coef
COLD_ACCOUNT_NOCODE_ACCESS,nethermind,0.0033091386628926493,0.001,0.0032084840459295724,0.0034031340787833778,test_account_access,EXTCODEHASH,target_coef,presets[cold_account_nocode_access],2.0839541953663358e-05,0.9666878371733186,0.966496387961671,AccountMode.EXISTING_EOA,,EXTCODEHASH,330.91386628926494,331,False,False,test_account_access,EXTCODEHASH,target_coef
COLD_ACCOUNT_NOCODE_ACCESS,nethermind,0.003059982557829829,0.001,0.0029724730698894516,0.0031490358870936907,test_account_access,EXTCODEHASH,target_coef,presets[cold_account_nocode_access],2.0839541953663358e-05,0.9678781560824046,0.9676935477840276,AccountMode.NON_EXISTING_ACCOUNT,,EXTCODEHASH,305.99825578298294,306,False,False,test_account_access,EXTCODEHASH,target_coef
COLD_ACCOUNT_NOCODE_ACCESS,nethermind,0.0032934425173470707,0.001,0.003191619789122473,0.0033975816871024754,test_account_access,EXTCODESIZE,target_coef,presets[cold_account_nocode_access],2.0839599141178742e-05,0.9608623535992914,0.9606374245969884,AccountMode.EXISTING_EOA,,EXTCODESIZE,329.3442517347071,330,False,False,test_account_access,EXTCODESIZE,target_coef
COLD_ACCOUNT_NOCODE_ACCESS,nethermind,0.002922347063082283,0.001,0.0028367201248393173,0.0030108689167231938,test_account_access,EXTCODESIZE,target_coef,presets[cold_account_nocode_access],2.0839599141178742e-05,0.9678466481803965,0.9676618588021229,AccountMode.NON_EXISTING_ACCOUNT,,EXTCODESIZE,292.23470630822834,293,False,False,test_account_access,EXTCODESIZE,target_coef
COLD_ACCOUNT_NOCODE_ACCESS,nethermind,0.003419360089773232,0.001,0.003322450887331176,0.0035150865566704772,test_account_access,STATICCALL,target_coef,presets[cold_account_nocode_access],2.3840100735750168e-05,0.9629758047489199,0.9627630220175918,AccountMode.EXISTING_EOA,,STATICCALL,341.9360089773232,342,False,False,test_account_access,STATICCALL,target_coef
COLD_ACCOUNT_NOCODE_ACCESS,nethermind,0.002956157911447545,0.001,0.002867324669058626,0.003040812150731963,test_account_access,STATICCALL,target_coef,presets[cold_account_nocode_access],2.3840100735750168e-05,0.9661545287820054,0.9659600145796031,AccountMode.NON_EXISTING_ACCOUNT,,STATICCALL,295.6157911447545,296,False,False,test_account_access,STATICCALL,target_coef
COLD_ACCOUNT_NOCODE_ACCESS,reth,0.004765868247101326,0.001,0.004641192735400156,0.004880153788501054,test_account_access,BALANCE,target_coef,presets[cold_account_nocode_access],1.9246284014135833e-05,0.973837011674355,0.9736866496724834,AccountMode.EXISTING_EOA,,BALANCE,476.5868247101326,477,False,False,test_account_access,BALANCE,target_coef
COLD_ACCOUNT_NOCODE_ACCESS,reth,0.004833984605413999,0.001,0.004702861253441737,0.0049681782558948576,test_account_access,BALANCE,target_coef,presets[cold_account_nocode_access],1.9246284014135833e-05,0.9684434318688925,0.9682620722819321,AccountMode.NON_EXISTING_ACCOUNT,,BALANCE,483.3984605413999,484,False,False,test_account_access,BALANCE,target_coef
COLD_ACCOUNT_NOCODE_ACCESS,reth,0.005302037134151666,0.001,0.005161050585510856,0.005441355375628856,test_account_access,CALL,target_coef,presets[cold_account_nocode_access],4.685661830459244e-05,0.9705230154782933,0.9703536075212721,AccountMode.EXISTING_EOA,,CALL,530.2037134151666,531,False,False,test_account_access,CALL,target_coef
COLD_ACCOUNT_NOCODE_ACCESS,reth,0.004889062072658508,0.001,0.0047729910486905575,0.00499276403788594,test_account_access,CALL,target_coef,presets[cold_account_nocode_access],4.685700805188438e-05,0.9752572829341641,0.9751150834107972,AccountMode.NON_EXISTING_ACCOUNT,,CALL,488.9062072658508,489,False,False,test_account_access,CALL,target_coef
COLD_ACCOUNT_NOCODE_ACCESS,reth,0.004848978410781174,0.001,0.00472163496602203,0.004987177034971412,test_account_access,CALLCODE,target_coef,presets[cold_account_nocode_access],4.685661830459244e-05,0.9683667718362942,0.9681849716744337,AccountMode.EXISTING_EOA,,CALLCODE,484.89784107811744,485,False,False,test_account_access,CALLCODE,target_coef
COLD_ACCOUNT_NOCODE_ACCESS,reth,0.004929021904376424,0.001,0.004810732767093353,0.005047644170121641,test_account_access,CALLCODE,target_coef,presets[cold_account_nocode_access],4.685661830459244e-05,0.9678413558364622,0.967656536042419,AccountMode.NON_EXISTING_ACCOUNT,,CALLCODE,492.9021904376424,493,False,False,test_account_access,CALLCODE,target_coef
COLD_ACCOUNT_NOCODE_ACCESS,reth,0.004946715013098008,0.001,0.00482377733868322,0.005068452329191455,test_account_access,DELEGATECALL,target_coef,presets[cold_account_nocode_access],2.2733384470971577e-05,0.9695399947330535,0.9693649372315194,AccountMode.EXISTING_EOA,,DELEGATECALL,494.67150130980076,495,False,False,test_account_access,DELEGATECALL,target_coef
COLD_ACCOUNT_NOCODE_ACCESS,reth,0.004980360141640167,0.001,0.004873611061580129,0.005103295686992499,test_account_access,DELEGATECALL,target_coef,presets[cold_account_nocode_access],2.2733384470971577e-05,0.9698491038289324,0.969675822816455,AccountMode.NON_EXISTING_ACCOUNT,,DELEGATECALL,498.0360141640167,499,False,False,test_account_access,DELEGATECALL,target_coef
COLD_ACCOUNT_NOCODE_ACCESS,reth,0.005026161397280177,0.001,0.004897891206663913,0.005150896192275297,test_account_access,EXTCODECOPY,target_coef,presets[cold_account_nocode_access],2.1324177604945048e-05,0.9695123799440082,0.9693371637367898,AccountMode.EXISTING_EOA,,EXTCODECOPY,502.6161397280177,503,False,False,test_account_access,EXTCODECOPY,target_coef
COLD_ACCOUNT_NOCODE_ACCESS,reth,0.0049329448455687095,0.001,0.004782003226930752,0.005093499038995853,test_account_access,EXTCODECOPY,target_coef,presets[cold_account_nocode_access],2.1324177604945048e-05,0.9593237002329552,0.9590899283952136,AccountMode.NON_EXISTING_ACCOUNT,,EXTCODECOPY,493.29448455687094,494,False,False,test_account_access,EXTCODECOPY,target_coef
COLD_ACCOUNT_NOCODE_ACCESS,reth,0.0049274519582119015,0.001,0.0047990149379866604,0.005051541284498554,test_account_access,EXTCODEHASH,target_coef,presets[cold_account_nocode_access],1.9246284014135833e-05,0.9719089430217793,0.9717475001655826,AccountMode.EXISTING_EOA,,EXTCODEHASH,492.7451958211901,493,False,False,test_account_access,EXTCODEHASH,target_coef
COLD_ACCOUNT_NOCODE_ACCESS,reth,0.004805028332506696,0.001,0.0046916572846018335,0.00491643992618905,test_account_access,EXTCODEHASH,target_coef,presets[cold_account_nocode_access],1.9246284014135833e-05,0.9705815735590512,0.9704125021427239,AccountMode.NON_EXISTING_ACCOUNT,,EXTCODEHASH,480.5028332506696,481,False,False,test_account_access,EXTCODEHASH,target_coef
COLD_ACCOUNT_NOCODE_ACCESS,reth,0.00488040218988032,0.001,0.004741554732087661,0.005025979940458715,test_account_access,EXTCODESIZE,target_coef,presets[cold_account_nocode_access],1.924632668647468e-05,0.9679173220222508,0.9677329388154821,AccountMode.EXISTING_EOA,,EXTCODESIZE,488.04021898803194,489,False,False,test_account_access,EXTCODESIZE,target_coef
COLD_ACCOUNT_NOCODE_ACCESS,reth,0.004942553250369558,0.001,0.004831060713850558,0.005066281468645296,test_account_access,EXTCODESIZE,target_coef,presets[cold_account_nocode_access],1.924632668647468e-05,0.9747008023990202,0.9745554047116582,AccountMode.NON_EXISTING_ACCOUNT,,EXTCODESIZE,494.2553250369558,495,False,False,test_account_access,EXTCODESIZE,target_coef
COLD_ACCOUNT_NOCODE_ACCESS,reth,0.005359529130442665,0.001,0.00522065704609809,0.005494455786147004,test_account_access,STATICCALL,target_coef,presets[cold_account_nocode_access],2.2733384470971577e-05,0.9723810192840026,0.9722222895097727,AccountMode.EXISTING_EOA,,STATICCALL,535.9529130442666,536,False,True,test_account_access,STATICCALL,target_coef
COLD_ACCOUNT_NOCODE_ACCESS,reth,0.004962456100694896,0.001,0.00483243651081039,0.0050855895174697,test_account_access,STATICCALL,target_coef,presets[cold_account_nocode_access],2.2733384470971577e-05,0.9708805789247158,0.9707132259300303,AccountMode.NON_EXISTING_ACCOUNT,,STATICCALL,496.24561006948954,497,False,False,test_account_access,STATICCALL,target_coef
COLD_ACCOUNT_NOCODE_WRITE,besu,0.09224697730690132,0.001,0.08932196151480964,0.09486919742350983,test_account_access,CALL,target_coef,presets[cold_account_nocode_write],0.00041513632645234506,0.9649883836474873,0.9647871674615534,AccountMode.EXISTING_EOA,,CALL,9224.697730690132,9225,False,False,test_account_access,CALL,target_coef
COLD_ACCOUNT_NOCODE_WRITE,besu,0.20361827997817483,0.001,0.19537044150090324,0.21118849920513777,test_account_access,CALL,target_coef,presets[cold_account_nocode_write],0.00041514062660584006,0.9355830172533575,0.9352128047088365,AccountMode.NON_EXISTING_ACCOUNT,,CALL,20361.827997817483,20362,False,True,test_account_access,CALL,target_coef
COLD_ACCOUNT_NOCODE_WRITE,besu,0.021628250653269707,0.001,0.02053455949046074,0.022725263915253296,test_account_access,CALLCODE,target_coef,presets[cold_account_nocode_write],0.00041513632645234506,0.8993621251013666,0.8987837465099952,AccountMode.EXISTING_EOA,,CALLCODE,2162.8250653269706,2163,False,False,test_account_access,CALLCODE,target_coef
COLD_ACCOUNT_NOCODE_WRITE,besu,0.02156410623523803,0.001,0.020370203050060428,0.022745956140838693,test_account_access,CALLCODE,target_coef,presets[cold_account_nocode_write],0.00041513632645234506,0.8926290084519583,0.892011933787889,AccountMode.NON_EXISTING_ACCOUNT,,CALLCODE,2156.4106235238028,2157,False,False,test_account_access,CALLCODE,target_coef
COLD_ACCOUNT_NOCODE_WRITE,erigon,0.06192152268446812,0.001,0.06137191319388294,0.062478148969316,test_account_access,CALL,target_coef,presets[cold_account_nocode_write],0.00012117740948592951,0.9968122913546077,0.9967960275349883,AccountMode.EXISTING_EOA,,CALL,6192.152268446813,6193,False,False,test_account_access,CALL,target_coef
COLD_ACCOUNT_NOCODE_WRITE,erigon,0.19306211784128616,0.001,0.19099274707397754,0.19514601580336424,test_account_access,CALL,target_coef,presets[cold_account_nocode_write],0.00012117838699699612,0.9940572776790838,0.9940269576672424,AccountMode.NON_EXISTING_ACCOUNT,,CALL,19306.211784128616,19307,False,True,test_account_access,CALL,target_coef
COLD_ACCOUNT_NOCODE_WRITE,erigon,0.003746820636631925,0.001,0.0036450357277520357,0.0038564041425838925,test_account_access,CALLCODE,target_coef,presets[cold_account_nocode_write],0.00012117740948592951,0.96375409953503,0.9635691714714332,AccountMode.EXISTING_EOA,,CALLCODE,374.6820636631925,375,False,False,test_account_access,CALLCODE,target_coef
COLD_ACCOUNT_NOCODE_WRITE,erigon,0.0032601342282471578,0.001,0.0031320633716360236,0.003379371441469064,test_account_access,CALLCODE,target_coef,presets[cold_account_nocode_write],0.00012117740948592951,0.94833473618578,0.9480711379010136,AccountMode.NON_EXISTING_ACCOUNT,,CALLCODE,326.0134228247158,327,False,False,test_account_access,CALLCODE,target_coef
COLD_ACCOUNT_NOCODE_WRITE,ethrex,0.03858132002842618,0.001,0.03784443609416005,0.038960522104038345,test_account_access,CALL,target_coef,presets[cold_account_nocode_write],5.522980647968389e-05,0.9632131883783024,0.963025500563906,AccountMode.EXISTING_EOA,,CALL,3858.132002842618,3859,False,True,test_account_access,CALL,target_coef
COLD_ACCOUNT_NOCODE_WRITE,ethrex,0.026843463045970645,0.001,0.024647313003358304,0.029217399615957464,test_account_access,CALL,target_coef,presets[cold_account_nocode_write],5.523040936342469e-05,0.7511206773200351,0.7498508848573822,AccountMode.NON_EXISTING_ACCOUNT,,CALL,2684.3463045970643,2685,False,False,test_account_access,CALL,target_coef
COLD_ACCOUNT_NOCODE_WRITE,ethrex,0.013223867106132804,0.001,0.010568335988901252,0.015856787246684073,test_account_access,CALLCODE,target_coef,presets[cold_account_nocode_write],5.522980647968389e-05,0.40168336327742493,0.3986307273757791,AccountMode.EXISTING_EOA,,CALLCODE,1322.3867106132805,1323,True,False,test_account_access,CALLCODE,target_coef
COLD_ACCOUNT_NOCODE_WRITE,ethrex,0.0032402010924065545,0.001,0.003029180021489097,0.0034125782463171497,test_account_access,CALLCODE,target_coef,presets[cold_account_nocode_write],5.522980647968389e-05,0.8608382452806933,0.8601282363280438,AccountMode.NON_EXISTING_ACCOUNT,,CALLCODE,324.0201092406554,325,False,False,test_account_access,CALLCODE,target_coef
COLD_ACCOUNT_NOCODE_WRITE,geth,0.10657926030689556,0.001,0.10511965614085901,0.10810412201443721,test_account_access,CALL,target_coef,presets[cold_account_nocode_write],0.0001730460834796178,0.9891123000782304,0.9890623565006076,AccountMode.EXISTING_EOA,,CALL,10657.926030689556,10658,False,False,test_account_access,CALL,target_coef
COLD_ACCOUNT_NOCODE_WRITE,geth,0.1225473199537738,0.001,0.1162229791765921,0.12907777059015527,test_account_access,CALL,target_coef,presets[cold_account_nocode_write],0.0001730480814432536,0.8703695703541235,0.869774935355748,AccountMode.NON_EXISTING_ACCOUNT,,CALL,12254.73199537738,12255,False,True,test_account_access,CALL,target_coef
COLD_ACCOUNT_NOCODE_WRITE,geth,0.0291505535996857,0.001,0.028242510187545547,0.030017090423023713,test_account_access,CALLCODE,target_coef,presets[cold_account_nocode_write],0.0001730460834796178,0.9431884374053777,0.9429278339072372,AccountMode.EXISTING_EOA,,CALLCODE,2915.05535996857,2916,False,False,test_account_access,CALLCODE,target_coef
COLD_ACCOUNT_NOCODE_WRITE,geth,0.029194343802175542,0.001,0.028126672054630788,0.030238192032555955,test_account_access,CALLCODE,target_coef,presets[cold_account_nocode_write],0.0001730460834796178,0.9373844944351979,0.9370972673454511,AccountMode.NON_EXISTING_ACCOUNT,,CALLCODE,2919.434380217554,2920,False,False,test_account_access,CALLCODE,target_coef
COLD_ACCOUNT_NOCODE_WRITE,nethermind,0.04247481974909347,0.001,0.038127595480629245,0.0468082016073143,test_account_access,CALL,target_coef,presets[cold_account_nocode_write],4.897336370890739e-05,0.6972235086567335,0.6954834138788988,AccountMode.EXISTING_EOA,,CALL,4247.481974909348,4248,False,False,test_account_access,CALL,target_coef
COLD_ACCOUNT_NOCODE_WRITE,nethermind,0.08541037760738755,0.001,0.08293032501732403,0.08750251271027588,test_account_access,CALL,target_coef,presets[cold_account_nocode_write],4.897388603038906e-05,0.9721979975736035,0.9720382159504632,AccountMode.NON_EXISTING_ACCOUNT,,CALL,8541.037760738755,8542,False,True,test_account_access,CALL,target_coef
COLD_ACCOUNT_NOCODE_WRITE,nethermind,0.007347276130005007,0.001,0.006991902754622479,0.0077087901086414865,test_account_access,CALLCODE,target_coef,presets[cold_account_nocode_write],4.897336370890739e-05,0.9184989254982251,0.9180305285183299,AccountMode.EXISTING_EOA,,CALLCODE,734.7276130005007,735,False,False,test_account_access,CALLCODE,target_coef
COLD_ACCOUNT_NOCODE_WRITE,nethermind,0.005450408967148545,0.001,0.005134474941795782,0.005743028163584614,test_account_access,CALLCODE,target_coef,presets[cold_account_nocode_write],4.897336370890739e-05,0.8827789834931797,0.882105299490267,AccountMode.NON_EXISTING_ACCOUNT,,CALLCODE,545.0408967148545,546,False,False,test_account_access,CALLCODE,target_coef
COLD_ACCOUNT_NOCODE_WRITE,reth,0.09872347517899246,0.001,0.0961689820504823,0.10133344752801643,test_account_access,CALL,target_coef,presets[cold_account_nocode_write],4.685661830459244e-05,0.9678471091757469,0.9676623224468719,AccountMode.EXISTING_EOA,,CALL,9872.347517899247,9873,False,False,test_account_access,CALL,target_coef
COLD_ACCOUNT_NOCODE_WRITE,reth,0.15355761989115396,0.001,0.14935535664852181,0.15744037981259013,test_account_access,CALL,target_coef,presets[cold_account_nocode_write],4.685700805188438e-05,0.9709064837673997,0.9707392796511204,AccountMode.NON_EXISTING_ACCOUNT,,CALL,15355.761989115397,15356,False,True,test_account_access,CALL,target_coef
COLD_ACCOUNT_NOCODE_WRITE,reth,0.006853294424133391,0.001,0.006620467339847541,0.007099877146944017,test_account_access,CALLCODE,target_coef,presets[cold_account_nocode_write],4.685661830459244e-05,0.9437890614692457,0.9434660100983793,AccountMode.EXISTING_EOA,,CALLCODE,685.329442413339,686,False,False,test_account_access,CALLCODE,target_coef
COLD_ACCOUNT_NOCODE_WRITE,reth,0.006890811049822755,0.001,0.0066819866605120825,0.007135630940192615,test_account_access,CALLCODE,target_coef,presets[cold_account_nocode_write],4.685661830459244e-05,0.9551650180283212,0.9549073457181392,AccountMode.NON_EXISTING_ACCOUNT,,CALLCODE,689.0811049822755,690,False,False,test_account_access,CALLCODE,target_coef
COLD_ACCOUNT_CODE_ACCESS,besu,0.023072414225963428,0.001,0.021629957296739763,0.024386306036900344,test_account_access,BALANCE,target_coef,presets[cold_account_code_access],2.1577549617676352e-08,0.8858393411613441,0.8851832454208921,AccountMode.EXISTING_CONTRACT_DIFF_MAX,,BALANCE,2307.241422596343,2308,False,False,test_account_access,BALANCE,target_coef
COLD_ACCOUNT_CODE_ACCESS,besu,0.012426421847680075,0.001,0.012102740410742756,0.01273453064960631,test_account_access,BALANCE,target_coef,presets[cold_account_code_access],2.1577549617676352e-08,0.973615659293065,0.9734640251510711,AccountMode.EXISTING_CONTRACT_MINIMAL,,BALANCE,1242.6421847680076,1243,False,False,test_account_access,BALANCE,target_coef
COLD_ACCOUNT_CODE_ACCESS,besu,0.01277382086765728,0.001,0.01243252434969619,0.013094228635946047,test_account_access,BALANCE,target_coef,presets[cold_account_code_access],2.1577549617676352e-08,0.9740367676159815,0.9738875536367629,AccountMode.EXISTING_CONTRACT_SAME_MAX,,BALANCE,1277.382086765728,1278,False,False,test_account_access,BALANCE,target_coef
COLD_ACCOUNT_CODE_ACCESS,besu,0.028722100202168883,0.001,0.027259365177933446,0.030162430084044282,test_account_access,CALL,target_coef,presets[cold_account_code_access],3.976139348853297e-05,0.8976047335636999,0.8970162550209625,AccountMode.EXISTING_CONTRACT_DIFF_MAX,,CALL,2872.210020216888,2873,False,True,test_account_access,CALL,target_coef
COLD_ACCOUNT_CODE_ACCESS,besu,0.013464334684419382,0.001,0.013037576660991217,0.013887108076576208,test_account_access,CALL,target_coef,presets[cold_account_code_access],3.976139348853297e-05,0.9625527376954036,0.9623375235442277,AccountMode.EXISTING_CONTRACT_MINIMAL,,CALL,1346.4334684419382,1347,False,False,test_account_access,CALL,target_coef
COLD_ACCOUNT_CODE_ACCESS,besu,0.013419639570885093,0.001,0.01300382069423465,0.013811939611174799,test_account_access,CALL,target_coef,presets[cold_account_code_access],3.976139348853297e-05,0.9633656135389145,0.9631550710879887,AccountMode.EXISTING_CONTRACT_SAME_MAX,,CALL,1341.9639570885092,1342,False,False,test_account_access,CALL,target_coef
COLD_ACCOUNT_CODE_ACCESS,besu,0.027601512422309696,0.001,0.026126481598382396,0.029049202673710216,test_account_access,CALLCODE,target_coef,presets[cold_account_code_access],3.976139348853297e-05,0.8970808304424973,0.8964893409622818,AccountMode.EXISTING_CONTRACT_DIFF_MAX,,CALLCODE,2760.1512422309693,2761,False,False,test_account_access,CALLCODE,target_coef
COLD_ACCOUNT_CODE_ACCESS,besu,0.013200411276384676,0.001,0.012842617731324151,0.013542053919866544,test_account_access,CALLCODE,target_coef,presets[cold_account_code_access],3.976139348853297e-05,0.9681632591190406,0.9679802893438626,AccountMode.EXISTING_CONTRACT_MINIMAL,,CALLCODE,1320.0411276384675,1321,False,False,test_account_access,CALLCODE,target_coef
COLD_ACCOUNT_CODE_ACCESS,besu,0.013295290272569638,0.001,0.012890068778710887,0.013679286067865086,test_account_access,CALLCODE,target_coef,presets[cold_account_code_access],3.976139348853297e-05,0.9677700756674141,0.9675848462172268,AccountMode.EXISTING_CONTRACT_SAME_MAX,,CALLCODE,1329.5290272569637,1330,False,False,test_account_access,CALLCODE,target_coef
COLD_ACCOUNT_CODE_ACCESS,besu,0.027564736752796113,0.001,0.02600909454691376,0.02909905750884767,test_account_access,DELEGATECALL,target_coef,presets[cold_account_code_access],1.6698034524692863e-05,0.8954861869864623,0.8948855328886833,AccountMode.EXISTING_CONTRACT_DIFF_MAX,,DELEGATECALL,2756.473675279611,2757,False,False,test_account_access,DELEGATECALL,target_coef
COLD_ACCOUNT_CODE_ACCESS,besu,0.013401684246944849,0.001,0.012993209700702595,0.013783586665055825,test_account_access,DELEGATECALL,target_coef,presets[cold_account_code_access],1.6698034524692863e-05,0.9679033178592199,0.9677188541687557,AccountMode.EXISTING_CONTRACT_MINIMAL,,DELEGATECALL,1340.1684246944849,1341,False,False,test_account_access,DELEGATECALL,target_coef
COLD_ACCOUNT_CODE_ACCESS,besu,0.013351087323668576,0.001,0.01302212290625427,0.013691584405823892,test_account_access,DELEGATECALL,target_coef,presets[cold_account_code_access],1.6698034524692863e-05,0.9709300745604311,0.9707630060234221,AccountMode.EXISTING_CONTRACT_SAME_MAX,,DELEGATECALL,1335.1087323668576,1336,False,False,test_account_access,DELEGATECALL,target_coef
COLD_ACCOUNT_CODE_ACCESS,besu,0.024375226040000683,0.001,0.02298103779556629,0.025736207654085713,test_account_access,EXTCODECOPY,target_coef,presets[cold_account_code_access],9.413142582800335e-06,0.8896163942143704,0.8889820056753726,AccountMode.EXISTING_CONTRACT_DIFF_MAX,,EXTCODECOPY,2437.5226040000684,2438,False,False,test_account_access,EXTCODECOPY,target_coef
COLD_ACCOUNT_CODE_ACCESS,besu,0.012801865724212656,0.001,0.012464852198049603,0.01313538787281818,test_account_access,EXTCODECOPY,target_coef,presets[cold_account_code_access],9.413142582800335e-06,0.9739092499264296,0.9737593030869263,AccountMode.EXISTING_CONTRACT_MINIMAL,,EXTCODECOPY,1280.1865724212655,1281,False,False,test_account_access,EXTCODECOPY,target_coef
COLD_ACCOUNT_CODE_ACCESS,besu,0.01300766601067244,0.001,0.012744016936494343,0.013303066421268255,test_account_access,EXTCODECOPY,target_coef,presets[cold_account_code_access],9.413142582800335e-06,0.9806788098261925,0.9805677685033545,AccountMode.EXISTING_CONTRACT_SAME_MAX,,EXTCODECOPY,1300.766601067244,1301,False,False,test_account_access,EXTCODECOPY,target_coef
COLD_ACCOUNT_CODE_ACCESS,besu,0.023867390606949004,0.001,0.022426079061621335,0.025452707300579233,test_account_access,EXTCODEHASH,target_coef,presets[cold_account_code_access],2.1577549617676352e-08,0.8853027857243603,0.8846436063319716,AccountMode.EXISTING_CONTRACT_DIFF_MAX,,EXTCODEHASH,2386.7390606949,2387,False,False,test_account_access,EXTCODEHASH,target_coef
COLD_ACCOUNT_CODE_ACCESS,besu,0.012563915807305976,0.001,0.012284181077899416,0.012819205123526183,test_account_access,EXTCODEHASH,target_coef,presets[cold_account_code_access],2.1577549617676352e-08,0.9750283010209002,0.9748847855095261,AccountMode.EXISTING_CONTRACT_MINIMAL,,EXTCODEHASH,1256.3915807305975,1257,False,False,test_account_access,EXTCODEHASH,target_coef
COLD_ACCOUNT_CODE_ACCESS,besu,0.012628261804670072,0.001,0.012337953901370314,0.01291844538941092,test_account_access,EXTCODEHASH,target_coef,presets[cold_account_code_access],2.1577549617676352e-08,0.9736747001232662,0.9735234052963884,AccountMode.EXISTING_CONTRACT_SAME_MAX,,EXTCODEHASH,1262.8261804670071,1263,False,False,test_account_access,EXTCODEHASH,target_coef
COLD_ACCOUNT_CODE_ACCESS,besu,0.023872829254942197,0.001,0.022491952170569224,0.025232613798130535,test_account_access,EXTCODESIZE,target_coef,presets[cold_account_code_access],2.2272135672061622e-08,0.8885361331521061,0.8878955362161987,AccountMode.EXISTING_CONTRACT_DIFF_MAX,,EXTCODESIZE,2387.28292549422,2388,False,False,test_account_access,EXTCODESIZE,target_coef
COLD_ACCOUNT_CODE_ACCESS,besu,0.012924417736614058,0.001,0.0125626537553209,0.013232443373566757,test_account_access,EXTCODESIZE,target_coef,presets[cold_account_code_access],2.2272135672061622e-08,0.9712326170775554,0.9710672872906447,AccountMode.EXISTING_CONTRACT_MINIMAL,,EXTCODESIZE,1292.4417736614057,1293,False,False,test_account_access,EXTCODESIZE,target_coef
COLD_ACCOUNT_CODE_ACCESS,besu,0.01254293553311942,0.001,0.012261184710685883,0.012847940735227886,test_account_access,EXTCODESIZE,target_coef,presets[cold_account_code_access],2.2272135672061622e-08,0.9756527990019109,0.9755128725593932,AccountMode.EXISTING_CONTRACT_SAME_MAX,,EXTCODESIZE,1254.2935533119419,1255,False,False,test_account_access,EXTCODESIZE,target_coef
COLD_ACCOUNT_CODE_ACCESS,besu,0.028635822208129054,0.001,0.02710111684848813,0.030160047755326297,test_account_access,STATICCALL,target_coef,presets[cold_account_code_access],1.6698034524692863e-05,0.9029943952313572,0.9024368917556753,AccountMode.EXISTING_CONTRACT_DIFF_MAX,,STATICCALL,2863.5822208129057,2864,False,False,test_account_access,STATICCALL,target_coef
COLD_ACCOUNT_CODE_ACCESS,besu,0.013194957280381411,0.001,0.012809140325055979,0.013547607029957892,test_account_access,STATICCALL,target_coef,presets[cold_account_code_access],1.6698034524692863e-05,0.9681170913413722,0.9679338562341387,AccountMode.EXISTING_CONTRACT_MINIMAL,,STATICCALL,1319.4957280381411,1320,False,False,test_account_access,STATICCALL,target_coef
COLD_ACCOUNT_CODE_ACCESS,besu,0.013474466843956931,0.001,0.013045438437314956,0.01390537802802154,test_account_access,STATICCALL,target_coef,presets[cold_account_code_access],1.6698034524692863e-05,0.9646782321356524,0.9644752334697654,AccountMode.EXISTING_CONTRACT_SAME_MAX,,STATICCALL,1347.4466843956932,1348,False,False,test_account_access,STATICCALL,target_coef
COLD_ACCOUNT_CODE_ACCESS,erigon,0.004289352739032807,0.001,0.004168025639075636,0.004402770789176474,test_account_access,BALANCE,target_coef,presets[cold_account_code_access],6.099528676171126e-09,0.9615549820316748,0.961358833980816,AccountMode.EXISTING_CONTRACT_DIFF_MAX,,BALANCE,428.9352739032807,429,False,False,test_account_access,BALANCE,target_coef
COLD_ACCOUNT_CODE_ACCESS,erigon,0.003551538526363256,0.001,0.0033970095347297304,0.003707302332218521,test_account_access,BALANCE,target_coef,presets[cold_account_code_access],6.099528676171126e-09,0.9137871587825748,0.913347297347792,AccountMode.EXISTING_CONTRACT_MINIMAL,,BALANCE,355.15385263632555,356,False,False,test_account_access,BALANCE,target_coef
COLD_ACCOUNT_CODE_ACCESS,erigon,0.003900080927690036,0.001,0.0036217007939536566,0.004179473659754726,test_account_access,BALANCE,target_coef,presets[cold_account_code_access],6.099528676171126e-09,0.8110969237600458,0.81013313255474,AccountMode.EXISTING_CONTRACT_SAME_MAX,,BALANCE,390.0080927690036,391,False,False,test_account_access,BALANCE,target_coef
COLD_ACCOUNT_CODE_ACCESS,erigon,0.015298256871288808,0.001,0.013413078220538294,0.017293389768201876,test_account_access,CALL,target_coef,presets[cold_account_code_access],3.304209223875447e-05,0.5202353486320324,0.5177875697985224,AccountMode.EXISTING_CONTRACT_DIFF_MAX,,CALL,1529.8256871288809,1530,False,False,test_account_access,CALL,target_coef
COLD_ACCOUNT_CODE_ACCESS,erigon,0.004316466173436982,0.001,0.004180908477434791,0.00445069092166083,test_account_access,CALL,target_coef,presets[cold_account_code_access],3.304209223875447e-05,0.948986359460669,0.948726085784448,AccountMode.EXISTING_CONTRACT_MINIMAL,,CALL,431.6466173436982,432,False,False,test_account_access,CALL,target_coef
COLD_ACCOUNT_CODE_ACCESS,erigon,0.004569948400722617,0.001,0.0042812975941567254,0.0048591651721337815,test_account_access,CALL,target_coef,presets[cold_account_code_access],3.304209223875447e-05,0.8420076572188764,0.8412015738373401,AccountMode.EXISTING_CONTRACT_SAME_MAX,,CALL,456.99484007226175,457,False,False,test_account_access,CALL,target_coef
COLD_ACCOUNT_CODE_ACCESS,erigon,0.014956009519940932,0.001,0.012891469690975783,0.017079048054109938,test_account_access,CALLCODE,target_coef,presets[cold_account_code_access],3.304209223875447e-05,0.5352723174668972,0.5329012578621364,AccountMode.EXISTING_CONTRACT_DIFF_MAX,,CALLCODE,1495.600951994093,1496,False,False,test_account_access,CALLCODE,target_coef
COLD_ACCOUNT_CODE_ACCESS,erigon,0.0039473361355778815,0.001,0.003781397867660713,0.004116903296331729,test_account_access,CALLCODE,target_coef,presets[cold_account_code_access],3.304209223875447e-05,0.9187857078652291,0.9183713492318883,AccountMode.EXISTING_CONTRACT_MINIMAL,,CALLCODE,394.73361355778815,395,False,False,test_account_access,CALLCODE,target_coef
COLD_ACCOUNT_CODE_ACCESS,erigon,0.004147263817252803,0.001,0.003879715383721236,0.0044111367070567425,test_account_access,CALLCODE,target_coef,presets[cold_account_code_access],3.304209223875447e-05,0.8199320513993247,0.8190133373758518,AccountMode.EXISTING_CONTRACT_SAME_MAX,,CALLCODE,414.72638172528025,415,False,False,test_account_access,CALLCODE,target_coef
COLD_ACCOUNT_CODE_ACCESS,erigon,0.015075178380052923,0.001,0.012978871003305975,0.01712951603777657,test_account_access,DELEGATECALL,target_coef,presets[cold_account_code_access],1.3536049579038366e-05,0.5435607716474915,0.5412320000742644,AccountMode.EXISTING_CONTRACT_DIFF_MAX,,DELEGATECALL,1507.5178380052923,1508,False,False,test_account_access,DELEGATECALL,target_coef
COLD_ACCOUNT_CODE_ACCESS,erigon,0.0038913225808638653,0.001,0.00373278136885956,0.00403756154309107,test_account_access,DELEGATECALL,target_coef,presets[cold_account_code_access],1.3536049579038366e-05,0.92005459760013,0.9196467128940082,AccountMode.EXISTING_CONTRACT_MINIMAL,,DELEGATECALL,389.13225808638657,390,False,False,test_account_access,DELEGATECALL,target_coef
COLD_ACCOUNT_CODE_ACCESS,erigon,0.00433754542486239,0.001,0.004068488371899625,0.00460751609036026,test_account_access,DELEGATECALL,target_coef,presets[cold_account_code_access],1.3536049579038366e-05,0.8353192978654205,0.8344790902014685,AccountMode.EXISTING_CONTRACT_SAME_MAX,,DELEGATECALL,433.754542486239,434,False,False,test_account_access,DELEGATECALL,target_coef
COLD_ACCOUNT_CODE_ACCESS,erigon,0.014663040513601842,0.001,0.012676183945170307,0.01666349594468819,test_account_access,EXTCODECOPY,target_coef,presets[cold_account_code_access],8.920061298420285e-06,0.5308310947831464,0.5284373758789788,AccountMode.EXISTING_CONTRACT_DIFF_MAX,,EXTCODECOPY,1466.304051360184,1467,False,False,test_account_access,EXTCODECOPY,target_coef
COLD_ACCOUNT_CODE_ACCESS,erigon,0.003523101689918598,0.001,0.0034047086961319513,0.0036480689791017493,test_account_access,EXTCODECOPY,target_coef,presets[cold_account_code_access],8.920061298420285e-06,0.9376260358675202,0.9373078013566403,AccountMode.EXISTING_CONTRACT_MINIMAL,,EXTCODECOPY,352.3101689918598,353,False,False,test_account_access,EXTCODECOPY,target_coef
COLD_ACCOUNT_CODE_ACCESS,erigon,0.0037091286687746146,0.001,0.0034426558027028653,0.003978660383587489,test_account_access,EXTCODECOPY,target_coef,presets[cold_account_code_access],8.920061298420285e-06,0.7909268145565119,0.7898601146307799,AccountMode.EXISTING_CONTRACT_SAME_MAX,,EXTCODECOPY,370.91286687746145,371,False,False,test_account_access,EXTCODECOPY,target_coef
COLD_ACCOUNT_CODE_ACCESS,erigon,0.004354773084030446,0.001,0.004248992378991486,0.004462430418232583,test_account_access,EXTCODEHASH,target_coef,presets[cold_account_code_access],6.099528676171126e-09,0.9623380070265415,0.9621458540011667,AccountMode.EXISTING_CONTRACT_DIFF_MAX,,EXTCODEHASH,435.4773084030446,436,False,False,test_account_access,EXTCODEHASH,target_coef
COLD_ACCOUNT_CODE_ACCESS,erigon,0.0035772167628648683,0.001,0.0034537683213077307,0.0036867140239367547,test_account_access,EXTCODEHASH,target_coef,presets[cold_account_code_access],6.099528676171126e-09,0.9378749174820553,0.937557952775331,AccountMode.EXISTING_CONTRACT_MINIMAL,,EXTCODEHASH,357.72167628648685,358,False,False,test_account_access,EXTCODEHASH,target_coef
COLD_ACCOUNT_CODE_ACCESS,erigon,0.003964858620534205,0.001,0.003693169512698165,0.004254744976312681,test_account_access,EXTCODEHASH,target_coef,presets[cold_account_code_access],6.099528676171126e-09,0.8135217607833468,0.8125703411955068,AccountMode.EXISTING_CONTRACT_SAME_MAX,,EXTCODEHASH,396.4858620534205,397,False,False,test_account_access,EXTCODEHASH,target_coef
COLD_ACCOUNT_CODE_ACCESS,erigon,0.005811158047972878,0.001,0.0056044306927267315,0.006016942817421023,test_account_access,EXTCODESIZE,target_coef,presets[cold_account_code_access],6.295873841950324e-09,0.9155440788861805,0.9151131813294773,AccountMode.EXISTING_CONTRACT_DIFF_MAX,,EXTCODESIZE,581.1158047972878,582,False,False,test_account_access,EXTCODESIZE,target_coef
COLD_ACCOUNT_CODE_ACCESS,erigon,0.0034965129779641864,0.001,0.0033589272017722095,0.003629866601242799,test_account_access,EXTCODESIZE,target_coef,presets[cold_account_code_access],6.295873841950324e-09,0.9273687342282861,0.9269981665457774,AccountMode.EXISTING_CONTRACT_MINIMAL,,EXTCODESIZE,349.65129779641865,350,False,False,test_account_access,EXTCODESIZE,target_coef
COLD_ACCOUNT_CODE_ACCESS,erigon,0.003803031776541419,0.001,0.00357843972164316,0.004045201364597929,test_account_access,EXTCODESIZE,target_coef,presets[cold_account_code_access],6.295873841950324e-09,0.8198369833313162,0.81891778426668,AccountMode.EXISTING_CONTRACT_SAME_MAX,,EXTCODESIZE,380.3031776541419,381,False,False,test_account_access,EXTCODESIZE,target_coef
COLD_ACCOUNT_CODE_ACCESS,erigon,0.015588738087580649,0.001,0.013622173482322754,0.01754801401408158,test_account_access,STATICCALL,target_coef,presets[cold_account_code_access],1.3536049579038366e-05,0.523617754535764,0.5211872328752322,AccountMode.EXISTING_CONTRACT_DIFF_MAX,,STATICCALL,1558.8738087580648,1559,False,True,test_account_access,STATICCALL,target_coef
COLD_ACCOUNT_CODE_ACCESS,erigon,0.00421819227239463,0.001,0.004111114701178391,0.00434322652400222,test_account_access,STATICCALL,target_coef,presets[cold_account_code_access],1.3536049579038366e-05,0.9562583456571248,0.9560351739512938,AccountMode.EXISTING_CONTRACT_MINIMAL,,STATICCALL,421.81922723946303,422,False,False,test_account_access,STATICCALL,target_coef
COLD_ACCOUNT_CODE_ACCESS,erigon,0.004595831206349859,0.001,0.004354976279189571,0.004861086313357326,test_account_access,STATICCALL,target_coef,presets[cold_account_code_access],1.3536049579038366e-05,0.8567731357740624,0.8560423864667872,AccountMode.EXISTING_CONTRACT_SAME_MAX,,STATICCALL,459.5831206349859,460,False,False,test_account_access,STATICCALL,target_coef
COLD_ACCOUNT_CODE_ACCESS,ethrex,0.01033874099937107,0.001,0.009269658661062418,0.011351922295006166,test_account_access,BALANCE,target_coef,presets[cold_account_code_access],3.115989979438381e-09,0.6673274938413787,0.6656301851364878,AccountMode.EXISTING_CONTRACT_DIFF_MAX,,BALANCE,1033.8740999371068,1034,False,False,test_account_access,BALANCE,target_coef
COLD_ACCOUNT_CODE_ACCESS,ethrex,0.0027213067987794564,0.001,0.0025719499308730688,0.0028784713185348336,test_account_access,BALANCE,target_coef,presets[cold_account_code_access],3.115989979438381e-09,0.8650294840132527,0.8643408589316877,AccountMode.EXISTING_CONTRACT_MINIMAL,,BALANCE,272.1306798779456,273,False,False,test_account_access,BALANCE,target_coef
COLD_ACCOUNT_CODE_ACCESS,ethrex,0.0027458540003340664,0.001,0.0025895691306851397,0.002879323133791741,test_account_access,BALANCE,target_coef,presets[cold_account_code_access],3.115989979438381e-09,0.8844738817720856,0.8838844628015351,AccountMode.EXISTING_CONTRACT_SAME_MAX,,BALANCE,274.58540003340664,275,False,False,test_account_access,BALANCE,target_coef
COLD_ACCOUNT_CODE_ACCESS,ethrex,0.010024481425304736,0.001,0.009003598631383645,0.011137431538205877,test_account_access,CALL,target_coef,presets[cold_account_code_access],9.778789743509877e-06,0.6578067982889784,0.6560609146067793,AccountMode.EXISTING_CONTRACT_DIFF_MAX,,CALL,1002.4481425304735,1003,False,False,test_account_access,CALL,target_coef
COLD_ACCOUNT_CODE_ACCESS,ethrex,0.0028806974872671682,0.001,0.0027229732732645456,0.0030285435169075383,test_account_access,CALL,target_coef,presets[cold_account_code_access],9.778789743509877e-06,0.8779274571329867,0.8773046380367264,AccountMode.EXISTING_CONTRACT_MINIMAL,,CALL,288.06974872671685,289,False,False,test_account_access,CALL,target_coef
COLD_ACCOUNT_CODE_ACCESS,ethrex,0.0028450595551117335,0.001,0.0026941700605310195,0.002993697164102018,test_account_access,CALL,target_coef,presets[cold_account_code_access],9.778789743509877e-06,0.8740332275064461,0.873390539891683,AccountMode.EXISTING_CONTRACT_SAME_MAX,,CALL,284.50595551117334,285,False,False,test_account_access,CALL,target_coef
COLD_ACCOUNT_CODE_ACCESS,ethrex,0.010110953423268882,0.001,0.008923825689353388,0.011204180256768876,test_account_access,CALLCODE,target_coef,presets[cold_account_code_access],9.778789743509877e-06,0.6437451411500508,0.6419275143191837,AccountMode.EXISTING_CONTRACT_DIFF_MAX,,CALLCODE,1011.0953423268883,1012,False,False,test_account_access,CALLCODE,target_coef
COLD_ACCOUNT_CODE_ACCESS,ethrex,0.002827526046210151,0.001,0.0026695454313868825,0.002992197005483846,test_account_access,CALLCODE,target_coef,presets[cold_account_code_access],9.778789743509877e-06,0.8485871144987167,0.8478145997767714,AccountMode.EXISTING_CONTRACT_MINIMAL,,CALLCODE,282.7526046210151,283,False,False,test_account_access,CALLCODE,target_coef
COLD_ACCOUNT_CODE_ACCESS,ethrex,0.002842158876640541,0.001,0.0026725747346088243,0.002997128196130047,test_account_access,CALLCODE,target_coef,presets[cold_account_code_access],9.778789743509877e-06,0.8492875962067377,0.8485186553710578,AccountMode.EXISTING_CONTRACT_SAME_MAX,,CALLCODE,284.2158876640541,285,False,False,test_account_access,CALLCODE,target_coef
COLD_ACCOUNT_CODE_ACCESS,ethrex,0.01004267297177198,0.001,0.008976125831400086,0.011165633618644704,test_account_access,DELEGATECALL,target_coef,presets[cold_account_code_access],4.041373827800034e-06,0.6375450292454601,0.63569576919059,AccountMode.EXISTING_CONTRACT_DIFF_MAX,,DELEGATECALL,1004.267297177198,1005,False,False,test_account_access,DELEGATECALL,target_coef
COLD_ACCOUNT_CODE_ACCESS,ethrex,0.0028462932801442114,0.001,0.002689110390769293,0.002999642857115533,test_account_access,DELEGATECALL,target_coef,presets[cold_account_code_access],4.041373827800034e-06,0.865370420212999,0.8646835346018409,AccountMode.EXISTING_CONTRACT_MINIMAL,,DELEGATECALL,284.62932801442116,285,False,False,test_account_access,DELEGATECALL,target_coef
COLD_ACCOUNT_CODE_ACCESS,ethrex,0.0029251529352553856,0.001,0.002759643315902531,0.0031072581997322424,test_account_access,DELEGATECALL,target_coef,presets[cold_account_code_access],4.041373827800034e-06,0.8578745840091536,0.857149454335731,AccountMode.EXISTING_CONTRACT_SAME_MAX,,DELEGATECALL,292.5152935255386,293,False,False,test_account_access,DELEGATECALL,target_coef
COLD_ACCOUNT_CODE_ACCESS,ethrex,0.009987506442327406,0.001,0.008979580130265815,0.011032170877183752,test_account_access,EXTCODECOPY,target_coef,presets[cold_account_code_access],2.5251402326497946e-06,0.6374099310370942,0.6355599817056508,AccountMode.EXISTING_CONTRACT_DIFF_MAX,,EXTCODECOPY,998.7506442327406,999,False,False,test_account_access,EXTCODECOPY,target_coef
COLD_ACCOUNT_CODE_ACCESS,ethrex,0.0027886036095284444,0.001,0.0026429309970638234,0.0029447699811276525,test_account_access,EXTCODECOPY,target_coef,presets[cold_account_code_access],2.5251402326497946e-06,0.8526701923053657,0.8519185096130462,AccountMode.EXISTING_CONTRACT_MINIMAL,,EXTCODECOPY,278.8603609528444,279,False,False,test_account_access,EXTCODECOPY,target_coef
COLD_ACCOUNT_CODE_ACCESS,ethrex,0.0027727747527256778,0.001,0.002600348059068643,0.0029337431567706285,test_account_access,EXTCODECOPY,target_coef,presets[cold_account_code_access],2.5251402326497946e-06,0.834957257975076,0.8341152031688264,AccountMode.EXISTING_CONTRACT_SAME_MAX,,EXTCODECOPY,277.27747527256776,278,False,False,test_account_access,EXTCODECOPY,target_coef
COLD_ACCOUNT_CODE_ACCESS,ethrex,0.010147286688194306,0.001,0.009059993831819912,0.011187268867820776,test_account_access,EXTCODEHASH,target_coef,presets[cold_account_code_access],3.115989979438381e-09,0.6530712648452601,0.6513012202781441,AccountMode.EXISTING_CONTRACT_DIFF_MAX,,EXTCODEHASH,1014.7286688194305,1015,False,False,test_account_access,EXTCODEHASH,target_coef
COLD_ACCOUNT_CODE_ACCESS,ethrex,0.0026995817939444514,0.001,0.0025417394591192746,0.00284046357829208,test_account_access,EXTCODEHASH,target_coef,presets[cold_account_code_access],3.115989979438381e-09,0.8523152022203051,0.8515617083540822,AccountMode.EXISTING_CONTRACT_MINIMAL,,EXTCODEHASH,269.95817939444515,270,False,False,test_account_access,EXTCODEHASH,target_coef
COLD_ACCOUNT_CODE_ACCESS,ethrex,0.0027104168118243883,0.001,0.0025490624670766824,0.002868182329172841,test_account_access,EXTCODEHASH,target_coef,presets[cold_account_code_access],3.115989979438381e-09,0.8466030316318106,0.8458203940380954,AccountMode.EXISTING_CONTRACT_SAME_MAX,,EXTCODEHASH,271.0416811824389,272,False,False,test_account_access,EXTCODEHASH,target_coef
COLD_ACCOUNT_CODE_ACCESS,ethrex,0.010561753434242904,0.001,0.009484404586790297,0.011650242975738342,test_account_access,EXTCODESIZE,target_coef,presets[cold_account_code_access],3.2162943802471334e-09,0.6565450742940642,0.6547927532445441,AccountMode.EXISTING_CONTRACT_DIFF_MAX,,EXTCODESIZE,1056.1753434242905,1057,False,True,test_account_access,EXTCODESIZE,target_coef
COLD_ACCOUNT_CODE_ACCESS,ethrex,0.002750410234001875,0.001,0.002599346266702938,0.0028961952011239338,test_account_access,EXTCODESIZE,target_coef,presets[cold_account_code_access],3.2162943802471334e-09,0.8497086152570263,0.8489418224777254,AccountMode.EXISTING_CONTRACT_MINIMAL,,EXTCODESIZE,275.0410234001875,276,False,False,test_account_access,EXTCODESIZE,target_coef
COLD_ACCOUNT_CODE_ACCESS,ethrex,0.0028097369554560213,0.001,0.0026608308446974317,0.002963042296393172,test_account_access,EXTCODESIZE,target_coef,presets[cold_account_code_access],3.2162943802471334e-09,0.8639788981992688,0.8632849129859997,AccountMode.EXISTING_CONTRACT_SAME_MAX,,EXTCODESIZE,280.97369554560214,281,False,False,test_account_access,EXTCODESIZE,target_coef
COLD_ACCOUNT_CODE_ACCESS,ethrex,0.010079276246648195,0.001,0.009140514790408116,0.011220243477830058,test_account_access,STATICCALL,target_coef,presets[cold_account_code_access],4.041373827800034e-06,0.6457006904463115,0.6438930409077723,AccountMode.EXISTING_CONTRACT_DIFF_MAX,,STATICCALL,1007.9276246648194,1008,False,False,test_account_access,STATICCALL,target_coef
COLD_ACCOUNT_CODE_ACCESS,ethrex,0.0028412163237709373,0.001,0.002673254522562582,0.0029990660787621542,test_account_access,STATICCALL,target_coef,presets[cold_account_code_access],4.041373827800034e-06,0.8631788211555598,0.8624807539165575,AccountMode.EXISTING_CONTRACT_MINIMAL,,STATICCALL,284.1216323770937,285,False,False,test_account_access,STATICCALL,target_coef
COLD_ACCOUNT_CODE_ACCESS,ethrex,0.002855433741110422,0.001,0.0026887881885064315,0.003039262332224788,test_account_access,STATICCALL,target_coef,presets[cold_account_code_access],4.041373827800034e-06,0.8617269437251502,0.8610214689482377,AccountMode.EXISTING_CONTRACT_SAME_MAX,,STATICCALL,285.54337411104217,286,False,False,test_account_access,STATICCALL,target_coef
COLD_ACCOUNT_CODE_ACCESS,geth,0.017514079127984836,0.001,0.0164471949541227,0.018571415251214148,test_account_access,BALANCE,target_coef,presets[cold_account_code_access],1.1228938562230536e-08,0.8935848309814665,0.8930966880043172,AccountMode.EXISTING_CONTRACT_DIFF_MAX,,BALANCE,1751.4079127984837,1752,False,False,test_account_access,BALANCE,target_coef
COLD_ACCOUNT_CODE_ACCESS,geth,0.019966441978193878,0.001,0.019501471882591808,0.020383232351181294,test_account_access,BALANCE,target_coef,presets[cold_account_code_access],1.1228938562230536e-08,0.9733522802935448,0.973230043047185,AccountMode.EXISTING_CONTRACT_MINIMAL,,BALANCE,1996.6441978193877,1997,False,False,test_account_access,BALANCE,target_coef
COLD_ACCOUNT_CODE_ACCESS,geth,0.019602165825110113,0.001,0.019216562376720443,0.02001464796538393,test_account_access,BALANCE,target_coef,presets[cold_account_code_access],1.1228938562230536e-08,0.9726967559770726,0.9725715117384354,AccountMode.EXISTING_CONTRACT_SAME_MAX,,BALANCE,1960.2165825110112,1961,False,False,test_account_access,BALANCE,target_coef
COLD_ACCOUNT_CODE_ACCESS,geth,0.04597035943272269,0.001,0.04279745596624973,0.04923592183718211,test_account_access,CALL,target_coef,presets[cold_account_code_access],3.5229566125335376e-05,0.7804821481979882,0.7794751855750433,AccountMode.EXISTING_CONTRACT_DIFF_MAX,,CALL,4597.035943272269,4598,False,False,test_account_access,CALL,target_coef
COLD_ACCOUNT_CODE_ACCESS,geth,0.02051895026340098,0.001,0.02006004618136776,0.020910520007135464,test_account_access,CALL,target_coef,presets[cold_account_code_access],3.5229566125335376e-05,0.9764625594279981,0.9763545895171174,AccountMode.EXISTING_CONTRACT_MINIMAL,,CALL,2051.895026340098,2052,False,False,test_account_access,CALL,target_coef
COLD_ACCOUNT_CODE_ACCESS,geth,0.02030205471391203,0.001,0.019881729112011585,0.02070021265892082,test_account_access,CALL,target_coef,presets[cold_account_code_access],3.5229566125335376e-05,0.9784248142487034,0.978325845506725,AccountMode.EXISTING_CONTRACT_SAME_MAX,,CALL,2030.2054713912032,2031,False,False,test_account_access,CALL,target_coef
COLD_ACCOUNT_CODE_ACCESS,geth,0.045458897717726925,0.001,0.0423380824057713,0.048584848425632286,test_account_access,CALLCODE,target_coef,presets[cold_account_code_access],3.5229566125335376e-05,0.785816900742184,0.7848344094611849,AccountMode.EXISTING_CONTRACT_DIFF_MAX,,CALLCODE,4545.889771772693,4546,False,False,test_account_access,CALLCODE,target_coef
COLD_ACCOUNT_CODE_ACCESS,geth,0.020370275315736524,0.001,0.01994160254544704,0.020783664826521088,test_account_access,CALLCODE,target_coef,presets[cold_account_code_access],3.5229566125335376e-05,0.9744907910242485,0.9743737763041762,AccountMode.EXISTING_CONTRACT_MINIMAL,,CALLCODE,2037.0275315736524,2038,False,False,test_account_access,CALLCODE,target_coef
COLD_ACCOUNT_CODE_ACCESS,geth,0.020435529334871926,0.001,0.02004530262224554,0.02081917609600581,test_account_access,CALLCODE,target_coef,presets[cold_account_code_access],3.5229566125335376e-05,0.9779457968230129,0.9778446307533937,AccountMode.EXISTING_CONTRACT_SAME_MAX,,CALLCODE,2043.5529334871928,2044,False,False,test_account_access,CALLCODE,target_coef
COLD_ACCOUNT_CODE_ACCESS,geth,0.045241753079766134,0.001,0.04212069675569051,0.04849655209203766,test_account_access,DELEGATECALL,target_coef,presets[cold_account_code_access],1.4430749741075309e-05,0.7782822314104869,0.7772651774261313,AccountMode.EXISTING_CONTRACT_DIFF_MAX,,DELEGATECALL,4524.175307976614,4525,False,False,test_account_access,DELEGATECALL,target_coef
COLD_ACCOUNT_CODE_ACCESS,geth,0.020229874614685908,0.001,0.01985942533979619,0.020615153939465117,test_account_access,DELEGATECALL,target_coef,presets[cold_account_code_access],1.4430749741075309e-05,0.9768595254406472,0.9767533764747787,AccountMode.EXISTING_CONTRACT_MINIMAL,,DELEGATECALL,2022.987461468591,2023,False,False,test_account_access,DELEGATECALL,target_coef
COLD_ACCOUNT_CODE_ACCESS,geth,0.020249696502427892,0.001,0.01979232088606995,0.020661881091044065,test_account_access,DELEGATECALL,target_coef,presets[cold_account_code_access],1.4430749741075309e-05,0.9783448172078824,0.9782454815070011,AccountMode.EXISTING_CONTRACT_SAME_MAX,,DELEGATECALL,2024.9696502427892,2025,False,False,test_account_access,DELEGATECALL,target_coef
COLD_ACCOUNT_CODE_ACCESS,geth,0.04626812390613287,0.001,0.04301054789658469,0.049838790945741826,test_account_access,EXTCODECOPY,target_coef,presets[cold_account_code_access],9.487986860813778e-06,0.7646210157902942,0.7635412956792405,AccountMode.EXISTING_CONTRACT_DIFF_MAX,,EXTCODECOPY,4626.812390613287,4627,False,False,test_account_access,EXTCODECOPY,target_coef
COLD_ACCOUNT_CODE_ACCESS,geth,0.02051912196227093,0.001,0.020065834941219017,0.02097177412587941,test_account_access,EXTCODECOPY,target_coef,presets[cold_account_code_access],9.487986860813778e-06,0.9710413603294357,0.9709085225327817,AccountMode.EXISTING_CONTRACT_MINIMAL,,EXTCODECOPY,2051.912196227093,2052,False,False,test_account_access,EXTCODECOPY,target_coef
COLD_ACCOUNT_CODE_ACCESS,geth,0.020257913047994392,0.001,0.01979383760254799,0.020709610804018428,test_account_access,EXTCODECOPY,target_coef,presets[cold_account_code_access],9.487986860813778e-06,0.9713296384599882,0.9711981230400799,AccountMode.EXISTING_CONTRACT_SAME_MAX,,EXTCODECOPY,2025.791304799439,2026,False,False,test_account_access,EXTCODECOPY,target_coef
COLD_ACCOUNT_CODE_ACCESS,geth,0.017300002659457928,0.001,0.016330940587430984,0.018180352972973626,test_account_access,EXTCODEHASH,target_coef,presets[cold_account_code_access],1.1228938562230536e-08,0.9057688164989399,0.9053365633636139,AccountMode.EXISTING_CONTRACT_DIFF_MAX,,EXTCODEHASH,1730.0002659457928,1731,False,False,test_account_access,EXTCODEHASH,target_coef
COLD_ACCOUNT_CODE_ACCESS,geth,0.019616996040918443,0.001,0.019155724222694587,0.02007643374583372,test_account_access,EXTCODEHASH,target_coef,presets[cold_account_code_access],1.1228938562230536e-08,0.9723279118584224,0.9722009756742866,AccountMode.EXISTING_CONTRACT_MINIMAL,,EXTCODEHASH,1961.6996040918443,1962,False,False,test_account_access,EXTCODEHASH,target_coef
COLD_ACCOUNT_CODE_ACCESS,geth,0.020156180221720846,0.001,0.019727416515929807,0.02059050819322595,test_account_access,EXTCODEHASH,target_coef,presets[cold_account_code_access],1.1228938562230536e-08,0.9755764024678198,0.9754643676167548,AccountMode.EXISTING_CONTRACT_SAME_MAX,,EXTCODEHASH,2015.6180221720845,2016,False,False,test_account_access,EXTCODEHASH,target_coef
COLD_ACCOUNT_CODE_ACCESS,geth,0.046418600627720984,0.001,0.04304348649042283,0.04969475390975441,test_account_access,EXTCODESIZE,target_coef,presets[cold_account_code_access],1.159040055717759e-08,0.7755711145711504,0.774541624271018,AccountMode.EXISTING_CONTRACT_DIFF_MAX,,EXTCODESIZE,4641.860062772098,4642,False,True,test_account_access,EXTCODESIZE,target_coef
COLD_ACCOUNT_CODE_ACCESS,geth,0.019756799206042765,0.001,0.019329386507305965,0.02019669831529631,test_account_access,EXTCODESIZE,target_coef,presets[cold_account_code_access],1.159040055717759e-08,0.9731289106113958,0.9730056487334665,AccountMode.EXISTING_CONTRACT_MINIMAL,,EXTCODESIZE,1975.6799206042765,1976,False,False,test_account_access,EXTCODESIZE,target_coef
COLD_ACCOUNT_CODE_ACCESS,geth,0.019787992580241637,0.001,0.019375840296253846,0.020174737074448716,test_account_access,EXTCODESIZE,target_coef,presets[cold_account_code_access],1.159040055717759e-08,0.9755581084652382,0.97544598969673,AccountMode.EXISTING_CONTRACT_SAME_MAX,,EXTCODESIZE,1978.7992580241637,1979,False,False,test_account_access,EXTCODESIZE,target_coef
COLD_ACCOUNT_CODE_ACCESS,geth,0.04548875962222323,0.001,0.04214569787821394,0.048558860783871914,test_account_access,STATICCALL,target_coef,presets[cold_account_code_access],1.4430749741075309e-05,0.7803975691126706,0.77939021851227,AccountMode.EXISTING_CONTRACT_DIFF_MAX,,STATICCALL,4548.875962222322,4549,False,False,test_account_access,STATICCALL,target_coef
COLD_ACCOUNT_CODE_ACCESS,geth,0.020263571707308834,0.001,0.019825078567419597,0.020684700889001664,test_account_access,STATICCALL,target_coef,presets[cold_account_code_access],1.4430749741075309e-05,0.9772140742521365,0.9771095516569628,AccountMode.EXISTING_CONTRACT_MINIMAL,,STATICCALL,2026.3571707308836,2027,False,False,test_account_access,STATICCALL,target_coef
COLD_ACCOUNT_CODE_ACCESS,geth,0.020408194283777832,0.001,0.02006620215603459,0.02079539363959273,test_account_access,STATICCALL,target_coef,presets[cold_account_code_access],1.4430749741075309e-05,0.9771508471631277,0.9770460345354357,AccountMode.EXISTING_CONTRACT_SAME_MAX,,STATICCALL,2040.8194283777832,2041,False,False,test_account_access,STATICCALL,target_coef
COLD_ACCOUNT_CODE_ACCESS,nethermind,0.0029033315380332663,0.001,0.0027891941269221265,0.0030155593825596204,test_account_access,BALANCE,target_coef,presets[cold_account_code_access],2.8607293568355303e-09,0.9393373135151367,0.9389886773859134,AccountMode.EXISTING_CONTRACT_DIFF_MAX,,BALANCE,290.3331538033266,291,False,False,test_account_access,BALANCE,target_coef
COLD_ACCOUNT_CODE_ACCESS,nethermind,0.0028146357375053777,0.001,0.0027020927774652702,0.002934317884488104,test_account_access,BALANCE,target_coef,presets[cold_account_code_access],2.8607293568355303e-09,0.9309147212176507,0.9305176793855683,AccountMode.EXISTING_CONTRACT_MINIMAL,,BALANCE,281.46357375053776,282,False,False,test_account_access,BALANCE,target_coef
COLD_ACCOUNT_CODE_ACCESS,nethermind,0.00289971454956287,0.001,0.002785493851980623,0.0030194035809744868,test_account_access,BALANCE,target_coef,presets[cold_account_code_access],2.8607293568355303e-09,0.9321108939947961,0.931720726718904,AccountMode.EXISTING_CONTRACT_SAME_MAX,,BALANCE,289.971454956287,290,False,False,test_account_access,BALANCE,target_coef
COLD_ACCOUNT_CODE_ACCESS,nethermind,0.02186663147460367,0.001,0.017900240270265523,0.025471190922523614,test_account_access,CALL,target_coef,presets[cold_account_code_access],7.307597613187505e-06,0.41915570829659354,0.41581752271209127,AccountMode.EXISTING_CONTRACT_DIFF_MAX,,CALL,2186.663147460367,2187,True,False,test_account_access,CALL,target_coef
COLD_ACCOUNT_CODE_ACCESS,nethermind,0.00316681415442937,0.001,0.0030171704831358707,0.0033286347181657487,test_account_access,CALL,target_coef,presets[cold_account_code_access],7.307597613187505e-06,0.925389686853653,0.924960891950513,AccountMode.EXISTING_CONTRACT_MINIMAL,,CALL,316.681415442937,317,False,False,test_account_access,CALL,target_coef
COLD_ACCOUNT_CODE_ACCESS,nethermind,0.0032206719405261388,0.001,0.0030760229627780807,0.003364999926817632,test_account_access,CALL,target_coef,presets[cold_account_code_access],7.307597613187505e-06,0.9210394207075195,0.9205856242748042,AccountMode.EXISTING_CONTRACT_SAME_MAX,,CALL,322.06719405261384,323,False,False,test_account_access,CALL,target_coef
COLD_ACCOUNT_CODE_ACCESS,nethermind,0.022168061836837998,0.001,0.018293230729144256,0.026093926012255946,test_account_access,CALLCODE,target_coef,presets[cold_account_code_access],7.307597613187505e-06,0.4243416859676873,0.4210333048525591,AccountMode.EXISTING_CONTRACT_DIFF_MAX,,CALLCODE,2216.8061836837996,2217,True,False,test_account_access,CALLCODE,target_coef
COLD_ACCOUNT_CODE_ACCESS,nethermind,0.0032512676780155608,0.001,0.003117351829891544,0.0033766797407552146,test_account_access,CALLCODE,target_coef,presets[cold_account_code_access],7.307597613187505e-06,0.9319019147115828,0.9315105464053275,AccountMode.EXISTING_CONTRACT_MINIMAL,,CALLCODE,325.12676780155607,326,False,False,test_account_access,CALLCODE,target_coef
COLD_ACCOUNT_CODE_ACCESS,nethermind,0.00320751516253414,0.001,0.0030450258754304137,0.0033732321998398195,test_account_access,CALLCODE,target_coef,presets[cold_account_code_access],7.307597613187505e-06,0.9135475478679107,0.9130506946947378,AccountMode.EXISTING_CONTRACT_SAME_MAX,,CALLCODE,320.75151625341397,321,False,False,test_account_access,CALLCODE,target_coef
COLD_ACCOUNT_CODE_ACCESS,nethermind,0.02187241547452941,0.001,0.017840083785449122,0.02566529657821793,test_account_access,DELEGATECALL,target_coef,presets[cold_account_code_access],3.0034244317018224e-06,0.43022593633303663,0.42695137274874373,AccountMode.EXISTING_CONTRACT_DIFF_MAX,,DELEGATECALL,2187.241547452941,2188,True,False,test_account_access,DELEGATECALL,target_coef
COLD_ACCOUNT_CODE_ACCESS,nethermind,0.0031652563498164774,0.001,0.003021302752629665,0.003317650249860037,test_account_access,DELEGATECALL,target_coef,presets[cold_account_code_access],3.0034244317018224e-06,0.9301118352848287,0.9297101791657759,AccountMode.EXISTING_CONTRACT_MINIMAL,,DELEGATECALL,316.5256349816477,317,False,False,test_account_access,DELEGATECALL,target_coef
COLD_ACCOUNT_CODE_ACCESS,nethermind,0.003240629196018994,0.001,0.00310760629109711,0.0033849731548254445,test_account_access,DELEGATECALL,target_coef,presets[cold_account_code_access],3.0034244317018224e-06,0.9207185356144089,0.9202628950144917,AccountMode.EXISTING_CONTRACT_SAME_MAX,,DELEGATECALL,324.0629196018994,325,False,False,test_account_access,DELEGATECALL,target_coef
COLD_ACCOUNT_CODE_ACCESS,nethermind,0.021554527337212036,0.001,0.01804782186317258,0.025305664674534198,test_account_access,EXTCODECOPY,target_coef,presets[cold_account_code_access],1.9333461167607717e-06,0.44907889249872357,0.445912679237222,AccountMode.EXISTING_CONTRACT_DIFF_MAX,,EXTCODECOPY,2155.4527337212035,2156,True,False,test_account_access,EXTCODECOPY,target_coef
COLD_ACCOUNT_CODE_ACCESS,nethermind,0.0029798270596478457,0.001,0.0028543669446419663,0.003108417489320842,test_account_access,EXTCODECOPY,target_coef,presets[cold_account_code_access],1.9333461167607717e-06,0.9351926072010884,0.9348201509206349,AccountMode.EXISTING_CONTRACT_MINIMAL,,EXTCODECOPY,297.98270596478454,298,False,False,test_account_access,EXTCODECOPY,target_coef
COLD_ACCOUNT_CODE_ACCESS,nethermind,0.0030216353243056157,0.001,0.0029067813030377006,0.003142966830723924,test_account_access,EXTCODECOPY,target_coef,presets[cold_account_code_access],1.9333461167607717e-06,0.9361184603439145,0.9357513250585348,AccountMode.EXISTING_CONTRACT_SAME_MAX,,EXTCODECOPY,302.16353243056153,303,False,False,test_account_access,EXTCODECOPY,target_coef
COLD_ACCOUNT_CODE_ACCESS,nethermind,0.002795620600427015,0.001,0.0026715496282424716,0.002910614469465907,test_account_access,EXTCODEHASH,target_coef,presets[cold_account_code_access],2.8607293568355303e-09,0.9252845361390433,0.9248551369214516,AccountMode.EXISTING_CONTRACT_DIFF_MAX,,EXTCODEHASH,279.5620600427015,280,False,False,test_account_access,EXTCODEHASH,target_coef
COLD_ACCOUNT_CODE_ACCESS,nethermind,0.0029348255125748513,0.001,0.0028304141423291934,0.003037321127998485,test_account_access,EXTCODEHASH,target_coef,presets[cold_account_code_access],2.8607293568355303e-09,0.9402904315888191,0.9399472731496744,AccountMode.EXISTING_CONTRACT_MINIMAL,,EXTCODEHASH,293.4825512574851,294,False,False,test_account_access,EXTCODEHASH,target_coef
COLD_ACCOUNT_CODE_ACCESS,nethermind,0.002866709907892667,0.001,0.002755384434288968,0.0029699222985719717,test_account_access,EXTCODEHASH,target_coef,presets[cold_account_code_access],2.8607293568355303e-09,0.9386192298832807,0.938266466836633,AccountMode.EXISTING_CONTRACT_SAME_MAX,,EXTCODEHASH,286.67099078926674,287,False,False,test_account_access,EXTCODEHASH,target_coef
COLD_ACCOUNT_CODE_ACCESS,nethermind,0.0213133930936677,0.001,0.01798673976356078,0.02482310266378052,test_account_access,EXTCODESIZE,target_coef,presets[cold_account_code_access],2.9528168622212548e-09,0.43553883222909995,0.4322948025292672,AccountMode.EXISTING_CONTRACT_DIFF_MAX,,EXTCODESIZE,2131.3393093667696,2132,True,False,test_account_access,EXTCODESIZE,target_coef
COLD_ACCOUNT_CODE_ACCESS,nethermind,0.0029846369381567915,0.001,0.002867847286736887,0.0031012791721481037,test_account_access,EXTCODESIZE,target_coef,presets[cold_account_code_access],2.9528168622212548e-09,0.935422173341235,0.9350510364064145,AccountMode.EXISTING_CONTRACT_MINIMAL,,EXTCODESIZE,298.46369381567916,299,False,False,test_account_access,EXTCODESIZE,target_coef
COLD_ACCOUNT_CODE_ACCESS,nethermind,0.002942353196751736,0.001,0.0028240764977513206,0.0030608389438137405,test_account_access,EXTCODESIZE,target_coef,presets[cold_account_code_access],2.9528168622212548e-09,0.9348212443390397,0.9344466537892641,AccountMode.EXISTING_CONTRACT_SAME_MAX,,EXTCODESIZE,294.2353196751736,295,False,False,test_account_access,EXTCODESIZE,target_coef
COLD_ACCOUNT_CODE_ACCESS,nethermind,0.022580126009095453,0.001,0.018784387199047816,0.026219981204333543,test_account_access,STATICCALL,target_coef,presets[cold_account_code_access],3.0034244317018224e-06,0.44033756984559336,0.43712111909757956,AccountMode.EXISTING_CONTRACT_DIFF_MAX,,STATICCALL,2258.012600909545,2259,True,False,test_account_access,STATICCALL,target_coef
COLD_ACCOUNT_CODE_ACCESS,nethermind,0.0030178891237306635,0.001,0.0028973110345638024,0.003138031940358789,test_account_access,STATICCALL,target_coef,presets[cold_account_code_access],3.0034244317018224e-06,0.9228650439247919,0.922421739579532,AccountMode.EXISTING_CONTRACT_MINIMAL,,STATICCALL,301.78891237306635,302,False,False,test_account_access,STATICCALL,target_coef
COLD_ACCOUNT_CODE_ACCESS,nethermind,0.00326761650198742,0.001,0.0031346690334171064,0.003388179930601281,test_account_access,STATICCALL,target_coef,presets[cold_account_code_access],3.0034244317018224e-06,0.9432981455142041,0.9429722727872742,AccountMode.EXISTING_CONTRACT_SAME_MAX,,STATICCALL,326.761650198742,327,False,True,test_account_access,STATICCALL,target_coef
COLD_ACCOUNT_CODE_ACCESS,reth,0.005065709105911697,0.001,0.004837382333258895,0.005287922393495922,test_account_access,BALANCE,target_coef,presets[cold_account_code_access],1.4218407385361117e-09,0.921507111298243,0.9210560027424858,AccountMode.EXISTING_CONTRACT_DIFF_MAX,,BALANCE,506.57091059116965,507,False,False,test_account_access,BALANCE,target_coef
COLD_ACCOUNT_CODE_ACCESS,reth,0.004618639944978918,0.001,0.004489764462759873,0.004749958833347041,test_account_access,BALANCE,target_coef,presets[cold_account_code_access],1.4218407385361117e-09,0.9656943857856604,0.9654972270832791,AccountMode.EXISTING_CONTRACT_MINIMAL,,BALANCE,461.8639944978918,462,False,False,test_account_access,BALANCE,target_coef
COLD_ACCOUNT_CODE_ACCESS,reth,0.004651776901478879,0.001,0.004500893247332382,0.004807941168857578,test_account_access,BALANCE,target_coef,presets[cold_account_code_access],1.4218407385361117e-09,0.9563430990232765,0.9560921972935252,AccountMode.EXISTING_CONTRACT_SAME_MAX,,BALANCE,465.1776901478879,466,False,False,test_account_access,BALANCE,target_coef
COLD_ACCOUNT_CODE_ACCESS,reth,0.04198025031045524,0.001,0.03363185753339682,0.04692602095908832,test_account_access,CALL,target_coef,presets[cold_account_code_access],8.370413420850142e-06,0.4007930498922435,0.3973493317881759,AccountMode.EXISTING_CONTRACT_DIFF_MAX,,CALL,4198.025031045524,4199,True,False,test_account_access,CALL,target_coef
COLD_ACCOUNT_CODE_ACCESS,reth,0.0052238979367853254,0.001,0.0051062237042923024,0.005358903530561257,test_account_access,CALL,target_coef,presets[cold_account_code_access],8.370413420850142e-06,0.970340748634123,0.970170293166503,AccountMode.EXISTING_CONTRACT_MINIMAL,,CALL,522.3897936785326,523,False,True,test_account_access,CALL,target_coef
COLD_ACCOUNT_CODE_ACCESS,reth,0.0051957757484484,0.001,0.005035510511360891,0.00535270503884668,test_account_access,CALL,target_coef,presets[cold_account_code_access],8.370413420850142e-06,0.9643439557135819,0.9641390359188323,AccountMode.EXISTING_CONTRACT_SAME_MAX,,CALL,519.57757484484,520,False,False,test_account_access,CALL,target_coef
COLD_ACCOUNT_CODE_ACCESS,reth,0.04082320192167067,0.001,0.03283514510099329,0.04553875458556089,test_account_access,CALLCODE,target_coef,presets[cold_account_code_access],8.370413420850142e-06,0.3898292867545109,0.3863225585174679,AccountMode.EXISTING_CONTRACT_DIFF_MAX,,CALLCODE,4082.3201921670666,4083,True,False,test_account_access,CALLCODE,target_coef
COLD_ACCOUNT_CODE_ACCESS,reth,0.004808166295978383,0.001,0.004671097201026987,0.004948802512012792,test_account_access,CALLCODE,target_coef,presets[cold_account_code_access],8.370413420850142e-06,0.9626503357460325,0.9624356825031937,AccountMode.EXISTING_CONTRACT_MINIMAL,,CALLCODE,480.8166295978383,481,False,False,test_account_access,CALLCODE,target_coef
COLD_ACCOUNT_CODE_ACCESS,reth,0.0046870298479474715,0.001,0.004545459060749338,0.004828309991151319,test_account_access,CALLCODE,target_coef,presets[cold_account_code_access],8.370413420850142e-06,0.9593152841662543,0.9590814639603132,AccountMode.EXISTING_CONTRACT_SAME_MAX,,CALLCODE,468.7029847947471,469,False,False,test_account_access,CALLCODE,target_coef
COLD_ACCOUNT_CODE_ACCESS,reth,0.040803894773032666,0.001,0.03288677034026323,0.04583927008020792,test_account_access,DELEGATECALL,target_coef,presets[cold_account_code_access],3.4885227504114465e-06,0.38933499310172104,0.3858254240965585,AccountMode.EXISTING_CONTRACT_DIFF_MAX,,DELEGATECALL,4080.3894773032666,4081,True,False,test_account_access,DELEGATECALL,target_coef
COLD_ACCOUNT_CODE_ACCESS,reth,0.004844169570373414,0.001,0.004701137962705547,0.004995126289593879,test_account_access,DELEGATECALL,target_coef,presets[cold_account_code_access],3.4885227504114465e-06,0.9634832605822796,0.963273394263787,AccountMode.EXISTING_CONTRACT_MINIMAL,,DELEGATECALL,484.41695703734143,485,False,False,test_account_access,DELEGATECALL,target_coef
COLD_ACCOUNT_CODE_ACCESS,reth,0.004711943031786349,0.001,0.004573322049417602,0.004855839383157359,test_account_access,DELEGATECALL,target_coef,presets[cold_account_code_access],3.4885227504114465e-06,0.958120271594645,0.9578795835003613,AccountMode.EXISTING_CONTRACT_SAME_MAX,,DELEGATECALL,471.1943031786349,472,False,False,test_account_access,DELEGATECALL,target_coef
COLD_ACCOUNT_CODE_ACCESS,reth,0.040514325518998855,0.001,0.032679529729910145,0.045564637393957455,test_account_access,EXTCODECOPY,target_coef,presets[cold_account_code_access],2.0793256688637717e-06,0.38410947527638495,0.3805698745595826,AccountMode.EXISTING_CONTRACT_DIFF_MAX,,EXTCODECOPY,4051.4325518998853,4052,True,False,test_account_access,EXTCODECOPY,target_coef
COLD_ACCOUNT_CODE_ACCESS,reth,0.004824353669190175,0.001,0.004676741074467895,0.0049613720625027976,test_account_access,EXTCODECOPY,target_coef,presets[cold_account_code_access],2.0793256688637717e-06,0.9604019059946668,0.9601743307417626,AccountMode.EXISTING_CONTRACT_MINIMAL,,EXTCODECOPY,482.43536691901744,483,False,False,test_account_access,EXTCODECOPY,target_coef
COLD_ACCOUNT_CODE_ACCESS,reth,0.004687866362877295,0.001,0.004548843991591117,0.004827138260419487,test_account_access,EXTCODECOPY,target_coef,presets[cold_account_code_access],2.0793256688637717e-06,0.9605399442141824,0.9603131622843789,AccountMode.EXISTING_CONTRACT_SAME_MAX,,EXTCODECOPY,468.7866362877295,469,False,False,test_account_access,EXTCODECOPY,target_coef
COLD_ACCOUNT_CODE_ACCESS,reth,0.004725776811968366,0.001,0.004556765798453574,0.004896050693956276,test_account_access,EXTCODEHASH,target_coef,presets[cold_account_code_access],1.4218407385361117e-09,0.9280036026273367,0.9275898302286433,AccountMode.EXISTING_CONTRACT_DIFF_MAX,,EXTCODEHASH,472.5776811968366,473,False,False,test_account_access,EXTCODEHASH,target_coef
COLD_ACCOUNT_CODE_ACCESS,reth,0.004699405814410414,0.001,0.004565460861784555,0.00483412334141524,test_account_access,EXTCODEHASH,target_coef,presets[cold_account_code_access],1.4218407385361117e-09,0.962714640067645,0.9625003563898729,AccountMode.EXISTING_CONTRACT_MINIMAL,,EXTCODEHASH,469.94058144104145,470,False,False,test_account_access,EXTCODEHASH,target_coef
COLD_ACCOUNT_CODE_ACCESS,reth,0.00469868599609342,0.001,0.004562034848923389,0.004829463016712703,test_account_access,EXTCODEHASH,target_coef,presets[cold_account_code_access],1.4218407385361117e-09,0.9631522625706347,0.9629404939647188,AccountMode.EXISTING_CONTRACT_SAME_MAX,,EXTCODEHASH,469.86859960934197,470,False,False,test_account_access,EXTCODEHASH,target_coef
COLD_ACCOUNT_CODE_ACCESS,reth,0.04078622697729028,0.001,0.03292937902151567,0.04550179974080872,test_account_access,EXTCODESIZE,target_coef,presets[cold_account_code_access],1.4676101037347903e-09,0.3864426020168884,0.38291641007445665,AccountMode.EXISTING_CONTRACT_DIFF_MAX,,EXTCODESIZE,4078.622697729028,4079,True,False,test_account_access,EXTCODESIZE,target_coef
COLD_ACCOUNT_CODE_ACCESS,reth,0.00479474605861297,0.001,0.004630675446160719,0.0049319606291450555,test_account_access,EXTCODESIZE,target_coef,presets[cold_account_code_access],1.4676101037347903e-09,0.9620784302659785,0.9618604902100358,AccountMode.EXISTING_CONTRACT_MINIMAL,,EXTCODESIZE,479.47460586129705,480,False,False,test_account_access,EXTCODESIZE,target_coef
COLD_ACCOUNT_CODE_ACCESS,reth,0.004770911685357826,0.001,0.0046410211431803265,0.004909852584136507,test_account_access,EXTCODESIZE,target_coef,presets[cold_account_code_access],1.4676101037347903e-09,0.9620967312582839,0.9618788963804579,AccountMode.EXISTING_CONTRACT_SAME_MAX,,EXTCODESIZE,477.09116853578263,478,False,False,test_account_access,EXTCODESIZE,target_coef
COLD_ACCOUNT_CODE_ACCESS,reth,0.04208046542950537,0.001,0.0337580584306414,0.04677455598277392,test_account_access,STATICCALL,target_coef,presets[cold_account_code_access],3.4885227504114465e-06,0.3990809834304433,0.3956274258639516,AccountMode.EXISTING_CONTRACT_DIFF_MAX,,STATICCALL,4208.046542950537,4209,True,False,test_account_access,STATICCALL,target_coef
COLD_ACCOUNT_CODE_ACCESS,reth,0.005218728739748383,0.001,0.005088459114424236,0.005349369546060073,test_account_access,STATICCALL,target_coef,presets[cold_account_code_access],3.4885227504114465e-06,0.9661562994486377,0.9659617954224804,AccountMode.EXISTING_CONTRACT_MINIMAL,,STATICCALL,521.8728739748383,522,False,False,test_account_access,STATICCALL,target_coef
COLD_ACCOUNT_CODE_ACCESS,reth,0.005214719087429829,0.001,0.005045857823428433,0.005377689193689874,test_account_access,STATICCALL,target_coef,presets[cold_account_code_access],3.4885227504114465e-06,0.9606886218621096,0.960462694401547,AccountMode.EXISTING_CONTRACT_SAME_MAX,,STATICCALL,521.4719087429828,522,False,False,test_account_access,STATICCALL,target_coef
COLD_ACCOUNT_CODE_WRITE,besu,0.10566592099095888,0.001,0.1011580755540397,0.10959883621339238,test_account_access,CALL,target_coef,presets[cold_account_code_write],3.976139348853297e-05,0.9368582314071604,0.9364953476796154,AccountMode.EXISTING_CONTRACT_DIFF_MAX,,CALL,10566.592099095888,10567,False,True,test_account_access,CALL,target_coef
COLD_ACCOUNT_CODE_WRITE,besu,0.07770022671936928,0.001,0.07510389353300027,0.08025375984201481,test_account_access,CALL,target_coef,presets[cold_account_code_write],3.976139348853297e-05,0.9525506733033987,0.9522779760235331,AccountMode.EXISTING_CONTRACT_MINIMAL,,CALL,7770.022671936928,7771,False,False,test_account_access,CALL,target_coef
COLD_ACCOUNT_CODE_WRITE,besu,0.0775821833615432,0.001,0.07523903397274526,0.08006717188658866,test_account_access,CALL,target_coef,presets[cold_account_code_write],3.976139348853297e-05,0.9529884842158706,0.9527183030906744,AccountMode.EXISTING_CONTRACT_SAME_MAX,,CALL,7758.218336154319,7759,False,False,test_account_access,CALL,target_coef
COLD_ACCOUNT_CODE_WRITE,besu,0.04202124049888397,0.001,0.039614916213399305,0.04439414124903786,test_account_access,CALLCODE,target_coef,presets[cold_account_code_write],3.976139348853297e-05,0.8866177200508011,0.8859660977522424,AccountMode.EXISTING_CONTRACT_DIFF_MAX,,CALLCODE,4202.124049888396,4203,False,False,test_account_access,CALLCODE,target_coef
COLD_ACCOUNT_CODE_WRITE,besu,0.018495494165312546,0.001,0.017592678903753232,0.01946415326592979,test_account_access,CALLCODE,target_coef,presets[cold_account_code_write],3.976139348853297e-05,0.9012972305912369,0.9007299732957842,AccountMode.EXISTING_CONTRACT_MINIMAL,,CALLCODE,1849.5494165312546,1850,False,False,test_account_access,CALLCODE,target_coef
COLD_ACCOUNT_CODE_WRITE,besu,0.01899879163415406,0.001,0.01819318772925937,0.019810651301395744,test_account_access,CALLCODE,target_coef,presets[cold_account_code_write],3.976139348853297e-05,0.9213328622881299,0.9208807523012801,AccountMode.EXISTING_CONTRACT_SAME_MAX,,CALLCODE,1899.8791634154059,1900,False,False,test_account_access,CALLCODE,target_coef
COLD_ACCOUNT_CODE_WRITE,erigon,0.07469359271979989,0.001,0.07247904711332706,0.07692856610913978,test_account_access,CALL,target_coef,presets[cold_account_code_write],3.304209223875447e-05,0.9453483299301678,0.9450694948787911,AccountMode.EXISTING_CONTRACT_DIFF_MAX,,CALL,7469.359271979989,7470,False,True,test_account_access,CALL,target_coef
COLD_ACCOUNT_CODE_WRITE,erigon,0.05758808571820714,0.001,0.05614660061729457,0.05904958947473932,test_account_access,CALL,target_coef,presets[cold_account_code_write],3.304209223875447e-05,0.9723704762542982,0.9722295092964119,AccountMode.EXISTING_CONTRACT_MINIMAL,,CALL,5758.808571820714,5759,False,False,test_account_access,CALL,target_coef
COLD_ACCOUNT_CODE_WRITE,erigon,0.06655446023086295,0.001,0.06014709975740557,0.07298211320932045,test_account_access,CALL,target_coef,presets[cold_account_code_write],3.304209223875447e-05,0.6915432760072335,0.689969517211352,AccountMode.EXISTING_CONTRACT_SAME_MAX,,CALL,6655.446023086294,6656,False,False,test_account_access,CALL,target_coef
COLD_ACCOUNT_CODE_WRITE,erigon,0.021820051554643918,0.001,0.02036211720985183,0.023297242798337357,test_account_access,CALLCODE,target_coef,presets[cold_account_code_write],3.304209223875447e-05,0.8068867813545979,0.8059015098308968,AccountMode.EXISTING_CONTRACT_DIFF_MAX,,CALLCODE,2182.0051554643915,2183,False,False,test_account_access,CALLCODE,target_coef
COLD_ACCOUNT_CODE_WRITE,erigon,0.007871917431696032,0.001,0.007295311181686345,0.008403119706685667,test_account_access,CALLCODE,target_coef,presets[cold_account_code_write],3.304209223875447e-05,0.8253188899182344,0.8244276597647561,AccountMode.EXISTING_CONTRACT_MINIMAL,,CALLCODE,787.1917431696031,788,False,False,test_account_access,CALLCODE,target_coef
COLD_ACCOUNT_CODE_WRITE,erigon,0.006509125126662194,0.001,0.00571025644707152,0.00730716383701548,test_account_access,CALLCODE,target_coef,presets[cold_account_code_write],3.304209223875447e-05,0.5450843812392492,0.5427633831843475,AccountMode.EXISTING_CONTRACT_SAME_MAX,,CALLCODE,650.9125126662194,651,False,False,test_account_access,CALLCODE,target_coef
COLD_ACCOUNT_CODE_WRITE,ethrex,0.03264843528157425,0.001,0.031450690951697856,0.03390382607392771,test_account_access,CALL,target_coef,presets[cold_account_code_write],9.778789743509877e-06,0.9282846056966698,0.9279187108277753,AccountMode.EXISTING_CONTRACT_DIFF_MAX,,CALL,3264.843528157425,3265,False,True,test_account_access,CALL,target_coef
COLD_ACCOUNT_CODE_WRITE,ethrex,0.02413870886797549,0.001,0.023691657467746874,0.024358461190592547,test_account_access,CALL,target_coef,presets[cold_account_code_write],9.778789743509877e-06,0.9546814075490724,0.9544501902406493,AccountMode.EXISTING_CONTRACT_MINIMAL,,CALL,2413.870886797549,2414,False,False,test_account_access,CALL,target_coef
COLD_ACCOUNT_CODE_WRITE,ethrex,0.024068092375520662,0.001,0.023354525134987678,0.02438429298417131,test_account_access,CALL,target_coef,presets[cold_account_code_write],9.778789743509877e-06,0.9522931861385705,0.9520497840270326,AccountMode.EXISTING_CONTRACT_SAME_MAX,,CALL,2406.8092375520664,2407,False,False,test_account_access,CALL,target_coef
COLD_ACCOUNT_CODE_WRITE,ethrex,0.013018730896195003,0.001,0.011676792183938314,0.01446008429055934,test_account_access,CALLCODE,target_coef,presets[cold_account_code_write],9.778789743509877e-06,0.6544285708663176,0.6526654513299213,AccountMode.EXISTING_CONTRACT_DIFF_MAX,,CALLCODE,1301.8730896195004,1302,False,False,test_account_access,CALLCODE,target_coef
COLD_ACCOUNT_CODE_WRITE,ethrex,0.002865717241065788,0.001,0.0021352249186389932,0.0035662551429663804,test_account_access,CALLCODE,target_coef,presets[cold_account_code_write],9.778789743509877e-06,0.27807789417972517,0.27439461812962174,AccountMode.EXISTING_CONTRACT_MINIMAL,,CALLCODE,286.5717241065788,287,True,False,test_account_access,CALLCODE,target_coef
COLD_ACCOUNT_CODE_WRITE,ethrex,0.002708150339805677,0.001,0.00206562003862651,0.00334091492246235,test_account_access,CALLCODE,target_coef,presets[cold_account_code_write],9.778789743509877e-06,0.2930785458473353,0.2894718037343115,AccountMode.EXISTING_CONTRACT_SAME_MAX,,CALLCODE,270.8150339805677,271,True,False,test_account_access,CALLCODE,target_coef
COLD_ACCOUNT_CODE_WRITE,geth,0.15155426851545598,0.001,0.14474766129698105,0.1585239147972565,test_account_access,CALL,target_coef,presets[cold_account_code_write],3.5229566125335376e-05,0.9019615557318078,0.9015118380975501,AccountMode.EXISTING_CONTRACT_DIFF_MAX,,CALL,15155.426851545599,15156,False,True,test_account_access,CALL,target_coef
COLD_ACCOUNT_CODE_WRITE,geth,0.10749710633974098,0.001,0.10609201856913376,0.10898319812287954,test_account_access,CALL,target_coef,presets[cold_account_code_write],3.5229566125335376e-05,0.9888416724026448,0.988790487413666,AccountMode.EXISTING_CONTRACT_MINIMAL,,CALL,10749.710633974099,10750,False,False,test_account_access,CALL,target_coef
COLD_ACCOUNT_CODE_WRITE,geth,0.10760730748429637,0.001,0.10602117387598725,0.10928346458965614,test_account_access,CALL,target_coef,presets[cold_account_code_write],3.5229566125335376e-05,0.9885580972272994,0.988505611434764,AccountMode.EXISTING_CONTRACT_SAME_MAX,,CALL,10760.730748429638,10761,False,False,test_account_access,CALL,target_coef
COLD_ACCOUNT_CODE_WRITE,geth,0.07402716934057,0.001,0.06728604032500887,0.08078225474739749,test_account_access,CALLCODE,target_coef,presets[cold_account_code_write],3.5229566125335376e-05,0.6841075018600182,0.6826584537034128,AccountMode.EXISTING_CONTRACT_DIFF_MAX,,CALLCODE,7402.716934057001,7403,False,False,test_account_access,CALLCODE,target_coef
COLD_ACCOUNT_CODE_WRITE,geth,0.027388186142008625,0.001,0.026488556867645036,0.028236367641199005,test_account_access,CALLCODE,target_coef,presets[cold_account_code_write],3.5229566125335376e-05,0.9467006776835707,0.9464561853793669,AccountMode.EXISTING_CONTRACT_MINIMAL,,CALLCODE,2738.8186142008626,2739,False,False,test_account_access,CALLCODE,target_coef
COLD_ACCOUNT_CODE_WRITE,geth,0.028405945247680645,0.001,0.02745755386946044,0.029369781026438745,test_account_access,CALLCODE,target_coef,presets[cold_account_code_write],3.5229566125335376e-05,0.9403203197422785,0.9400465597410963,AccountMode.EXISTING_CONTRACT_SAME_MAX,,CALLCODE,2840.5945247680647,2841,False,False,test_account_access,CALLCODE,target_coef
COLD_ACCOUNT_CODE_WRITE,nethermind,0.06703061922079251,0.001,0.06168766754518246,0.07305195283356515,test_account_access,CALL,target_coef,presets[cold_account_code_write],7.307597613187505e-06,0.7720615754084305,0.7707515844625019,AccountMode.EXISTING_CONTRACT_DIFF_MAX,,CALL,6703.061922079251,6704,False,True,test_account_access,CALL,target_coef
COLD_ACCOUNT_CODE_WRITE,nethermind,0.04255162882329084,0.001,0.03817826986321179,0.04689399942277079,test_account_access,CALL,target_coef,presets[cold_account_code_write],7.307597613187505e-06,0.6991234400670647,0.6973942644352662,AccountMode.EXISTING_CONTRACT_MINIMAL,,CALL,4255.162882329084,4256,False,False,test_account_access,CALL,target_coef
COLD_ACCOUNT_CODE_WRITE,nethermind,0.04275639503090355,0.001,0.03825501725504328,0.047427667261995446,test_account_access,CALL,target_coef,presets[cold_account_code_write],7.307597613187505e-06,0.6940897517034984,0.6923316468282312,AccountMode.EXISTING_CONTRACT_SAME_MAX,,CALL,4275.639503090356,4276,False,False,test_account_access,CALL,target_coef
COLD_ACCOUNT_CODE_WRITE,nethermind,0.03540221256535038,0.001,0.03137385094289648,0.039611495815417876,test_account_access,CALLCODE,target_coef,presets[cold_account_code_write],7.307597613187505e-06,0.6186741928754482,0.6164826652482956,AccountMode.EXISTING_CONTRACT_DIFF_MAX,,CALLCODE,3540.221256535038,3541,False,False,test_account_access,CALLCODE,target_coef
COLD_ACCOUNT_CODE_WRITE,nethermind,0.007556104193779409,0.001,0.007124575839121749,0.008001419105506084,test_account_access,CALLCODE,target_coef,presets[cold_account_code_write],7.307597613187505e-06,0.883561921429632,0.8828927370700321,AccountMode.EXISTING_CONTRACT_MINIMAL,,CALLCODE,755.610419377941,756,False,False,test_account_access,CALLCODE,target_coef
COLD_ACCOUNT_CODE_WRITE,nethermind,0.007995688976795572,0.001,0.007629851719949276,0.008347843184090386,test_account_access,CALLCODE,target_coef,presets[cold_account_code_write],7.307597613187505e-06,0.9082305213570484,0.9077031105602498,AccountMode.EXISTING_CONTRACT_SAME_MAX,,CALLCODE,799.5688976795572,800,False,False,test_account_access,CALLCODE,target_coef
COLD_ACCOUNT_CODE_WRITE,reth,0.1334307479727436,0.001,0.12614439349577805,0.1404962226964745,test_account_access,CALL,target_coef,presets[cold_account_code_write],8.370413420850142e-06,0.8697331296259299,0.8689844694513662,AccountMode.EXISTING_CONTRACT_DIFF_MAX,,CALL,13343.074797274361,13344,False,True,test_account_access,CALL,target_coef
COLD_ACCOUNT_CODE_WRITE,reth,0.09908147893595047,0.001,0.09622275232286956,0.10175106077106685,test_account_access,CALL,target_coef,presets[cold_account_code_write],8.370413420850142e-06,0.9683541643409702,0.9681722917222402,AccountMode.EXISTING_CONTRACT_MINIMAL,,CALL,9908.147893595047,9909,False,False,test_account_access,CALL,target_coef
COLD_ACCOUNT_CODE_WRITE,reth,0.09994510215307427,0.001,0.09734476941282916,0.10240476710092625,test_account_access,CALL,target_coef,presets[cold_account_code_write],8.370413420850142e-06,0.9697814970202963,0.9696078274629416,AccountMode.EXISTING_CONTRACT_SAME_MAX,,CALL,9994.510215307428,9995,False,False,test_account_access,CALL,target_coef
COLD_ACCOUNT_CODE_WRITE,reth,0.042837341135121755,0.001,0.03499375204434638,0.050095840557527,test_account_access,CALLCODE,target_coef,presets[cold_account_code_write],8.370413420850142e-06,0.4094581727600949,0.4060642542127392,AccountMode.EXISTING_CONTRACT_DIFF_MAX,,CALLCODE,4283.734113512175,4284,True,False,test_account_access,CALLCODE,target_coef
COLD_ACCOUNT_CODE_WRITE,reth,0.006535653289532571,0.001,0.00628824842312207,0.006785550353423715,test_account_access,CALLCODE,target_coef,presets[cold_account_code_write],8.370413420850142e-06,0.945902320424393,0.9455914142199355,AccountMode.EXISTING_CONTRACT_MINIMAL,,CALLCODE,653.5653289532572,654,False,False,test_account_access,CALLCODE,target_coef
COLD_ACCOUNT_CODE_WRITE,reth,0.006696794029856276,0.001,0.0064011682430858115,0.006981593566549942,test_account_access,CALLCODE,target_coef,presets[cold_account_code_write],8.370413420850142e-06,0.9304161150489165,0.9300162076641402,AccountMode.EXISTING_CONTRACT_SAME_MAX,,CALLCODE,669.6794029856277,670,False,False,test_account_access,CALLCODE,target_coef
STORAGE_WRITE,,,,,,<derived>,<derived>,<derived>,<derived>,0.0,,,,,,14242.0,14242,False,False,,,
ACCOUNT_WRITE,,,,,,<derived>,<derived>,<derived>,<derived>,0.0,,,,,,18217.0,18217,False,False,,,
REFUND_STORAGE_CLEAR,,,,,,<derived>,<derived>,<derived>,<derived>,0.0,,,,,,16063.68,16064,False,False,,,
TX_ACCESS_LIST_STORAGE_KEY,,,,,,<derived>,<derived>,<derived>,<derived>,0.0,,,,,,2491.0,2491,False,False,,,
TX_ACCESS_LIST_ADDRESS,,,,,,<derived>,<derived>,<derived>,<derived>,0.0,,,,,,4642.0,4642,False,False,,,
