test_name,client_name,target_opcode,source_label,param_existing_slots,nobs,intercept_runtime_ms,intercept_pvalue,rsquared,rsquared_adj,target_coef_runtime_ms,target_coef_pvalue,target_coef_conf_int_low,target_coef_conf_int_high,param_opcode,param_account_mode
test_account_access,besu,BALANCE,models.custom[0],,132,828.0516515706878,0.001,0.8888961149779351,0.8880414697085346,0.044403231640540185,0.001,0.04172955598150665,0.047025098503144784,BALANCE,AccountMode.EXISTING_CONTRACT_DIFF_MAX
test_account_access,erigon,BALANCE,models.custom[0],,55,288.10523561196334,0.001,0.9394089744700086,0.9382657475732163,0.02414217741036949,0.001,0.022608766888361772,0.025564491229350644,BALANCE,AccountMode.EXISTING_CONTRACT_DIFF_MAX
test_account_access,ethrex,BALANCE,models.custom[0],,77,223.66830864685403,0.001,0.9807517828570345,0.9804951399617949,0.018534943639655604,0.001,0.017817676161092238,0.019202084489484687,BALANCE,AccountMode.EXISTING_CONTRACT_DIFF_MAX
test_account_access,geth,BALANCE,models.custom[0],,99,312.6302815758126,0.001,0.983614577817212,0.9834456559390389,0.021028730989784892,0.001,0.020305727345254817,0.021731400509320112,BALANCE,AccountMode.EXISTING_CONTRACT_DIFF_MAX
test_account_access,nethermind,BALANCE,models.custom[0],,77,114.68376710880818,0.001,0.9730267272894452,0.9726670836533045,0.011753248708409336,0.001,0.011309779935725904,0.0122240676311227,BALANCE,AccountMode.EXISTING_CONTRACT_DIFF_MAX
test_account_access,reth,BALANCE,models.custom[0],,110,137.09196576923148,0.001,0.9924018195096178,0.9923314659865587,0.020322935228308928,0.001,0.01993130272225011,0.020678413866561926,BALANCE,AccountMode.EXISTING_CONTRACT_DIFF_MAX
test_account_access,besu,BALANCE,models.custom[0],,132,346.63384741266424,0.001,0.8438407401407678,0.8426395150649275,0.026352244169907082,0.001,0.024475101107827583,0.028256075801340985,BALANCE,AccountMode.EXISTING_CONTRACT_MINIMAL
test_account_access,erigon,BALANCE,models.custom[0],,55,280.69977529904156,0.001,0.9371228315113561,0.935936469841759,0.023812710122601954,0.001,0.02210084067157112,0.02521827876325737,BALANCE,AccountMode.EXISTING_CONTRACT_MINIMAL
test_account_access,ethrex,BALANCE,models.custom[0],,77,221.66618702489052,0.001,0.9808737501091137,0.9806187334439019,0.018546217492371193,0.001,0.01787298277327335,0.019167053992305488,BALANCE,AccountMode.EXISTING_CONTRACT_MINIMAL
test_account_access,geth,BALANCE,models.custom[0],,99,397.0927147427429,0.001,0.9959894533513942,0.995948107509656,0.019968089662027122,0.001,0.019684212195931774,0.020221861871416523,BALANCE,AccountMode.EXISTING_CONTRACT_MINIMAL
test_account_access,nethermind,BALANCE,models.custom[0],,77,142.53260260616156,0.001,0.9707780661021104,0.9703884403168052,0.011126777262667644,0.001,0.010758057469902048,0.011521842115081834,BALANCE,AccountMode.EXISTING_CONTRACT_MINIMAL
test_account_access,reth,BALANCE,models.custom[0],,110,87.68395283513881,0.001,0.9801586380038054,0.9799749216890259,0.004859443185613483,0.001,0.004723093947530535,0.004994689258097307,BALANCE,AccountMode.EXISTING_CONTRACT_MINIMAL
test_account_access,besu,BALANCE,models.custom[0],,132,349.2421855299761,0.001,0.830017639386824,0.8287100827667226,0.026474472631919207,0.001,0.024628487814725895,0.02835691608723217,BALANCE,AccountMode.EXISTING_CONTRACT_SAME_MAX
test_account_access,erigon,BALANCE,models.custom[0],,55,276.1859615132719,0.001,0.9374023782744343,0.9362212910720651,0.02385002331169407,0.001,0.02217577078669154,0.025238604351223434,BALANCE,AccountMode.EXISTING_CONTRACT_SAME_MAX
test_account_access,ethrex,BALANCE,models.custom[0],,77,221.3792914573244,0.001,0.9809298265109166,0.9806755575310622,0.018544880000490087,0.001,0.017891157434933996,0.01919534394475632,BALANCE,AccountMode.EXISTING_CONTRACT_SAME_MAX
test_account_access,geth,BALANCE,models.custom[0],,99,396.98439421938184,0.001,0.9958165780288857,0.9957734499673278,0.019929819647783006,0.001,0.019652534811568798,0.020184259291847206,BALANCE,AccountMode.EXISTING_CONTRACT_SAME_MAX
test_account_access,nethermind,BALANCE,models.custom[0],,77,114.21910217946032,0.001,0.9788957501233878,0.978614360125033,0.011628834609245157,0.001,0.011275976824731117,0.011967565691100914,BALANCE,AccountMode.EXISTING_CONTRACT_SAME_MAX
test_account_access,reth,BALANCE,models.custom[0],,110,87.98842743240012,0.001,0.9820727837370289,0.9819067909938533,0.004817374125556051,0.001,0.004700256647811574,0.004938068569398117,BALANCE,AccountMode.EXISTING_CONTRACT_SAME_MAX
test_account_access,besu,BALANCE,presets[cold_account_nocode_access],,132,239.99255185936894,0.001,0.9024307675093017,0.901680234951681,0.03207145182584626,0.001,0.03028515257846464,0.03367063078344238,BALANCE,AccountMode.EXISTING_EOA
test_account_access,erigon,BALANCE,presets[cold_account_nocode_access],,55,0.0,1.0,0.9958644046189984,0.9957863745174701,0.008411972960431727,0.001,0.008366476067487869,0.00845851011052338,BALANCE,AccountMode.EXISTING_EOA
test_account_access,ethrex,BALANCE,presets[cold_account_nocode_access],,77,226.03020790538764,0.001,0.9819851303418105,0.9817449320797013,0.018228639544866494,0.001,0.017586057858739377,0.01891245004261158,BALANCE,AccountMode.EXISTING_EOA
test_account_access,geth,BALANCE,presets[cold_account_nocode_access],,99,397.98108967910446,0.001,0.996921276110013,0.9968895366884668,0.020805868604100206,0.001,0.020579031907649523,0.021036582570404288,BALANCE,AccountMode.EXISTING_EOA
test_account_access,nethermind,BALANCE,presets[cold_account_nocode_access],,77,88.31126649267601,0.001,0.9837786062064809,0.9835623209559007,0.010772440186683985,0.001,0.010425817769113041,0.011111618985208594,BALANCE,AccountMode.EXISTING_EOA
test_account_access,reth,BALANCE,presets[cold_account_nocode_access],,110,99.97051555891846,0.001,0.9826856556255048,0.9825253376220373,0.004444880196739793,0.001,0.004334969857969523,0.004556513236872105,BALANCE,AccountMode.EXISTING_EOA
test_account_access,besu,BALANCE,models.custom[0],,132,215.6906196735806,0.001,0.9114198505286549,0.9107384647634907,0.031877316143264924,0.001,0.03012871410105239,0.03355687297272514,BALANCE,AccountMode.NON_EXISTING_ACCOUNT
test_account_access,besu,BALANCE,presets[cold_account_nocode_access],,132,215.6906196735806,0.001,0.9114198505286549,0.9107384647634907,0.031877316143264924,0.001,0.03012871410105239,0.03355687297272514,BALANCE,AccountMode.NON_EXISTING_ACCOUNT
test_account_access,erigon,BALANCE,models.custom[0],,55,0.0,1.0,0.9953029100540948,0.9952142857154928,0.00797056552233183,0.001,0.007913434855585603,0.008018268133911115,BALANCE,AccountMode.NON_EXISTING_ACCOUNT
test_account_access,erigon,BALANCE,presets[cold_account_nocode_access],,55,0.0,1.0,0.9953029100540948,0.9952142857154928,0.00797056552233183,0.001,0.007913434855585603,0.008018268133911115,BALANCE,AccountMode.NON_EXISTING_ACCOUNT
test_account_access,ethrex,BALANCE,models.custom[0],,77,124.0749211078747,0.001,0.9382728296916809,0.9374498007542367,0.002275626578836401,0.001,0.0021373298661763926,0.0024156316757999673,BALANCE,AccountMode.NON_EXISTING_ACCOUNT
test_account_access,ethrex,BALANCE,presets[cold_account_nocode_access],,77,124.0749211078747,0.001,0.9382728296916809,0.9374498007542367,0.002275626578836401,0.001,0.0021373298661763926,0.0024156316757999673,BALANCE,AccountMode.NON_EXISTING_ACCOUNT
test_account_access,geth,BALANCE,models.custom[0],,99,404.8754960202842,0.001,0.9972718589344083,0.9972437337687836,0.019954235031583986,0.001,0.019742252870800534,0.02016567913891768,BALANCE,AccountMode.NON_EXISTING_ACCOUNT
test_account_access,geth,BALANCE,presets[cold_account_nocode_access],,99,404.8754960202842,0.001,0.9972718589344083,0.9972437337687836,0.019954235031583986,0.001,0.019742252870800534,0.02016567913891768,BALANCE,AccountMode.NON_EXISTING_ACCOUNT
test_account_access,nethermind,BALANCE,models.custom[0],,77,105.0961436319828,0.001,0.972516239987528,0.9721497898540283,0.010393234629361843,0.001,0.010022927548961532,0.010778855900594173,BALANCE,AccountMode.NON_EXISTING_ACCOUNT
test_account_access,nethermind,BALANCE,presets[cold_account_nocode_access],,77,105.0961436319828,0.001,0.972516239987528,0.9721497898540283,0.010393234629361843,0.001,0.010022927548961532,0.010778855900594173,BALANCE,AccountMode.NON_EXISTING_ACCOUNT
test_account_access,reth,BALANCE,models.custom[0],,110,101.39184326371105,0.001,0.9819242340063759,0.9817568658027311,0.004397400166092851,0.001,0.004263132209787365,0.004538792952558904,BALANCE,AccountMode.NON_EXISTING_ACCOUNT
test_account_access,reth,BALANCE,presets[cold_account_nocode_access],,110,101.39184326371105,0.001,0.9819242340063759,0.9817568658027311,0.004397400166092851,0.001,0.004263132209787365,0.004538792952558904,BALANCE,AccountMode.NON_EXISTING_ACCOUNT
test_account_access,besu,CALL,models.custom[0],,132,897.2382227607606,0.001,0.8885565272308228,0.887699269747983,0.04706157574196135,0.001,0.044270560917200594,0.04966203759479637,CALL,AccountMode.EXISTING_CONTRACT_DIFF_MAX
test_account_access,besu,CALL,models.custom[1],,132,239.53833380312759,0.001,0.9581899695898223,0.9578683539712824,0.1450375006143854,0.001,0.1395985595832888,0.15048996725897604,CALL,AccountMode.EXISTING_CONTRACT_DIFF_MAX
test_account_access,erigon,CALL,models.custom[0],,55,907.8150091704981,0.014,0.8992538509857738,0.8973529802496564,0.15575926867966378,0.001,0.1402043601799101,0.16721666226422047,CALL,AccountMode.EXISTING_CONTRACT_DIFF_MAX
test_account_access,erigon,CALL,models.custom[1],,55,1095.4012892025687,0.001,0.9726811750655169,0.9721657255384512,0.2873963507340436,0.001,0.2742567450978936,0.2987730708026296,CALL,AccountMode.EXISTING_CONTRACT_DIFF_MAX
test_account_access,ethrex,CALL,models.custom[0],,77,438.3104369751084,0.001,0.9970646261468709,0.9970254878288292,0.10063354242265905,0.001,0.09945558653214269,0.10175123456358595,CALL,AccountMode.EXISTING_CONTRACT_DIFF_MAX
test_account_access,ethrex,CALL,models.custom[1],,77,252.09825359965507,0.001,0.9914682938506516,0.9913545377686603,0.13313447896552352,0.001,0.13023289597290308,0.13599170479374076,CALL,AccountMode.EXISTING_CONTRACT_DIFF_MAX
test_account_access,geth,CALL,models.custom[0],,99,1319.5266830786877,0.001,0.9352052957847227,0.934537309143328,0.0419523130711991,0.001,0.03958728616944155,0.04469076255649019,CALL,AccountMode.EXISTING_CONTRACT_DIFF_MAX
test_account_access,geth,CALL,models.custom[1],,99,543.3848001215034,0.001,0.9905206382588387,0.9904229128800639,0.13083390379377008,0.001,0.12798963258836102,0.13371621403243153,CALL,AccountMode.EXISTING_CONTRACT_DIFF_MAX
test_account_access,nethermind,CALL,models.custom[0],,77,692.0942697649051,0.001,0.9142551132741062,0.913111848117761,0.03680447032251954,0.001,0.03413292310503552,0.039687204703285836,CALL,AccountMode.EXISTING_CONTRACT_DIFF_MAX
test_account_access,nethermind,CALL,models.custom[1],,77,137.0490518519359,0.001,0.9625031134975444,0.962003155010845,0.08966902675726796,0.001,0.08534410331340275,0.09415074402677655,CALL,AccountMode.EXISTING_CONTRACT_DIFF_MAX
test_account_access,reth,CALL,models.custom[0],,110,146.82744328579514,0.001,0.9955770784677221,0.9955361254905715,0.023602463090258787,0.001,0.02330903195746254,0.023901645381719235,CALL,AccountMode.EXISTING_CONTRACT_DIFF_MAX
test_account_access,reth,CALL,models.custom[1],,110,121.04814120743642,0.001,0.9898740201419008,0.9897802610691406,0.05752720144349956,0.001,0.05639107493776833,0.05862946291981584,CALL,AccountMode.EXISTING_CONTRACT_DIFF_MAX
test_account_access,besu,CALL,models.custom[0],,132,402.9250061968917,0.001,0.8620919858355588,0.8610311549573708,0.027782562471594482,0.001,0.02593721002351272,0.029639686427831612,CALL,AccountMode.EXISTING_CONTRACT_MINIMAL
test_account_access,besu,CALL,models.custom[1],,132,269.117036996433,0.001,0.9577083821778806,0.9573830620407874,0.1152005771382422,0.001,0.11066395753507725,0.11984433107468447,CALL,AccountMode.EXISTING_CONTRACT_MINIMAL
test_account_access,erigon,CALL,models.custom[0],,55,298.23132826191164,0.001,0.9380022095767593,0.9368324399461321,0.024674263872489915,0.001,0.022954177976144807,0.02611016353304409,CALL,AccountMode.EXISTING_CONTRACT_MINIMAL
test_account_access,erigon,CALL,models.custom[1],,55,751.856700047531,0.001,0.9941113192307909,0.9940002120464662,0.1634244568771816,0.001,0.15928523230183006,0.16732533922397977,CALL,AccountMode.EXISTING_CONTRACT_MINIMAL
test_account_access,ethrex,CALL,models.custom[0],,77,220.70174469711813,0.001,0.981367027459729,0.9811185878258588,0.01871328512571853,0.001,0.018091402733966602,0.019365701035944028,CALL,AccountMode.EXISTING_CONTRACT_MINIMAL
test_account_access,ethrex,CALL,models.custom[1],,77,277.1753441614934,0.001,0.9923655229207923,0.9922637298930695,0.03619179159095153,0.001,0.03559689716385684,0.03677750631392475,CALL,AccountMode.EXISTING_CONTRACT_MINIMAL
test_account_access,geth,CALL,models.custom[0],,99,412.14550807959034,0.001,0.9959734984391743,0.9959319881138049,0.020252872525048968,0.001,0.019941928963581237,0.02054492244486855,CALL,AccountMode.EXISTING_CONTRACT_MINIMAL
test_account_access,geth,CALL,models.custom[1],,99,379.77140453231533,0.001,0.9971413716823401,0.9971119012873126,0.10346072244979042,0.001,0.10226303099849787,0.10457014964331623,CALL,AccountMode.EXISTING_CONTRACT_MINIMAL
test_account_access,nethermind,CALL,models.custom[0],,77,109.24198672608816,0.001,0.9777138679755296,0.9774167195485367,0.012894153517951205,0.001,0.012463122920141524,0.013319452778308033,CALL,AccountMode.EXISTING_CONTRACT_MINIMAL
test_account_access,nethermind,CALL,models.custom[1],,77,136.2533558608213,0.001,0.9720493615234593,0.9716766863437721,0.0699318826900871,0.001,0.06691694828820566,0.07310448233954112,CALL,AccountMode.EXISTING_CONTRACT_MINIMAL
test_account_access,reth,CALL,models.custom[0],,110,93.58170514679813,0.001,0.9801360894839313,0.9799521643865603,0.005286983848413209,0.001,0.005135268706697475,0.005435251706480588,CALL,AccountMode.EXISTING_CONTRACT_MINIMAL
test_account_access,reth,CALL,models.custom[1],,110,94.02772787389385,0.001,0.9905640950222819,0.9904767255317475,0.034964290216277165,0.001,0.034337163854365166,0.03566604940915365,CALL,AccountMode.EXISTING_CONTRACT_MINIMAL
test_account_access,besu,CALL,models.custom[0],,132,418.60768359038957,0.001,0.8517047721356199,0.8505640396135863,0.02786724635612608,0.001,0.025999159933820577,0.029669920465332192,CALL,AccountMode.EXISTING_CONTRACT_SAME_MAX
test_account_access,besu,CALL,models.custom[1],,132,275.5244062096884,0.001,0.956518020596519,0.9561835438318769,0.11534413476986066,0.001,0.11101191068995066,0.11992839814077257,CALL,AccountMode.EXISTING_CONTRACT_SAME_MAX
test_account_access,erigon,CALL,models.custom[0],,55,331.08823240681005,0.001,0.9249863390451913,0.9235709869517044,0.034918664736110744,0.001,0.03201543727964135,0.0372285159234615,CALL,AccountMode.EXISTING_CONTRACT_SAME_MAX
test_account_access,erigon,CALL,models.custom[1],,55,783.5344102134759,0.001,0.9934516961158459,0.9933281432123713,0.17193914449919226,0.001,0.16741099136798265,0.1760183011133427,CALL,AccountMode.EXISTING_CONTRACT_SAME_MAX
test_account_access,ethrex,CALL,models.custom[0],,77,226.60786061897326,0.001,0.9810001463194568,0.9807468149370495,0.01871088754728083,0.001,0.018019289872077855,0.01941134776747695,CALL,AccountMode.EXISTING_CONTRACT_SAME_MAX
test_account_access,ethrex,CALL,models.custom[1],,77,283.7672962504518,0.001,0.9899773064033884,0.989843670488767,0.03590396943649755,0.001,0.0352429473834098,0.036588542733592286,CALL,AccountMode.EXISTING_CONTRACT_SAME_MAX
test_account_access,geth,CALL,models.custom[0],,99,403.88943592817157,0.001,0.9953181646977907,0.9952698983544689,0.0204203446589195,0.001,0.020117646187532985,0.02071684920855322,CALL,AccountMode.EXISTING_CONTRACT_SAME_MAX
test_account_access,geth,CALL,models.custom[1],,99,382.36648645582335,0.001,0.9969465672257015,0.9969150885373067,0.10328171853069448,0.001,0.1021471257579791,0.10448195555918632,CALL,AccountMode.EXISTING_CONTRACT_SAME_MAX
test_account_access,nethermind,CALL,models.custom[0],,77,136.1405106318386,0.001,0.9845683481828565,0.9843625928252946,0.012683638402760038,0.001,0.012294327967438982,0.013070811019306938,CALL,AccountMode.EXISTING_CONTRACT_SAME_MAX
test_account_access,nethermind,CALL,models.custom[1],,77,150.3633771831008,0.001,0.9748843067410666,0.9745494308309475,0.06874085188091739,0.001,0.06641776912145214,0.0708349537675318,CALL,AccountMode.EXISTING_CONTRACT_SAME_MAX
test_account_access,reth,CALL,models.custom[0],,110,93.83571266633555,0.001,0.9801693936920844,0.9799857769670112,0.005259764965656431,0.001,0.005098813372988169,0.005403449958753149,CALL,AccountMode.EXISTING_CONTRACT_SAME_MAX
test_account_access,reth,CALL,models.custom[1],,110,89.13515431150019,0.001,0.9891945783928846,0.9890945281928187,0.03570904521277304,0.001,0.03485209367639034,0.036480533566714435,CALL,AccountMode.EXISTING_CONTRACT_SAME_MAX
test_account_access,besu,CALL,presets[cold_account_nocode_access],,132,315.33498530609194,0.001,0.9068686851119095,0.9061522903820012,0.03391404687721322,0.001,0.032193853302305085,0.03577383869154292,CALL,AccountMode.EXISTING_EOA
test_account_access,besu,CALL,presets[cold_account_nocode_write],,132,322.45229223225743,0.001,0.9656103060357764,0.9653457699283593,0.11698468455687873,0.001,0.11306240009318314,0.12121615447194879,CALL,AccountMode.EXISTING_EOA
test_account_access,erigon,CALL,presets[cold_account_nocode_access],,55,0.0,1.0,0.9965314311584818,0.9964659864633587,0.008691816417636614,0.001,0.008645964084810666,0.00873587031364998,CALL,AccountMode.EXISTING_EOA
test_account_access,erigon,CALL,presets[cold_account_nocode_write],,55,506.09573986534105,0.001,0.9902533415474916,0.9900694423314065,0.14864069671747562,0.001,0.14433651011616533,0.1529316247991844,CALL,AccountMode.EXISTING_EOA
test_account_access,ethrex,CALL,presets[cold_account_nocode_access],,77,227.63260416065074,0.001,0.9818331106487743,0.9815908854574247,0.018352230213766304,0.001,0.01773784463653075,0.01897050496014332,CALL,AccountMode.EXISTING_EOA
test_account_access,ethrex,CALL,presets[cold_account_nocode_write],,77,284.4040263203642,0.001,0.9914746336369511,0.9913609620854438,0.036081209157753195,0.001,0.035372326193235,0.036815780580625616,CALL,AccountMode.EXISTING_EOA
test_account_access,geth,CALL,presets[cold_account_nocode_access],,99,402.20643596468597,0.001,0.9958241162129943,0.9957810658646746,0.021006584730975355,0.001,0.020749725974315604,0.021255796638117126,CALL,AccountMode.EXISTING_EOA
test_account_access,geth,CALL,presets[cold_account_nocode_write],,99,394.9779323940325,0.001,0.9972098717937933,0.9971811075854818,0.102712787064307,0.001,0.10150104064126557,0.10385898117636418,CALL,AccountMode.EXISTING_EOA
test_account_access,nethermind,CALL,presets[cold_account_nocode_access],,77,108.16320270714883,0.001,0.9714679575096721,0.9710875302764677,0.010933779223307264,0.001,0.010516834848984514,0.011376024289410732,CALL,AccountMode.EXISTING_EOA
test_account_access,nethermind,CALL,presets[cold_account_nocode_write],,77,182.88585536582698,0.001,0.9792069484630627,0.9789297077759035,0.06534299850433122,0.001,0.063128414574828,0.0676756386327077,CALL,AccountMode.EXISTING_EOA
test_account_access,reth,CALL,presets[cold_account_nocode_access],,110,99.35969603541817,0.001,0.9777306732217929,0.9775244757516243,0.004758667396815336,0.001,0.004616885192413912,0.0048994812511144094,CALL,AccountMode.EXISTING_EOA
test_account_access,reth,CALL,presets[cold_account_nocode_write],,110,101.99927920813289,0.001,0.9887255177992827,0.9886211244455724,0.03429608155332039,0.001,0.033588505427118664,0.03505460449584646,CALL,AccountMode.EXISTING_EOA
test_account_access,besu,CALL,models.custom[0],,132,391.77322452730687,0.001,0.8981057518555818,0.8973219499467786,0.03340250640470266,0.001,0.031543934556018866,0.03520584949047861,CALL,AccountMode.NON_EXISTING_ACCOUNT
test_account_access,besu,CALL,models.custom[1],,132,70.88724540492129,0.001,0.8598629652898493,0.8587849880997712,0.1790002216601991,0.001,0.1643954193902122,0.19437625508338968,CALL,AccountMode.NON_EXISTING_ACCOUNT
test_account_access,besu,CALL,presets[cold_account_nocode_access],,132,391.77322452730687,0.001,0.8981057518555818,0.8973219499467786,0.03340250640470266,0.001,0.031543934556018866,0.03520584949047861,CALL,AccountMode.NON_EXISTING_ACCOUNT
test_account_access,besu,CALL,presets[cold_account_nocode_write],,132,70.88724540492129,0.001,0.8598629652898493,0.8587849880997712,0.1790002216601991,0.001,0.1643954193902122,0.19437625508338968,CALL,AccountMode.NON_EXISTING_ACCOUNT
test_account_access,erigon,CALL,models.custom[0],,55,0.0,1.0,0.9935784402381078,0.9934572787331665,0.008313966395874891,0.001,0.0082493108883117,0.008373883280379928,CALL,AccountMode.NON_EXISTING_ACCOUNT
test_account_access,erigon,CALL,models.custom[1],,55,95.26771723725618,0.001,0.9885522315891074,0.9883362359587132,0.27451383321006684,0.001,0.26568997078061823,0.2825786488907885,CALL,AccountMode.NON_EXISTING_ACCOUNT
test_account_access,erigon,CALL,presets[cold_account_nocode_access],,55,0.0,1.0,0.9935784402381078,0.9934572787331665,0.008313966395874891,0.001,0.0082493108883117,0.008373883280379928,CALL,AccountMode.NON_EXISTING_ACCOUNT
test_account_access,erigon,CALL,presets[cold_account_nocode_write],,55,95.26771723725618,0.001,0.9885522315891074,0.9883362359587132,0.27451383321006684,0.001,0.26568997078061823,0.2825786488907885,CALL,AccountMode.NON_EXISTING_ACCOUNT
test_account_access,ethrex,CALL,models.custom[0],,77,117.9447302098926,0.001,0.9668937885912652,0.9664523724391487,0.0024603027073610874,0.001,0.0023558547918004903,0.002567592214129175,CALL,AccountMode.NON_EXISTING_ACCOUNT
test_account_access,ethrex,CALL,models.custom[1],,77,228.6784313595365,0.001,0.822491206282967,0.8201244223667399,0.04820164300402755,0.001,0.04244441222610977,0.0539472294213786,CALL,AccountMode.NON_EXISTING_ACCOUNT
test_account_access,ethrex,CALL,presets[cold_account_nocode_access],,77,117.9447302098926,0.001,0.9668937885912652,0.9664523724391487,0.0024603027073610874,0.001,0.0023558547918004903,0.002567592214129175,CALL,AccountMode.NON_EXISTING_ACCOUNT
test_account_access,ethrex,CALL,presets[cold_account_nocode_write],,77,228.6784313595365,0.001,0.822491206282967,0.8201244223667399,0.04820164300402755,0.001,0.04244441222610977,0.0539472294213786,CALL,AccountMode.NON_EXISTING_ACCOUNT
test_account_access,geth,CALL,models.custom[0],,99,388.7103128113016,0.001,0.9957218736607989,0.9956777692655494,0.02068579294273401,0.001,0.020379083483877573,0.020964016394051307,CALL,AccountMode.NON_EXISTING_ACCOUNT
test_account_access,geth,CALL,models.custom[1],,99,41.096322108736224,0.001,0.9844269418296456,0.9842663948381987,0.1589719520624396,0.001,0.1547282969580006,0.16302641606274804,CALL,AccountMode.NON_EXISTING_ACCOUNT
test_account_access,geth,CALL,presets[cold_account_nocode_access],,99,388.7103128113016,0.001,0.9957218736607989,0.9956777692655494,0.02068579294273401,0.001,0.020379083483877573,0.020964016394051307,CALL,AccountMode.NON_EXISTING_ACCOUNT
test_account_access,geth,CALL,presets[cold_account_nocode_write],,99,41.096322108736224,0.001,0.9844269418296456,0.9842663948381987,0.1589719520624396,0.001,0.1547282969580006,0.16302641606274804,CALL,AccountMode.NON_EXISTING_ACCOUNT
test_account_access,nethermind,CALL,models.custom[0],,77,103.47618082417105,0.001,0.9850503395263961,0.9848510107200814,0.010865878333600427,0.001,0.01056378712721462,0.011192064177918543,CALL,AccountMode.NON_EXISTING_ACCOUNT
test_account_access,nethermind,CALL,models.custom[1],,77,25.080039881306156,0.001,0.8976869013558884,0.8963227267073002,0.09911793087493054,0.001,0.09135197555270513,0.10758610408746128,CALL,AccountMode.NON_EXISTING_ACCOUNT
test_account_access,nethermind,CALL,presets[cold_account_nocode_access],,77,103.47618082417105,0.001,0.9850503395263961,0.9848510107200814,0.010865878333600427,0.001,0.01056378712721462,0.011192064177918543,CALL,AccountMode.NON_EXISTING_ACCOUNT
test_account_access,nethermind,CALL,presets[cold_account_nocode_write],,77,25.080039881306156,0.001,0.8976869013558884,0.8963227267073002,0.09911793087493054,0.001,0.09135197555270513,0.10758610408746128,CALL,AccountMode.NON_EXISTING_ACCOUNT
test_account_access,reth,CALL,models.custom[0],,110,104.38960071548584,0.001,0.9825875415069147,0.9824263150393862,0.004481117403142186,0.001,0.004369219583591583,0.004597204232999072,CALL,AccountMode.NON_EXISTING_ACCOUNT
test_account_access,reth,CALL,models.custom[1],,110,16.218062086638202,0.001,0.8982717910715604,0.8973298632111119,0.05438475015419765,0.001,0.05077923833137844,0.05774607660559166,CALL,AccountMode.NON_EXISTING_ACCOUNT
test_account_access,reth,CALL,presets[cold_account_nocode_access],,110,104.38960071548584,0.001,0.9825875415069147,0.9824263150393862,0.004481117403142186,0.001,0.004369219583591583,0.004597204232999072,CALL,AccountMode.NON_EXISTING_ACCOUNT
test_account_access,reth,CALL,presets[cold_account_nocode_write],,110,16.218062086638202,0.001,0.8982717910715604,0.8973298632111119,0.05438475015419765,0.001,0.05077923833137844,0.05774607660559166,CALL,AccountMode.NON_EXISTING_ACCOUNT
test_account_access,besu,CALLCODE,models.custom[0],,132,914.4244652925635,0.001,0.8821037740471502,0.8811968800013591,0.046086932858609875,0.001,0.04320640389297855,0.04890402206466158,CALLCODE,AccountMode.EXISTING_CONTRACT_DIFF_MAX
test_account_access,besu,CALLCODE,models.custom[1],,132,170.07281422761977,0.001,0.8801237986647521,0.8792016740390963,0.05791481519474959,0.001,0.054066796816840214,0.06172441670150629,CALLCODE,AccountMode.EXISTING_CONTRACT_DIFF_MAX
test_account_access,erigon,CALLCODE,models.custom[0],,55,892.3621199152085,0.02,0.9014714098277479,0.8996123798244978,0.15533367739001558,0.001,0.14172366819727458,0.16688053594294638,CALLCODE,AccountMode.EXISTING_CONTRACT_DIFF_MAX
test_account_access,erigon,CALLCODE,models.custom[1],,55,477.4867755494107,0.001,0.900210787739848,0.8983279724141847,0.15377154429337184,0.001,0.13960307318919465,0.16517526922350875,CALLCODE,AccountMode.EXISTING_CONTRACT_DIFF_MAX
test_account_access,ethrex,CALLCODE,models.custom[0],,77,434.4634732352155,0.001,0.9971009244953981,0.9970622701553368,0.10089370746665349,0.001,0.09948998720481592,0.10212507079576083,CALLCODE,AccountMode.EXISTING_CONTRACT_DIFF_MAX
test_account_access,ethrex,CALLCODE,models.custom[1],,77,212.15048147708063,0.001,0.9880537699175082,0.9878944868497416,0.10857501783904906,0.001,0.1058654824372719,0.11130134104100617,CALLCODE,AccountMode.EXISTING_CONTRACT_DIFF_MAX
test_account_access,geth,CALLCODE,models.custom[0],,99,1315.6563022216044,0.001,0.9361934294212052,0.9355356297245165,0.04191851538984447,0.001,0.039621039173701945,0.04461126795300628,CALLCODE,AccountMode.EXISTING_CONTRACT_DIFF_MAX
test_account_access,geth,CALLCODE,models.custom[1],,99,381.6582772327337,0.001,0.9485108157055243,0.9479799993725916,0.06266340841027022,0.001,0.05916939171346947,0.06590961603354073,CALLCODE,AccountMode.EXISTING_CONTRACT_DIFF_MAX
test_account_access,nethermind,CALLCODE,models.custom[0],,77,745.9479743800291,0.001,0.9119155823299473,0.9107411234276799,0.03618582885066094,0.001,0.033392763015703666,0.03910264290300786,CALLCODE,AccountMode.EXISTING_CONTRACT_DIFF_MAX
test_account_access,nethermind,CALLCODE,models.custom[1],,77,128.8169776092678,0.001,0.9055908173770877,0.9043320282754489,0.04597867369447251,0.001,0.04253288554150701,0.04937873318272252,CALLCODE,AccountMode.EXISTING_CONTRACT_DIFF_MAX
test_account_access,reth,CALLCODE,models.custom[0],,110,143.6480678141301,0.001,0.9954659109767162,0.9954239286709451,0.022648223288017025,0.001,0.0224168375140116,0.0229420972936227,CALLCODE,AccountMode.EXISTING_CONTRACT_DIFF_MAX
test_account_access,reth,CALLCODE,models.custom[1],,110,70.24760704491595,0.001,0.9811708140549806,0.9809964697406749,0.02478566267717653,0.001,0.024069039098824623,0.025561886480603795,CALLCODE,AccountMode.EXISTING_CONTRACT_DIFF_MAX
test_account_access,besu,CALLCODE,models.custom[0],,132,375.47971985708546,0.001,0.8363389219469565,0.8350799905773176,0.028127742111738848,0.001,0.026094713933345306,0.030296876249995164,CALLCODE,AccountMode.EXISTING_CONTRACT_MINIMAL
test_account_access,besu,CALLCODE,models.custom[1],,132,31.415450213058424,0.089,0.7872581496847091,0.785621673913053,0.03671084835660402,0.001,0.03320613610526637,0.03949572326780202,CALLCODE,AccountMode.EXISTING_CONTRACT_MINIMAL
test_account_access,erigon,CALLCODE,models.custom[0],,55,286.7103668418384,0.001,0.9370818235811174,0.9358946881769875,0.024435182532029687,0.001,0.022764261091700336,0.025850011073458707,CALLCODE,AccountMode.EXISTING_CONTRACT_MINIMAL
test_account_access,erigon,CALLCODE,models.custom[1],,55,251.95657778608106,0.001,0.9055941995820267,0.9038129580647064,0.023893988621195194,0.001,0.021668588224513455,0.025746050113380707,CALLCODE,AccountMode.EXISTING_CONTRACT_MINIMAL
test_account_access,ethrex,CALLCODE,models.custom[0],,77,215.39759667576755,0.001,0.9827170752873725,0.9824866362912041,0.01877116408284443,0.001,0.01815091653147517,0.019456699800632804,CALLCODE,AccountMode.EXISTING_CONTRACT_MINIMAL
test_account_access,ethrex,CALLCODE,models.custom[1],,77,140.77959685343575,0.001,0.9748754336113648,0.9745404393928496,0.01877590588636966,0.001,0.01799250016688641,0.019558194838896512,CALLCODE,AccountMode.EXISTING_CONTRACT_MINIMAL
test_account_access,geth,CALLCODE,models.custom[0],,99,394.6030471835544,0.001,0.996588456645006,0.9965532860949544,0.02046421738785659,0.001,0.020224161867890895,0.020722282701701875,CALLCODE,AccountMode.EXISTING_CONTRACT_MINIMAL
test_account_access,geth,CALLCODE,models.custom[1],,99,90.25691617275213,0.001,0.9903970315573701,0.9902980318827038,0.03027330129868818,0.001,0.029623311087374413,0.03090667137776748,CALLCODE,AccountMode.EXISTING_CONTRACT_MINIMAL
test_account_access,nethermind,CALLCODE,models.custom[0],,77,118.77316182461247,0.001,0.9730992165709094,0.9727405394585215,0.012746228907486345,0.001,0.012252369171326941,0.013231607067310159,CALLCODE,AccountMode.EXISTING_CONTRACT_MINIMAL
test_account_access,nethermind,CALLCODE,models.custom[1],,77,55.191160015762605,0.001,0.9649326371323244,0.9644650722940887,0.015269426654112347,0.001,0.014659272995043089,0.015971343635472004,CALLCODE,AccountMode.EXISTING_CONTRACT_MINIMAL
test_account_access,reth,CALLCODE,models.custom[0],,110,91.38248434238515,0.001,0.9767404973210333,0.9765251315554873,0.004853183241081666,0.001,0.004694484927463016,0.004997344794228688,CALLCODE,AccountMode.EXISTING_CONTRACT_MINIMAL
test_account_access,reth,CALLCODE,models.custom[1],,110,36.39532012965541,0.001,0.9459401240568645,0.9454395696499835,0.006491410398588926,0.001,0.006203434216512457,0.006764025553908595,CALLCODE,AccountMode.EXISTING_CONTRACT_MINIMAL
test_account_access,besu,CALLCODE,models.custom[0],,132,376.41602604494074,0.001,0.8346119796870003,0.8333397641461311,0.028079002964379658,0.001,0.026007584782442292,0.030269329536466428,CALLCODE,AccountMode.EXISTING_CONTRACT_SAME_MAX
test_account_access,besu,CALLCODE,models.custom[1],,132,36.45120897727249,0.053,0.7978531798856259,0.7962982043462845,0.035954557327807384,0.001,0.03235975546025851,0.038964916998533196,CALLCODE,AccountMode.EXISTING_CONTRACT_SAME_MAX
test_account_access,erigon,CALLCODE,models.custom[0],,55,311.29885904998156,0.001,0.9283667782833718,0.9270152080623033,0.034861433526534966,0.001,0.032160762310704534,0.03708149476903563,CALLCODE,AccountMode.EXISTING_CONTRACT_SAME_MAX
test_account_access,erigon,CALLCODE,models.custom[1],,55,245.0233568198972,0.001,0.9125648521758999,0.9109151324056338,0.03440836423952507,0.001,0.03154649722731759,0.03679273192217553,CALLCODE,AccountMode.EXISTING_CONTRACT_SAME_MAX
test_account_access,ethrex,CALLCODE,models.custom[0],,77,221.7557268445456,0.001,0.9813978075881589,0.981149778356001,0.018767311903147798,0.001,0.018102768632910524,0.019422772487771016,CALLCODE,AccountMode.EXISTING_CONTRACT_SAME_MAX
test_account_access,ethrex,CALLCODE,models.custom[1],,77,143.28862560517013,0.001,0.9755905427656122,0.9752650833358204,0.018811387517977483,0.001,0.018056975961802835,0.019591985912116312,CALLCODE,AccountMode.EXISTING_CONTRACT_SAME_MAX
test_account_access,geth,CALLCODE,models.custom[0],,99,395.3899296853141,0.001,0.9955460069877597,0.9955000895340254,0.020466368091115447,0.001,0.020204668229591306,0.020747665309494116,CALLCODE,AccountMode.EXISTING_CONTRACT_SAME_MAX
test_account_access,geth,CALLCODE,models.custom[1],,99,86.14981875067448,0.001,0.9898342275300148,0.9897294257519738,0.03052982010188842,0.001,0.029861249799556854,0.03125761876965572,CALLCODE,AccountMode.EXISTING_CONTRACT_SAME_MAX
test_account_access,nethermind,CALLCODE,models.custom[0],,77,141.42247817948436,0.001,0.9828114281069923,0.9825822471484189,0.012466578777780995,0.001,0.012107548682617498,0.01282964330284147,CALLCODE,AccountMode.EXISTING_CONTRACT_SAME_MAX
test_account_access,nethermind,CALLCODE,models.custom[1],,77,56.939878952322765,0.001,0.9656636492651485,0.9652058312553504,0.01517222248187684,0.001,0.014599027898663176,0.015717199298250186,CALLCODE,AccountMode.EXISTING_CONTRACT_SAME_MAX
test_account_access,reth,CALLCODE,models.custom[0],,110,86.21218698568394,0.001,0.979849413070016,0.979662833561405,0.004951407344481536,0.001,0.004811496809931777,0.005107536954120724,CALLCODE,AccountMode.EXISTING_CONTRACT_SAME_MAX
test_account_access,reth,CALLCODE,models.custom[1],,110,36.39273297073228,0.001,0.9501990143105141,0.9497378940726485,0.0066943259292046075,0.001,0.006348988347945919,0.007002062730095562,CALLCODE,AccountMode.EXISTING_CONTRACT_SAME_MAX
test_account_access,besu,CALLCODE,presets[cold_account_nocode_access],,132,296.1206347193993,0.001,0.898592705463137,0.897812649351315,0.03343763840675733,0.001,0.031573657558102826,0.03537784163307048,CALLCODE,AccountMode.EXISTING_EOA
test_account_access,besu,CALLCODE,presets[cold_account_nocode_write],,132,46.174213045032204,0.011,0.8231113260565184,0.8217506439492608,0.03822642724389114,0.001,0.034787146490970845,0.04130274980101687,CALLCODE,AccountMode.EXISTING_EOA
test_account_access,erigon,CALLCODE,presets[cold_account_nocode_access],,55,0.0,1.0,0.9958954947679907,0.9958180512730471,0.008167791460457156,0.001,0.008117865785897785,0.00821391454049618,CALLCODE,AccountMode.EXISTING_EOA
test_account_access,erigon,CALLCODE,presets[cold_account_nocode_write],,55,4.080052653151572,0.001,0.9883354963895288,0.9881154114157463,0.007659614915491984,0.001,0.007481166165917824,0.007827800872293175,CALLCODE,AccountMode.EXISTING_EOA
test_account_access,ethrex,CALLCODE,presets[cold_account_nocode_access],,77,232.30334758334922,0.001,0.9811534651366836,0.9809021780051727,0.01828163452430261,0.001,0.017641400539795998,0.018959668253331508,CALLCODE,AccountMode.EXISTING_EOA
test_account_access,ethrex,CALLCODE,presets[cold_account_nocode_write],,77,136.68310647462906,0.001,0.9823326634696539,0.9820970989825826,0.018802354244373137,0.001,0.018221091454226762,0.019493346352089696,CALLCODE,AccountMode.EXISTING_EOA
test_account_access,geth,CALLCODE,presets[cold_account_nocode_access],,99,392.92460474933586,0.001,0.9960204126567893,0.995979385983148,0.02125479673902299,0.001,0.02097263676023023,0.021565104897396093,CALLCODE,AccountMode.EXISTING_EOA
test_account_access,geth,CALLCODE,presets[cold_account_nocode_write],,99,90.25278994653829,0.001,0.9859607162463091,0.9858159813622505,0.031240392852703518,0.001,0.030520085181517054,0.031981499868495716,CALLCODE,AccountMode.EXISTING_EOA
test_account_access,nethermind,CALLCODE,presets[cold_account_nocode_access],,77,78.23168786817045,0.001,0.9838380226141688,0.9836225295823576,0.011074893654059332,0.001,0.010726945026576156,0.011435115183764393,CALLCODE,AccountMode.EXISTING_EOA
test_account_access,nethermind,CALLCODE,presets[cold_account_nocode_write],,77,39.48276716457508,0.001,0.969330405868423,0.9689214779466686,0.013766072007066966,0.001,0.013173655586483203,0.014258872026771152,CALLCODE,AccountMode.EXISTING_EOA
test_account_access,reth,CALLCODE,presets[cold_account_nocode_access],,110,102.57860525831386,0.001,0.9769860828109311,0.9767729909851064,0.004485253858135608,0.001,0.004352911432315797,0.004618243320965219,CALLCODE,AccountMode.EXISTING_EOA
test_account_access,reth,CALLCODE,presets[cold_account_nocode_write],,110,38.832639182833375,0.001,0.939577935537018,0.9390184719771756,0.006270941726042805,0.001,0.005919108095185958,0.0066221775966802685,CALLCODE,AccountMode.EXISTING_EOA
test_account_access,besu,CALLCODE,models.custom[0],,132,299.09499848748476,0.001,0.911911238531607,0.9112336326741579,0.032719991492305735,0.001,0.031089497702692565,0.03459967406276314,CALLCODE,AccountMode.NON_EXISTING_ACCOUNT
test_account_access,besu,CALLCODE,models.custom[1],,132,40.540729093062346,0.028,0.8268751649134096,0.8255434354127436,0.03800929246232289,0.001,0.03455855455662255,0.040946205072312884,CALLCODE,AccountMode.NON_EXISTING_ACCOUNT
test_account_access,besu,CALLCODE,presets[cold_account_nocode_access],,132,299.09499848748476,0.001,0.911911238531607,0.9112336326741579,0.032719991492305735,0.001,0.031089497702692565,0.03459967406276314,CALLCODE,AccountMode.NON_EXISTING_ACCOUNT
test_account_access,besu,CALLCODE,presets[cold_account_nocode_write],,132,40.540729093062346,0.028,0.8268751649134096,0.8255434354127436,0.03800929246232289,0.001,0.03455855455662255,0.040946205072312884,CALLCODE,AccountMode.NON_EXISTING_ACCOUNT
test_account_access,erigon,CALLCODE,models.custom[0],,55,0.0,1.0,0.995817178303108,0.9957382571390158,0.007987376272621903,0.001,0.007935757035190267,0.008032650332529784,CALLCODE,AccountMode.NON_EXISTING_ACCOUNT
test_account_access,erigon,CALLCODE,models.custom[1],,55,5.0109733773955805,0.001,0.9932682856488992,0.9931412721705766,0.007397821205408694,0.001,0.007246984629975721,0.007559440434457685,CALLCODE,AccountMode.NON_EXISTING_ACCOUNT
test_account_access,erigon,CALLCODE,presets[cold_account_nocode_access],,55,0.0,1.0,0.995817178303108,0.9957382571390158,0.007987376272621903,0.001,0.007935757035190267,0.008032650332529784,CALLCODE,AccountMode.NON_EXISTING_ACCOUNT
test_account_access,erigon,CALLCODE,presets[cold_account_nocode_write],,55,5.0109733773955805,0.001,0.9932682856488992,0.9931412721705766,0.007397821205408694,0.001,0.007246984629975721,0.007559440434457685,CALLCODE,AccountMode.NON_EXISTING_ACCOUNT
test_account_access,ethrex,CALLCODE,models.custom[0],,77,109.10028204092396,0.001,0.9654013331592423,0.9649400176013655,0.0026083835529726613,0.001,0.002496640978815223,0.0027306300331623166,CALLCODE,AccountMode.NON_EXISTING_ACCOUNT
test_account_access,ethrex,CALLCODE,models.custom[1],,77,128.19228399280013,0.001,0.6839734305629335,0.6797597429704392,0.0021045674294012584,0.001,0.0018050158322244722,0.0023962012647658123,CALLCODE,AccountMode.NON_EXISTING_ACCOUNT
test_account_access,ethrex,CALLCODE,presets[cold_account_nocode_access],,77,109.10028204092396,0.001,0.9654013331592423,0.9649400176013655,0.0026083835529726613,0.001,0.002496640978815223,0.0027306300331623166,CALLCODE,AccountMode.NON_EXISTING_ACCOUNT
test_account_access,ethrex,CALLCODE,presets[cold_account_nocode_write],,77,128.19228399280013,0.001,0.6839734305629335,0.6797597429704392,0.0021045674294012584,0.001,0.0018050158322244722,0.0023962012647658123,CALLCODE,AccountMode.NON_EXISTING_ACCOUNT
test_account_access,geth,CALLCODE,models.custom[0],,99,396.46504402980395,0.001,0.9959462558457717,0.995904464668924,0.021307834959957497,0.001,0.021018304286355836,0.0216125785356508,CALLCODE,AccountMode.NON_EXISTING_ACCOUNT
test_account_access,geth,CALLCODE,models.custom[1],,99,66.75655092316235,0.001,0.9923016927949864,0.9922223288031821,0.03275638039061807,0.001,0.032097538295441416,0.033398657520824035,CALLCODE,AccountMode.NON_EXISTING_ACCOUNT
test_account_access,geth,CALLCODE,presets[cold_account_nocode_access],,99,396.46504402980395,0.001,0.9959462558457717,0.995904464668924,0.021307834959957497,0.001,0.021018304286355836,0.0216125785356508,CALLCODE,AccountMode.NON_EXISTING_ACCOUNT
test_account_access,geth,CALLCODE,presets[cold_account_nocode_write],,99,66.75655092316235,0.001,0.9923016927949864,0.9922223288031821,0.03275638039061807,0.001,0.032097538295441416,0.033398657520824035,CALLCODE,AccountMode.NON_EXISTING_ACCOUNT
test_account_access,nethermind,CALLCODE,models.custom[0],,77,95.82716906569537,0.001,0.9814161345003768,0.9811683496270485,0.010612187503163237,0.001,0.010323532062437754,0.010925549820499173,CALLCODE,AccountMode.NON_EXISTING_ACCOUNT
test_account_access,nethermind,CALLCODE,models.custom[1],,77,38.34517313949428,0.001,0.948414950880046,0.9477271502251133,0.013601562828674847,0.001,0.012915027702012747,0.014293709782870387,CALLCODE,AccountMode.NON_EXISTING_ACCOUNT
test_account_access,nethermind,CALLCODE,presets[cold_account_nocode_access],,77,95.82716906569537,0.001,0.9814161345003768,0.9811683496270485,0.010612187503163237,0.001,0.010323532062437754,0.010925549820499173,CALLCODE,AccountMode.NON_EXISTING_ACCOUNT
test_account_access,nethermind,CALLCODE,presets[cold_account_nocode_write],,77,38.34517313949428,0.001,0.948414950880046,0.9477271502251133,0.013601562828674847,0.001,0.012915027702012747,0.014293709782870387,CALLCODE,AccountMode.NON_EXISTING_ACCOUNT
test_account_access,reth,CALLCODE,models.custom[0],,110,102.91384776411219,0.001,0.9750978135160269,0.9748672377152493,0.004419263297803952,0.001,0.004279830025657435,0.004551470009322258,CALLCODE,AccountMode.NON_EXISTING_ACCOUNT
test_account_access,reth,CALLCODE,models.custom[1],,110,38.56038414105666,0.001,0.9228584933621117,0.9221442201525016,0.006276848793355917,0.001,0.005935899569639374,0.006634603408037598,CALLCODE,AccountMode.NON_EXISTING_ACCOUNT
test_account_access,reth,CALLCODE,presets[cold_account_nocode_access],,110,102.91384776411219,0.001,0.9750978135160269,0.9748672377152493,0.004419263297803952,0.001,0.004279830025657435,0.004551470009322258,CALLCODE,AccountMode.NON_EXISTING_ACCOUNT
test_account_access,reth,CALLCODE,presets[cold_account_nocode_write],,110,38.56038414105666,0.001,0.9228584933621117,0.9221442201525016,0.006276848793355917,0.001,0.005935899569639374,0.006634603408037598,CALLCODE,AccountMode.NON_EXISTING_ACCOUNT
test_account_access,besu,DELEGATECALL,models.custom[0],,132,914.1564452603114,0.001,0.8699552674014884,0.8689549233045768,0.04629751962800703,0.001,0.04330395793807314,0.04900887846995558,DELEGATECALL,AccountMode.EXISTING_CONTRACT_DIFF_MAX
test_account_access,erigon,DELEGATECALL,models.custom[0],,55,908.1677698646854,0.015,0.9006527991683045,0.898778323680914,0.1549866595486207,0.001,0.14140888619187156,0.16604590964511834,DELEGATECALL,AccountMode.EXISTING_CONTRACT_DIFF_MAX
test_account_access,ethrex,DELEGATECALL,models.custom[0],,77,322.144661027203,0.001,0.9977212168882172,0.9976908331133935,0.10239368967858715,0.001,0.10120075336316867,0.10352112905123498,DELEGATECALL,AccountMode.EXISTING_CONTRACT_DIFF_MAX
test_account_access,geth,DELEGATECALL,models.custom[0],,99,1323.4084494447006,0.001,0.9338595732129824,0.9331777131430131,0.0416646678874627,0.001,0.039039434662968636,0.04425454874898307,DELEGATECALL,AccountMode.EXISTING_CONTRACT_DIFF_MAX
test_account_access,nethermind,DELEGATECALL,models.custom[0],,77,648.4110751173918,0.001,0.9076037339373539,0.9063717837231853,0.03789837369284598,0.001,0.034848890172905204,0.041051852908253784,DELEGATECALL,AccountMode.EXISTING_CONTRACT_DIFF_MAX
test_account_access,reth,DELEGATECALL,models.custom[0],,110,159.22386986547914,0.001,0.9850904039995905,0.9849523521847718,0.02249028556987807,0.001,0.02199133185469923,0.023224272851182635,DELEGATECALL,AccountMode.EXISTING_CONTRACT_DIFF_MAX
test_account_access,besu,DELEGATECALL,models.custom[0],,132,394.04302933612405,0.001,0.8337256684796227,0.8324466351602352,0.027801810313199324,0.001,0.02567756314149651,0.029920336384251536,DELEGATECALL,AccountMode.EXISTING_CONTRACT_MINIMAL
test_account_access,erigon,DELEGATECALL,models.custom[0],,55,295.37430952645144,0.001,0.9371073728172048,0.9359207194741332,0.02422639861478753,0.001,0.022428505280870377,0.025700561575539512,DELEGATECALL,AccountMode.EXISTING_CONTRACT_MINIMAL
test_account_access,ethrex,DELEGATECALL,models.custom[0],,77,217.76999251294473,0.001,0.9821860269100843,0.9819485072688854,0.018719101536280952,0.001,0.018063453926381763,0.019383502938741314,DELEGATECALL,AccountMode.EXISTING_CONTRACT_MINIMAL
test_account_access,geth,DELEGATECALL,models.custom[0],,99,396.1632938943565,0.001,0.9967031924705914,0.9966692047641026,0.0203688108677653,0.001,0.020146897249570094,0.020614046912843614,DELEGATECALL,AccountMode.EXISTING_CONTRACT_MINIMAL
test_account_access,nethermind,DELEGATECALL,models.custom[0],,77,134.59490120979248,0.001,0.9814167633566883,0.9811689868681108,0.012564282624567292,0.001,0.01219790253391151,0.012961000131518999,DELEGATECALL,AccountMode.EXISTING_CONTRACT_MINIMAL
test_account_access,reth,DELEGATECALL,models.custom[0],,110,87.85627178951482,0.001,0.9790813009170278,0.9788876092588522,0.004905868320379282,0.001,0.004764158706620872,0.00504494719400778,DELEGATECALL,AccountMode.EXISTING_CONTRACT_MINIMAL
test_account_access,besu,DELEGATECALL,models.custom[0],,132,383.43931736921087,0.001,0.8387569825002286,0.8375166515963841,0.027971075421680758,0.001,0.025866367455298786,0.030017751441484625,DELEGATECALL,AccountMode.EXISTING_CONTRACT_SAME_MAX
test_account_access,erigon,DELEGATECALL,models.custom[0],,55,329.2027873604427,0.001,0.9231880202925716,0.9217387376565824,0.034572483508738094,0.001,0.03166634786160604,0.036930245007851435,DELEGATECALL,AccountMode.EXISTING_CONTRACT_SAME_MAX
test_account_access,ethrex,DELEGATECALL,models.custom[0],,77,221.1306816488118,0.001,0.9816768678548417,0.9814325594262395,0.01875972623720735,0.001,0.018099346263594943,0.01943762333470438,DELEGATECALL,AccountMode.EXISTING_CONTRACT_SAME_MAX
test_account_access,geth,DELEGATECALL,models.custom[0],,99,413.08522650800643,0.001,0.9954125992092051,0.9953653064175474,0.020112462769971973,0.001,0.019823674462181563,0.02036947412644768,DELEGATECALL,AccountMode.EXISTING_CONTRACT_SAME_MAX
test_account_access,nethermind,DELEGATECALL,models.custom[0],,77,135.58557329122053,0.001,0.9800676327088232,0.9798018678116076,0.012571686217486304,0.001,0.012134451751407203,0.012942534331178774,DELEGATECALL,AccountMode.EXISTING_CONTRACT_SAME_MAX
test_account_access,reth,DELEGATECALL,models.custom[0],,110,84.8585363238287,0.001,0.9795148377133505,0.9793251602847703,0.004941047984076562,0.001,0.004794655941999566,0.005095198086525347,DELEGATECALL,AccountMode.EXISTING_CONTRACT_SAME_MAX
test_account_access,besu,DELEGATECALL,presets[cold_account_nocode_access],,132,284.08979307039493,0.001,0.9016964425579654,0.9009402613468729,0.03350817385292996,0.001,0.03165946369373163,0.03543135347468432,DELEGATECALL,AccountMode.EXISTING_EOA
test_account_access,erigon,DELEGATECALL,presets[cold_account_nocode_access],,55,0.0,1.0,0.9961078186231733,0.9960343812387049,0.008211496869726217,0.001,0.008163595760067394,0.008256920088601304,DELEGATECALL,AccountMode.EXISTING_EOA
test_account_access,ethrex,DELEGATECALL,presets[cold_account_nocode_access],,77,227.93176401917646,0.001,0.9813645641732262,0.9811160916955358,0.018317046514715565,0.001,0.0176717389061898,0.018963323508290157,DELEGATECALL,AccountMode.EXISTING_EOA
test_account_access,geth,DELEGATECALL,presets[cold_account_nocode_access],,99,389.4846238534285,0.001,0.9964708457475949,0.996434462714065,0.021135113177560772,0.001,0.020872759262222783,0.021382875735788447,DELEGATECALL,AccountMode.EXISTING_EOA
test_account_access,nethermind,DELEGATECALL,presets[cold_account_nocode_access],,77,93.03224604071228,0.001,0.984964531884894,0.9847640589766925,0.01102079598036453,0.001,0.010692693254491093,0.011371540811744562,DELEGATECALL,AccountMode.EXISTING_EOA
test_account_access,reth,DELEGATECALL,presets[cold_account_nocode_access],,110,99.71960938997734,0.001,0.978076771445152,0.9778737785881627,0.004489483459898669,0.001,0.004355970819324985,0.004617641896665107,DELEGATECALL,AccountMode.EXISTING_EOA
test_account_access,besu,DELEGATECALL,models.custom[0],,132,286.62304935357616,0.001,0.913595362019305,0.912930710957915,0.032692639791924875,0.001,0.030949088774646874,0.03439585585719338,DELEGATECALL,AccountMode.NON_EXISTING_ACCOUNT
test_account_access,besu,DELEGATECALL,presets[cold_account_nocode_access],,132,286.62304935357616,0.001,0.913595362019305,0.912930710957915,0.032692639791924875,0.001,0.030949088774646874,0.03439585585719338,DELEGATECALL,AccountMode.NON_EXISTING_ACCOUNT
test_account_access,erigon,DELEGATECALL,models.custom[0],,55,0.0,1.0,0.9958577089246944,0.9957795524893113,0.00802777540237024,0.001,0.007981282628866805,0.008074281738384948,DELEGATECALL,AccountMode.NON_EXISTING_ACCOUNT
test_account_access,erigon,DELEGATECALL,presets[cold_account_nocode_access],,55,0.0,1.0,0.9958577089246944,0.9957795524893113,0.00802777540237024,0.001,0.007981282628866805,0.008074281738384948,DELEGATECALL,AccountMode.NON_EXISTING_ACCOUNT
test_account_access,ethrex,DELEGATECALL,models.custom[0],,77,116.38603463983878,0.001,0.9581863711859891,0.9576288561351357,0.0025288332731062883,0.001,0.002407563789071433,0.002655731152015304,DELEGATECALL,AccountMode.NON_EXISTING_ACCOUNT
test_account_access,ethrex,DELEGATECALL,presets[cold_account_nocode_access],,77,116.38603463983878,0.001,0.9581863711859891,0.9576288561351357,0.0025288332731062883,0.001,0.002407563789071433,0.002655731152015304,DELEGATECALL,AccountMode.NON_EXISTING_ACCOUNT
test_account_access,geth,DELEGATECALL,models.custom[0],,99,409.3314034752961,0.001,0.9948392961020399,0.9947860929690713,0.02102159205137342,0.001,0.02070138735445717,0.021303736868885852,DELEGATECALL,AccountMode.NON_EXISTING_ACCOUNT
test_account_access,geth,DELEGATECALL,presets[cold_account_nocode_access],,99,409.3314034752961,0.001,0.9948392961020399,0.9947860929690713,0.02102159205137342,0.001,0.02070138735445717,0.021303736868885852,DELEGATECALL,AccountMode.NON_EXISTING_ACCOUNT
test_account_access,nethermind,DELEGATECALL,models.custom[0],,77,118.10851526009922,0.001,0.9826091138097192,0.9823772353271821,0.010478908364588431,0.001,0.010143967699324696,0.010820475430428297,DELEGATECALL,AccountMode.NON_EXISTING_ACCOUNT
test_account_access,nethermind,DELEGATECALL,presets[cold_account_nocode_access],,77,118.10851526009922,0.001,0.9826091138097192,0.9823772353271821,0.010478908364588431,0.001,0.010143967699324696,0.010820475430428297,DELEGATECALL,AccountMode.NON_EXISTING_ACCOUNT
test_account_access,reth,DELEGATECALL,models.custom[0],,110,96.85107902142839,0.001,0.9765611623429753,0.9763441360683732,0.0045281175364363215,0.001,0.004382239155828264,0.0046806663627386004,DELEGATECALL,AccountMode.NON_EXISTING_ACCOUNT
test_account_access,reth,DELEGATECALL,presets[cold_account_nocode_access],,110,96.85107902142839,0.001,0.9765611623429753,0.9763441360683732,0.0045281175364363215,0.001,0.004382239155828264,0.0046806663627386004,DELEGATECALL,AccountMode.NON_EXISTING_ACCOUNT
test_account_access,besu,EXTCODECOPY,models.custom[0],,132,745.7626318732273,0.001,0.8941813625309158,0.8933673730119229,0.045326409269824015,0.001,0.042720865205796134,0.04797991305328015,EXTCODECOPY,AccountMode.EXISTING_CONTRACT_DIFF_MAX
test_account_access,erigon,EXTCODECOPY,models.custom[0],,55,838.153574100271,0.012,0.9019864786188914,0.9001371668947196,0.1447640780100014,0.001,0.13176676148518382,0.15537126928688155,EXTCODECOPY,AccountMode.EXISTING_CONTRACT_DIFF_MAX
test_account_access,ethrex,EXTCODECOPY,models.custom[0],,77,374.18648760417733,0.001,0.9976189522108665,0.9975872049070114,0.10134105708390717,0.001,0.10005237211715057,0.1026094557539738,EXTCODECOPY,AccountMode.EXISTING_CONTRACT_DIFF_MAX
test_account_access,geth,EXTCODECOPY,models.custom[0],,99,1250.9809214199552,0.001,0.9348227709283549,0.9341508407317399,0.04218410740447111,0.001,0.039490108885106755,0.04481031070998034,EXTCODECOPY,AccountMode.EXISTING_CONTRACT_DIFF_MAX
test_account_access,nethermind,EXTCODECOPY,models.custom[0],,77,526.3623423242484,0.001,0.9293240560391791,0.9283817101197015,0.03711152053973903,0.001,0.034819673311643685,0.0395435682675787,EXTCODECOPY,AccountMode.EXISTING_CONTRACT_DIFF_MAX
test_account_access,reth,EXTCODECOPY,models.custom[0],,110,136.48846208971153,0.001,0.995648689633498,0.995608399722697,0.022649407703266705,0.001,0.022379228651992114,0.022936011951596228,EXTCODECOPY,AccountMode.EXISTING_CONTRACT_DIFF_MAX
test_account_access,besu,EXTCODECOPY,models.custom[0],,132,304.4162073221255,0.001,0.8377315711436364,0.8364833524601258,0.027169516793996998,0.001,0.02508572808545468,0.029130509771188497,EXTCODECOPY,AccountMode.EXISTING_CONTRACT_MINIMAL
test_account_access,erigon,EXTCODECOPY,models.custom[0],,55,276.3999977919504,0.001,0.9384449023796085,0.9372834854433747,0.02380731400939205,0.001,0.02213119491395181,0.025199908138122812,EXTCODECOPY,AccountMode.EXISTING_CONTRACT_MINIMAL
test_account_access,ethrex,EXTCODECOPY,models.custom[0],,77,212.91210875244604,0.001,0.9821559263444184,0.981918005362344,0.018648154945364533,0.001,0.017984938672409533,0.019290273758099705,EXTCODECOPY,AccountMode.EXISTING_CONTRACT_MINIMAL
test_account_access,geth,EXTCODECOPY,models.custom[0],,99,385.2437215399929,0.001,0.9960489193077707,0.9960081865171292,0.020455514145766837,0.001,0.020205671605228622,0.020707660777331122,EXTCODECOPY,AccountMode.EXISTING_CONTRACT_MINIMAL
test_account_access,nethermind,EXTCODECOPY,models.custom[0],,77,126.66338744216196,0.001,0.9706325009765784,0.9702409343229328,0.011590884498525186,0.001,0.011141708340140328,0.012061185375099981,EXTCODECOPY,AccountMode.EXISTING_CONTRACT_MINIMAL
test_account_access,reth,EXTCODECOPY,models.custom[0],,110,86.05014532893672,0.001,0.980517534073995,0.9803371408709765,0.004916284527044139,0.001,0.004774742578168866,0.005061584640788787,EXTCODECOPY,AccountMode.EXISTING_CONTRACT_MINIMAL
test_account_access,besu,EXTCODECOPY,models.custom[0],,132,333.2304874080085,0.001,0.8297722465450051,0.828462802287659,0.026682496629455137,0.001,0.024633966097226928,0.02870287717726564,EXTCODECOPY,AccountMode.EXISTING_CONTRACT_SAME_MAX
test_account_access,erigon,EXTCODECOPY,models.custom[0],,55,271.1420704756551,0.001,0.9387983000921637,0.9376435510372989,0.023961497832316422,0.001,0.02238884487616011,0.025356228284552716,EXTCODECOPY,AccountMode.EXISTING_CONTRACT_SAME_MAX
test_account_access,ethrex,EXTCODECOPY,models.custom[0],,77,217.28600764093258,0.001,0.9811362451926903,0.9808847284619261,0.01858140209350644,0.001,0.01792450116195293,0.019254397119778974,EXTCODECOPY,AccountMode.EXISTING_CONTRACT_SAME_MAX
test_account_access,geth,EXTCODECOPY,models.custom[0],,99,394.41435694501934,0.001,0.9951774859894059,0.9951277693501215,0.020146139721403816,0.001,0.01982281452830829,0.020464950445229883,EXTCODECOPY,AccountMode.EXISTING_CONTRACT_SAME_MAX
test_account_access,nethermind,EXTCODECOPY,models.custom[0],,77,114.04192825484493,0.001,0.9798858326359703,0.9796176437377833,0.0119933046227179,0.001,0.011603735427918467,0.01236364388944886,EXTCODECOPY,AccountMode.EXISTING_CONTRACT_SAME_MAX
test_account_access,reth,EXTCODECOPY,models.custom[0],,110,79.42592703100058,0.001,0.9829484516447753,0.9827905669377824,0.0049846342560743865,0.001,0.004847946348699024,0.005129326778079953,EXTCODECOPY,AccountMode.EXISTING_CONTRACT_SAME_MAX
test_account_access,besu,EXTCODECOPY,presets[cold_account_nocode_access],,132,221.54850446214562,0.001,0.8965271301412543,0.8957311849884947,0.032485459003201926,0.001,0.030655585726701802,0.03442782597843641,EXTCODECOPY,AccountMode.EXISTING_EOA
test_account_access,erigon,EXTCODECOPY,presets[cold_account_nocode_access],,55,0.0,1.0,0.9909157108229592,0.9907443091403735,0.008018120896793787,0.001,0.007953339131168474,0.008087822894090333,EXTCODECOPY,AccountMode.EXISTING_EOA
test_account_access,ethrex,EXTCODECOPY,presets[cold_account_nocode_access],,77,220.86000928418443,0.001,0.9813180279822782,0.9810689350220418,0.018213278761239907,0.001,0.0175534089839203,0.018874158657818944,EXTCODECOPY,AccountMode.EXISTING_EOA
test_account_access,geth,EXTCODECOPY,presets[cold_account_nocode_access],,99,397.0870730627229,0.001,0.9951527185505538,0.9951027465768482,0.021344958369156255,0.001,0.021048933089004088,0.02162936027224273,EXTCODECOPY,AccountMode.EXISTING_EOA
test_account_access,nethermind,EXTCODECOPY,presets[cold_account_nocode_access],,77,90.67892014302389,0.001,0.9813462531078896,0.9810975364826614,0.010773914398372353,0.001,0.01042437192557417,0.011153432247677456,EXTCODECOPY,AccountMode.EXISTING_EOA
test_account_access,reth,EXTCODECOPY,presets[cold_account_nocode_access],,110,93.00255538524385,0.001,0.9838638296310089,0.9837144206461109,0.0045563666836342664,0.001,0.0044588899362302155,0.004651893285402518,EXTCODECOPY,AccountMode.EXISTING_EOA
test_account_access,besu,EXTCODECOPY,models.custom[0],,132,226.78282421364497,0.001,0.911962035654964,0.9112848205446176,0.0319098780908739,0.001,0.03026548266347577,0.0335612419126603,EXTCODECOPY,AccountMode.NON_EXISTING_ACCOUNT
test_account_access,besu,EXTCODECOPY,presets[cold_account_nocode_access],,132,226.78282421364497,0.001,0.911962035654964,0.9112848205446176,0.0319098780908739,0.001,0.03026548266347577,0.0335612419126603,EXTCODECOPY,AccountMode.NON_EXISTING_ACCOUNT
test_account_access,erigon,EXTCODECOPY,models.custom[0],,55,0.0,1.0,0.9928545549932076,0.9927197352760984,0.007788427797605272,0.001,0.007721362039769136,0.007845497210775246,EXTCODECOPY,AccountMode.NON_EXISTING_ACCOUNT
test_account_access,erigon,EXTCODECOPY,presets[cold_account_nocode_access],,55,0.0,1.0,0.9928545549932076,0.9927197352760984,0.007788427797605272,0.001,0.007721362039769136,0.007845497210775246,EXTCODECOPY,AccountMode.NON_EXISTING_ACCOUNT
test_account_access,ethrex,EXTCODECOPY,models.custom[0],,77,110.79222591364064,0.001,0.9561967649404127,0.9556127218062849,0.0024895775610020766,0.001,0.0023762892856745996,0.002612549508536456,EXTCODECOPY,AccountMode.NON_EXISTING_ACCOUNT
test_account_access,ethrex,EXTCODECOPY,presets[cold_account_nocode_access],,77,110.79222591364064,0.001,0.9561967649404127,0.9556127218062849,0.0024895775610020766,0.001,0.0023762892856745996,0.002612549508536456,EXTCODECOPY,AccountMode.NON_EXISTING_ACCOUNT
test_account_access,geth,EXTCODECOPY,models.custom[0],,99,389.4173345561174,0.001,0.9961074681534736,0.9960673389591795,0.02061380685074598,0.001,0.02030991257994698,0.02088472195194808,EXTCODECOPY,AccountMode.NON_EXISTING_ACCOUNT
test_account_access,geth,EXTCODECOPY,presets[cold_account_nocode_access],,99,389.4173345561174,0.001,0.9961074681534736,0.9960673389591795,0.02061380685074598,0.001,0.02030991257994698,0.02088472195194808,EXTCODECOPY,AccountMode.NON_EXISTING_ACCOUNT
test_account_access,nethermind,EXTCODECOPY,models.custom[0],,77,85.50022323286532,0.001,0.977851919826752,0.9775566120911087,0.010760244872008346,0.001,0.010394755966432533,0.01111003479514541,EXTCODECOPY,AccountMode.NON_EXISTING_ACCOUNT
test_account_access,nethermind,EXTCODECOPY,presets[cold_account_nocode_access],,77,85.50022323286532,0.001,0.977851919826752,0.9775566120911087,0.010760244872008346,0.001,0.010394755966432533,0.01111003479514541,EXTCODECOPY,AccountMode.NON_EXISTING_ACCOUNT
test_account_access,reth,EXTCODECOPY,models.custom[0],,110,98.5051721855236,0.001,0.9768904375170667,0.9766764600866692,0.004490138898090702,0.001,0.004363289346054517,0.0046236112657042925,EXTCODECOPY,AccountMode.NON_EXISTING_ACCOUNT
test_account_access,reth,EXTCODECOPY,presets[cold_account_nocode_access],,110,98.5051721855236,0.001,0.9768904375170667,0.9766764600866692,0.004490138898090702,0.001,0.004363289346054517,0.0046236112657042925,EXTCODECOPY,AccountMode.NON_EXISTING_ACCOUNT
test_account_access,besu,EXTCODEHASH,models.custom[0],,132,795.6981013771293,0.001,0.8929856247900688,0.892162437288454,0.04488156176655751,0.001,0.04211761568731263,0.047480281939993305,EXTCODEHASH,AccountMode.EXISTING_CONTRACT_DIFF_MAX
test_account_access,erigon,EXTCODEHASH,models.custom[0],,55,287.95755902375566,0.001,0.936837626402726,0.9356458835046643,0.024431727294160377,0.001,0.02283067631172519,0.02580141881054341,EXTCODEHASH,AccountMode.EXISTING_CONTRACT_DIFF_MAX
test_account_access,ethrex,EXTCODEHASH,models.custom[0],,77,224.703699027822,0.001,0.9820734125969544,0.9818343914315804,0.01854082589437506,0.001,0.01788355751207197,0.019218396623036246,EXTCODEHASH,AccountMode.EXISTING_CONTRACT_DIFF_MAX
test_account_access,geth,EXTCODEHASH,models.custom[0],,99,416.09432063261386,0.001,0.9961174058739135,0.9960773791303456,0.019654909405122857,0.001,0.01938850811696882,0.019898463065515872,EXTCODEHASH,AccountMode.EXISTING_CONTRACT_DIFF_MAX
test_account_access,nethermind,EXTCODEHASH,models.custom[0],,77,138.01312980959014,0.001,0.9686103438730792,0.9681918151247203,0.011716054311709523,0.001,0.01122813120194682,0.012187972085246176,EXTCODEHASH,AccountMode.EXISTING_CONTRACT_DIFF_MAX
test_account_access,reth,EXTCODEHASH,models.custom[0],,110,167.16562901446736,0.001,0.9917220174290847,0.991645369442317,0.019948614426412936,0.001,0.019614590090277956,0.02028188609986726,EXTCODEHASH,AccountMode.EXISTING_CONTRACT_DIFF_MAX
test_account_access,besu,EXTCODEHASH,models.custom[0],,132,339.2034215580181,0.001,0.8335314276251858,0.8322509001453796,0.02658613541082963,0.001,0.024683089669531144,0.028512095709661296,EXTCODEHASH,AccountMode.EXISTING_CONTRACT_MINIMAL
test_account_access,erigon,EXTCODEHASH,models.custom[0],,55,276.0549397551853,0.001,0.9400006341318606,0.9388685706249146,0.024085782547209885,0.001,0.022418475364027763,0.02541686939078549,EXTCODEHASH,AccountMode.EXISTING_CONTRACT_MINIMAL
test_account_access,ethrex,EXTCODEHASH,models.custom[0],,77,223.89389742293017,0.001,0.9817902911787737,0.9815474950611573,0.01851262302943385,0.001,0.017904849600946453,0.019172204547390582,EXTCODEHASH,AccountMode.EXISTING_CONTRACT_MINIMAL
test_account_access,geth,EXTCODEHASH,models.custom[0],,99,403.88890323125,0.001,0.9951720941173933,0.9951223218917994,0.01988039820340582,0.001,0.019616358450548325,0.020183958675979153,EXTCODEHASH,AccountMode.EXISTING_CONTRACT_MINIMAL
test_account_access,nethermind,EXTCODEHASH,models.custom[0],,77,133.44461811679093,0.001,0.9814388864514207,0.9811914049374397,0.011565793490038298,0.001,0.011156816414036931,0.011948198856117725,EXTCODEHASH,AccountMode.EXISTING_CONTRACT_MINIMAL
test_account_access,reth,EXTCODEHASH,models.custom[0],,110,90.02248520308403,0.001,0.9836757448757801,0.9835245943653707,0.0047783583411453185,0.001,0.004644414718379384,0.004907816510527769,EXTCODEHASH,AccountMode.EXISTING_CONTRACT_MINIMAL
test_account_access,besu,EXTCODEHASH,models.custom[0],,132,354.78798641211375,0.001,0.8373121152130223,0.8360606699454302,0.026272960856308796,0.001,0.024289030781584873,0.02819952840525188,EXTCODEHASH,AccountMode.EXISTING_CONTRACT_SAME_MAX
test_account_access,erigon,EXTCODEHASH,models.custom[0],,55,288.9562785636035,0.001,0.9393225426446847,0.9381776849587354,0.02389670943067569,0.001,0.022177363923345277,0.025318858532117336,EXTCODEHASH,AccountMode.EXISTING_CONTRACT_SAME_MAX
test_account_access,ethrex,EXTCODEHASH,models.custom[0],,77,220.71016461828168,0.001,0.9811707771736318,0.9809197208692801,0.018551445083173922,0.001,0.017887627109050716,0.019171439953844994,EXTCODEHASH,AccountMode.EXISTING_CONTRACT_SAME_MAX
test_account_access,geth,EXTCODEHASH,models.custom[0],,99,413.38471175200186,0.001,0.9922251043146755,0.9921449507509092,0.01977597924257387,0.001,0.019399211748808397,0.02011148127475578,EXTCODEHASH,AccountMode.EXISTING_CONTRACT_SAME_MAX
test_account_access,nethermind,EXTCODEHASH,models.custom[0],,77,130.3393336703215,0.001,0.976056962647064,0.9757377221490249,0.01178213477875431,0.001,0.011378817166723261,0.012189124218516182,EXTCODEHASH,AccountMode.EXISTING_CONTRACT_SAME_MAX
test_account_access,reth,EXTCODEHASH,models.custom[0],,110,90.45304000065578,0.001,0.9821257156652523,0.9819602130325231,0.004788510143222485,0.001,0.004673714820679844,0.004910798174334977,EXTCODEHASH,AccountMode.EXISTING_CONTRACT_SAME_MAX
test_account_access,besu,EXTCODEHASH,presets[cold_account_nocode_access],,132,234.70692219587175,0.001,0.9001350435218025,0.8993668515488933,0.03216488593175352,0.001,0.030312133629210952,0.03387007481378054,EXTCODEHASH,AccountMode.EXISTING_EOA
test_account_access,erigon,EXTCODEHASH,presets[cold_account_nocode_access],,55,0.0,1.0,0.9917456689142758,0.9915899268183188,0.008691717107882241,0.001,0.008626221837332523,0.008769800640729599,EXTCODEHASH,AccountMode.EXISTING_EOA
test_account_access,ethrex,EXTCODEHASH,presets[cold_account_nocode_access],,77,230.57953881868326,0.001,0.9823658257480852,0.9821307034247263,0.018151652046900408,0.001,0.01751229350566525,0.018806307828151205,EXTCODEHASH,AccountMode.EXISTING_EOA
test_account_access,geth,EXTCODEHASH,presets[cold_account_nocode_access],,99,398.4195843329762,0.001,0.9975400764616161,0.9975147164251379,0.020848951150860332,0.001,0.020641945060173125,0.02104735688411594,EXTCODEHASH,AccountMode.EXISTING_EOA
test_account_access,nethermind,EXTCODEHASH,presets[cold_account_nocode_access],,77,108.23348398998955,0.001,0.9801128828683765,0.9798477213066216,0.010602059237692182,0.001,0.010173646540530797,0.010995134326612184,EXTCODEHASH,AccountMode.EXISTING_EOA
test_account_access,reth,EXTCODEHASH,presets[cold_account_nocode_access],,110,97.54972193641267,0.001,0.9858236260659948,0.9856923633443837,0.004495404531455474,0.001,0.0044018158868143,0.0046013836191254685,EXTCODEHASH,AccountMode.EXISTING_EOA
test_account_access,besu,EXTCODEHASH,models.custom[0],,132,227.00050852442206,0.001,0.9123671749758074,0.9116930763217752,0.03175726519915226,0.001,0.03001614334060389,0.03352568745013122,EXTCODEHASH,AccountMode.NON_EXISTING_ACCOUNT
test_account_access,besu,EXTCODEHASH,presets[cold_account_nocode_access],,132,227.00050852442206,0.001,0.9123671749758074,0.9116930763217752,0.03175726519915226,0.001,0.03001614334060389,0.03352568745013122,EXTCODEHASH,AccountMode.NON_EXISTING_ACCOUNT
test_account_access,erigon,EXTCODEHASH,models.custom[0],,55,0.0,1.0,0.993619100988235,0.9934987066672584,0.0078034919663335384,0.001,0.007747158800901346,0.007858137611599945,EXTCODEHASH,AccountMode.NON_EXISTING_ACCOUNT
test_account_access,erigon,EXTCODEHASH,presets[cold_account_nocode_access],,55,0.0,1.0,0.993619100988235,0.9934987066672584,0.0078034919663335384,0.001,0.007747158800901346,0.007858137611599945,EXTCODEHASH,AccountMode.NON_EXISTING_ACCOUNT
test_account_access,ethrex,EXTCODEHASH,models.custom[0],,77,117.19883716614746,0.001,0.958961621774038,0.9584144433976918,0.002413393388024415,0.001,0.002293251349231014,0.002529896359842809,EXTCODEHASH,AccountMode.NON_EXISTING_ACCOUNT
test_account_access,ethrex,EXTCODEHASH,presets[cold_account_nocode_access],,77,117.19883716614746,0.001,0.958961621774038,0.9584144433976918,0.002413393388024415,0.001,0.002293251349231014,0.002529896359842809,EXTCODEHASH,AccountMode.NON_EXISTING_ACCOUNT
test_account_access,geth,EXTCODEHASH,models.custom[0],,99,386.4755241275465,0.001,0.9965264025479588,0.9964905922649481,0.020155065338560235,0.001,0.019908678140105843,0.020402337489297356,EXTCODEHASH,AccountMode.NON_EXISTING_ACCOUNT
test_account_access,geth,EXTCODEHASH,presets[cold_account_nocode_access],,99,386.4755241275465,0.001,0.9965264025479588,0.9964905922649481,0.020155065338560235,0.001,0.019908678140105843,0.020402337489297356,EXTCODEHASH,AccountMode.NON_EXISTING_ACCOUNT
test_account_access,nethermind,EXTCODEHASH,models.custom[0],,77,92.78763488981308,0.001,0.9770182802687062,0.9767118573389556,0.010742265140286748,0.001,0.010390849791904236,0.011096223546903731,EXTCODEHASH,AccountMode.NON_EXISTING_ACCOUNT
test_account_access,nethermind,EXTCODEHASH,presets[cold_account_nocode_access],,77,92.78763488981308,0.001,0.9770182802687062,0.9767118573389556,0.010742265140286748,0.001,0.010390849791904236,0.011096223546903731,EXTCODEHASH,AccountMode.NON_EXISTING_ACCOUNT
test_account_access,reth,EXTCODEHASH,models.custom[0],,110,103.64080452581415,0.001,0.9766094414060029,0.9763928621597622,0.004394818424343064,0.001,0.004263862473891302,0.004525025262604168,EXTCODEHASH,AccountMode.NON_EXISTING_ACCOUNT
test_account_access,reth,EXTCODEHASH,presets[cold_account_nocode_access],,110,103.64080452581415,0.001,0.9766094414060029,0.9763928621597622,0.004394818424343064,0.001,0.004263862473891302,0.004525025262604168,EXTCODEHASH,AccountMode.NON_EXISTING_ACCOUNT
test_account_access,besu,EXTCODESIZE,models.custom[0],,132,781.9027437277061,0.001,0.8916526586325869,0.8908192175451453,0.04476548967286244,0.001,0.0418883748368599,0.04750834932025335,EXTCODESIZE,AccountMode.EXISTING_CONTRACT_DIFF_MAX
test_account_access,erigon,EXTCODESIZE,models.custom[0],,55,872.8212988876572,0.013,0.8990224563197337,0.8971172196465211,0.1440575108860313,0.001,0.13069590813633541,0.15471861593357786,EXTCODESIZE,AccountMode.EXISTING_CONTRACT_DIFF_MAX
test_account_access,ethrex,EXTCODESIZE,models.custom[0],,77,444.53700050388693,0.001,0.9967815876524545,0.9967386754878206,0.09999562437588935,0.001,0.09857896255892111,0.10133427989100204,EXTCODESIZE,AccountMode.EXISTING_CONTRACT_DIFF_MAX
test_account_access,geth,EXTCODESIZE,models.custom[0],,99,1267.3353239860778,0.001,0.9380343556801274,0.9373955346046647,0.04183980733658727,0.001,0.03917350474157027,0.044318943683104184,EXTCODESIZE,AccountMode.EXISTING_CONTRACT_DIFF_MAX
test_account_access,nethermind,EXTCODESIZE,models.custom[0],,77,610.3245975029179,0.001,0.9279896282075857,0.9270294899170202,0.03598337057844486,0.001,0.033469079443000926,0.03860701351471851,EXTCODESIZE,AccountMode.EXISTING_CONTRACT_DIFF_MAX
test_account_access,reth,EXTCODESIZE,models.custom[0],,110,149.2346312592275,0.001,0.9958854933651949,0.9958473960815394,0.022469255478674083,0.001,0.022186611036153436,0.022756272992863195,EXTCODESIZE,AccountMode.EXISTING_CONTRACT_DIFF_MAX
test_account_access,besu,EXTCODESIZE,models.custom[0],,132,338.873421865593,0.001,0.837179563627048,0.8359270987318714,0.02640221377248442,0.001,0.024441204011605554,0.028424453774823628,EXTCODESIZE,AccountMode.EXISTING_CONTRACT_MINIMAL
test_account_access,erigon,EXTCODESIZE,models.custom[0],,55,281.69130314571123,0.001,0.9363508353263698,0.9351499076910182,0.023741120084534707,0.001,0.022027181464138873,0.02512088729167101,EXTCODESIZE,AccountMode.EXISTING_CONTRACT_MINIMAL
test_account_access,ethrex,EXTCODESIZE,models.custom[0],,77,217.02856048637435,0.001,0.9820392783743928,0.9817998020860513,0.018597062301833275,0.001,0.01794967496787051,0.019243955955874942,EXTCODESIZE,AccountMode.EXISTING_CONTRACT_MINIMAL
test_account_access,geth,EXTCODESIZE,models.custom[0],,99,405.4006543239241,0.001,0.9963589846372571,0.9963214483964041,0.019899416962504142,0.001,0.0196268462399179,0.020159480252942123,EXTCODESIZE,AccountMode.EXISTING_CONTRACT_MINIMAL
test_account_access,nethermind,EXTCODESIZE,models.custom[0],,77,121.04633911953215,0.001,0.9703419893429276,0.9699465492008333,0.011699412903846474,0.001,0.011318499648310556,0.012143762083030148,EXTCODESIZE,AccountMode.EXISTING_CONTRACT_MINIMAL
test_account_access,reth,EXTCODESIZE,models.custom[0],,110,84.75717861628105,0.001,0.9853101889599774,0.9851741721910883,0.004859156290451738,0.001,0.004734090476564487,0.004982255700752281,EXTCODESIZE,AccountMode.EXISTING_CONTRACT_MINIMAL
test_account_access,besu,EXTCODESIZE,models.custom[0],,132,323.37189459025944,0.001,0.8387871791362274,0.8375470805141983,0.026757360093024547,0.001,0.02466308374043515,0.028757779642835872,EXTCODESIZE,AccountMode.EXISTING_CONTRACT_SAME_MAX
test_account_access,erigon,EXTCODESIZE,models.custom[0],,55,282.5432773187185,0.001,0.9374049537480935,0.9362239151395669,0.023819004300057497,0.001,0.022219803038108606,0.02520774825859649,EXTCODESIZE,AccountMode.EXISTING_CONTRACT_SAME_MAX
test_account_access,ethrex,EXTCODESIZE,models.custom[0],,77,221.34476504819474,0.001,0.9815651360861003,0.9813193379005817,0.018532950766579095,0.001,0.017927207246585215,0.019198173043616783,EXTCODESIZE,AccountMode.EXISTING_CONTRACT_SAME_MAX
test_account_access,geth,EXTCODESIZE,models.custom[0],,99,395.910905205537,0.001,0.9949780063125775,0.9949262331817793,0.019971796097223514,0.001,0.019639905649272246,0.02025996398518709,EXTCODESIZE,AccountMode.EXISTING_CONTRACT_SAME_MAX
test_account_access,nethermind,EXTCODESIZE,models.custom[0],,77,125.98441242032557,0.001,0.9725998273777813,0.9722344917428184,0.011613935397491343,0.001,0.011223674308970484,0.012019084854352902,EXTCODESIZE,AccountMode.EXISTING_CONTRACT_SAME_MAX
test_account_access,reth,EXTCODESIZE,models.custom[0],,110,92.67529964405563,0.001,0.9810412252972832,0.9808656810870728,0.0047680098502842355,0.001,0.004658167561848967,0.004879131753587059,EXTCODESIZE,AccountMode.EXISTING_CONTRACT_SAME_MAX
test_account_access,besu,EXTCODESIZE,presets[cold_account_nocode_access],,132,217.72204341456114,0.001,0.8987010298862702,0.8979218070392415,0.03238795768536613,0.001,0.030320041440508125,0.034301237653204024,EXTCODESIZE,AccountMode.EXISTING_EOA
test_account_access,erigon,EXTCODESIZE,presets[cold_account_nocode_access],,55,0.0,1.0,0.9950517020184413,0.9949583379055816,0.007998121543110887,0.001,0.007948035544619755,0.008041572049361057,EXTCODESIZE,AccountMode.EXISTING_EOA
test_account_access,ethrex,EXTCODESIZE,presets[cold_account_nocode_access],,77,213.88125217124042,0.001,0.9805628941103584,0.9803037326984965,0.018299296813379853,0.001,0.01768311063745926,0.01895051314698746,EXTCODESIZE,AccountMode.EXISTING_EOA
test_account_access,geth,EXTCODESIZE,presets[cold_account_nocode_access],,99,390.31407417168697,0.001,0.9969174803284027,0.9968857017750872,0.02086309391576469,0.001,0.020635177856757458,0.02108268062613378,EXTCODESIZE,AccountMode.EXISTING_EOA
test_account_access,nethermind,EXTCODESIZE,presets[cold_account_nocode_access],,77,92.92189212967911,0.001,0.9770320066010785,0.9767257666890928,0.010723921882560777,0.001,0.010375347256843553,0.011103318476286473,EXTCODESIZE,AccountMode.EXISTING_EOA
test_account_access,reth,EXTCODESIZE,presets[cold_account_nocode_access],,110,96.4395558699934,0.001,0.9786526683714628,0.9784550078934208,0.004502594325291214,0.001,0.00437630220720986,0.004635638127081831,EXTCODESIZE,AccountMode.EXISTING_EOA
test_account_access,besu,EXTCODESIZE,models.custom[0],,132,251.9742879905642,0.001,0.8982683751574264,0.8974858241970989,0.031556829905435846,0.001,0.02976809303713921,0.033367638137497276,EXTCODESIZE,AccountMode.NON_EXISTING_ACCOUNT
test_account_access,besu,EXTCODESIZE,presets[cold_account_nocode_access],,132,251.9742879905642,0.001,0.8982683751574264,0.8974858241970989,0.031556829905435846,0.001,0.02976809303713921,0.033367638137497276,EXTCODESIZE,AccountMode.NON_EXISTING_ACCOUNT
test_account_access,erigon,EXTCODESIZE,models.custom[0],,55,0.0,1.0,0.9933100005121686,0.9931837741067377,0.007779504601938362,0.001,0.007717647581293382,0.007834379423709258,EXTCODESIZE,AccountMode.NON_EXISTING_ACCOUNT
test_account_access,erigon,EXTCODESIZE,presets[cold_account_nocode_access],,55,0.0,1.0,0.9933100005121686,0.9931837741067377,0.007779504601938362,0.001,0.007717647581293382,0.007834379423709258,EXTCODESIZE,AccountMode.NON_EXISTING_ACCOUNT
test_account_access,ethrex,EXTCODESIZE,models.custom[0],,77,113.72929516285825,0.001,0.9538082857325295,0.9531923962089632,0.002418999835781545,0.001,0.002291309652227105,0.0025459549410112624,EXTCODESIZE,AccountMode.NON_EXISTING_ACCOUNT
test_account_access,ethrex,EXTCODESIZE,presets[cold_account_nocode_access],,77,113.72929516285825,0.001,0.9538082857325295,0.9531923962089632,0.002418999835781545,0.001,0.002291309652227105,0.0025459549410112624,EXTCODESIZE,AccountMode.NON_EXISTING_ACCOUNT
test_account_access,geth,EXTCODESIZE,models.custom[0],,99,382.95134700440866,0.001,0.995847883353222,0.9958050780269666,0.02029641658836004,0.001,0.020013552206774133,0.02057201926240077,EXTCODESIZE,AccountMode.NON_EXISTING_ACCOUNT
test_account_access,geth,EXTCODESIZE,presets[cold_account_nocode_access],,99,382.95134700440866,0.001,0.995847883353222,0.9958050780269666,0.02029641658836004,0.001,0.020013552206774133,0.02057201926240077,EXTCODESIZE,AccountMode.NON_EXISTING_ACCOUNT
test_account_access,nethermind,EXTCODESIZE,models.custom[0],,77,87.68979044311465,0.001,0.9816695716464576,0.9814251659350771,0.010572402608114342,0.001,0.010231217693107909,0.010944029957838202,EXTCODESIZE,AccountMode.NON_EXISTING_ACCOUNT
test_account_access,nethermind,EXTCODESIZE,presets[cold_account_nocode_access],,77,87.68979044311465,0.001,0.9816695716464576,0.9814251659350771,0.010572402608114342,0.001,0.010231217693107909,0.010944029957838202,EXTCODESIZE,AccountMode.NON_EXISTING_ACCOUNT
test_account_access,reth,EXTCODESIZE,models.custom[0],,110,102.32472098811164,0.001,0.9786571245028639,0.9784595052852978,0.004410026858859806,0.001,0.004297015939445803,0.004537392653498968,EXTCODESIZE,AccountMode.NON_EXISTING_ACCOUNT
test_account_access,reth,EXTCODESIZE,presets[cold_account_nocode_access],,110,102.32472098811164,0.001,0.9786571245028639,0.9784595052852978,0.004410026858859806,0.001,0.004297015939445803,0.004537392653498968,EXTCODESIZE,AccountMode.NON_EXISTING_ACCOUNT
test_account_access,besu,STATICCALL,models.custom[0],,132,851.2605686229201,0.001,0.8892954464708016,0.8884438729821155,0.04751025995438625,0.001,0.04453893202076713,0.050210554714469065,STATICCALL,AccountMode.EXISTING_CONTRACT_DIFF_MAX
test_account_access,erigon,STATICCALL,models.custom[0],,55,906.3559353714409,0.02,0.899446560493087,0.8975493257854095,0.15552368630202823,0.001,0.14167295992572215,0.16692611937954868,STATICCALL,AccountMode.EXISTING_CONTRACT_DIFF_MAX
test_account_access,ethrex,STATICCALL,models.custom[0],,77,446.6078385766939,0.001,0.9975745647395349,0.9975422256027286,0.10103726709125913,0.001,0.09993708624088259,0.10207161377847362,STATICCALL,AccountMode.EXISTING_CONTRACT_DIFF_MAX
test_account_access,geth,STATICCALL,models.custom[0],,99,1325.9773414001593,0.001,0.9362375447074877,0.9355801998075648,0.041652616071944364,0.001,0.03910246135831927,0.0441717810369511,STATICCALL,AccountMode.EXISTING_CONTRACT_DIFF_MAX
test_account_access,nethermind,STATICCALL,models.custom[0],,77,700.5760915905043,0.001,0.9097835879959507,0.9085807025025634,0.03694334409458656,0.001,0.03423608470793246,0.03967942984352059,STATICCALL,AccountMode.EXISTING_CONTRACT_DIFF_MAX
test_account_access,reth,STATICCALL,models.custom[0],,110,137.27026548237444,0.001,0.9953757119960893,0.9953328945145716,0.02368263401343731,0.001,0.023392336368583323,0.02398282713447664,STATICCALL,AccountMode.EXISTING_CONTRACT_DIFF_MAX
test_account_access,besu,STATICCALL,models.custom[0],,132,395.13959210210203,0.001,0.8559028269291323,0.8547943871362795,0.027977703839260938,0.001,0.026163352451592584,0.030035737793612214,STATICCALL,AccountMode.EXISTING_CONTRACT_MINIMAL
test_account_access,erigon,STATICCALL,models.custom[0],,55,301.71896329628515,0.001,0.9376327013918694,0.9364559599086971,0.024564945549993344,0.001,0.02275623665874569,0.025935427246890762,STATICCALL,AccountMode.EXISTING_CONTRACT_MINIMAL
test_account_access,ethrex,STATICCALL,models.custom[0],,77,219.18069665064365,0.001,0.9818394907502648,0.981597350626935,0.0187220563617098,0.001,0.01810559494907801,0.01940196752779079,STATICCALL,AccountMode.EXISTING_CONTRACT_MINIMAL
test_account_access,geth,STATICCALL,models.custom[0],,99,410.53537064365196,0.001,0.9960949153797038,0.9960546567753709,0.020225816387931025,0.001,0.01994541308144,0.02050019802410799,STATICCALL,AccountMode.EXISTING_CONTRACT_MINIMAL
test_account_access,nethermind,STATICCALL,models.custom[0],,77,126.95104764737712,0.001,0.9796844223089045,0.9794135479396899,0.012649842575741465,0.001,0.012259975771714776,0.013094154483772645,STATICCALL,AccountMode.EXISTING_CONTRACT_MINIMAL
test_account_access,reth,STATICCALL,models.custom[0],,110,97.40291700204097,0.001,0.9777032407328985,0.9774967892582032,0.005192517823664383,0.001,0.005071498263579367,0.005320394270187777,STATICCALL,AccountMode.EXISTING_CONTRACT_MINIMAL
test_account_access,besu,STATICCALL,models.custom[0],,132,408.9937530976217,0.001,0.8510565709435951,0.8499108522585459,0.027781385314807068,0.001,0.025742032654364665,0.02961469838734449,STATICCALL,AccountMode.EXISTING_CONTRACT_SAME_MAX
test_account_access,erigon,STATICCALL,models.custom[0],,55,320.94279077429195,0.001,0.9242796794756384,0.9228509941827259,0.03507822143275761,0.001,0.03232015641618196,0.03735575527782124,STATICCALL,AccountMode.EXISTING_CONTRACT_SAME_MAX
test_account_access,ethrex,STATICCALL,models.custom[0],,77,219.80422747665344,0.001,0.981187697758307,0.9809368670617511,0.018778575739705254,0.001,0.01807191419640443,0.019466581646233577,STATICCALL,AccountMode.EXISTING_CONTRACT_SAME_MAX
test_account_access,geth,STATICCALL,models.custom[0],,99,406.9206447047139,0.001,0.9961005838554927,0.9960603836890545,0.020298899936258507,0.001,0.02003584970926202,0.020566216890603024,STATICCALL,AccountMode.EXISTING_CONTRACT_SAME_MAX
test_account_access,nethermind,STATICCALL,models.custom[0],,77,147.13944735612074,0.001,0.982577061672136,0.9823447558277645,0.012399828560020046,0.001,0.012031843035988504,0.012804092947292537,STATICCALL,AccountMode.EXISTING_CONTRACT_SAME_MAX
test_account_access,reth,STATICCALL,models.custom[0],,110,98.8077206678944,0.001,0.9829059871769147,0.9827477092804047,0.00516809578658718,0.001,0.005058898703821342,0.005297138796320183,STATICCALL,AccountMode.EXISTING_CONTRACT_SAME_MAX
test_account_access,besu,STATICCALL,presets[cold_account_nocode_access],,132,316.0137742581444,0.001,0.9091123490377594,0.9084132132611268,0.03368505191084378,0.001,0.0318215858310597,0.035438492011133735,STATICCALL,AccountMode.EXISTING_EOA
test_account_access,erigon,STATICCALL,presets[cold_account_nocode_access],,55,0.0,1.0,0.9954956477181824,0.9954106599392802,0.008606448336514406,0.001,0.008550873961471485,0.008658823281813686,STATICCALL,AccountMode.EXISTING_EOA
test_account_access,ethrex,STATICCALL,presets[cold_account_nocode_access],,77,225.86652081870216,0.001,0.9824679597477374,0.9822341992110405,0.018386702874837273,0.001,0.017758321633788862,0.019050019500192607,STATICCALL,AccountMode.EXISTING_EOA
test_account_access,geth,STATICCALL,presets[cold_account_nocode_access],,99,400.6951714449851,0.001,0.9968912876798948,0.9968592390992751,0.021143383852404017,0.001,0.020880629290312237,0.02142708958166771,STATICCALL,AccountMode.EXISTING_EOA
test_account_access,nethermind,STATICCALL,presets[cold_account_nocode_access],,77,102.70909093182264,0.001,0.9806967897119278,0.9804394135747535,0.010898914177271898,0.001,0.010552762850808937,0.011253240191417418,STATICCALL,AccountMode.EXISTING_EOA
test_account_access,reth,STATICCALL,presets[cold_account_nocode_access],,110,109.69522488414377,0.001,0.9701592896854718,0.9698829868121892,0.004650629728843443,0.001,0.004518836568326312,0.0047994867265436095,STATICCALL,AccountMode.EXISTING_EOA
test_account_access,besu,STATICCALL,models.custom[0],,132,363.88715783971406,0.001,0.9001794034444472,0.8994115527017122,0.03348061207807489,0.001,0.03145480180760809,0.035491185295791816,STATICCALL,AccountMode.NON_EXISTING_ACCOUNT
test_account_access,besu,STATICCALL,presets[cold_account_nocode_access],,132,363.88715783971406,0.001,0.9001794034444472,0.8994115527017122,0.03348061207807489,0.001,0.03145480180760809,0.035491185295791816,STATICCALL,AccountMode.NON_EXISTING_ACCOUNT
test_account_access,erigon,STATICCALL,models.custom[0],,55,0.0,1.0,0.9958412643197818,0.9957627976088343,0.008720808149441968,0.001,0.008670988852567304,0.008771319917453455,STATICCALL,AccountMode.NON_EXISTING_ACCOUNT
test_account_access,erigon,STATICCALL,presets[cold_account_nocode_access],,55,0.0,1.0,0.9958412643197818,0.9957627976088343,0.008720808149441968,0.001,0.008670988852567304,0.008771319917453455,STATICCALL,AccountMode.NON_EXISTING_ACCOUNT
test_account_access,ethrex,STATICCALL,models.custom[0],,77,110.13444672587976,0.001,0.9651260589035776,0.964661073022292,0.0026200260375661482,0.001,0.0025130928253691053,0.002731397564400049,STATICCALL,AccountMode.NON_EXISTING_ACCOUNT
test_account_access,ethrex,STATICCALL,presets[cold_account_nocode_access],,77,110.13444672587976,0.001,0.9651260589035776,0.964661073022292,0.0026200260375661482,0.001,0.0025130928253691053,0.002731397564400049,STATICCALL,AccountMode.NON_EXISTING_ACCOUNT
test_account_access,geth,STATICCALL,models.custom[0],,99,398.04927816551816,0.001,0.9961854551939142,0.9961461299897277,0.02160904286006875,0.001,0.0213016153384141,0.021928567138152,STATICCALL,AccountMode.NON_EXISTING_ACCOUNT
test_account_access,geth,STATICCALL,presets[cold_account_nocode_access],,99,398.04927816551816,0.001,0.9961854551939142,0.9961461299897277,0.02160904286006875,0.001,0.0213016153384141,0.021928567138152,STATICCALL,AccountMode.NON_EXISTING_ACCOUNT
test_account_access,nethermind,STATICCALL,models.custom[0],,77,111.04330440943299,0.001,0.9746444366574226,0.9743063624795216,0.01075365881349293,0.001,0.01039275701828596,0.011171769961477352,STATICCALL,AccountMode.NON_EXISTING_ACCOUNT
test_account_access,nethermind,STATICCALL,presets[cold_account_nocode_access],,77,111.04330440943299,0.001,0.9746444366574226,0.9743063624795216,0.01075365881349293,0.001,0.01039275701828596,0.011171769961477352,STATICCALL,AccountMode.NON_EXISTING_ACCOUNT
test_account_access,reth,STATICCALL,models.custom[0],,110,104.44872443017188,0.001,0.9757024276688496,0.975477450147265,0.00446191624957952,0.001,0.004305585689624057,0.004628040397892076,STATICCALL,AccountMode.NON_EXISTING_ACCOUNT
test_account_access,reth,STATICCALL,presets[cold_account_nocode_access],,110,104.44872443017188,0.001,0.9757024276688496,0.975477450147265,0.00446191624957952,0.001,0.004305585689624057,0.004628040397892076,STATICCALL,AccountMode.NON_EXISTING_ACCOUNT
test_ext_account_query_warm,besu,BALANCE,presets[warm_account_access],,132,193.84358111513978,0.001,0.35152802864916777,0.34653978271569974,8.464516280588814e-05,0.001,6.594525841448006e-05,0.00010229546253622503,BALANCE,
test_ext_account_query_warm,erigon,BALANCE,presets[warm_account_access],,55,15.289124289745248,0.001,0.8709118735596985,0.8684762485325229,1.9802898261608695e-05,0.001,1.7842202572757135e-05,2.1724766222881595e-05,BALANCE,
test_ext_account_query_warm,ethrex,BALANCE,presets[warm_account_access],,77,9.633741691274007,0.001,0.765309132630825,0.7621799210659027,1.3900126739877545e-05,0.001,1.2209776300945464e-05,1.5602387609274058e-05,BALANCE,
test_ext_account_query_warm,geth,BALANCE,presets[warm_account_access],,99,42.11567959391103,0.001,0.6206656076926305,0.6167549438544102,1.786143541692865e-05,0.001,1.4666587671318668e-05,2.0897873123862354e-05,BALANCE,
test_ext_account_query_warm,nethermind,BALANCE,presets[warm_account_access],,77,133.4251813955084,0.001,0.6862546073205165,0.6820713354181234,0.00012244178733284808,0.001,0.0001035864310387855,0.00014043971217552072,BALANCE,
test_ext_account_query_warm,reth,BALANCE,presets[warm_account_access],,110,11.346985260696517,0.001,0.5504508529301115,0.5462883608276126,1.2306960840787033e-05,0.001,1.0698975211782505e-05,1.3937445221958729e-05,BALANCE,
test_ext_account_query_warm,besu,CALL,presets[warm_account_access],,132,669.5002623078492,0.001,0.6373492977294395,0.6345596769427428,0.00041879852380537924,0.001,0.00036049325551874487,0.0004708312263188111,CALL,
test_ext_account_query_warm,erigon,CALL,presets[warm_account_access],,55,33.749524365019504,0.001,0.9259898902628432,0.9245934730979911,0.00011653174812044358,0.001,0.00010798485957814488,0.00012504700079542735,CALL,
test_ext_account_query_warm,ethrex,CALL,presets[warm_account_access],,77,46.236730914464204,0.001,0.9463349217625874,0.9456193873860885,9.428327861105842e-05,0.001,8.910659571690545e-05,9.932296091805786e-05,CALL,
test_ext_account_query_warm,geth,CALL,presets[warm_account_access],,99,47.29497048298319,0.001,0.9433302721246495,0.9427460481259345,0.0001325414650401965,0.001,0.00012631332890446887,0.00013907176958641187,CALL,
test_ext_account_query_warm,nethermind,CALL,presets[warm_account_access],,77,237.73215992409482,0.001,0.874245408236535,0.8725686803463555,0.0003590284953953147,0.001,0.0003310978629818548,0.00038636388445492334,CALL,
test_ext_account_query_warm,reth,CALL,presets[warm_account_access],,110,25.159636659954213,0.001,0.9394300122025466,0.9388691789821998,5.83826356764402e-05,0.001,5.567290819919057e-05,6.127627100564989e-05,CALL,
test_ext_account_query_warm,besu,CALLCODE,presets[warm_account_access],,132,666.171722867948,0.001,0.6006751322455688,0.5976034024936117,0.00040088542157183584,0.001,0.00034673496408338075,0.000462524550855254,CALLCODE,
test_ext_account_query_warm,erigon,CALLCODE,presets[warm_account_access],,55,20.48514836238255,0.001,0.9454659096884152,0.9444369645881966,6.545694291375481e-05,0.001,6.168994510999322e-05,6.949884628628743e-05,CALLCODE,
test_ext_account_query_warm,ethrex,CALLCODE,presets[warm_account_access],,77,40.45066558461359,0.001,0.9268651301399392,0.9258899985418051,9.804318520755353e-05,0.001,9.227659667418407e-05,0.0001037784431005432,CALLCODE,
test_ext_account_query_warm,geth,CALLCODE,presets[warm_account_access],,99,29.550433788547764,0.001,0.9468186679293696,0.9462704067740023,0.00018564027158881314,0.001,0.00017597449697030754,0.00019564781817696522,CALLCODE,
test_ext_account_query_warm,nethermind,CALLCODE,presets[warm_account_access],,77,170.96231285153252,0.001,0.6441838492292562,0.6394396338856463,0.0002005790238434161,0.001,0.00016225090309189653,0.0002406978731602458,CALLCODE,
test_ext_account_query_warm,reth,CALLCODE,presets[warm_account_access],,110,21.878341733990307,0.001,0.9242570552408564,0.9235557316782718,5.878135178186644e-05,0.001,5.589070929316928e-05,6.149671686543398e-05,CALLCODE,
test_ext_account_query_warm,besu,DELEGATECALL,presets[warm_account_access],,132,539.9041008700062,0.001,0.7259160676343666,0.7238077296930925,0.0004434169778954749,0.001,0.00040067846142521663,0.0004869805282798213,DELEGATECALL,
test_ext_account_query_warm,erigon,DELEGATECALL,presets[warm_account_access],,55,27.016427655194097,0.001,0.9238905388071788,0.9224545112375029,5.9289975924119486e-05,0.001,5.470284758711011e-05,6.40558741721952e-05,DELEGATECALL,
test_ext_account_query_warm,ethrex,DELEGATECALL,presets[warm_account_access],,77,41.82007765001127,0.001,0.9355300336675619,0.9346704341164628,9.641101741782037e-05,0.001,9.064556830605911e-05,0.0001017186178744022,DELEGATECALL,
test_ext_account_query_warm,geth,DELEGATECALL,presets[warm_account_access],,99,47.65291339419901,0.001,0.9508038287423868,0.9502966517191124,0.00014992952648225128,0.001,0.00014219901296223044,0.00015768049957000187,DELEGATECALL,
test_ext_account_query_warm,nethermind,DELEGATECALL,presets[warm_account_access],,77,207.44984135196728,0.001,0.9207199259531651,0.9196628582992072,0.0004925138340560547,0.001,0.00045790132733146855,0.0005328510324384467,DELEGATECALL,
test_ext_account_query_warm,reth,DELEGATECALL,presets[warm_account_access],,110,24.3194691311621,0.001,0.9388108069884531,0.9382442403864943,5.433330411608379e-05,0.001,5.176254237479873e-05,5.6685157537902215e-05,DELEGATECALL,
test_ext_account_query_warm,besu,EXTCODEHASH,presets[warm_account_access],,132,206.72657349414652,0.001,0.43117439200725627,0.42679881040731205,7.683290104398048e-05,0.001,5.9998820137934627e-05,9.332911584482958e-05,EXTCODEHASH,
test_ext_account_query_warm,erigon,EXTCODEHASH,presets[warm_account_access],,55,18.27435217102319,0.001,0.9168492556523242,0.9152803736835001,3.210639335636318e-05,0.001,2.933128574337503e-05,3.512768225529607e-05,EXTCODEHASH,
test_ext_account_query_warm,ethrex,EXTCODEHASH,presets[warm_account_access],,77,7.12162938438386,0.001,0.8196092884259962,0.8172040789383428,1.4934278764699749e-05,0.001,1.3252424203087519e-05,1.671484389686119e-05,EXTCODEHASH,
test_ext_account_query_warm,geth,EXTCODEHASH,presets[warm_account_access],,99,23.793092537411248,0.001,0.9032388561799005,0.9022413186147449,3.7986104851448445e-05,0.001,3.557637957808006e-05,4.073441418101126e-05,EXTCODEHASH,
test_ext_account_query_warm,nethermind,EXTCODEHASH,presets[warm_account_access],,77,173.7286712168434,0.001,0.9248437208320232,0.9238416371097835,0.00024302107354007917,0.001,0.00022732944755903548,0.000258391161728254,EXTCODEHASH,
test_ext_account_query_warm,reth,EXTCODEHASH,presets[warm_account_access],,110,11.897683048679244,0.001,0.6493260287186766,0.6460790475031088,1.3548313369401667e-05,0.001,1.1824256423879923e-05,1.5402861232290913e-05,EXTCODEHASH,
test_ext_account_query_warm,besu,EXTCODESIZE,presets[warm_account_access],,132,132.68141511668648,0.001,0.3812824722670367,0.37652310666909083,0.00014403725951945529,0.001,0.00011095734598335667,0.00017796586486506865,EXTCODESIZE,
test_ext_account_query_warm,erigon,EXTCODESIZE,presets[warm_account_access],,55,7.87416044574285,0.001,0.8648207638675555,0.8622702122424151,2.1378126152651907e-05,0.001,1.9425903043671272e-05,2.3588693602995075e-05,EXTCODESIZE,
test_ext_account_query_warm,ethrex,EXTCODESIZE,presets[warm_account_access],,77,3.8318455102963482,0.001,0.7419879550249472,0.7385477944252798,1.82465511692985e-05,0.001,1.6115091681064813e-05,2.0816478784089356e-05,EXTCODESIZE,
test_ext_account_query_warm,geth,EXTCODESIZE,presets[warm_account_access],,99,48.75787238708735,0.001,0.07770626891711252,0.06819808612244349,1.1220866992391643e-05,0.001,3.393764495852684e-06,2.028585935339038e-05,EXTCODESIZE,
test_ext_account_query_warm,nethermind,EXTCODESIZE,presets[warm_account_access],,77,89.63115728883213,0.001,0.685688403879412,0.6814975825978041,0.00020755269200421934,0.001,0.00017198973653439955,0.00024273360715921667,EXTCODESIZE,
test_ext_account_query_warm,reth,EXTCODESIZE,presets[warm_account_access],,110,5.871182025105154,0.001,0.41107606777727057,0.40562306840483786,1.0630362567529583e-05,0.001,8.944068826814293e-06,1.2440128912968473e-05,EXTCODESIZE,
test_ext_account_query_warm,besu,STATICCALL,presets[warm_account_access],,132,610.4007280740187,0.001,0.682299559271311,0.6798557097272442,0.0003799898598794035,0.001,0.0003317234212236047,0.00042660340560676,STATICCALL,
test_ext_account_query_warm,erigon,STATICCALL,presets[warm_account_access],,55,37.495238059424906,0.001,0.9333854601046134,0.9321285819933798,6.854235543946429e-05,0.001,6.320125652047509e-05,7.310366786400758e-05,STATICCALL,
test_ext_account_query_warm,ethrex,STATICCALL,presets[warm_account_access],,77,44.79677648790657,0.001,0.9507095355304508,0.9500523293375235,9.433911652779042e-05,0.001,8.927898787354552e-05,9.977154679273622e-05,STATICCALL,
test_ext_account_query_warm,geth,STATICCALL,presets[warm_account_access],,99,56.280893859923275,0.001,0.944766317152545,0.9441968977417465,0.00017588522906826268,0.001,0.00016816312771512565,0.00018397757878973602,STATICCALL,
test_ext_account_query_warm,nethermind,STATICCALL,presets[warm_account_access],,77,229.89869927625193,0.001,0.8779506824782848,0.8763233582446619,0.0003535275478142475,0.001,0.0003228386340932525,0.00038406135028671076,STATICCALL,
test_ext_account_query_warm,reth,STATICCALL,presets[warm_account_access],,110,34.277912303169764,0.001,0.8800106913989362,0.8788996792822596,5.06623797358399e-05,0.001,4.7378762115142823e-05,5.416699408027534e-05,STATICCALL,
test_sload_bloated,besu,SLOAD,presets[cold_storage_sload],False,132,263.74531420039057,0.001,0.9878802731079731,0.9877870444395729,0.01622748739685062,0.001,0.015906749496331408,0.016549231484706366,,
test_sload_bloated,erigon,SLOAD,presets[cold_storage_sload],False,55,4.959954687668185,0.081,0.9970399791134924,0.9969841296628036,0.006272308945548649,0.001,0.006190736816372851,0.006348432020716794,,
test_sload_bloated,ethrex,SLOAD,presets[cold_storage_sload],False,77,0.0,1.0,0.9743532513095537,0.9740112946603477,0.0085058742746856,0.001,0.008333424810092494,0.00859605176108134,,
test_sload_bloated,geth,SLOAD,presets[cold_storage_sload],False,99,580.4101252185052,0.001,0.9729058291029047,0.97262650775345,0.02140702777337132,0.001,0.02046168512377386,0.02214865323253266,,
test_sload_bloated,nethermind,SLOAD,presets[cold_storage_sload],False,77,80.09589549784988,0.001,0.9812094761781454,0.9809589358605206,0.008957754139785704,0.001,0.008683211586512987,0.009238863057443076,,
test_sload_bloated,reth,SLOAD,presets[cold_storage_sload],False,110,97.88065013816288,0.001,0.9843319608935072,0.984186886457336,0.003928313786933854,0.001,0.0038291532311342234,0.004025827389021527,,
test_sload_bloated,besu,SLOAD,presets[cold_storage_sload],True,132,267.13209674308143,0.001,0.9907202520290995,0.9906488693524003,0.015870352859126725,0.001,0.0155816830237192,0.016166487270267864,,
test_sload_bloated,erigon,SLOAD,presets[cold_storage_sload],True,55,0.0,1.0,0.9976751189015851,0.997631253220483,0.006092891222563855,0.001,0.006063101208868175,0.006116006831952396,,
test_sload_bloated,ethrex,SLOAD,presets[cold_storage_sload],True,77,0.0,1.0,0.9891421453411321,0.9889973739456805,0.013162490334125318,0.001,0.01306315748811754,0.013263483634233604,,
test_sload_bloated,geth,SLOAD,presets[cold_storage_sload],True,99,583.1246426443192,0.001,0.9742579319956831,0.9739925498513087,0.020721208883479694,0.001,0.019930754449793604,0.021388301958828838,,
test_sload_bloated,nethermind,SLOAD,presets[cold_storage_sload],True,77,48.847775165849676,0.001,0.9840839689937919,0.9838717552470425,0.009017712757801761,0.001,0.008744701000669569,0.009285941953078553,,
test_sload_bloated,reth,SLOAD,presets[cold_storage_sload],True,110,91.62724359989504,0.001,0.9814225847261977,0.9812505716218106,0.0040571283497159915,0.001,0.003963430297433852,0.004160528546958566,,
test_sload_same_key_benchmark,besu,SLOAD,presets[warm_storage_access_sload],,264,126.64758625562496,0.001,0.41857827844181417,0.4163591115656379,6.886698911712161e-05,0.001,5.860220405236703e-05,7.926560984947475e-05,,
test_sload_same_key_benchmark,erigon,SLOAD,presets[warm_storage_access_sload],,110,12.788844632687931,0.001,0.8550420229887723,0.8536998194979276,1.582070514720563e-05,0.001,1.4314577776466228e-05,1.7376095183577092e-05,,
test_sload_same_key_benchmark,ethrex,SLOAD,presets[warm_storage_access_sload],,154,16.043909964926826,0.001,0.8104054056152339,0.8091580727574393,2.4807105535625366e-05,0.001,2.297329936835704e-05,2.664977372737996e-05,,
test_sload_same_key_benchmark,geth,SLOAD,presets[warm_storage_access_sload],,198,20.75095954693666,0.001,0.9364161750322535,0.9360917677620099,4.733497468544482e-05,0.001,4.554444343697438e-05,4.919691438454631e-05,,
test_sload_same_key_benchmark,nethermind,SLOAD,presets[warm_storage_access_sload],,154,128.41548524636104,0.001,0.687638802072452,0.6855837941913496,0.0001317953251099689,0.001,0.00011791018850839282,0.00014587125788664826,,
test_sload_same_key_benchmark,reth,SLOAD,presets[warm_storage_access_sload],,220,9.46511789106692,0.001,0.45202345028281,0.44950979638502475,8.310497979069637e-06,0.001,7.151290265434013e-06,9.509289527495672e-06,,
test_sstore_bloated,besu,SSTORE,presets[cold_storage_sstore_access],False,132,542.6888434264619,0.001,0.7981071849918463,0.7965541633379374,0.01595993698193258,0.001,0.014772085558275829,0.017142583837350272,,
test_sstore_bloated,besu,SSTORE,presets[cold_storage_sstore_write],False,132,85.89765910438935,0.001,0.9055084895137782,0.9047816317408073,0.1380507034619513,0.001,0.13184695526878365,0.14472986353429448,,
test_sstore_bloated,erigon,SSTORE,presets[cold_storage_sstore_access],False,55,1.224916547352116,0.324,0.9970765913284861,0.9970214326743067,0.006260610679590868,0.001,0.006170941665964691,0.006302815286987498,,
test_sstore_bloated,erigon,SSTORE,presets[cold_storage_sstore_write],False,55,144.25426972500532,0.001,0.9960637013567396,0.9959894315710177,0.23160182966796886,0.001,0.22732622651880413,0.23560061861855253,,
test_sstore_bloated,ethrex,SSTORE,presets[cold_storage_sstore_access],False,77,0.0,1.0,0.9705163388031315,0.9701232233205066,0.008411464308447842,0.001,0.00827837323998206,0.008518847438113748,,
test_sstore_bloated,ethrex,SSTORE,presets[cold_storage_sstore_write],False,77,832.8607932727273,0.001,1.1102230246251565e-16,-0.013333333333333197,0.0,1.0,0.0,0.0,,
test_sstore_bloated,geth,SSTORE,presets[cold_storage_sstore_access],False,99,581.8180326443791,0.001,0.9743473904957228,0.9740829306039261,0.021520893878126387,0.001,0.0207706987676768,0.022240637447643576,,
test_sstore_bloated,geth,SSTORE,presets[cold_storage_sstore_write],False,99,179.24141961960916,0.001,0.8910675099429364,0.8899444945815234,0.13474125472410609,0.001,0.1252252863200833,0.1442932169258894,,
test_sstore_bloated,nethermind,SSTORE,presets[cold_storage_sstore_access],False,77,86.39359760696938,0.001,0.9818800001659416,0.9816384001681542,0.008656899355149583,0.001,0.008407746394901362,0.008899089056943824,,
test_sstore_bloated,nethermind,SSTORE,presets[cold_storage_sstore_write],False,77,57.144916674561166,0.001,0.9659442616430588,0.9654901851316329,0.07548223331316228,0.001,0.07204692977160917,0.0786280238231083,,
test_sstore_bloated,reth,SSTORE,presets[cold_storage_sstore_access],False,110,96.2000241666046,0.001,0.9816404268497658,0.9814704308020785,0.00396496414134254,0.001,0.0038475892879021472,0.004086337930288512,,
test_sstore_bloated,reth,SSTORE,presets[cold_storage_sstore_write],False,110,49.49300714468684,0.001,0.8985895105491307,0.8976505245356967,0.04119181829864542,0.001,0.03835849836288599,0.043874268076377454,,
test_sstore_bloated,besu,SSTORE,presets[cold_storage_sstore_access],True,132,255.77002590336582,0.001,0.8537058073180541,0.8525804673743469,0.019851639019871383,0.001,0.01856924406431591,0.02119060953025755,,
test_sstore_bloated,besu,SSTORE,presets[cold_storage_sstore_write],True,132,345.4942848498338,0.001,0.977465190658571,0.9772918459713292,0.0932006352183673,0.001,0.09090853825131077,0.09546613759277638,,
test_sstore_bloated,erigon,SSTORE,presets[cold_storage_sstore_access],True,55,0.0,1.0,0.9963772118786395,0.9963088573857837,0.006053634047221059,0.001,0.006018311945748858,0.006083445023664468,,
test_sstore_bloated,erigon,SSTORE,presets[cold_storage_sstore_write],True,55,547.6081704597416,0.001,0.9903606639614501,0.9901787896965718,0.1418469625484779,0.001,0.13799896900702038,0.14561225869960773,,
test_sstore_bloated,ethrex,SSTORE,presets[cold_storage_sstore_access],True,77,0.0,1.0,0.9806943731758868,0.980436964818232,0.013099856370036021,0.001,0.012946990839393891,0.01324482606448167,,
test_sstore_bloated,ethrex,SSTORE,presets[cold_storage_sstore_write],True,77,704.167052399193,0.001,0.24014536879937354,0.23001397371669852,0.010032683566131087,0.001,0.006807764334739902,0.012617159661632824,,
test_sstore_bloated,geth,SSTORE,presets[cold_storage_sstore_access],True,99,581.3023873521864,0.001,0.9720751569382595,0.9717872719582415,0.020668781357706223,0.001,0.01986560604074292,0.02135905439741775,,
test_sstore_bloated,geth,SSTORE,presets[cold_storage_sstore_write],True,99,495.8116353351437,0.001,0.9917971862830046,0.9917126211931386,0.0924827660885908,0.001,0.0905463550468938,0.09420782771332104,,
test_sstore_bloated,nethermind,SSTORE,presets[cold_storage_sstore_access],True,77,26.533429059928874,0.001,0.9877448012607435,0.9875813986108868,0.009141553558285734,0.001,0.008918224574407161,0.009393066778204588,,
test_sstore_bloated,nethermind,SSTORE,presets[cold_storage_sstore_write],True,77,155.5479275996558,0.001,0.9728188164084653,0.9724564006272449,0.05847590054097456,0.001,0.056247658806107194,0.06040324835716716,,
test_sstore_bloated,reth,SSTORE,presets[cold_storage_sstore_access],True,110,93.99453415908349,0.001,0.9872650467042324,0.9871471304700123,0.004061560502753982,0.001,0.003959303329675956,0.004159017436585702,,
test_sstore_bloated,reth,SSTORE,presets[cold_storage_sstore_write],True,110,122.93549522272187,0.001,0.988424963114414,0.9883177868469548,0.027091115358843225,0.001,0.026629206223098813,0.027591206584445735,,
