gas_param,client_name,runtime_ms,pvalue,conf_int_low,conf_int_high,test_name,target_opcode,model_coef_name,source_label,glue_adjustment,rsquared,rsquared_adj,param_account_mode,param_existing_slots,param_opcode,new_gas_decimal,new_gas_rounded,poor_fit,is_winner,selected_test,selected_opcode,selected_model_coef_name
COLD_STORAGE_ACCESS,besu,0.007826352656500824,0.001,0.007624812962036346,0.0080521419537793,test_sload_bloated,SLOAD,target_coef,presets[cold_storage_sload],0.0,0.9222201211508246,0.9220510344576742,,False,,782.6352656500824,783,False,False,test_sload_bloated,SLOAD,target_coef
COLD_STORAGE_ACCESS,besu,0.014852145569301214,0.001,0.014639744522386927,0.01508077304718157,test_sload_bloated,SLOAD,target_coef,presets[cold_storage_sload],0.0,0.9724962004755419,0.9724364096070104,,True,,1485.2145569301215,1486,False,False,test_sload_bloated,SLOAD,target_coef
COLD_STORAGE_ACCESS,besu,0.0079430498898823,0.001,0.007427085246495444,0.008475078585350548,test_sstore_bloated,SSTORE,target_coef,presets[cold_storage_sstore_access],0.0,0.6630312296555568,0.6622986888504602,,False,,794.30498898823,795,False,False,test_sstore_bloated,SSTORE,target_coef
COLD_STORAGE_ACCESS,besu,0.015170031093122333,0.001,0.014794046202535929,0.01555746000469549,test_sstore_bloated,SSTORE,target_coef,presets[cold_storage_sstore_access],0.0,0.9255633858874817,0.9254015671611501,,True,,1517.0031093122334,1518,False,True,test_sstore_bloated,SSTORE,target_coef
COLD_STORAGE_ACCESS,erigon,0.006546978254733681,0.001,0.006378504993437196,0.00665072184115751,test_sload_bloated,SLOAD,target_coef,presets[cold_storage_sload],0.0,0.9774854962052713,0.9773373744697796,,False,,654.6978254733682,655,False,False,test_sload_bloated,SLOAD,target_coef
COLD_STORAGE_ACCESS,erigon,0.00642694195226403,0.001,0.006360584663772381,0.00647636519716243,test_sload_bloated,SLOAD,target_coef,presets[cold_storage_sload],0.0,0.9803891687992391,0.9802601501729183,,True,,642.6941952264029,643,False,False,test_sload_bloated,SLOAD,target_coef
COLD_STORAGE_ACCESS,erigon,0.006576901280386315,0.001,0.006430979024572015,0.006635776910504498,test_sstore_bloated,SSTORE,target_coef,presets[cold_storage_sstore_access],0.0,0.9734541610901584,0.9732795174131199,,False,,657.6901280386315,658,False,True,test_sstore_bloated,SSTORE,target_coef
COLD_STORAGE_ACCESS,erigon,0.006401235155115895,0.001,0.006307641765157649,0.00645914560609435,test_sstore_bloated,SSTORE,target_coef,presets[cold_storage_sstore_access],0.0,0.972714095374992,0.9725345828445643,,True,,640.1235155115895,641,False,False,test_sstore_bloated,SSTORE,target_coef
COLD_STORAGE_ACCESS,ethrex,0.009810114440556997,0.001,0.009681115169612472,0.009938681002183545,test_sload_bloated,SLOAD,target_coef,presets[cold_storage_sload],0.0,0.8977568141173652,0.8975233821861263,,False,,981.0114440556997,982,False,False,test_sload_bloated,SLOAD,target_coef
COLD_STORAGE_ACCESS,ethrex,0.014011860603019045,0.001,0.013881930161603738,0.01414461063485059,test_sload_bloated,SLOAD,target_coef,presets[cold_storage_sload],0.0,0.9423367042611204,0.942205052900986,,True,,1401.1860603019045,1402,False,False,test_sload_bloated,SLOAD,target_coef
COLD_STORAGE_ACCESS,ethrex,0.010336909535795039,0.001,0.010217926526667661,0.010440930274737479,test_sstore_bloated,SSTORE,target_coef,presets[cold_storage_sstore_access],0.0,0.92608214918282,0.9259133869663424,,False,,1033.690953579504,1034,False,False,test_sstore_bloated,SSTORE,target_coef
COLD_STORAGE_ACCESS,ethrex,0.014629771513045632,0.001,0.01453258166619179,0.014724670608475845,test_sstore_bloated,SSTORE,target_coef,presets[cold_storage_sstore_access],0.0,0.966802895956345,0.9667271034813596,,True,,1462.9771513045632,1463,False,True,test_sstore_bloated,SSTORE,target_coef
COLD_STORAGE_ACCESS,geth,0.0242963538993327,0.001,0.023849672027170574,0.024737915717636314,test_sload_bloated,SLOAD,target_coef,presets[cold_storage_sload],0.0,0.9678648061803304,0.9677914381579111,,False,,2429.63538993327,2430,False,True,test_sload_bloated,SLOAD,target_coef
COLD_STORAGE_ACCESS,geth,0.02376670066945143,0.001,0.023335241352411454,0.024227500703714773,test_sload_bloated,SLOAD,target_coef,presets[cold_storage_sload],0.0,0.962847458201459,0.9627626350466678,,True,,2376.670066945143,2377,False,False,test_sload_bloated,SLOAD,target_coef
COLD_STORAGE_ACCESS,geth,0.023968723900112156,0.001,0.023525020128047563,0.024340695032150226,test_sstore_bloated,SSTORE,target_coef,presets[cold_storage_sstore_access],0.0,0.9708749059330877,0.9708084102845331,,False,,2396.8723900112154,2397,False,False,test_sstore_bloated,SSTORE,target_coef
COLD_STORAGE_ACCESS,geth,0.02342786384172026,0.001,0.02299153271267394,0.023876053297560748,test_sstore_bloated,SSTORE,target_coef,presets[cold_storage_sstore_access],0.0,0.9658319491174567,0.9657539398688665,,True,,2342.786384172026,2343,False,False,test_sstore_bloated,SSTORE,target_coef
COLD_STORAGE_ACCESS,nethermind,0.003354706750944031,0.001,0.0032173615010923054,0.003492887788736207,test_sload_bloated,SLOAD,target_coef,presets[cold_storage_sload],0.0,0.8738323093990072,0.8734828144111929,,False,,335.4706750944031,336,False,False,test_sload_bloated,SLOAD,target_coef
COLD_STORAGE_ACCESS,nethermind,0.008892790174325418,0.001,0.008728766545126544,0.00904736344732527,test_sload_bloated,SLOAD,target_coef,presets[cold_storage_sload],0.0,0.9729948052679964,0.9729199986343897,,True,,889.2790174325418,890,False,False,test_sload_bloated,SLOAD,target_coef
COLD_STORAGE_ACCESS,nethermind,0.0032962300378433593,0.001,0.003183491617621747,0.0034085057671856835,test_sstore_bloated,SSTORE,target_coef,presets[cold_storage_sstore_access],0.0,0.9083622114168497,0.9081083671271457,,False,,329.62300378433594,330,False,False,test_sstore_bloated,SSTORE,target_coef
COLD_STORAGE_ACCESS,nethermind,0.008982775498618914,0.001,0.00883634745769761,0.009137246713885685,test_sstore_bloated,SSTORE,target_coef,presets[cold_storage_sstore_access],0.0,0.9749072714030227,0.9748377624595408,,True,,898.2775498618913,899,False,True,test_sstore_bloated,SSTORE,target_coef
COLD_STORAGE_ACCESS,reth,0.001248599860957284,0.001,0.001220716288074739,0.0012735288383472468,test_sload_bloated,SLOAD,target_coef,presets[cold_storage_sload],0.0,0.9484237185528398,0.9483276733359922,,False,,124.8599860957284,125,False,False,test_sload_bloated,SLOAD,target_coef
COLD_STORAGE_ACCESS,reth,0.001432659734731261,0.001,0.0014059586321409708,0.0014582730709611158,test_sload_bloated,SLOAD,target_coef,presets[cold_storage_sload],0.0,0.9520802375197946,0.9519910014630345,,True,,143.2659734731261,144,False,False,test_sload_bloated,SLOAD,target_coef
COLD_STORAGE_ACCESS,reth,0.0012769396800286197,0.001,0.0012525503703042548,0.001301447013496915,test_sstore_bloated,SSTORE,target_coef,presets[cold_storage_sstore_access],0.0,0.9516471095995988,0.9515570669731548,,False,,127.69396800286198,128,False,False,test_sstore_bloated,SSTORE,target_coef
COLD_STORAGE_ACCESS,reth,0.0014614560793403332,0.001,0.0014348356318734648,0.0014896121743573016,test_sstore_bloated,SSTORE,target_coef,presets[cold_storage_sstore_access],0.0,0.9543803723866654,0.9542954196350577,,True,,146.14560793403334,147,False,True,test_sstore_bloated,SSTORE,target_coef
COLD_STORAGE_WRITE,besu,0.13563840284870854,0.001,0.1281196106199937,0.14314210658395632,test_sstore_bloated,SSTORE,target_coef,presets[cold_storage_sstore_write],0.0,0.7558106802065127,0.7552798338591356,,False,,13563.840284870854,13564,False,True,test_sstore_bloated,SSTORE,target_coef
COLD_STORAGE_WRITE,besu,0.05847253996259126,0.001,0.05741316708840841,0.05954328177057953,test_sstore_bloated,SSTORE,target_coef,presets[cold_storage_sstore_write],0.0,0.9574661991852201,0.9573737344008402,,True,,5847.253996259126,5848,False,False,test_sstore_bloated,SSTORE,target_coef
COLD_STORAGE_WRITE,erigon,0.2138235670443855,0.001,0.1485590004800771,0.26726548970507985,test_sstore_bloated,SSTORE,target_coef,presets[cold_storage_sstore_write],0.0,0.3676137155266922,0.363453279444631,,False,,21382.35670443855,21383,True,False,test_sstore_bloated,SSTORE,target_coef
COLD_STORAGE_WRITE,erigon,0.13302696270131134,0.001,0.12783519343387892,0.1382297939050565,test_sstore_bloated,SSTORE,target_coef,presets[cold_storage_sstore_write],0.0,0.9465343340223501,0.9461825862198656,,True,,13302.696270131133,13303,False,True,test_sstore_bloated,SSTORE,target_coef
COLD_STORAGE_WRITE,ethrex,0.019032525460261313,0.001,0.017110582542769984,0.020838203874876924,test_sstore_bloated,SSTORE,target_coef,presets[cold_storage_sstore_write],0.0,0.42313469770870094,0.4218176536395427,,False,,1903.2525460261313,1904,True,False,test_sstore_bloated,SSTORE,target_coef
COLD_STORAGE_WRITE,ethrex,0.025166175911738083,0.001,0.025023978210326668,0.02530494137121243,test_sstore_bloated,SSTORE,target_coef,presets[cold_storage_sstore_write],0.0,0.9962326694927706,0.9962240682815668,,True,,2516.6175911738087,2517,False,True,test_sstore_bloated,SSTORE,target_coef
COLD_STORAGE_WRITE,geth,0.13503689345068123,0.001,0.13124485367070585,0.13866625638720428,test_sstore_bloated,SSTORE,target_coef,presets[cold_storage_sstore_write],0.0,0.9195533102440817,0.9193696420026298,,False,,13503.689345068124,13504,False,True,test_sstore_bloated,SSTORE,target_coef
COLD_STORAGE_WRITE,geth,0.09338376845470235,0.001,0.09233939915789881,0.0944316007541052,test_sstore_bloated,SSTORE,target_coef,presets[cold_storage_sstore_write],0.0,0.9842973300136121,0.9842614791688943,,True,,9338.376845470235,9339,False,False,test_sstore_bloated,SSTORE,target_coef
COLD_STORAGE_WRITE,nethermind,0.04788283042757441,0.001,0.043975545933621726,0.051783839516207075,test_sstore_bloated,SSTORE,target_coef,presets[cold_storage_sstore_write],0.0,0.6344555320131889,0.6334429434592088,,False,,4788.28304275744,4789,False,True,test_sstore_bloated,SSTORE,target_coef
COLD_STORAGE_WRITE,nethermind,0.03666743797581706,0.001,0.03549073194079774,0.037834846062571814,test_sstore_bloated,SSTORE,target_coef,presets[cold_storage_sstore_write],0.0,0.9124119847152963,0.9121693586341753,,True,,3666.743797581706,3667,False,False,test_sstore_bloated,SSTORE,target_coef
COLD_STORAGE_WRITE,reth,0.03909800708626817,0.001,0.03802150959367502,0.040249630510707145,test_sstore_bloated,SSTORE,target_coef,presets[cold_storage_sstore_write],0.0,0.8795942108714349,0.8793699915248268,,False,,3909.800708626817,3910,False,True,test_sstore_bloated,SSTORE,target_coef
COLD_STORAGE_WRITE,reth,0.02392309109668591,0.001,0.023768267129861926,0.02408073675727774,test_sstore_bloated,SSTORE,target_coef,presets[cold_storage_sstore_write],0.0,0.9947862959850315,0.9947765870390074,,True,,2392.309109668591,2393,False,False,test_sstore_bloated,SSTORE,target_coef
COLD_ACCOUNT_NOCODE_ACCESS,besu,0.012702471344724464,0.001,0.012219044432084037,0.013195592760943241,test_account_access,BALANCE,target_coef,presets[cold_account_nocode_access],0.0,0.8468021715222676,0.8464691327647073,AccountMode.EXISTING_EOA,,BALANCE,1270.2471344724465,1271,False,False,test_account_access,BALANCE,target_coef
COLD_ACCOUNT_NOCODE_ACCESS,besu,0.013165138266811581,0.001,0.01264135642487166,0.013695571218365139,test_account_access,BALANCE,target_coef,presets[cold_account_nocode_access],0.0,0.8307447886187582,0.8303768425070599,AccountMode.NON_EXISTING_ACCOUNT,,BALANCE,1316.513826681158,1317,False,False,test_account_access,BALANCE,target_coef
COLD_ACCOUNT_NOCODE_ACCESS,besu,0.01523114740365935,0.001,0.014688287374066925,0.01583846872210835,test_account_access,CALL,target_coef,presets[cold_account_nocode_access],0.0,0.850752662895108,0.8504282121622713,AccountMode.EXISTING_EOA,,CALL,1523.114740365935,1524,False,False,test_account_access,CALL,target_coef
COLD_ACCOUNT_NOCODE_ACCESS,besu,0.01592636991804079,0.001,0.015193106023402295,0.016608661658659422,test_account_access,CALL,target_coef,presets[cold_account_nocode_access],0.0,0.8200525901041748,0.8196614000826621,AccountMode.NON_EXISTING_ACCOUNT,,CALL,1592.636991804079,1593,False,True,test_account_access,CALL,target_coef
COLD_ACCOUNT_NOCODE_ACCESS,besu,0.014462949626361434,0.001,0.013836816514709672,0.015015330000033314,test_account_access,CALLCODE,target_coef,presets[cold_account_nocode_access],0.0,0.852279250461448,0.8519581183972338,AccountMode.EXISTING_EOA,,CALLCODE,1446.2949626361435,1447,False,False,test_account_access,CALLCODE,target_coef
COLD_ACCOUNT_NOCODE_ACCESS,besu,0.014665165164138246,0.001,0.01403934119794967,0.01528737407207571,test_account_access,CALLCODE,target_coef,presets[cold_account_nocode_access],0.0,0.8240538362379692,0.823671344577617,AccountMode.NON_EXISTING_ACCOUNT,,CALLCODE,1466.5165164138245,1467,False,False,test_account_access,CALLCODE,target_coef
COLD_ACCOUNT_NOCODE_ACCESS,besu,0.014327691579859213,0.001,0.013775507335578044,0.014885161226937362,test_account_access,DELEGATECALL,target_coef,presets[cold_account_nocode_access],0.0,0.8498227582480463,0.8494962859833681,AccountMode.EXISTING_EOA,,DELEGATECALL,1432.7691579859213,1433,False,False,test_account_access,DELEGATECALL,target_coef
COLD_ACCOUNT_NOCODE_ACCESS,besu,0.014775244494819378,0.001,0.014178636978701437,0.015358262414542556,test_account_access,DELEGATECALL,target_coef,presets[cold_account_nocode_access],0.0,0.829464789590696,0.8290940608724149,AccountMode.NON_EXISTING_ACCOUNT,,DELEGATECALL,1477.5244494819378,1478,False,False,test_account_access,DELEGATECALL,target_coef
COLD_ACCOUNT_NOCODE_ACCESS,besu,0.0005456896178872006,0.001,0.00046290706646884527,0.0006343744775330279,test_account_access,EXTCODECOPY,target_coef,presets[cold_account_nocode_access],0.0,0.25863300028650005,0.2570213328958185,AccountMode.NON_EXISTING_ACCOUNT,,EXTCODECOPY,54.56896178872007,55,True,False,test_account_access,EXTCODECOPY,target_coef
COLD_ACCOUNT_NOCODE_ACCESS,besu,0.013071770588360775,0.001,0.012506525745202701,0.013583388477243328,test_account_access,EXTCODEHASH,target_coef,presets[cold_account_nocode_access],0.0,0.8323022997259557,0.8319377395079687,AccountMode.NON_EXISTING_ACCOUNT,,EXTCODEHASH,1307.1770588360775,1308,False,False,test_account_access,EXTCODEHASH,target_coef
COLD_ACCOUNT_NOCODE_ACCESS,besu,0.012996580883558007,0.001,0.012466601949711576,0.013557542639571936,test_account_access,EXTCODESIZE,target_coef,presets[cold_account_nocode_access],0.0,0.8283627997926333,0.8279896754443564,AccountMode.NON_EXISTING_ACCOUNT,,EXTCODESIZE,1299.6580883558006,1300,False,False,test_account_access,EXTCODESIZE,target_coef
COLD_ACCOUNT_NOCODE_ACCESS,besu,0.015128386745417756,0.001,0.014580448125818352,0.015700809800954958,test_account_access,STATICCALL,target_coef,presets[cold_account_nocode_access],0.0,0.8538217399058348,0.8535039610795432,AccountMode.EXISTING_EOA,,STATICCALL,1512.8386745417756,1513,False,False,test_account_access,STATICCALL,target_coef
COLD_ACCOUNT_NOCODE_ACCESS,besu,0.01581093716464261,0.001,0.015167681764491743,0.016403506774748132,test_account_access,STATICCALL,target_coef,presets[cold_account_nocode_access],0.0,0.825625746224128,0.8252466717593978,AccountMode.NON_EXISTING_ACCOUNT,,STATICCALL,1581.0937164642608,1582,False,False,test_account_access,STATICCALL,target_coef
COLD_ACCOUNT_NOCODE_ACCESS,erigon,0.00964903302690139,0.001,0.009382006700519788,0.00986571714919104,test_account_access,BALANCE,target_coef,presets[cold_account_nocode_access],0.0,0.9728974362072319,0.97271912986649,AccountMode.EXISTING_EOA,,BALANCE,964.9033026901391,965,False,False,test_account_access,BALANCE,target_coef
COLD_ACCOUNT_NOCODE_ACCESS,erigon,0.008739586223128624,0.001,0.008544236787668847,0.008808539754745999,test_account_access,BALANCE,target_coef,presets[cold_account_nocode_access],0.0,0.981211575868916,0.9810879678154221,AccountMode.NON_EXISTING_ACCOUNT,,BALANCE,873.9586223128624,874,False,False,test_account_access,BALANCE,target_coef
COLD_ACCOUNT_NOCODE_ACCESS,erigon,0.011053908365983673,0.001,0.01078077254970745,0.01131912979790398,test_account_access,CALL,target_coef,presets[cold_account_nocode_access],0.0,0.9757359334587252,0.9755763014420064,AccountMode.EXISTING_EOA,,CALL,1105.3908365983675,1106,False,False,test_account_access,CALL,target_coef
COLD_ACCOUNT_NOCODE_ACCESS,erigon,0.010100649059366255,0.001,0.009888591654416004,0.010177052056486911,test_account_access,CALL,target_coef,presets[cold_account_nocode_access],0.0,0.9786282437716538,0.9784876401122568,AccountMode.NON_EXISTING_ACCOUNT,,CALL,1010.0649059366255,1011,False,False,test_account_access,CALL,target_coef
COLD_ACCOUNT_NOCODE_ACCESS,erigon,0.009997046727100133,0.001,0.009755514938595946,0.010234121333174707,test_account_access,CALLCODE,target_coef,presets[cold_account_nocode_access],0.0,0.9760650392520589,0.975907572405033,AccountMode.EXISTING_EOA,,CALLCODE,999.7046727100133,1000,False,False,test_account_access,CALLCODE,target_coef
COLD_ACCOUNT_NOCODE_ACCESS,erigon,0.009169956890011377,0.001,0.008939624024866857,0.009378111537068964,test_account_access,CALLCODE,target_coef,presets[cold_account_nocode_access],0.0,0.9766717300037171,0.9765182545432153,AccountMode.NON_EXISTING_ACCOUNT,,CALLCODE,916.9956890011377,917,False,False,test_account_access,CALLCODE,target_coef
COLD_ACCOUNT_NOCODE_ACCESS,erigon,0.009991116395691895,0.001,0.00975312765154175,0.010257867279521493,test_account_access,DELEGATECALL,target_coef,presets[cold_account_nocode_access],0.0,0.9760790061518814,0.9759216311923543,AccountMode.EXISTING_EOA,,DELEGATECALL,999.1116395691895,1000,False,False,test_account_access,DELEGATECALL,target_coef
COLD_ACCOUNT_NOCODE_ACCESS,erigon,0.009406679942536854,0.001,0.00914042477423898,0.009499552838901184,test_account_access,DELEGATECALL,target_coef,presets[cold_account_nocode_access],0.0,0.9771838753452443,0.9770337692619894,AccountMode.NON_EXISTING_ACCOUNT,,DELEGATECALL,940.6679942536854,941,False,False,test_account_access,DELEGATECALL,target_coef
COLD_ACCOUNT_NOCODE_ACCESS,erigon,8.487802285729651e-05,0.001,8.014250446288662e-05,8.95064142596113e-05,test_account_access,EXTCODECOPY,target_coef,presets[cold_account_nocode_access],0.0,0.9026825532286956,0.9020423068683581,AccountMode.NON_EXISTING_ACCOUNT,,EXTCODECOPY,8.487802285729652,9,False,False,test_account_access,EXTCODECOPY,target_coef
COLD_ACCOUNT_NOCODE_ACCESS,erigon,0.008417833215911516,0.001,0.00827942369019885,0.008487379531815019,test_account_access,EXTCODEHASH,target_coef,presets[cold_account_nocode_access],0.0,0.9752128205119567,0.9750497469626932,AccountMode.NON_EXISTING_ACCOUNT,,EXTCODEHASH,841.7833215911515,842,False,False,test_account_access,EXTCODEHASH,target_coef
COLD_ACCOUNT_NOCODE_ACCESS,erigon,0.00863066679826128,0.001,0.008500355642681515,0.008710989402504168,test_account_access,EXTCODESIZE,target_coef,presets[cold_account_nocode_access],0.0,0.9705263807081094,0.9703324753180311,AccountMode.NON_EXISTING_ACCOUNT,,EXTCODESIZE,863.066679826128,864,False,False,test_account_access,EXTCODESIZE,target_coef
COLD_ACCOUNT_NOCODE_ACCESS,erigon,0.010384803777764013,0.001,0.010016929298507733,0.010629572781996048,test_account_access,STATICCALL,target_coef,presets[cold_account_nocode_access],0.0,0.9607953342394664,0.9605374088068312,AccountMode.EXISTING_EOA,,STATICCALL,1038.4803777764012,1039,False,False,test_account_access,STATICCALL,target_coef
COLD_ACCOUNT_NOCODE_ACCESS,erigon,0.011505156785724266,0.001,0.011124577996631699,0.011653925937373423,test_account_access,STATICCALL,target_coef,presets[cold_account_nocode_access],0.0,0.9682837172650114,0.968075057510176,AccountMode.NON_EXISTING_ACCOUNT,,STATICCALL,1150.5156785724266,1151,False,True,test_account_access,STATICCALL,target_coef
COLD_ACCOUNT_NOCODE_ACCESS,ethrex,0.00717917849416456,0.001,0.007118487910601413,0.007235677793896501,test_account_access,BALANCE,target_coef,presets[cold_account_nocode_access],0.0,0.9931052762523943,0.9930895348739751,AccountMode.EXISTING_EOA,,BALANCE,717.917849416456,718,False,False,test_account_access,BALANCE,target_coef
COLD_ACCOUNT_NOCODE_ACCESS,ethrex,0.0020027403348864574,0.001,0.0019663687562788204,0.0020368882114281833,test_account_access,BALANCE,target_coef,presets[cold_account_nocode_access],0.0,0.9631769595301986,0.9630928886615461,AccountMode.NON_EXISTING_ACCOUNT,,BALANCE,200.27403348864576,201,False,False,test_account_access,BALANCE,target_coef
COLD_ACCOUNT_NOCODE_ACCESS,ethrex,0.007264143266836143,0.001,0.00720318714820749,0.007324426172466466,test_account_access,CALL,target_coef,presets[cold_account_nocode_access],0.0,0.9937931115975143,0.9937789406194264,AccountMode.EXISTING_EOA,,CALL,726.4143266836143,727,False,False,test_account_access,CALL,target_coef
COLD_ACCOUNT_NOCODE_ACCESS,ethrex,0.002048479459409941,0.001,0.002014168703109966,0.0020846854834049946,test_account_access,CALL,target_coef,presets[cold_account_nocode_access],0.0,0.9673930248292554,0.9673185796804638,AccountMode.NON_EXISTING_ACCOUNT,,CALL,204.84794594099407,205,False,False,test_account_access,CALL,target_coef
COLD_ACCOUNT_NOCODE_ACCESS,ethrex,0.007276804328541306,0.001,0.007222461611842623,0.007330144611360032,test_account_access,CALLCODE,target_coef,presets[cold_account_nocode_access],0.0,0.9936306437553757,0.9936161018461414,AccountMode.EXISTING_EOA,,CALLCODE,727.6804328541305,728,False,True,test_account_access,CALLCODE,target_coef
COLD_ACCOUNT_NOCODE_ACCESS,ethrex,0.0020497725269370336,0.001,0.002015845632787376,0.0020869138559388534,test_account_access,CALLCODE,target_coef,presets[cold_account_nocode_access],0.0,0.9644341188993135,0.9643529182575311,AccountMode.NON_EXISTING_ACCOUNT,,CALLCODE,204.97725269370338,205,False,False,test_account_access,CALLCODE,target_coef
COLD_ACCOUNT_NOCODE_ACCESS,ethrex,0.007269938489641233,0.001,0.007217421748481598,0.007323950278826964,test_account_access,DELEGATECALL,target_coef,presets[cold_account_nocode_access],0.0,0.9937670003105166,0.9937527697176182,AccountMode.EXISTING_EOA,,DELEGATECALL,726.9938489641233,727,False,False,test_account_access,DELEGATECALL,target_coef
COLD_ACCOUNT_NOCODE_ACCESS,ethrex,0.0020295952553380024,0.001,0.0019951540613321744,0.002064569661371956,test_account_access,DELEGATECALL,target_coef,presets[cold_account_nocode_access],0.0,0.9624221690148376,0.9623363748801682,AccountMode.NON_EXISTING_ACCOUNT,,DELEGATECALL,202.95952553380025,203,False,False,test_account_access,DELEGATECALL,target_coef
COLD_ACCOUNT_NOCODE_ACCESS,ethrex,3.418684781306962e-05,0.001,2.9981333635155713e-05,3.840765638789759e-05,test_account_access,EXTCODECOPY,target_coef,presets[cold_account_nocode_access],0.0,0.36382485058649194,0.3623723959074656,AccountMode.NON_EXISTING_ACCOUNT,,EXTCODECOPY,3.418684781306962,4,True,False,test_account_access,EXTCODECOPY,target_coef
COLD_ACCOUNT_NOCODE_ACCESS,ethrex,0.0019986871682812594,0.001,0.0019641645169240665,0.0020356866027724744,test_account_access,EXTCODEHASH,target_coef,presets[cold_account_nocode_access],0.0,0.9682801546403816,0.9682077349021176,AccountMode.NON_EXISTING_ACCOUNT,,EXTCODEHASH,199.86871682812594,200,False,False,test_account_access,EXTCODEHASH,target_coef
COLD_ACCOUNT_NOCODE_ACCESS,ethrex,0.0019642087433908773,0.001,0.0019314859501740845,0.0019980539698180835,test_account_access,EXTCODESIZE,target_coef,presets[cold_account_nocode_access],0.0,0.9665890178354319,0.9665127370542343,AccountMode.NON_EXISTING_ACCOUNT,,EXTCODESIZE,196.42087433908773,197,False,False,test_account_access,EXTCODESIZE,target_coef
COLD_ACCOUNT_NOCODE_ACCESS,ethrex,0.0072562395152461516,0.001,0.007198854531821599,0.007314988333416666,test_account_access,STATICCALL,target_coef,presets[cold_account_nocode_access],0.0,0.9937609211733642,0.9937466767011573,AccountMode.EXISTING_EOA,,STATICCALL,725.6239515246152,726,False,False,test_account_access,STATICCALL,target_coef
COLD_ACCOUNT_NOCODE_ACCESS,ethrex,0.002025253713149144,0.001,0.001990056316674506,0.0020626282139033477,test_account_access,STATICCALL,target_coef,presets[cold_account_nocode_access],0.0,0.9636474597458978,0.9635644630786511,AccountMode.NON_EXISTING_ACCOUNT,,STATICCALL,202.52537131491442,203,False,False,test_account_access,STATICCALL,target_coef
COLD_ACCOUNT_NOCODE_ACCESS,geth,0.010679504767690811,0.001,0.010296115365442546,0.011012577877144287,test_account_access,BALANCE,target_coef,presets[cold_account_nocode_access],0.0,0.9083943193166403,0.9081851739269522,AccountMode.EXISTING_EOA,,BALANCE,1067.950476769081,1068,False,False,test_account_access,BALANCE,target_coef
COLD_ACCOUNT_NOCODE_ACCESS,geth,0.021594019814295186,0.001,0.020727685488136947,0.022486751034926266,test_account_access,BALANCE,target_coef,presets[cold_account_nocode_access],0.0,0.8571784467466954,0.8568523701410943,AccountMode.NON_EXISTING_ACCOUNT,,BALANCE,2159.401981429519,2160,False,False,test_account_access,BALANCE,target_coef
COLD_ACCOUNT_NOCODE_ACCESS,geth,0.010869460540073326,0.001,0.010524197803484915,0.011242463711027748,test_account_access,CALL,target_coef,presets[cold_account_nocode_access],0.0,0.9083000305899074,0.9080906699291538,AccountMode.EXISTING_EOA,,CALL,1086.9460540073326,1087,False,False,test_account_access,CALL,target_coef
COLD_ACCOUNT_NOCODE_ACCESS,geth,0.021938979423111474,0.001,0.020959820494728616,0.022827524976221862,test_account_access,CALL,target_coef,presets[cold_account_nocode_access],0.0,0.8605065750543767,0.8601880969152313,AccountMode.NON_EXISTING_ACCOUNT,,CALL,2193.8979423111473,2194,False,False,test_account_access,CALL,target_coef
COLD_ACCOUNT_NOCODE_ACCESS,geth,0.011055095915878058,0.001,0.010695719998398636,0.011428416021016932,test_account_access,CALLCODE,target_coef,presets[cold_account_nocode_access],0.0,0.9101452597457422,0.9099401119369426,AccountMode.EXISTING_EOA,,CALLCODE,1105.509591587806,1106,False,False,test_account_access,CALLCODE,target_coef
COLD_ACCOUNT_NOCODE_ACCESS,geth,0.022625290229122765,0.001,0.02182499738373334,0.023588111066288088,test_account_access,CALLCODE,target_coef,presets[cold_account_nocode_access],0.0,0.8641170548008463,0.863806819766145,AccountMode.NON_EXISTING_ACCOUNT,,CALLCODE,2262.5290229122766,2263,False,False,test_account_access,CALLCODE,target_coef
COLD_ACCOUNT_NOCODE_ACCESS,geth,0.011041897718951092,0.001,0.010668459748109548,0.011401306535489755,test_account_access,DELEGATECALL,target_coef,presets[cold_account_nocode_access],0.0,0.9115069657655772,0.911304926874631,AccountMode.EXISTING_EOA,,DELEGATECALL,1104.1897718951093,1105,False,False,test_account_access,DELEGATECALL,target_coef
COLD_ACCOUNT_NOCODE_ACCESS,geth,0.02235715452607017,0.001,0.021506323389668607,0.02326693756751922,test_account_access,DELEGATECALL,target_coef,presets[cold_account_nocode_access],0.0,0.8655324287019379,0.8652254251144994,AccountMode.NON_EXISTING_ACCOUNT,,DELEGATECALL,2235.715452607017,2236,False,False,test_account_access,DELEGATECALL,target_coef
COLD_ACCOUNT_NOCODE_ACCESS,geth,0.0003415146857119269,0.001,0.00033243882108771844,0.00035076658939101984,test_account_access,EXTCODECOPY,target_coef,presets[cold_account_nocode_access],0.0,0.9305442358039131,0.9303856609998125,AccountMode.NON_EXISTING_ACCOUNT,,EXTCODECOPY,34.151468571192694,35,False,False,test_account_access,EXTCODECOPY,target_coef
COLD_ACCOUNT_NOCODE_ACCESS,geth,0.021554144324554946,0.001,0.020681858200743686,0.022432597944577123,test_account_access,EXTCODEHASH,target_coef,presets[cold_account_nocode_access],0.0,0.8595459114645664,0.8592252400295539,AccountMode.NON_EXISTING_ACCOUNT,,EXTCODEHASH,2155.4144324554945,2156,False,False,test_account_access,EXTCODEHASH,target_coef
COLD_ACCOUNT_NOCODE_ACCESS,geth,0.021632925404243636,0.001,0.020775770580107066,0.022508985825140295,test_account_access,EXTCODESIZE,target_coef,presets[cold_account_nocode_access],0.0,0.8607198394696526,0.8604018482355651,AccountMode.NON_EXISTING_ACCOUNT,,EXTCODESIZE,2163.292540424364,2164,False,False,test_account_access,EXTCODESIZE,target_coef
COLD_ACCOUNT_NOCODE_ACCESS,geth,0.011048479277041258,0.001,0.01069431620314894,0.011369521684582055,test_account_access,STATICCALL,target_coef,presets[cold_account_nocode_access],0.0,0.9108466898075334,0.910643143437231,AccountMode.EXISTING_EOA,,STATICCALL,1104.8479277041258,1105,False,False,test_account_access,STATICCALL,target_coef
COLD_ACCOUNT_NOCODE_ACCESS,geth,0.022639103297841186,0.001,0.02179456167922128,0.0234991804254179,test_account_access,STATICCALL,target_coef,presets[cold_account_nocode_access],0.0,0.8652330721950614,0.8649253851452785,AccountMode.NON_EXISTING_ACCOUNT,,STATICCALL,2263.9103297841184,2264,False,True,test_account_access,STATICCALL,target_coef
COLD_ACCOUNT_NOCODE_ACCESS,nethermind,0.0039850542813767665,0.001,0.0037967960011423903,0.00418372163736985,test_account_access,BALANCE,target_coef,presets[cold_account_nocode_access],0.0,0.8264214448672202,0.8259406178446917,AccountMode.EXISTING_EOA,,BALANCE,398.5054281376767,399,False,False,test_account_access,BALANCE,target_coef
COLD_ACCOUNT_NOCODE_ACCESS,nethermind,0.0035378780934144,0.001,0.003369771751501679,0.0036972646300961567,test_account_access,BALANCE,target_coef,presets[cold_account_nocode_access],0.0,0.826070010372487,0.8255882098472029,AccountMode.NON_EXISTING_ACCOUNT,,BALANCE,353.78780934144,354,False,False,test_account_access,BALANCE,target_coef
COLD_ACCOUNT_NOCODE_ACCESS,nethermind,0.00414564856030314,0.001,0.003957718812013175,0.004322805018298708,test_account_access,CALL,target_coef,presets[cold_account_nocode_access],0.0,0.8155702597501783,0.815059374043115,AccountMode.EXISTING_EOA,,CALL,414.564856030314,415,False,False,test_account_access,CALL,target_coef
COLD_ACCOUNT_NOCODE_ACCESS,nethermind,0.004060564217543853,0.001,0.0038635318474958963,0.004259891748721187,test_account_access,CALL,target_coef,presets[cold_account_nocode_access],0.0,0.842782297744194,0.8423467916437624,AccountMode.NON_EXISTING_ACCOUNT,,CALL,406.05642175438527,407,False,False,test_account_access,CALL,target_coef
COLD_ACCOUNT_NOCODE_ACCESS,nethermind,0.003884856536442998,0.001,0.0036997261153530322,0.004085577578913542,test_account_access,CALLCODE,target_coef,presets[cold_account_nocode_access],0.0,0.8139250212786318,0.8134095781242789,AccountMode.EXISTING_EOA,,CALLCODE,388.48565364429976,389,False,False,test_account_access,CALLCODE,target_coef
COLD_ACCOUNT_NOCODE_ACCESS,nethermind,0.0038419447791629845,0.001,0.0036882462066249594,0.0040190940644980345,test_account_access,CALLCODE,target_coef,presets[cold_account_nocode_access],0.0,0.8621522080933305,0.8617703582542539,AccountMode.NON_EXISTING_ACCOUNT,,CALLCODE,384.1944779162984,385,False,False,test_account_access,CALLCODE,target_coef
COLD_ACCOUNT_NOCODE_ACCESS,nethermind,0.0043217433988615465,0.001,0.0041105140995861145,0.004532835705635546,test_account_access,DELEGATECALL,target_coef,presets[cold_account_nocode_access],0.0,0.8130304058873916,0.8125124845740603,AccountMode.EXISTING_EOA,,DELEGATECALL,432.17433988615466,433,False,True,test_account_access,DELEGATECALL,target_coef
COLD_ACCOUNT_NOCODE_ACCESS,nethermind,0.004078008742888158,0.001,0.003891696733982264,0.004252514741153167,test_account_access,DELEGATECALL,target_coef,presets[cold_account_nocode_access],0.0,0.8527411672977138,0.8523332480935523,AccountMode.NON_EXISTING_ACCOUNT,,DELEGATECALL,407.8008742888158,408,False,False,test_account_access,DELEGATECALL,target_coef
COLD_ACCOUNT_NOCODE_ACCESS,nethermind,0.00033999169877684974,0.001,0.00031421245277960544,0.0003656642762501905,test_account_access,EXTCODECOPY,target_coef,presets[cold_account_nocode_access],0.0,0.6642792079897479,0.6633492334966448,AccountMode.NON_EXISTING_ACCOUNT,,EXTCODECOPY,33.99916987768497,34,False,False,test_account_access,EXTCODECOPY,target_coef
COLD_ACCOUNT_NOCODE_ACCESS,nethermind,0.003773600492053252,0.001,0.00359739356430999,0.003938469786457071,test_account_access,EXTCODEHASH,target_coef,presets[cold_account_nocode_access],0.0,0.8327916030631773,0.8323284219082276,AccountMode.NON_EXISTING_ACCOUNT,,EXTCODEHASH,377.3600492053252,378,False,False,test_account_access,EXTCODEHASH,target_coef
COLD_ACCOUNT_NOCODE_ACCESS,nethermind,0.00388604275974064,0.001,0.0036946558002311993,0.004086406190491778,test_account_access,EXTCODESIZE,target_coef,presets[cold_account_nocode_access],0.0,0.8296903111894939,0.8292185391983291,AccountMode.NON_EXISTING_ACCOUNT,,EXTCODESIZE,388.604275974064,389,False,False,test_account_access,EXTCODESIZE,target_coef
COLD_ACCOUNT_NOCODE_ACCESS,nethermind,0.0042073871570010735,0.001,0.00402759028167684,0.0044034679358052695,test_account_access,STATICCALL,target_coef,presets[cold_account_nocode_access],0.0,0.8375303454356156,0.8370802909908388,AccountMode.EXISTING_EOA,,STATICCALL,420.7387157001073,421,False,False,test_account_access,STATICCALL,target_coef
COLD_ACCOUNT_NOCODE_ACCESS,nethermind,0.003956116272487616,0.001,0.0037834799094751807,0.004133505880852465,test_account_access,STATICCALL,target_coef,presets[cold_account_nocode_access],0.0,0.8387831975715273,0.8383366136312822,AccountMode.NON_EXISTING_ACCOUNT,,STATICCALL,395.6116272487616,396,False,False,test_account_access,STATICCALL,target_coef
COLD_ACCOUNT_NOCODE_ACCESS,reth,0.0010527765679741318,0.001,0.0010262155547009614,0.0010779946176152464,test_account_access,BALANCE,target_coef,presets[cold_account_nocode_access],0.0,0.9220253818142713,0.9218801776835717,AccountMode.EXISTING_EOA,,BALANCE,105.27765679741317,106,False,False,test_account_access,BALANCE,target_coef
COLD_ACCOUNT_NOCODE_ACCESS,reth,0.0007428419325644459,0.001,0.0007167137407341613,0.0007688029328213992,test_account_access,BALANCE,target_coef,presets[cold_account_nocode_access],0.0,0.8706064615817224,0.8703655052718187,AccountMode.NON_EXISTING_ACCOUNT,,BALANCE,74.2841932564446,75,False,False,test_account_access,BALANCE,target_coef
COLD_ACCOUNT_NOCODE_ACCESS,reth,0.0010864863835239906,0.001,0.0010591237820853463,0.0011124785123463952,test_account_access,CALL,target_coef,presets[cold_account_nocode_access],0.0,0.9184441277420845,0.9182922546093882,AccountMode.EXISTING_EOA,,CALL,108.64863835239905,109,False,False,test_account_access,CALL,target_coef
COLD_ACCOUNT_NOCODE_ACCESS,reth,0.0007621726205045662,0.001,0.0007374331273767514,0.0007863608122607509,test_account_access,CALL,target_coef,presets[cold_account_nocode_access],0.0,0.8804018890883966,0.8801791737980584,AccountMode.NON_EXISTING_ACCOUNT,,CALL,76.21726205045661,77,False,False,test_account_access,CALL,target_coef
COLD_ACCOUNT_NOCODE_ACCESS,reth,0.0010925089294536493,0.001,0.001065954845642501,0.001116848948116046,test_account_access,CALLCODE,target_coef,presets[cold_account_nocode_access],0.0,0.9196494604764379,0.9194998319112171,AccountMode.EXISTING_EOA,,CALLCODE,109.25089294536494,110,False,True,test_account_access,CALLCODE,target_coef
COLD_ACCOUNT_NOCODE_ACCESS,reth,0.0007477422116242623,0.001,0.0007215349710159218,0.000771377382960468,test_account_access,CALLCODE,target_coef,presets[cold_account_nocode_access],0.0,0.8648029116200444,0.8645511479545324,AccountMode.NON_EXISTING_ACCOUNT,,CALLCODE,74.77422116242623,75,False,False,test_account_access,CALLCODE,target_coef
COLD_ACCOUNT_NOCODE_ACCESS,reth,0.0010800670416233247,0.001,0.0010515588798543313,0.0011103093698272195,test_account_access,DELEGATECALL,target_coef,presets[cold_account_nocode_access],0.0,0.9197715093968306,0.9196221081107911,AccountMode.EXISTING_EOA,,DELEGATECALL,108.00670416233247,109,False,False,test_account_access,DELEGATECALL,target_coef
COLD_ACCOUNT_NOCODE_ACCESS,reth,0.0007675942075598865,0.001,0.0007440686965904705,0.0007927801298465808,test_account_access,DELEGATECALL,target_coef,presets[cold_account_nocode_access],0.0,0.8897182849203549,0.8895129185980464,AccountMode.NON_EXISTING_ACCOUNT,,DELEGATECALL,76.75942075598866,77,False,False,test_account_access,DELEGATECALL,target_coef
COLD_ACCOUNT_NOCODE_ACCESS,reth,2.3507008166452534e-05,0.001,2.109618697579509e-05,2.5675839077028494e-05,test_account_access,EXTCODECOPY,target_coef,presets[cold_account_nocode_access],0.0,0.4733922419607335,0.4724115943666194,AccountMode.NON_EXISTING_ACCOUNT,,EXTCODECOPY,2.3507008166452534,3,True,False,test_account_access,EXTCODECOPY,target_coef
COLD_ACCOUNT_NOCODE_ACCESS,reth,0.0007369561687780174,0.001,0.0007144448560595258,0.0007592901635565483,test_account_access,EXTCODEHASH,target_coef,presets[cold_account_nocode_access],0.0,0.881845671124239,0.8816256444410439,AccountMode.NON_EXISTING_ACCOUNT,,EXTCODEHASH,73.69561687780173,74,False,False,test_account_access,EXTCODEHASH,target_coef
COLD_ACCOUNT_NOCODE_ACCESS,reth,0.0007038858554054201,0.001,0.0006793534251124803,0.0007279053632498209,test_account_access,EXTCODESIZE,target_coef,presets[cold_account_nocode_access],0.0,0.8664180814318202,0.8661693255313208,AccountMode.NON_EXISTING_ACCOUNT,,EXTCODESIZE,70.38858554054201,71,False,False,test_account_access,EXTCODESIZE,target_coef
COLD_ACCOUNT_NOCODE_ACCESS,reth,0.001085636959439136,0.001,0.0010602744862730092,0.0011125956875691224,test_account_access,STATICCALL,target_coef,presets[cold_account_nocode_access],0.0,0.9249331086546344,0.9247933192852762,AccountMode.EXISTING_EOA,,STATICCALL,108.56369594391361,109,False,False,test_account_access,STATICCALL,target_coef
COLD_ACCOUNT_NOCODE_ACCESS,reth,0.0007602798821234575,0.001,0.0007341933665126029,0.0007844941423876314,test_account_access,STATICCALL,target_coef,presets[cold_account_nocode_access],0.0,0.8745018127296661,0.8742681103325146,AccountMode.NON_EXISTING_ACCOUNT,,STATICCALL,76.02798821234575,77,False,False,test_account_access,STATICCALL,target_coef
COLD_ACCOUNT_CODE_ACCESS,besu,0.024829278166420735,0.001,0.024139925326015575,0.02553530082975647,test_account_access,BALANCE,target_coef,presets[cold_account_code_access],0.0,0.8900163879040887,0.8897772930951845,AccountMode.EXISTING_CONTRACT,,BALANCE,2482.9278166420736,2483,False,False,test_account_access,BALANCE,target_coef
COLD_ACCOUNT_CODE_ACCESS,besu,0.013165138266811581,0.001,0.01264135642487166,0.013695571218365139,test_account_access,BALANCE,target_coef,presets[cold_account_code_access],0.0,0.8307447886187582,0.8303768425070599,AccountMode.NON_EXISTING_ACCOUNT,,BALANCE,1316.513826681158,1317,False,False,test_account_access,BALANCE,target_coef
COLD_ACCOUNT_CODE_ACCESS,besu,0.026752293051360683,0.001,0.025981088031950417,0.027592128138561902,test_account_access,CALL,target_coef,presets[cold_account_code_access],0.0,0.8936144605835813,0.8933831876718065,AccountMode.EXISTING_CONTRACT,,CALL,2675.2293051360684,2676,False,False,test_account_access,CALL,target_coef
COLD_ACCOUNT_CODE_ACCESS,besu,0.01592636991804079,0.001,0.015193106023402295,0.016608661658659422,test_account_access,CALL,target_coef,presets[cold_account_code_access],0.0,0.8200525901041748,0.8196614000826621,AccountMode.NON_EXISTING_ACCOUNT,,CALL,1592.636991804079,1593,False,False,test_account_access,CALL,target_coef
COLD_ACCOUNT_CODE_ACCESS,besu,0.02662676437277361,0.001,0.02587647802782999,0.027366771719494955,test_account_access,CALLCODE,target_coef,presets[cold_account_code_access],0.0,0.8974531199688365,0.8972301919687687,AccountMode.EXISTING_CONTRACT,,CALLCODE,2662.6764372773614,2663,False,False,test_account_access,CALLCODE,target_coef
COLD_ACCOUNT_CODE_ACCESS,besu,0.014665165164138246,0.001,0.01403934119794967,0.01528737407207571,test_account_access,CALLCODE,target_coef,presets[cold_account_code_access],0.0,0.8240538362379692,0.823671344577617,AccountMode.NON_EXISTING_ACCOUNT,,CALLCODE,1466.5165164138245,1467,False,False,test_account_access,CALLCODE,target_coef
COLD_ACCOUNT_CODE_ACCESS,besu,0.026536288947597013,0.001,0.025781293668962764,0.027306844344405584,test_account_access,DELEGATECALL,target_coef,presets[cold_account_code_access],0.0,0.8923425617304919,0.8921085238212103,AccountMode.EXISTING_CONTRACT,,DELEGATECALL,2653.6288947597013,2654,False,False,test_account_access,DELEGATECALL,target_coef
COLD_ACCOUNT_CODE_ACCESS,besu,0.014775244494819378,0.001,0.014178636978701437,0.015358262414542556,test_account_access,DELEGATECALL,target_coef,presets[cold_account_code_access],0.0,0.829464789590696,0.8290940608724149,AccountMode.NON_EXISTING_ACCOUNT,,DELEGATECALL,1477.5244494819378,1478,False,False,test_account_access,DELEGATECALL,target_coef
COLD_ACCOUNT_CODE_ACCESS,besu,0.0018799972527982977,0.001,0.0016257392901815463,0.0021011679581001467,test_account_access,EXTCODECOPY,target_coef,presets[cold_account_code_access],0.0,0.30987677470482566,0.3083765068237492,AccountMode.EXISTING_CONTRACT,,EXTCODECOPY,187.9997252798298,188,True,False,test_account_access,EXTCODECOPY,target_coef
COLD_ACCOUNT_CODE_ACCESS,besu,0.0005456896178872006,0.001,0.00046290706646884527,0.0006343744775330279,test_account_access,EXTCODECOPY,target_coef,presets[cold_account_code_access],0.0,0.25863300028650005,0.2570213328958185,AccountMode.NON_EXISTING_ACCOUNT,,EXTCODECOPY,54.56896178872007,55,True,False,test_account_access,EXTCODECOPY,target_coef
COLD_ACCOUNT_CODE_ACCESS,besu,0.02470088693889138,0.001,0.023991210558938117,0.025424891750431902,test_account_access,EXTCODEHASH,target_coef,presets[cold_account_code_access],0.0,0.8947186388616766,0.8944897663374628,AccountMode.EXISTING_CONTRACT,,EXTCODEHASH,2470.0886938891376,2471,False,False,test_account_access,EXTCODEHASH,target_coef
COLD_ACCOUNT_CODE_ACCESS,besu,0.013071770588360775,0.001,0.012506525745202701,0.013583388477243328,test_account_access,EXTCODEHASH,target_coef,presets[cold_account_code_access],0.0,0.8323022997259557,0.8319377395079687,AccountMode.NON_EXISTING_ACCOUNT,,EXTCODEHASH,1307.1770588360775,1308,False,False,test_account_access,EXTCODEHASH,target_coef
COLD_ACCOUNT_CODE_ACCESS,besu,0.024997461060068938,0.001,0.02429969679399699,0.02572586991190304,test_account_access,EXTCODESIZE,target_coef,presets[cold_account_code_access],0.0,0.8956097615951422,0.895382826294262,AccountMode.EXISTING_CONTRACT,,EXTCODESIZE,2499.7461060068936,2500,False,False,test_account_access,EXTCODESIZE,target_coef
COLD_ACCOUNT_CODE_ACCESS,besu,0.012996580883558007,0.001,0.012466601949711576,0.013557542639571936,test_account_access,EXTCODESIZE,target_coef,presets[cold_account_code_access],0.0,0.8283627997926333,0.8279896754443564,AccountMode.NON_EXISTING_ACCOUNT,,EXTCODESIZE,1299.6580883558006,1300,False,False,test_account_access,EXTCODESIZE,target_coef
COLD_ACCOUNT_CODE_ACCESS,besu,0.026835194380424747,0.001,0.025965644534771175,0.027657923856842785,test_account_access,STATICCALL,target_coef,presets[cold_account_code_access],0.0,0.8911838762453742,0.8909473194546033,AccountMode.EXISTING_CONTRACT,,STATICCALL,2683.519438042475,2684,False,True,test_account_access,STATICCALL,target_coef
COLD_ACCOUNT_CODE_ACCESS,besu,0.01581093716464261,0.001,0.015167681764491743,0.016403506774748132,test_account_access,STATICCALL,target_coef,presets[cold_account_code_access],0.0,0.825625746224128,0.8252466717593978,AccountMode.NON_EXISTING_ACCOUNT,,STATICCALL,1581.0937164642608,1582,False,False,test_account_access,STATICCALL,target_coef
COLD_ACCOUNT_CODE_ACCESS,erigon,0.024170460567035847,0.001,0.023102510865741596,0.02508971274929652,test_account_access,BALANCE,target_coef,presets[cold_account_code_access],0.0,0.931923283608425,0.93147541047427,AccountMode.EXISTING_CONTRACT,,BALANCE,2417.046056703585,2418,False,False,test_account_access,BALANCE,target_coef
COLD_ACCOUNT_CODE_ACCESS,erigon,0.008739586223128624,0.001,0.008544236787668847,0.008808539754745999,test_account_access,BALANCE,target_coef,presets[cold_account_code_access],0.0,0.981211575868916,0.9810879678154221,AccountMode.NON_EXISTING_ACCOUNT,,BALANCE,873.9586223128624,874,False,False,test_account_access,BALANCE,target_coef
COLD_ACCOUNT_CODE_ACCESS,erigon,0.04591674376180108,0.001,0.039537733788996374,0.05155860536158159,test_account_access,CALL,target_coef,presets[cold_account_code_access],0.0,0.5884910809374013,0.5857837854172527,AccountMode.EXISTING_CONTRACT,,CALL,4591.674376180109,4592,False,True,test_account_access,CALL,target_coef
COLD_ACCOUNT_CODE_ACCESS,erigon,0.010100649059366255,0.001,0.009888591654416004,0.010177052056486911,test_account_access,CALL,target_coef,presets[cold_account_code_access],0.0,0.9786282437716538,0.9784876401122568,AccountMode.NON_EXISTING_ACCOUNT,,CALL,1010.0649059366255,1011,False,False,test_account_access,CALL,target_coef
COLD_ACCOUNT_CODE_ACCESS,erigon,0.04572704074074967,0.001,0.03884209301885398,0.05196488586313469,test_account_access,CALLCODE,target_coef,presets[cold_account_code_access],0.0,0.5722280605581089,0.5694137714828333,AccountMode.EXISTING_CONTRACT,,CALLCODE,4572.704074074968,4573,False,False,test_account_access,CALLCODE,target_coef
COLD_ACCOUNT_CODE_ACCESS,erigon,0.009169956890011377,0.001,0.008939624024866857,0.009378111537068964,test_account_access,CALLCODE,target_coef,presets[cold_account_code_access],0.0,0.9766717300037171,0.9765182545432153,AccountMode.NON_EXISTING_ACCOUNT,,CALLCODE,916.9956890011377,917,False,False,test_account_access,CALLCODE,target_coef
COLD_ACCOUNT_CODE_ACCESS,erigon,0.0450601430756997,0.001,0.03847678413171154,0.05126821006799032,test_account_access,DELEGATECALL,target_coef,presets[cold_account_code_access],0.0,0.5692075817702147,0.5663734211239662,AccountMode.EXISTING_CONTRACT,,DELEGATECALL,4506.014307569971,4507,False,False,test_account_access,DELEGATECALL,target_coef
COLD_ACCOUNT_CODE_ACCESS,erigon,0.009406679942536854,0.001,0.00914042477423898,0.009499552838901184,test_account_access,DELEGATECALL,target_coef,presets[cold_account_code_access],0.0,0.9771838753452443,0.9770337692619894,AccountMode.NON_EXISTING_ACCOUNT,,DELEGATECALL,940.6679942536854,941,False,False,test_account_access,DELEGATECALL,target_coef
COLD_ACCOUNT_CODE_ACCESS,erigon,0.0003301422940039972,0.001,0.00030986451325221094,0.00034954161587112236,test_account_access,EXTCODECOPY,target_coef,presets[cold_account_code_access],0.0,0.8856349850681825,0.8848825836541574,AccountMode.EXISTING_CONTRACT,,EXTCODECOPY,33.01422940039972,34,False,False,test_account_access,EXTCODECOPY,target_coef
COLD_ACCOUNT_CODE_ACCESS,erigon,8.487802285729651e-05,0.001,8.014250446288662e-05,8.95064142596113e-05,test_account_access,EXTCODECOPY,target_coef,presets[cold_account_code_access],0.0,0.9026825532286956,0.9020423068683581,AccountMode.NON_EXISTING_ACCOUNT,,EXTCODECOPY,8.487802285729652,9,False,False,test_account_access,EXTCODECOPY,target_coef
COLD_ACCOUNT_CODE_ACCESS,erigon,0.023989578570598545,0.001,0.02300828492705269,0.024982507270424517,test_account_access,EXTCODEHASH,target_coef,presets[cold_account_code_access],0.0,0.9331219254488263,0.9326819381162528,AccountMode.EXISTING_CONTRACT,,EXTCODEHASH,2398.9578570598546,2399,False,False,test_account_access,EXTCODEHASH,target_coef
COLD_ACCOUNT_CODE_ACCESS,erigon,0.008417833215911516,0.001,0.00827942369019885,0.008487379531815019,test_account_access,EXTCODEHASH,target_coef,presets[cold_account_code_access],0.0,0.9752128205119567,0.9750497469626932,AccountMode.NON_EXISTING_ACCOUNT,,EXTCODEHASH,841.7833215911515,842,False,False,test_account_access,EXTCODEHASH,target_coef
COLD_ACCOUNT_CODE_ACCESS,erigon,0.044760517617277604,0.001,0.0383990660085739,0.051058163209743934,test_account_access,EXTCODESIZE,target_coef,presets[cold_account_code_access],0.0,0.5709892752802768,0.5681668363018575,AccountMode.EXISTING_CONTRACT,,EXTCODESIZE,4476.05176172776,4477,False,False,test_account_access,EXTCODESIZE,target_coef
COLD_ACCOUNT_CODE_ACCESS,erigon,0.00863066679826128,0.001,0.008500355642681515,0.008710989402504168,test_account_access,EXTCODESIZE,target_coef,presets[cold_account_code_access],0.0,0.9705263807081094,0.9703324753180311,AccountMode.NON_EXISTING_ACCOUNT,,EXTCODESIZE,863.066679826128,864,False,False,test_account_access,EXTCODESIZE,target_coef
COLD_ACCOUNT_CODE_ACCESS,erigon,0.044716434573267974,0.001,0.038213592040958116,0.05030222539473338,test_account_access,STATICCALL,target_coef,presets[cold_account_code_access],0.0,0.5651750673932636,0.5623143770471666,AccountMode.EXISTING_CONTRACT,,STATICCALL,4471.643457326798,4472,False,False,test_account_access,STATICCALL,target_coef
COLD_ACCOUNT_CODE_ACCESS,erigon,0.011505156785724266,0.001,0.011124577996631699,0.011653925937373423,test_account_access,STATICCALL,target_coef,presets[cold_account_code_access],0.0,0.9682837172650114,0.968075057510176,AccountMode.NON_EXISTING_ACCOUNT,,STATICCALL,1150.5156785724266,1151,False,False,test_account_access,STATICCALL,target_coef
COLD_ACCOUNT_CODE_ACCESS,ethrex,0.007705001539365653,0.001,0.0076515313835288055,0.007762498757947028,test_account_access,BALANCE,target_coef,presets[cold_account_code_access],0.0,0.993605298330665,0.9935906985551642,AccountMode.EXISTING_CONTRACT,,BALANCE,770.5001539365653,771,False,False,test_account_access,BALANCE,target_coef
COLD_ACCOUNT_CODE_ACCESS,ethrex,0.0020027403348864574,0.001,0.0019663687562788204,0.0020368882114281833,test_account_access,BALANCE,target_coef,presets[cold_account_code_access],0.0,0.9631769595301986,0.9630928886615461,AccountMode.NON_EXISTING_ACCOUNT,,BALANCE,200.27403348864576,201,False,False,test_account_access,BALANCE,target_coef
COLD_ACCOUNT_CODE_ACCESS,ethrex,0.007935571692451045,0.001,0.007881385671888412,0.007994461934097842,test_account_access,CALL,target_coef,presets[cold_account_code_access],0.0,0.9937993729691381,0.9937852162864192,AccountMode.EXISTING_CONTRACT,,CALL,793.5571692451045,794,False,True,test_account_access,CALL,target_coef
COLD_ACCOUNT_CODE_ACCESS,ethrex,0.002048479459409941,0.001,0.002014168703109966,0.0020846854834049946,test_account_access,CALL,target_coef,presets[cold_account_code_access],0.0,0.9673930248292554,0.9673185796804638,AccountMode.NON_EXISTING_ACCOUNT,,CALL,204.84794594099407,205,False,False,test_account_access,CALL,target_coef
COLD_ACCOUNT_CODE_ACCESS,ethrex,0.007931985696775012,0.001,0.007876860007762812,0.007995033664858315,test_account_access,CALLCODE,target_coef,presets[cold_account_code_access],0.0,0.9931941995568891,0.9931786611997131,AccountMode.EXISTING_CONTRACT,,CALLCODE,793.1985696775013,794,False,False,test_account_access,CALLCODE,target_coef
COLD_ACCOUNT_CODE_ACCESS,ethrex,0.0020497725269370336,0.001,0.002015845632787376,0.0020869138559388534,test_account_access,CALLCODE,target_coef,presets[cold_account_code_access],0.0,0.9644341188993135,0.9643529182575311,AccountMode.NON_EXISTING_ACCOUNT,,CALLCODE,204.97725269370338,205,False,False,test_account_access,CALLCODE,target_coef
COLD_ACCOUNT_CODE_ACCESS,ethrex,0.007859127346947126,0.001,0.007801374936786017,0.00792384487510473,test_account_access,DELEGATECALL,target_coef,presets[cold_account_code_access],0.0,0.9935285413660109,0.9935137663462986,AccountMode.EXISTING_CONTRACT,,DELEGATECALL,785.9127346947125,786,False,False,test_account_access,DELEGATECALL,target_coef
COLD_ACCOUNT_CODE_ACCESS,ethrex,0.0020295952553380024,0.001,0.0019951540613321744,0.002064569661371956,test_account_access,DELEGATECALL,target_coef,presets[cold_account_code_access],0.0,0.9624221690148376,0.9623363748801682,AccountMode.NON_EXISTING_ACCOUNT,,DELEGATECALL,202.95952553380025,203,False,False,test_account_access,DELEGATECALL,target_coef
COLD_ACCOUNT_CODE_ACCESS,ethrex,0.00020812626249262894,0.001,0.00019648824600507008,0.00021832179212536804,test_account_access,EXTCODECOPY,target_coef,presets[cold_account_code_access],0.0,0.7775874594622959,0.7770796682738537,AccountMode.EXISTING_CONTRACT,,EXTCODECOPY,20.812626249262895,21,False,False,test_account_access,EXTCODECOPY,target_coef
COLD_ACCOUNT_CODE_ACCESS,ethrex,3.418684781306962e-05,0.001,2.9981333635155713e-05,3.840765638789759e-05,test_account_access,EXTCODECOPY,target_coef,presets[cold_account_code_access],0.0,0.36382485058649194,0.3623723959074656,AccountMode.NON_EXISTING_ACCOUNT,,EXTCODECOPY,3.418684781306962,4,True,False,test_account_access,EXTCODECOPY,target_coef
COLD_ACCOUNT_CODE_ACCESS,ethrex,0.007728543003811895,0.001,0.0076719768313442994,0.007787943546055362,test_account_access,EXTCODEHASH,target_coef,presets[cold_account_code_access],0.0,0.9931805284658363,0.9931649588961236,AccountMode.EXISTING_CONTRACT,,EXTCODEHASH,772.8543003811895,773,False,False,test_account_access,EXTCODEHASH,target_coef
COLD_ACCOUNT_CODE_ACCESS,ethrex,0.0019986871682812594,0.001,0.0019641645169240665,0.0020356866027724744,test_account_access,EXTCODEHASH,target_coef,presets[cold_account_code_access],0.0,0.9682801546403816,0.9682077349021176,AccountMode.NON_EXISTING_ACCOUNT,,EXTCODEHASH,199.86871682812594,200,False,False,test_account_access,EXTCODEHASH,target_coef
COLD_ACCOUNT_CODE_ACCESS,ethrex,0.0077374808102612875,0.001,0.007681841045277368,0.00779340908975185,test_account_access,EXTCODESIZE,target_coef,presets[cold_account_code_access],0.0,0.9933760505297042,0.9933609273573977,AccountMode.EXISTING_CONTRACT,,EXTCODESIZE,773.7480810261287,774,False,False,test_account_access,EXTCODESIZE,target_coef
COLD_ACCOUNT_CODE_ACCESS,ethrex,0.0019642087433908773,0.001,0.0019314859501740845,0.0019980539698180835,test_account_access,EXTCODESIZE,target_coef,presets[cold_account_code_access],0.0,0.9665890178354319,0.9665127370542343,AccountMode.NON_EXISTING_ACCOUNT,,EXTCODESIZE,196.42087433908773,197,False,False,test_account_access,EXTCODESIZE,target_coef
COLD_ACCOUNT_CODE_ACCESS,ethrex,0.007887727676052302,0.001,0.007829556298091286,0.0079535544524329,test_account_access,STATICCALL,target_coef,presets[cold_account_code_access],0.0,0.9929684485568893,0.9929523947864712,AccountMode.EXISTING_CONTRACT,,STATICCALL,788.7727676052302,789,False,False,test_account_access,STATICCALL,target_coef
COLD_ACCOUNT_CODE_ACCESS,ethrex,0.002025253713149144,0.001,0.001990056316674506,0.0020626282139033477,test_account_access,STATICCALL,target_coef,presets[cold_account_code_access],0.0,0.9636474597458978,0.9635644630786511,AccountMode.NON_EXISTING_ACCOUNT,,STATICCALL,202.52537131491442,203,False,False,test_account_access,STATICCALL,target_coef
COLD_ACCOUNT_CODE_ACCESS,geth,0.022862288982516896,0.001,0.021914572525838914,0.023778715046622108,test_account_access,BALANCE,target_coef,presets[cold_account_code_access],0.0,0.85362786710088,0.8532936841490555,AccountMode.EXISTING_CONTRACT,,BALANCE,2286.2288982516893,2287,False,False,test_account_access,BALANCE,target_coef
COLD_ACCOUNT_CODE_ACCESS,geth,0.021594019814295186,0.001,0.020727685488136947,0.022486751034926266,test_account_access,BALANCE,target_coef,presets[cold_account_code_access],0.0,0.8571784467466954,0.8568523701410943,AccountMode.NON_EXISTING_ACCOUNT,,BALANCE,2159.401981429519,2160,False,False,test_account_access,BALANCE,target_coef
COLD_ACCOUNT_CODE_ACCESS,geth,0.0234666098941349,0.001,0.02254669083203906,0.024410324696407852,test_account_access,CALL,target_coef,presets[cold_account_code_access],0.0,0.859167369505385,0.8588458338193242,AccountMode.EXISTING_CONTRACT,,CALL,2346.66098941349,2347,False,True,test_account_access,CALL,target_coef
COLD_ACCOUNT_CODE_ACCESS,geth,0.021938979423111474,0.001,0.020959820494728616,0.022827524976221862,test_account_access,CALL,target_coef,presets[cold_account_code_access],0.0,0.8605065750543767,0.8601880969152313,AccountMode.NON_EXISTING_ACCOUNT,,CALL,2193.8979423111473,2194,False,False,test_account_access,CALL,target_coef
COLD_ACCOUNT_CODE_ACCESS,geth,0.02340632175741041,0.001,0.022446159609355237,0.024404811103819143,test_account_access,CALLCODE,target_coef,presets[cold_account_code_access],0.0,0.8575404890601831,0.8572152390352064,AccountMode.EXISTING_CONTRACT,,CALLCODE,2340.632175741041,2341,False,False,test_account_access,CALLCODE,target_coef
COLD_ACCOUNT_CODE_ACCESS,geth,0.022625290229122765,0.001,0.02182499738373334,0.023588111066288088,test_account_access,CALLCODE,target_coef,presets[cold_account_code_access],0.0,0.8641170548008463,0.863806819766145,AccountMode.NON_EXISTING_ACCOUNT,,CALLCODE,2262.5290229122766,2263,False,False,test_account_access,CALLCODE,target_coef
COLD_ACCOUNT_CODE_ACCESS,geth,0.023366541443098295,0.001,0.022411368409588725,0.02437100771825969,test_account_access,DELEGATECALL,target_coef,presets[cold_account_code_access],0.0,0.85841097493044,0.858087712316126,AccountMode.EXISTING_CONTRACT,,DELEGATECALL,2336.6541443098295,2337,False,False,test_account_access,DELEGATECALL,target_coef
COLD_ACCOUNT_CODE_ACCESS,geth,0.02235715452607017,0.001,0.021506323389668607,0.02326693756751922,test_account_access,DELEGATECALL,target_coef,presets[cold_account_code_access],0.0,0.8655324287019379,0.8652254251144994,AccountMode.NON_EXISTING_ACCOUNT,,DELEGATECALL,2235.715452607017,2236,False,False,test_account_access,DELEGATECALL,target_coef
COLD_ACCOUNT_CODE_ACCESS,geth,0.0007624527843439832,0.001,0.0007387420454294949,0.0007876391416986975,test_account_access,EXTCODECOPY,target_coef,presets[cold_account_code_access],0.0,0.8931693193233803,0.892925413659735,AccountMode.EXISTING_CONTRACT,,EXTCODECOPY,76.24527843439832,77,False,False,test_account_access,EXTCODECOPY,target_coef
COLD_ACCOUNT_CODE_ACCESS,geth,0.0003415146857119269,0.001,0.00033243882108771844,0.00035076658939101984,test_account_access,EXTCODECOPY,target_coef,presets[cold_account_code_access],0.0,0.9305442358039131,0.9303856609998125,AccountMode.NON_EXISTING_ACCOUNT,,EXTCODECOPY,34.151468571192694,35,False,False,test_account_access,EXTCODECOPY,target_coef
COLD_ACCOUNT_CODE_ACCESS,geth,0.023021982087405808,0.001,0.02203882371904735,0.02389842574215496,test_account_access,EXTCODEHASH,target_coef,presets[cold_account_code_access],0.0,0.8576405092967095,0.8573154876284372,AccountMode.EXISTING_CONTRACT,,EXTCODEHASH,2302.198208740581,2303,False,False,test_account_access,EXTCODEHASH,target_coef
COLD_ACCOUNT_CODE_ACCESS,geth,0.021554144324554946,0.001,0.020681858200743686,0.022432597944577123,test_account_access,EXTCODEHASH,target_coef,presets[cold_account_code_access],0.0,0.8595459114645664,0.8592252400295539,AccountMode.NON_EXISTING_ACCOUNT,,EXTCODEHASH,2155.4144324554945,2156,False,False,test_account_access,EXTCODEHASH,target_coef
COLD_ACCOUNT_CODE_ACCESS,geth,0.023044617138329736,0.001,0.022119464260913657,0.023994799354851385,test_account_access,EXTCODESIZE,target_coef,presets[cold_account_code_access],0.0,0.858190620620997,0.8578668549146523,AccountMode.EXISTING_CONTRACT,,EXTCODESIZE,2304.4617138329736,2305,False,False,test_account_access,EXTCODESIZE,target_coef
COLD_ACCOUNT_CODE_ACCESS,geth,0.021632925404243636,0.001,0.020775770580107066,0.022508985825140295,test_account_access,EXTCODESIZE,target_coef,presets[cold_account_code_access],0.0,0.8607198394696526,0.8604018482355651,AccountMode.NON_EXISTING_ACCOUNT,,EXTCODESIZE,2163.292540424364,2164,False,False,test_account_access,EXTCODESIZE,target_coef
COLD_ACCOUNT_CODE_ACCESS,geth,0.023371702758381654,0.001,0.022381879951167194,0.024334824833854102,test_account_access,STATICCALL,target_coef,presets[cold_account_code_access],0.0,0.8548530748920425,0.8545216892182801,AccountMode.EXISTING_CONTRACT,,STATICCALL,2337.1702758381657,2338,False,False,test_account_access,STATICCALL,target_coef
COLD_ACCOUNT_CODE_ACCESS,geth,0.022639103297841186,0.001,0.02179456167922128,0.0234991804254179,test_account_access,STATICCALL,target_coef,presets[cold_account_code_access],0.0,0.8652330721950614,0.8649253851452785,AccountMode.NON_EXISTING_ACCOUNT,,STATICCALL,2263.9103297841184,2264,False,False,test_account_access,STATICCALL,target_coef
COLD_ACCOUNT_CODE_ACCESS,nethermind,0.012807931472011095,0.001,0.011579813995035193,0.014172587416398943,test_account_access,BALANCE,target_coef,presets[cold_account_code_access],0.0,0.5255655444315808,0.5242513215629702,AccountMode.EXISTING_CONTRACT,,BALANCE,1280.7931472011094,1281,False,False,test_account_access,BALANCE,target_coef
COLD_ACCOUNT_CODE_ACCESS,nethermind,0.0035378780934144,0.001,0.003369771751501679,0.0036972646300961567,test_account_access,BALANCE,target_coef,presets[cold_account_code_access],0.0,0.826070010372487,0.8255882098472029,AccountMode.NON_EXISTING_ACCOUNT,,BALANCE,353.78780934144,354,False,False,test_account_access,BALANCE,target_coef
COLD_ACCOUNT_CODE_ACCESS,nethermind,0.014981140623271097,0.001,0.01361765747640725,0.016383968783810293,test_account_access,CALL,target_coef,presets[cold_account_code_access],0.0,0.58550785304776,0.5843596753553715,AccountMode.EXISTING_CONTRACT,,CALL,1498.1140623271097,1499,False,True,test_account_access,CALL,target_coef
COLD_ACCOUNT_CODE_ACCESS,nethermind,0.004060564217543853,0.001,0.0038635318474958963,0.004259891748721187,test_account_access,CALL,target_coef,presets[cold_account_code_access],0.0,0.842782297744194,0.8423467916437624,AccountMode.NON_EXISTING_ACCOUNT,,CALL,406.05642175438527,407,False,False,test_account_access,CALL,target_coef
COLD_ACCOUNT_CODE_ACCESS,nethermind,0.01394030017620206,0.001,0.01261184998272702,0.015377325775682963,test_account_access,CALLCODE,target_coef,presets[cold_account_code_access],0.0,0.5697279657150971,0.568536076423449,AccountMode.EXISTING_CONTRACT,,CALLCODE,1394.030017620206,1395,False,False,test_account_access,CALLCODE,target_coef
COLD_ACCOUNT_CODE_ACCESS,nethermind,0.0038419447791629845,0.001,0.0036882462066249594,0.0040190940644980345,test_account_access,CALLCODE,target_coef,presets[cold_account_code_access],0.0,0.8621522080933305,0.8617703582542539,AccountMode.NON_EXISTING_ACCOUNT,,CALLCODE,384.1944779162984,385,False,False,test_account_access,CALLCODE,target_coef
COLD_ACCOUNT_CODE_ACCESS,nethermind,0.013897445804473886,0.001,0.012753372851291496,0.015122681236814912,test_account_access,DELEGATECALL,target_coef,presets[cold_account_code_access],0.0,0.5906469170758226,0.5895129750178609,AccountMode.EXISTING_CONTRACT,,DELEGATECALL,1389.7445804473887,1390,False,False,test_account_access,DELEGATECALL,target_coef
COLD_ACCOUNT_CODE_ACCESS,nethermind,0.004078008742888158,0.001,0.003891696733982264,0.004252514741153167,test_account_access,DELEGATECALL,target_coef,presets[cold_account_code_access],0.0,0.8527411672977138,0.8523332480935523,AccountMode.NON_EXISTING_ACCOUNT,,DELEGATECALL,407.8008742888158,408,False,False,test_account_access,DELEGATECALL,target_coef
COLD_ACCOUNT_CODE_ACCESS,nethermind,0.0013417455680200924,0.001,0.0012683403665113878,0.001407205030789196,test_account_access,EXTCODECOPY,target_coef,presets[cold_account_code_access],0.0,0.7987463998739154,0.7981889106768902,AccountMode.EXISTING_CONTRACT,,EXTCODECOPY,134.17455680200922,135,False,False,test_account_access,EXTCODECOPY,target_coef
COLD_ACCOUNT_CODE_ACCESS,nethermind,0.00033999169877684974,0.001,0.00031421245277960544,0.0003656642762501905,test_account_access,EXTCODECOPY,target_coef,presets[cold_account_code_access],0.0,0.6642792079897479,0.6633492334966448,AccountMode.NON_EXISTING_ACCOUNT,,EXTCODECOPY,33.99916987768497,34,False,False,test_account_access,EXTCODECOPY,target_coef
COLD_ACCOUNT_CODE_ACCESS,nethermind,0.013488767684530372,0.001,0.012280972426099128,0.014758817410805961,test_account_access,EXTCODEHASH,target_coef,presets[cold_account_code_access],0.0,0.570393611370529,0.5692035659726635,AccountMode.EXISTING_CONTRACT,,EXTCODEHASH,1348.8767684530371,1349,False,False,test_account_access,EXTCODEHASH,target_coef
COLD_ACCOUNT_CODE_ACCESS,nethermind,0.003773600492053252,0.001,0.00359739356430999,0.003938469786457071,test_account_access,EXTCODEHASH,target_coef,presets[cold_account_code_access],0.0,0.8327916030631773,0.8323284219082276,AccountMode.NON_EXISTING_ACCOUNT,,EXTCODEHASH,377.3600492053252,378,False,False,test_account_access,EXTCODEHASH,target_coef
COLD_ACCOUNT_CODE_ACCESS,nethermind,0.012733565208442476,0.001,0.011512292911627073,0.014098646926861847,test_account_access,EXTCODESIZE,target_coef,presets[cold_account_code_access],0.0,0.5514340411131146,0.5501914761300484,AccountMode.EXISTING_CONTRACT,,EXTCODESIZE,1273.3565208442476,1274,False,False,test_account_access,EXTCODESIZE,target_coef
COLD_ACCOUNT_CODE_ACCESS,nethermind,0.00388604275974064,0.001,0.0036946558002311993,0.004086406190491778,test_account_access,EXTCODESIZE,target_coef,presets[cold_account_code_access],0.0,0.8296903111894939,0.8292185391983291,AccountMode.NON_EXISTING_ACCOUNT,,EXTCODESIZE,388.604275974064,389,False,False,test_account_access,EXTCODESIZE,target_coef
COLD_ACCOUNT_CODE_ACCESS,nethermind,0.014859777617031233,0.001,0.013440660900049315,0.016209373503096407,test_account_access,STATICCALL,target_coef,presets[cold_account_code_access],0.0,0.6067779387988428,0.605688681011582,AccountMode.EXISTING_CONTRACT,,STATICCALL,1485.9777617031234,1486,False,False,test_account_access,STATICCALL,target_coef
COLD_ACCOUNT_CODE_ACCESS,nethermind,0.003956116272487616,0.001,0.0037834799094751807,0.004133505880852465,test_account_access,STATICCALL,target_coef,presets[cold_account_code_access],0.0,0.8387831975715273,0.8383366136312822,AccountMode.NON_EXISTING_ACCOUNT,,STATICCALL,395.6116272487616,396,False,False,test_account_access,STATICCALL,target_coef
COLD_ACCOUNT_CODE_ACCESS,reth,0.003918922445806451,0.001,0.0038651050928540623,0.0039720511929993135,test_account_access,BALANCE,target_coef,presets[cold_account_code_access],0.0,0.9714483643115115,0.9713951955299687,AccountMode.EXISTING_CONTRACT,,BALANCE,391.89224458064507,392,False,False,test_account_access,BALANCE,target_coef
COLD_ACCOUNT_CODE_ACCESS,reth,0.0007428419325644459,0.001,0.0007167137407341613,0.0007688029328213992,test_account_access,BALANCE,target_coef,presets[cold_account_code_access],0.0,0.8706064615817224,0.8703655052718187,AccountMode.NON_EXISTING_ACCOUNT,,BALANCE,74.2841932564446,75,False,False,test_account_access,BALANCE,target_coef
COLD_ACCOUNT_CODE_ACCESS,reth,0.004033273417040793,0.001,0.00397649799772074,0.00409349056794481,test_account_access,CALL,target_coef,presets[cold_account_code_access],0.0,0.9716993659695042,0.9716466646025945,AccountMode.EXISTING_CONTRACT,,CALL,403.3273417040793,404,False,False,test_account_access,CALL,target_coef
COLD_ACCOUNT_CODE_ACCESS,reth,0.0007621726205045662,0.001,0.0007374331273767514,0.0007863608122607509,test_account_access,CALL,target_coef,presets[cold_account_code_access],0.0,0.8804018890883966,0.8801791737980584,AccountMode.NON_EXISTING_ACCOUNT,,CALL,76.21726205045661,77,False,False,test_account_access,CALL,target_coef
COLD_ACCOUNT_CODE_ACCESS,reth,0.004028620564773879,0.001,0.003970038032697969,0.004090279395546037,test_account_access,CALLCODE,target_coef,presets[cold_account_code_access],0.0,0.9730693880085036,0.9730192378930632,AccountMode.EXISTING_CONTRACT,,CALLCODE,402.8620564773879,403,False,False,test_account_access,CALLCODE,target_coef
COLD_ACCOUNT_CODE_ACCESS,reth,0.0007477422116242623,0.001,0.0007215349710159218,0.000771377382960468,test_account_access,CALLCODE,target_coef,presets[cold_account_code_access],0.0,0.8648029116200444,0.8645511479545324,AccountMode.NON_EXISTING_ACCOUNT,,CALLCODE,74.77422116242623,75,False,False,test_account_access,CALLCODE,target_coef
COLD_ACCOUNT_CODE_ACCESS,reth,0.004055277208105182,0.001,0.003993691741727785,0.0041164020457120955,test_account_access,DELEGATECALL,target_coef,presets[cold_account_code_access],0.0,0.9719243267911445,0.9718720443456904,AccountMode.EXISTING_CONTRACT,,DELEGATECALL,405.5277208105182,406,False,True,test_account_access,DELEGATECALL,target_coef
COLD_ACCOUNT_CODE_ACCESS,reth,0.0007675942075598865,0.001,0.0007440686965904705,0.0007927801298465808,test_account_access,DELEGATECALL,target_coef,presets[cold_account_code_access],0.0,0.8897182849203549,0.8895129185980464,AccountMode.NON_EXISTING_ACCOUNT,,DELEGATECALL,76.75942075598866,77,False,False,test_account_access,DELEGATECALL,target_coef
COLD_ACCOUNT_CODE_ACCESS,reth,0.00011038395702314604,0.001,0.00010462685912751373,0.00011614137618004484,test_account_access,EXTCODECOPY,target_coef,presets[cold_account_code_access],0.0,0.739588667776784,0.7391037304728302,AccountMode.EXISTING_CONTRACT,,EXTCODECOPY,11.038395702314602,12,False,False,test_account_access,EXTCODECOPY,target_coef
COLD_ACCOUNT_CODE_ACCESS,reth,2.3507008166452534e-05,0.001,2.109618697579509e-05,2.5675839077028494e-05,test_account_access,EXTCODECOPY,target_coef,presets[cold_account_code_access],0.0,0.4733922419607335,0.4724115943666194,AccountMode.NON_EXISTING_ACCOUNT,,EXTCODECOPY,2.3507008166452534,3,True,False,test_account_access,EXTCODECOPY,target_coef
COLD_ACCOUNT_CODE_ACCESS,reth,0.003979308663595644,0.001,0.003914586347255856,0.004036638843927706,test_account_access,EXTCODEHASH,target_coef,presets[cold_account_code_access],0.0,0.9724448843816701,0.9723935713172039,AccountMode.EXISTING_CONTRACT,,EXTCODEHASH,397.93086635956433,398,False,False,test_account_access,EXTCODEHASH,target_coef
COLD_ACCOUNT_CODE_ACCESS,reth,0.0007369561687780174,0.001,0.0007144448560595258,0.0007592901635565483,test_account_access,EXTCODEHASH,target_coef,presets[cold_account_code_access],0.0,0.881845671124239,0.8816256444410439,AccountMode.NON_EXISTING_ACCOUNT,,EXTCODEHASH,73.69561687780173,74,False,False,test_account_access,EXTCODEHASH,target_coef
COLD_ACCOUNT_CODE_ACCESS,reth,0.003990542371808739,0.001,0.003936688159136476,0.0040474865892516755,test_account_access,EXTCODESIZE,target_coef,presets[cold_account_code_access],0.0,0.9754666842725197,0.9754209983959322,AccountMode.EXISTING_CONTRACT,,EXTCODESIZE,399.0542371808739,400,False,False,test_account_access,EXTCODESIZE,target_coef
COLD_ACCOUNT_CODE_ACCESS,reth,0.0007038858554054201,0.001,0.0006793534251124803,0.0007279053632498209,test_account_access,EXTCODESIZE,target_coef,presets[cold_account_code_access],0.0,0.8664180814318202,0.8661693255313208,AccountMode.NON_EXISTING_ACCOUNT,,EXTCODESIZE,70.38858554054201,71,False,False,test_account_access,EXTCODESIZE,target_coef
COLD_ACCOUNT_CODE_ACCESS,reth,0.004054371659545275,0.001,0.003994736427711652,0.004105687425629269,test_account_access,STATICCALL,target_coef,presets[cold_account_code_access],0.0,0.9742551832839084,0.9742072413533384,AccountMode.EXISTING_CONTRACT,,STATICCALL,405.4371659545276,406,False,False,test_account_access,STATICCALL,target_coef
COLD_ACCOUNT_CODE_ACCESS,reth,0.0007602798821234575,0.001,0.0007341933665126029,0.0007844941423876314,test_account_access,STATICCALL,target_coef,presets[cold_account_code_access],0.0,0.8745018127296661,0.8742681103325146,AccountMode.NON_EXISTING_ACCOUNT,,STATICCALL,76.02798821234575,77,False,False,test_account_access,STATICCALL,target_coef
COLD_ACCOUNT_NOCODE_WRITE,besu,0.05978855858640566,0.001,0.057988830456722644,0.06167126253345438,test_account_access,CALL,target_coef,presets[cold_account_nocode_write],0.0,0.9037899341279935,0.9035807818108804,AccountMode.EXISTING_EOA,,CALL,5978.855858640565,5979,False,False,test_account_access,CALL,target_coef
COLD_ACCOUNT_NOCODE_WRITE,besu,0.17801634392514493,0.001,0.16817179397359142,0.1880828823349034,test_account_access,CALL,target_coef,presets[cold_account_nocode_write],0.0,0.724546122608894,0.7239473098319568,AccountMode.NON_EXISTING_ACCOUNT,,CALL,17801.634392514494,17802,False,True,test_account_access,CALL,target_coef
COLD_ACCOUNT_NOCODE_WRITE,besu,0.023199668510061305,0.001,0.022220118397291044,0.024179869871248042,test_account_access,CALLCODE,target_coef,presets[cold_account_nocode_write],0.0,0.8348101216239502,0.8344510131926979,AccountMode.EXISTING_EOA,,CALLCODE,2319.9668510061306,2320,False,False,test_account_access,CALLCODE,target_coef
COLD_ACCOUNT_NOCODE_WRITE,besu,0.00544790443450978,0.001,0.0046356852658673,0.006240310812959772,test_account_access,CALLCODE,target_coef,presets[cold_account_nocode_write],0.0,0.2801389553680421,0.27857404005362485,AccountMode.NON_EXISTING_ACCOUNT,,CALLCODE,544.7904434509779,545,True,False,test_account_access,CALLCODE,target_coef
COLD_ACCOUNT_NOCODE_WRITE,erigon,0.07871597997971741,0.001,0.07510576031767663,0.08252757698719913,test_account_access,CALL,target_coef,presets[cold_account_nocode_write],0.0,0.9270485798706949,0.9265686363172126,AccountMode.EXISTING_EOA,,CALL,7871.59799797174,7872,False,False,test_account_access,CALL,target_coef
COLD_ACCOUNT_NOCODE_WRITE,erigon,0.25058628121517584,0.001,0.23055301913212628,0.27007801405553855,test_account_access,CALL,target_coef,presets[cold_account_nocode_write],0.0,0.8066301885843999,0.8053580187724552,AccountMode.NON_EXISTING_ACCOUNT,,CALL,25058.628121517584,25059,False,True,test_account_access,CALL,target_coef
COLD_ACCOUNT_NOCODE_WRITE,erigon,0.007877401756109797,0.001,0.00763376344223439,0.008136192774131735,test_account_access,CALLCODE,target_coef,presets[cold_account_nocode_write],0.0,0.954164948671115,0.9538634022807934,AccountMode.EXISTING_EOA,,CALLCODE,787.7401756109797,788,False,False,test_account_access,CALLCODE,target_coef
COLD_ACCOUNT_NOCODE_WRITE,erigon,0.0019465201560208774,0.001,0.0018134294618365957,0.002089114178724586,test_account_access,CALLCODE,target_coef,presets[cold_account_nocode_write],0.0,0.8698055211199784,0.8689489784957678,AccountMode.NON_EXISTING_ACCOUNT,,CALLCODE,194.65201560208774,195,False,False,test_account_access,CALLCODE,target_coef
COLD_ACCOUNT_NOCODE_WRITE,ethrex,0.022600216060041534,0.001,0.02236768441509165,0.022834663264094487,test_account_access,CALL,target_coef,presets[cold_account_nocode_write],0.0,0.9839189776747885,0.9838822630119456,AccountMode.EXISTING_EOA,,CALL,2260.0216060041535,2261,False,True,test_account_access,CALL,target_coef
COLD_ACCOUNT_NOCODE_WRITE,ethrex,0.011018500819569312,0.001,0.007157398292414632,0.014862027675347955,test_account_access,CALL,target_coef,presets[cold_account_nocode_write],0.0,0.0585446828734848,0.05639524151018216,AccountMode.NON_EXISTING_ACCOUNT,,CALL,1101.8500819569313,1102,True,False,test_account_access,CALL,target_coef
COLD_ACCOUNT_NOCODE_WRITE,ethrex,0.0,1.0,0.0,0.0,test_account_access,CALLCODE,target_coef,presets[cold_account_nocode_write],0.0,0.0,-0.0022831050228311334,AccountMode.EXISTING_EOA,,CALLCODE,0.0,0,True,False,test_account_access,CALLCODE,target_coef
COLD_ACCOUNT_NOCODE_WRITE,ethrex,0.0004927009435212887,0.001,0.0002947261149832418,0.0006879487673982454,test_account_access,CALLCODE,target_coef,presets[cold_account_nocode_write],0.0,0.046106953634694636,0.04392911562929447,AccountMode.NON_EXISTING_ACCOUNT,,CALLCODE,49.270094352128865,50,True,False,test_account_access,CALLCODE,target_coef
COLD_ACCOUNT_NOCODE_WRITE,geth,0.05889799774689142,0.001,0.05791276928223588,0.0598431935007125,test_account_access,CALL,target_coef,presets[cold_account_nocode_write],0.0,0.967422406643572,0.9673480285765482,AccountMode.EXISTING_EOA,,CALL,5889.7997746891415,5890,False,False,test_account_access,CALL,target_coef
COLD_ACCOUNT_NOCODE_WRITE,geth,0.09629060567739307,0.001,0.09322390371807043,0.09975288321982818,test_account_access,CALL,target_coef,presets[cold_account_nocode_write],0.0,0.890939229969747,0.890690232777897,AccountMode.NON_EXISTING_ACCOUNT,,CALL,9629.060567739309,9630,False,True,test_account_access,CALL,target_coef
COLD_ACCOUNT_NOCODE_WRITE,geth,0.01356299087805996,0.001,0.013062971232348205,0.014083698566037028,test_account_access,CALLCODE,target_coef,presets[cold_account_nocode_write],0.0,0.8804530187967363,0.8801800804834868,AccountMode.EXISTING_EOA,,CALLCODE,1356.299087805996,1357,False,False,test_account_access,CALLCODE,target_coef
COLD_ACCOUNT_NOCODE_WRITE,geth,0.010360020628860874,0.001,0.010143246814193155,0.010563583764480933,test_account_access,CALLCODE,target_coef,presets[cold_account_nocode_write],0.0,0.9535509343986311,0.9534448863036509,AccountMode.NON_EXISTING_ACCOUNT,,CALLCODE,1036.0020628860875,1037,False,False,test_account_access,CALLCODE,target_coef
COLD_ACCOUNT_NOCODE_WRITE,nethermind,0.02952936123072542,0.001,0.02782799163951124,0.03120219094853277,test_account_access,CALL,target_coef,presets[cold_account_nocode_write],0.0,0.7783450963977189,0.7777310938946654,AccountMode.EXISTING_EOA,,CALL,2952.9361230725417,2953,False,False,test_account_access,CALL,target_coef
COLD_ACCOUNT_NOCODE_WRITE,nethermind,0.047658427161645624,0.001,0.04486578688528966,0.05063636657535719,test_account_access,CALL,target_coef,presets[cold_account_nocode_write],0.0,0.7507767842313264,0.7500864152125767,AccountMode.NON_EXISTING_ACCOUNT,,CALL,4765.842716164562,4766,False,True,test_account_access,CALL,target_coef
COLD_ACCOUNT_NOCODE_WRITE,nethermind,0.0042751421257112305,0.001,0.004015468773620698,0.00454974398062736,test_account_access,CALLCODE,target_coef,presets[cold_account_nocode_write],0.0,0.7392564147490293,0.7385341333494421,AccountMode.EXISTING_EOA,,CALLCODE,427.51421257112304,428,False,False,test_account_access,CALLCODE,target_coef
COLD_ACCOUNT_NOCODE_WRITE,nethermind,0.0014640646075990205,0.001,0.0013019973170495251,0.0016268348115117085,test_account_access,CALLCODE,target_coef,presets[cold_account_nocode_write],0.0,0.4660253804011939,0.4645462263302831,AccountMode.NON_EXISTING_ACCOUNT,,CALLCODE,146.40646075990205,147,True,False,test_account_access,CALLCODE,target_coef
COLD_ACCOUNT_NOCODE_WRITE,reth,0.02296803611611344,0.001,0.022743520336951872,0.02318058167110396,test_account_access,CALL,target_coef,presets[cold_account_nocode_write],0.0,0.9864080207671125,0.9863827098188204,AccountMode.EXISTING_EOA,,CALL,2296.803611611344,2297,False,True,test_account_access,CALL,target_coef
COLD_ACCOUNT_NOCODE_WRITE,reth,0.02429953512842863,0.001,0.01922053922858595,0.027250092919692038,test_account_access,CALL,target_coef,presets[cold_account_nocode_write],0.0,0.27130934812065033,0.26995238228847274,AccountMode.NON_EXISTING_ACCOUNT,,CALL,2429.953512842863,2430,True,False,test_account_access,CALL,target_coef
COLD_ACCOUNT_NOCODE_WRITE,reth,0.0015705614541053118,0.001,0.0015035275328054221,0.0016365324523165538,test_account_access,CALLCODE,target_coef,presets[cold_account_nocode_write],0.0,0.8029957611365696,0.8026289003565632,AccountMode.EXISTING_EOA,,CALLCODE,157.05614541053117,158,False,False,test_account_access,CALLCODE,target_coef
COLD_ACCOUNT_NOCODE_WRITE,reth,0.00026840800551467816,0.001,0.00023666493910959888,0.00030541093447321115,test_account_access,CALLCODE,target_coef,presets[cold_account_nocode_write],0.0,0.2961418659171503,0.29483114313487313,AccountMode.NON_EXISTING_ACCOUNT,,CALLCODE,26.840800551467815,27,True,False,test_account_access,CALLCODE,target_coef
COLD_ACCOUNT_CODE_WRITE,besu,0.07726768280847172,0.001,0.07514654192657802,0.07960213597972698,test_account_access,CALL,target_coef,presets[cold_account_code_write],0.0,0.9184976619778565,0.9183204829821563,AccountMode.EXISTING_CONTRACT,,CALL,7726.768280847172,7727,False,False,test_account_access,CALL,target_coef
COLD_ACCOUNT_CODE_WRITE,besu,0.17801634392514493,0.001,0.16817179397359142,0.1880828823349034,test_account_access,CALL,target_coef,presets[cold_account_code_write],0.0,0.724546122608894,0.7239473098319568,AccountMode.NON_EXISTING_ACCOUNT,,CALL,17801.634392514494,17802,False,True,test_account_access,CALL,target_coef
COLD_ACCOUNT_CODE_WRITE,besu,0.02813448586365695,0.001,0.026438540045219488,0.029815423882146256,test_account_access,CALLCODE,target_coef,presets[cold_account_code_write],0.0,0.7052022224834149,0.7045613577496832,AccountMode.EXISTING_CONTRACT,,CALLCODE,2813.4485863656946,2814,False,False,test_account_access,CALLCODE,target_coef
COLD_ACCOUNT_CODE_WRITE,besu,0.00544790443450978,0.001,0.0046356852658673,0.006240310812959772,test_account_access,CALLCODE,target_coef,presets[cold_account_code_write],0.0,0.2801389553680421,0.27857404005362485,AccountMode.NON_EXISTING_ACCOUNT,,CALLCODE,544.7904434509779,545,True,False,test_account_access,CALLCODE,target_coef
COLD_ACCOUNT_CODE_WRITE,erigon,0.25398985160844395,0.001,0.21877789571103792,0.28865617311061265,test_account_access,CALL,target_coef,presets[cold_account_code_write],0.0,0.5732194235151662,0.570411656564608,AccountMode.EXISTING_CONTRACT,,CALL,25398.985160844397,25399,False,True,test_account_access,CALL,target_coef
COLD_ACCOUNT_CODE_WRITE,erigon,0.25058628121517584,0.001,0.23055301913212628,0.27007801405553855,test_account_access,CALL,target_coef,presets[cold_account_code_write],0.0,0.8066301885843999,0.8053580187724552,AccountMode.NON_EXISTING_ACCOUNT,,CALL,25058.628121517584,25059,False,False,test_account_access,CALL,target_coef
COLD_ACCOUNT_CODE_WRITE,erigon,0.04008142308613083,0.001,0.033174909961045794,0.04611138511936275,test_account_access,CALLCODE,target_coef,presets[cold_account_code_write],0.0,0.48628434348000416,0.4829046352134253,AccountMode.EXISTING_CONTRACT,,CALLCODE,4008.142308613083,4009,True,False,test_account_access,CALLCODE,target_coef
COLD_ACCOUNT_CODE_WRITE,erigon,0.0019465201560208774,0.001,0.0018134294618365957,0.002089114178724586,test_account_access,CALLCODE,target_coef,presets[cold_account_code_write],0.0,0.8698055211199784,0.8689489784957678,AccountMode.NON_EXISTING_ACCOUNT,,CALLCODE,194.65201560208774,195,False,False,test_account_access,CALLCODE,target_coef
COLD_ACCOUNT_CODE_WRITE,ethrex,0.02363685393332197,0.001,0.023371891796993415,0.023871065014689198,test_account_access,CALL,target_coef,presets[cold_account_code_write],0.0,0.9846292518829212,0.9845941588506903,AccountMode.EXISTING_CONTRACT,,CALL,2363.6853933321972,2364,False,True,test_account_access,CALL,target_coef
COLD_ACCOUNT_CODE_WRITE,ethrex,0.011018500819569312,0.001,0.007157398292414632,0.014862027675347955,test_account_access,CALL,target_coef,presets[cold_account_code_write],0.0,0.0585446828734848,0.05639524151018216,AccountMode.NON_EXISTING_ACCOUNT,,CALL,1101.8500819569313,1102,True,False,test_account_access,CALL,target_coef
COLD_ACCOUNT_CODE_WRITE,ethrex,0.0,1.0,0.0,0.0,test_account_access,CALLCODE,target_coef,presets[cold_account_code_write],0.0,2.220446049250313e-16,-0.0022831050228306893,AccountMode.EXISTING_CONTRACT,,CALLCODE,0.0,0,True,False,test_account_access,CALLCODE,target_coef
COLD_ACCOUNT_CODE_WRITE,ethrex,0.0004927009435212887,0.001,0.0002947261149832418,0.0006879487673982454,test_account_access,CALLCODE,target_coef,presets[cold_account_code_write],0.0,0.046106953634694636,0.04392911562929447,AccountMode.NON_EXISTING_ACCOUNT,,CALLCODE,49.270094352128865,50,True,False,test_account_access,CALLCODE,target_coef
COLD_ACCOUNT_CODE_WRITE,geth,0.09697820225661764,0.001,0.09552872638566813,0.09840263746237046,test_account_access,CALL,target_coef,presets[cold_account_code_write],0.0,0.9717992196442633,0.9717348343009854,AccountMode.EXISTING_CONTRACT,,CALL,9697.820225661764,9698,False,True,test_account_access,CALL,target_coef
COLD_ACCOUNT_CODE_WRITE,geth,0.09629060567739307,0.001,0.09322390371807043,0.09975288321982818,test_account_access,CALL,target_coef,presets[cold_account_code_write],0.0,0.890939229969747,0.890690232777897,AccountMode.NON_EXISTING_ACCOUNT,,CALL,9629.060567739309,9630,False,False,test_account_access,CALL,target_coef
COLD_ACCOUNT_CODE_WRITE,geth,0.024896880568033606,0.001,0.023867025055132846,0.025963951469209164,test_account_access,CALLCODE,target_coef,presets[cold_account_code_write],0.0,0.8484337119651194,0.8480876702116151,AccountMode.EXISTING_CONTRACT,,CALLCODE,2489.6880568033607,2490,False,False,test_account_access,CALLCODE,target_coef
COLD_ACCOUNT_CODE_WRITE,geth,0.010360020628860874,0.001,0.010143246814193155,0.010563583764480933,test_account_access,CALLCODE,target_coef,presets[cold_account_code_write],0.0,0.9535509343986311,0.9534448863036509,AccountMode.NON_EXISTING_ACCOUNT,,CALLCODE,1036.0020628860875,1037,False,False,test_account_access,CALLCODE,target_coef
COLD_ACCOUNT_CODE_WRITE,nethermind,0.04690428810410344,0.001,0.04498068890394734,0.048827728066720415,test_account_access,CALL,target_coef,presets[cold_account_code_write],0.0,0.8617058756999707,0.8613227894830731,AccountMode.EXISTING_CONTRACT,,CALL,4690.428810410344,4691,False,False,test_account_access,CALL,target_coef
COLD_ACCOUNT_CODE_WRITE,nethermind,0.047658427161645624,0.001,0.04486578688528966,0.05063636657535719,test_account_access,CALL,target_coef,presets[cold_account_code_write],0.0,0.7507767842313264,0.7500864152125767,AccountMode.NON_EXISTING_ACCOUNT,,CALL,4765.842716164562,4766,False,True,test_account_access,CALL,target_coef
COLD_ACCOUNT_CODE_WRITE,nethermind,0.013288915453916006,0.001,0.012180114214302777,0.014465057773107486,test_account_access,CALLCODE,target_coef,presets[cold_account_code_write],0.0,0.5353933162546698,0.5341063171307215,AccountMode.EXISTING_CONTRACT,,CALLCODE,1328.8915453916006,1329,False,False,test_account_access,CALLCODE,target_coef
COLD_ACCOUNT_CODE_WRITE,nethermind,0.0014640646075990205,0.001,0.0013019973170495251,0.0016268348115117085,test_account_access,CALLCODE,target_coef,presets[cold_account_code_write],0.0,0.4660253804011939,0.4645462263302831,AccountMode.NON_EXISTING_ACCOUNT,,CALLCODE,146.40646075990205,147,True,False,test_account_access,CALLCODE,target_coef
COLD_ACCOUNT_CODE_WRITE,reth,0.027873237748996416,0.001,0.027580136635272354,0.028152754519428058,test_account_access,CALL,target_coef,presets[cold_account_code_write],0.0,0.9851418181075493,0.9851141492399655,AccountMode.EXISTING_CONTRACT,,CALL,2787.3237748996416,2788,False,True,test_account_access,CALL,target_coef
COLD_ACCOUNT_CODE_WRITE,reth,0.02429953512842863,0.001,0.01922053922858595,0.027250092919692038,test_account_access,CALL,target_coef,presets[cold_account_code_write],0.0,0.27130934812065033,0.26995238228847274,AccountMode.NON_EXISTING_ACCOUNT,,CALL,2429.953512842863,2430,True,False,test_account_access,CALL,target_coef
COLD_ACCOUNT_CODE_WRITE,reth,0.004975075910808261,0.001,0.004879147680469567,0.0050771846493233835,test_account_access,CALLCODE,target_coef,presets[cold_account_code_write],0.0,0.9513508912017261,0.951260296958154,AccountMode.EXISTING_CONTRACT,,CALLCODE,497.5075910808261,498,False,False,test_account_access,CALLCODE,target_coef
COLD_ACCOUNT_CODE_WRITE,reth,0.00026840800551467816,0.001,0.00023666493910959888,0.00030541093447321115,test_account_access,CALLCODE,target_coef,presets[cold_account_code_write],0.0,0.2961418659171503,0.29483114313487313,AccountMode.NON_EXISTING_ACCOUNT,,CALLCODE,26.840800551467815,27,True,False,test_account_access,CALLCODE,target_coef
WARM_ACCESS,besu,0.00022014797356491336,0.001,0.00019228187342377526,0.00024752846838079254,test_ext_account_query_warm,BALANCE,target_coef,presets[warm_account_access],0.0,0.30439507879706995,0.3028828941857592,,,BALANCE,22.014797356491336,23,True,False,test_ext_account_query_warm,BALANCE,target_coef
WARM_ACCESS,besu,0.0004768195709558608,0.001,0.00045133215608500135,0.0005032688388506794,test_ext_account_query_warm,CALL,target_coef,presets[warm_account_access],0.0,0.7602858057565639,0.7597646879429912,,,CALL,47.68195709558608,48,False,False,test_ext_account_query_warm,CALL,target_coef
WARM_ACCESS,besu,0.0006317480920296816,0.001,0.0005925755466372229,0.0006691969135955946,test_ext_account_query_warm,CALLCODE,target_coef,presets[warm_account_access],0.0,0.69698169008159,0.6963229546252456,,,CALLCODE,63.17480920296816,64,False,True,test_ext_account_query_warm,CALLCODE,target_coef
WARM_ACCESS,besu,0.0005996796665423526,0.001,0.0005649044148879834,0.000631075015504868,test_ext_account_query_warm,DELEGATECALL,target_coef,presets[warm_account_access],0.0,0.7031909921574453,0.7025457551838745,,,DELEGATECALL,59.967966654235255,60,False,False,test_ext_account_query_warm,DELEGATECALL,target_coef
WARM_ACCESS,besu,0.00019968040547811084,0.001,0.0001681792860536712,0.00023241845620599686,test_ext_account_query_warm,EXTCODEHASH,target_coef,presets[warm_account_access],0.0,0.24105853622611295,0.23940866347877843,,,EXTCODEHASH,19.968040547811086,20,True,False,test_ext_account_query_warm,EXTCODEHASH,target_coef
WARM_ACCESS,besu,0.00021024965065047114,0.001,0.00017847696250095383,0.00024270664041492018,test_ext_account_query_warm,EXTCODESIZE,target_coef,presets[warm_account_access],0.0,0.27127373590647075,0.2696895483758326,,,EXTCODESIZE,21.024965065047112,22,True,False,test_ext_account_query_warm,EXTCODESIZE,target_coef
WARM_ACCESS,besu,0.00044597095580910543,0.001,0.00041766753039943795,0.00047267991404090535,test_ext_account_query_warm,STATICCALL,target_coef,presets[warm_account_access],0.0,0.7237700515770238,0.7231695516891478,,,STATICCALL,44.59709558091054,45,False,False,test_ext_account_query_warm,STATICCALL,target_coef
WARM_ACCESS,besu,0.0002492705303670251,0.001,0.00023772018964316312,0.00026053400311533935,test_storage_sload_same_key_benchmark,SLOAD,target_coef,presets[warm_storage_access_sload],0.0,0.6545731145936716,0.6541984650433394,,,,24.92705303670251,25,False,False,test_storage_sload_same_key_benchmark,SLOAD,target_coef
WARM_ACCESS,erigon,6.546170797533843e-05,0.001,6.11143610565125e-05,6.972120597519212e-05,test_ext_account_query_warm,BALANCE,target_coef,presets[warm_account_access],0.0,0.8641340901764443,0.8632402355065525,,,BALANCE,6.5461707975338435,7,False,False,test_ext_account_query_warm,BALANCE,target_coef
WARM_ACCESS,erigon,0.0004935143564344384,0.001,0.00046614365067455967,0.0005203877611286146,test_ext_account_query_warm,CALL,target_coef,presets[warm_account_access],0.0,0.9058043552314293,0.9051846470421624,,,CALL,49.351435643443835,50,False,True,test_ext_account_query_warm,CALL,target_coef
WARM_ACCESS,erigon,0.0003002516404100471,0.001,0.0002724155386749915,0.00032132416842774105,test_ext_account_query_warm,CALLCODE,target_coef,presets[warm_account_access],0.0,0.7922522263114589,0.7908854646424552,,,CALLCODE,30.02516404100471,31,False,False,test_ext_account_query_warm,CALLCODE,target_coef
WARM_ACCESS,erigon,0.0002745431794596719,0.001,0.00026230983996636617,0.0002887458478766599,test_ext_account_query_warm,DELEGATECALL,target_coef,presets[warm_account_access],0.0,0.9085730324284851,0.9079715392207778,,,DELEGATECALL,27.45431794596719,28,False,False,test_ext_account_query_warm,DELEGATECALL,target_coef
WARM_ACCESS,erigon,0.0003132317015325508,0.001,0.0002997612016151419,0.00032740454936184985,test_ext_account_query_warm,EXTCODEHASH,target_coef,presets[warm_account_access],0.0,0.9211418236637989,0.9206230198721134,,,EXTCODEHASH,31.323170153255084,32,False,False,test_ext_account_query_warm,EXTCODEHASH,target_coef
WARM_ACCESS,erigon,6.301222879374908e-05,0.001,5.9086054479310816e-05,6.677092035523582e-05,test_ext_account_query_warm,EXTCODESIZE,target_coef,presets[warm_account_access],0.0,0.8642965008830543,0.8634037147046534,,,EXTCODESIZE,6.301222879374908,7,False,False,test_ext_account_query_warm,EXTCODESIZE,target_coef
WARM_ACCESS,erigon,0.00048135056298068824,0.001,0.0004557809436325229,0.0005055453559428304,test_ext_account_query_warm,STATICCALL,target_coef,presets[warm_account_access],0.0,0.8913655824741781,0.8906508823588766,,,STATICCALL,48.135056298068825,49,False,False,test_ext_account_query_warm,STATICCALL,target_coef
WARM_ACCESS,erigon,4.7269206270226964e-05,0.001,4.548255655023433e-05,4.9143603376615585e-05,test_storage_sload_same_key_benchmark,SLOAD,target_coef,presets[warm_storage_access_sload],0.0,0.8850507563604211,0.8846751052374159,,,,4.726920627022696,5,False,False,test_storage_sload_same_key_benchmark,SLOAD,target_coef
WARM_ACCESS,ethrex,1.4069819702231046e-05,0.001,1.2033589023005604e-05,1.6020581525075787e-05,test_ext_account_query_warm,BALANCE,target_coef,presets[warm_account_access],0.0,0.2547926631654013,0.25309127655162367,,,BALANCE,1.4069819702231046,2,True,False,test_ext_account_query_warm,BALANCE,target_coef
WARM_ACCESS,ethrex,0.0001088159687568238,0.001,0.00010645086251048846,0.0001110575053060186,test_ext_account_query_warm,CALL,target_coef,presets[warm_account_access],0.0,0.9498656536449908,0.9497511916670113,,,CALL,10.88159687568238,11,False,True,test_ext_account_query_warm,CALL,target_coef
WARM_ACCESS,ethrex,0.00010350356799579493,0.001,0.00010112935082977838,0.00010599696874990158,test_ext_account_query_warm,CALLCODE,target_coef,presets[warm_account_access],0.0,0.941659144226336,0.9415259459254829,,,CALLCODE,10.350356799579492,11,False,False,test_ext_account_query_warm,CALLCODE,target_coef
WARM_ACCESS,ethrex,0.00010204827471756784,0.001,9.964660312749822e-05,0.0001044211452237706,test_ext_account_query_warm,DELEGATECALL,target_coef,presets[warm_account_access],0.0,0.9397502544271963,0.9396126979304548,,,DELEGATECALL,10.204827471756785,11,False,False,test_ext_account_query_warm,DELEGATECALL,target_coef
WARM_ACCESS,ethrex,1.5163066461966629e-05,0.001,1.3297797773339377e-05,1.701848680552038e-05,test_ext_account_query_warm,EXTCODEHASH,target_coef,presets[warm_account_access],0.0,0.34618670323961764,0.3446939788177903,,,EXTCODEHASH,1.516306646196663,2,True,False,test_ext_account_query_warm,EXTCODEHASH,target_coef
WARM_ACCESS,ethrex,1.2496209331219458e-05,0.001,9.968178476392741e-06,1.4640510862375205e-05,test_ext_account_query_warm,EXTCODESIZE,target_coef,presets[warm_account_access],0.0,0.1871777764779029,0.18532201797671088,,,EXTCODESIZE,1.2496209331219459,2,True,False,test_ext_account_query_warm,EXTCODESIZE,target_coef
WARM_ACCESS,ethrex,0.00010339954726325131,0.001,0.00010103061401443503,0.00010559060725714421,test_ext_account_query_warm,STATICCALL,target_coef,presets[warm_account_access],0.0,0.9429075040966067,0.9427771559324437,,,STATICCALL,10.339954726325132,11,False,False,test_ext_account_query_warm,STATICCALL,target_coef
WARM_ACCESS,ethrex,2.1566828432154395e-05,0.001,2.0428440001790667e-05,2.2774961953950987e-05,test_storage_sload_same_key_benchmark,SLOAD,target_coef,presets[warm_storage_access_sload],0.0,0.6636075710970428,0.6632244362121875,,,,2.1566828432154392,3,False,False,test_storage_sload_same_key_benchmark,SLOAD,target_coef
WARM_ACCESS,geth,2.973750460934913e-05,0.001,2.81915227129499e-05,3.129205194982407e-05,test_ext_account_query_warm,BALANCE,target_coef,presets[warm_account_access],0.0,0.7745275857042169,0.7740128085026283,,,BALANCE,2.973750460934913,3,False,False,test_ext_account_query_warm,BALANCE,target_coef
WARM_ACCESS,geth,0.00013134667310522665,0.001,0.00012603196674217215,0.00013665155752916333,test_ext_account_query_warm,CALL,target_coef,presets[warm_account_access],0.0,0.8664891904212872,0.8661843712213358,,,CALL,13.134667310522666,14,False,False,test_ext_account_query_warm,CALL,target_coef
WARM_ACCESS,geth,0.00018309670774903461,0.001,0.00017666169021950535,0.00018941451466821435,test_ext_account_query_warm,CALLCODE,target_coef,presets[warm_account_access],0.0,0.888632951376277,0.8883786887081863,,,CALLCODE,18.309670774903463,19,False,True,test_ext_account_query_warm,CALLCODE,target_coef
WARM_ACCESS,geth,0.0001590599633776439,0.001,0.00015386915747269453,0.0001638749454849828,test_ext_account_query_warm,DELEGATECALL,target_coef,presets[warm_account_access],0.0,0.9044720846029132,0.9042539843394495,,,DELEGATECALL,15.90599633776439,16,False,False,test_ext_account_query_warm,DELEGATECALL,target_coef
WARM_ACCESS,geth,3.802349991751012e-05,0.001,3.620998076326982e-05,3.9835081913349686e-05,test_ext_account_query_warm,EXTCODEHASH,target_coef,presets[warm_account_access],0.0,0.8082404885373232,0.8078026814335272,,,EXTCODEHASH,3.8023499917510115,4,False,False,test_ext_account_query_warm,EXTCODEHASH,target_coef
WARM_ACCESS,geth,3.031132206441574e-05,0.001,2.8597260568939717e-05,3.19334496925103e-05,test_ext_account_query_warm,EXTCODESIZE,target_coef,presets[warm_account_access],0.0,0.7600106930289892,0.7594627722368179,,,EXTCODESIZE,3.031132206441574,4,False,False,test_ext_account_query_warm,EXTCODESIZE,target_coef
WARM_ACCESS,geth,0.00018133833002370432,0.001,0.00017556274594280049,0.00018730714804886535,test_ext_account_query_warm,STATICCALL,target_coef,presets[warm_account_access],0.0,0.8910301312136166,0.8907813415588532,,,STATICCALL,18.133833002370434,19,False,False,test_ext_account_query_warm,STATICCALL,target_coef
WARM_ACCESS,geth,4.3598691245682586e-05,0.001,4.2092686805507034e-05,4.5045660712165846e-05,test_storage_sload_same_key_benchmark,SLOAD,target_coef,presets[warm_storage_access_sload],0.0,0.8165298404495407,0.8163208767142895,,,,4.359869124568259,5,False,False,test_storage_sload_same_key_benchmark,SLOAD,target_coef
WARM_ACCESS,nethermind,0.00012496725783559353,0.001,0.00011625728811231453,0.000133826967224206,test_ext_account_query_warm,BALANCE,target_coef,presets[warm_account_access],0.0,0.6703202029011426,0.6694069624659658,,,BALANCE,12.496725783559354,13,False,False,test_ext_account_query_warm,BALANCE,target_coef
WARM_ACCESS,nethermind,0.0003635112179512093,0.001,0.00033664898723543884,0.00039066883741993303,test_ext_account_query_warm,CALL,target_coef,presets[warm_account_access],0.0,0.6595980438943119,0.6586551021876479,,,CALL,36.351121795120925,37,False,False,test_ext_account_query_warm,CALL,target_coef
WARM_ACCESS,nethermind,0.0002023948198758886,0.001,0.00018835631361873695,0.00021549604944678662,test_ext_account_query_warm,CALLCODE,target_coef,presets[warm_account_access],0.0,0.7065054323025193,0.705692427959867,,,CALLCODE,20.23948198758886,21,False,False,test_ext_account_query_warm,CALLCODE,target_coef
WARM_ACCESS,nethermind,0.0003913119346326129,0.001,0.0003576978847715749,0.0004234784842757416,test_ext_account_query_warm,DELEGATECALL,target_coef,presets[warm_account_access],0.0,0.6286893835778657,0.6276608223135385,,,DELEGATECALL,39.13119346326129,40,False,True,test_ext_account_query_warm,DELEGATECALL,target_coef
WARM_ACCESS,nethermind,0.00023318075002766924,0.001,0.00021315540422759996,0.00025253827702750924,test_ext_account_query_warm,EXTCODEHASH,target_coef,presets[warm_account_access],0.0,0.5994655829639629,0.5983560693433645,,,EXTCODEHASH,23.318075002766925,24,False,False,test_ext_account_query_warm,EXTCODEHASH,target_coef
WARM_ACCESS,nethermind,0.0001626724886361547,0.001,0.00014989752778910538,0.00017502961778339366,test_ext_account_query_warm,EXTCODESIZE,target_coef,presets[warm_account_access],0.0,0.6542515367755615,0.6532937847998705,,,EXTCODESIZE,16.26724886361547,17,False,False,test_ext_account_query_warm,EXTCODESIZE,target_coef
WARM_ACCESS,nethermind,0.0003448974640364745,0.001,0.00031642621164828285,0.00037231545460186284,test_ext_account_query_warm,STATICCALL,target_coef,presets[warm_account_access],0.0,0.649288326367404,0.6483168258864273,,,STATICCALL,34.48974640364745,35,False,False,test_ext_account_query_warm,STATICCALL,target_coef
WARM_ACCESS,nethermind,0.0001509946533881917,0.001,0.00014506936634314655,0.0001567469712942172,test_storage_sload_same_key_benchmark,SLOAD,target_coef,presets[warm_storage_access_sload],0.0,0.7688931524873996,0.7685739441344817,,,,15.099465338819169,16,False,False,test_storage_sload_same_key_benchmark,SLOAD,target_coef
WARM_ACCESS,reth,1.2844708458556058e-05,0.001,1.1869121137486658e-05,1.3858082487645136e-05,test_ext_account_query_warm,BALANCE,target_coef,presets[warm_account_access],0.0,0.6025458148006886,0.6018056766532038,,,BALANCE,1.2844708458556058,2,False,False,test_ext_account_query_warm,BALANCE,target_coef
WARM_ACCESS,reth,5.777159429817667e-05,0.001,5.6412717946490176e-05,5.908265412201417e-05,test_ext_account_query_warm,CALL,target_coef,presets[warm_account_access],0.0,0.9273095796185775,0.9271742157072527,,,CALL,5.777159429817667,6,False,True,test_ext_account_query_warm,CALL,target_coef
WARM_ACCESS,reth,5.6880978562783604e-05,0.001,5.5489515164258546e-05,5.8304049298514736e-05,test_ext_account_query_warm,CALLCODE,target_coef,presets[warm_account_access],0.0,0.9094504165388712,0.9092817953406195,,,CALLCODE,5.68809785627836,6,False,False,test_ext_account_query_warm,CALLCODE,target_coef
WARM_ACCESS,reth,5.366375473874364e-05,0.001,5.2384924254498455e-05,5.493303139228893e-05,test_ext_account_query_warm,DELEGATECALL,target_coef,presets[warm_account_access],0.0,0.9313887278213339,0.9312609600891576,,,DELEGATECALL,5.366375473874363,6,False,False,test_ext_account_query_warm,DELEGATECALL,target_coef
WARM_ACCESS,reth,1.3256340365665822e-05,0.001,1.2410629864207933e-05,1.4138236868695425e-05,test_ext_account_query_warm,EXTCODEHASH,target_coef,presets[warm_account_access],0.0,0.6194937997742547,0.618785222120203,,,EXTCODEHASH,1.3256340365665822,2,False,False,test_ext_account_query_warm,EXTCODEHASH,target_coef
WARM_ACCESS,reth,8.371198767742601e-06,0.001,7.754810599688772e-06,8.963493352606063e-06,test_ext_account_query_warm,EXTCODESIZE,target_coef,presets[warm_account_access],0.0,0.5848613793558527,0.5840883092987872,,,EXTCODESIZE,0.8371198767742601,1,False,False,test_ext_account_query_warm,EXTCODESIZE,target_coef
WARM_ACCESS,reth,5.711695542560814e-05,0.001,5.5599460867530595e-05,5.8779581932742866e-05,test_ext_account_query_warm,STATICCALL,target_coef,presets[warm_account_access],0.0,0.9150152709676543,0.914857012626812,,,STATICCALL,5.711695542560814,6,False,False,test_ext_account_query_warm,STATICCALL,target_coef
WARM_ACCESS,reth,8.075459503378067e-06,0.001,7.5038137119809805e-06,8.761752595879467e-06,test_storage_sload_same_key_benchmark,SLOAD,target_coef,presets[warm_storage_access_sload],0.0,0.46972512266017763,0.4692323021422038,,,,0.8075459503378067,1,True,False,test_storage_sload_same_key_benchmark,SLOAD,target_coef
STORAGE_WRITE,,,,,,<derived>,<derived>,<derived>,<derived>,0.0,,,,,,11134.0,11134,False,False,,,
ACCOUNT_WRITE,,,,,,<derived>,<derived>,<derived>,<derived>,0.0,,,,,,22795.0,22795,False,False,,,
REFUND_STORAGE_CLEAR,,,,,,<derived>,<derived>,<derived>,<derived>,0.0,,,,,,13021.44,13022,False,False,,,
TX_ACCESS_LIST_STORAGE_KEY,,,,,,<derived>,<derived>,<derived>,<derived>,0.0,,,,,,2430.0,2430,False,False,,,
TX_ACCESS_LIST_ADDRESS,,,,,,<derived>,<derived>,<derived>,<derived>,0.0,,,,,,4592.0,4592,False,False,,,
