gas_param,client_name,runtime_ms,pvalue,conf_int_low,conf_int_high,test_name,target_opcode,model_coef_name,source_label,glue_adjustment,rsquared,rsquared_adj,param_account_mode,param_existing_slots,param_opcode,new_gas_decimal,new_gas_rounded,poor_fit,is_winner,selected_test,selected_opcode,selected_model_coef_name
COLD_STORAGE_ACCESS,besu,0.007677409911251403,0.001,0.0074725011910343805,0.007870985291012027,test_sload_bloated,SLOAD,target_coef,presets[cold_storage_sload],0.0,0.8900799998696158,0.8899129481976852,,False,,767.7409911251403,768,False,False,test_sload_bloated,SLOAD,target_coef
COLD_STORAGE_ACCESS,besu,0.014601808557173206,0.001,0.014327808884372208,0.014880330787834474,test_sload_bloated,SLOAD,target_coef,presets[cold_storage_sload],0.0,0.9418964371846646,0.9418081338977112,,True,,1460.1808557173206,1461,False,False,test_sload_bloated,SLOAD,target_coef
COLD_STORAGE_ACCESS,besu,0.008270181121745174,0.001,0.007826482100003146,0.008705636518357584,test_sstore_bloated,SSTORE,target_coef,presets[cold_storage_sstore_access],0.0,0.6947272835439267,0.6942633432453612,,False,,827.0181121745175,828,False,False,test_sstore_bloated,SSTORE,target_coef
COLD_STORAGE_ACCESS,besu,0.015179245509958906,0.001,0.014749938770871197,0.015654764730605977,test_sstore_bloated,SSTORE,target_coef,presets[cold_storage_sstore_access],0.0,0.8649406864052414,0.8647354290897478,,True,,1517.9245509958905,1518,False,True,test_sstore_bloated,SSTORE,target_coef
COLD_STORAGE_ACCESS,erigon,0.006724118575134682,0.001,0.006608096833840568,0.0067632958251773985,test_sload_bloated,SLOAD,target_coef,presets[cold_storage_sload],0.0,0.9752161148090646,0.9751430060031916,,False,,672.4118575134682,673,False,True,test_sload_bloated,SLOAD,target_coef
COLD_STORAGE_ACCESS,erigon,0.006594496735062524,0.001,0.006546712712927924,0.006632485988435358,test_sload_bloated,SLOAD,target_coef,presets[cold_storage_sload],0.0,0.9750671458610555,0.9749935976187577,,True,,659.4496735062523,660,False,False,test_sload_bloated,SLOAD,target_coef
COLD_STORAGE_ACCESS,erigon,0.006638169833658183,0.001,0.0065083121665530765,0.006759116696848262,test_sstore_bloated,SSTORE,target_coef,presets[cold_storage_sstore_access],0.0,0.9710136702085168,0.9709281648109018,,False,,663.8169833658183,664,False,False,test_sstore_bloated,SSTORE,target_coef
COLD_STORAGE_ACCESS,erigon,0.006610511418268508,0.001,0.006541233655338777,0.0066483617156418056,test_sstore_bloated,SSTORE,target_coef,presets[cold_storage_sstore_access],0.0,0.9763516818243018,0.976281922773636,,True,,661.0511418268509,662,False,False,test_sstore_bloated,SSTORE,target_coef
COLD_STORAGE_ACCESS,ethrex,0.009004839373829388,0.001,0.008891111372200455,0.009111416503587093,test_sload_bloated,SLOAD,target_coef,presets[cold_storage_sload],0.0,0.9037942276606249,0.9035946306225764,,False,,900.4839373829388,901,False,False,test_sload_bloated,SLOAD,target_coef
COLD_STORAGE_ACCESS,ethrex,0.013190602674920374,0.001,0.013085099634064212,0.013289094263416382,test_sload_bloated,SLOAD,target_coef,presets[cold_storage_sload],0.0,0.9501936565995427,0.9500903239368861,,True,,1319.0602674920376,1320,False,False,test_sload_bloated,SLOAD,target_coef
COLD_STORAGE_ACCESS,ethrex,0.009486049888516918,0.001,0.00938953648905573,0.00957143794601655,test_sstore_bloated,SSTORE,target_coef,presets[cold_storage_sstore_access],0.0,0.9341148345797023,0.9339781433651374,,False,,948.6049888516918,949,False,False,test_sstore_bloated,SSTORE,target_coef
COLD_STORAGE_ACCESS,ethrex,0.013941214673081808,0.001,0.013861912590243304,0.014021707044520236,test_sstore_bloated,SSTORE,target_coef,presets[cold_storage_sstore_access],0.0,0.9709184368421563,0.9708581016488828,,True,,1394.1214673081809,1395,False,True,test_sstore_bloated,SSTORE,target_coef
COLD_STORAGE_ACCESS,geth,0.0242759853737477,0.001,0.023872933365430508,0.024680824924564592,test_sload_bloated,SLOAD,target_coef,presets[cold_storage_sload],0.0,0.9714307972294882,0.9713686902669436,,False,,2427.59853737477,2428,False,True,test_sload_bloated,SLOAD,target_coef
COLD_STORAGE_ACCESS,geth,0.02381324593096179,0.001,0.02337265668449857,0.024239059788469373,test_sload_bloated,SLOAD,target_coef,presets[cold_storage_sload],0.0,0.9663785082848679,0.9663054180854872,,True,,2381.324593096179,2382,False,False,test_sload_bloated,SLOAD,target_coef
COLD_STORAGE_ACCESS,geth,0.02424010218329154,0.001,0.02387791580826811,0.02462149821809954,test_sstore_bloated,SSTORE,target_coef,presets[cold_storage_sstore_access],0.0,0.9742519983460921,0.9741960244294532,,False,,2424.0102183291538,2425,False,False,test_sstore_bloated,SSTORE,target_coef
COLD_STORAGE_ACCESS,geth,0.023549400466530597,0.001,0.023167807585779448,0.023924037121073896,test_sstore_bloated,SSTORE,target_coef,presets[cold_storage_sstore_access],0.0,0.9716575496075255,0.9715959355849332,,True,,2354.9400466530597,2355,False,False,test_sstore_bloated,SSTORE,target_coef
COLD_STORAGE_ACCESS,nethermind,0.003440052787711159,0.001,0.00332695122183704,0.003568740367296338,test_sload_bloated,SLOAD,target_coef,presets[cold_storage_sload],0.0,0.9040899996061371,0.9038465732091984,,False,,344.0052787711159,345,False,False,test_sload_bloated,SLOAD,target_coef
COLD_STORAGE_ACCESS,nethermind,0.008981125594644049,0.001,0.008833078829101745,0.009134192730521034,test_sload_bloated,SLOAD,target_coef,presets[cold_storage_sload],0.0,0.9746679306279974,0.9746036360356827,,True,,898.1125594644049,899,False,False,test_sload_bloated,SLOAD,target_coef
COLD_STORAGE_ACCESS,nethermind,0.0034616628968893045,0.001,0.003361094552544727,0.0035596921111339937,test_sstore_bloated,SSTORE,target_coef,presets[cold_storage_sstore_access],0.0,0.9268060515043419,0.9266202800614596,,False,,346.1662896889304,347,False,False,test_sstore_bloated,SSTORE,target_coef
COLD_STORAGE_ACCESS,nethermind,0.009194013607217383,0.001,0.009034528839548063,0.009343887065235647,test_sstore_bloated,SSTORE,target_coef,presets[cold_storage_sstore_access],0.0,0.9750936163473619,0.9750304021756547,,True,,919.4013607217383,920,False,True,test_sstore_bloated,SSTORE,target_coef
COLD_STORAGE_ACCESS,reth,0.0012543272126485873,0.001,0.0012333660226713193,0.0012753004519968645,test_sload_bloated,SLOAD,target_coef,presets[cold_storage_sload],0.0,0.9525341326569584,0.9524524358112734,,False,,125.43272126485873,126,False,False,test_sload_bloated,SLOAD,target_coef
COLD_STORAGE_ACCESS,reth,0.0014168800032279146,0.001,0.0013909424835612904,0.0014438934308596523,test_sload_bloated,SLOAD,target_coef,presets[cold_storage_sload],0.0,0.947535028184835,0.9474447270285267,,True,,141.68800032279145,142,False,False,test_sload_bloated,SLOAD,target_coef
COLD_STORAGE_ACCESS,reth,0.0012752914863547896,0.001,0.0012491910270364022,0.0013018909532210184,test_sstore_bloated,SSTORE,target_coef,presets[cold_storage_sstore_access],0.0,0.9487363923281668,0.9486481589242566,,False,,127.52914863547895,128,False,False,test_sstore_bloated,SSTORE,target_coef
COLD_STORAGE_ACCESS,reth,0.001433281302611797,0.001,0.001404456942993468,0.0014601463673887744,test_sstore_bloated,SSTORE,target_coef,presets[cold_storage_sstore_access],0.0,0.9436537942035905,0.9435568127822542,,True,,143.3281302611797,144,False,True,test_sstore_bloated,SSTORE,target_coef
COLD_STORAGE_WRITE,besu,0.1419818183829086,0.001,0.1205617405214602,0.16346142164917898,test_sstore_bloated,SSTORE,target_coef,presets[cold_storage_sstore_write],0.0,0.2117506756927141,0.2105527283913352,,False,,14198.18183829086,14199,True,False,test_sstore_bloated,SSTORE,target_coef
COLD_STORAGE_WRITE,besu,0.06686876154356572,0.001,0.06533000636858788,0.06849708257287607,test_sstore_bloated,SSTORE,target_coef,presets[cold_storage_sstore_write],0.0,0.9192708972617087,0.9191482086557234,,True,,6686.8761543565715,6687,False,True,test_sstore_bloated,SSTORE,target_coef
COLD_STORAGE_WRITE,erigon,0.0,1.0,0.0,0.03397266643161601,test_sstore_bloated,SSTORE,target_coef,presets[cold_storage_sstore_write],0.0,1.1102230246251565e-16,-0.002949852507374562,,False,,0.0,0,True,False,test_sstore_bloated,SSTORE,target_coef
COLD_STORAGE_WRITE,erigon,0.12142228844065235,0.001,0.11875421781601588,0.1241041287075993,test_sstore_bloated,SSTORE,target_coef,presets[cold_storage_sstore_write],0.0,0.9603535317154822,0.9602365804816045,,True,,12142.228844065236,12143,False,True,test_sstore_bloated,SSTORE,target_coef
COLD_STORAGE_WRITE,ethrex,0.018973465036145068,0.001,0.017026131849445736,0.020843614001040883,test_sstore_bloated,SSTORE,target_coef,presets[cold_storage_sstore_write],0.0,0.43610488393230684,0.4349349770524984,,False,,1897.3465036145067,1898,True,False,test_sstore_bloated,SSTORE,target_coef
COLD_STORAGE_WRITE,ethrex,0.024484805827872276,0.001,0.024352304698927896,0.024605199647987096,test_sstore_bloated,SSTORE,target_coef,presets[cold_storage_sstore_write],0.0,0.9966975700130678,0.996690718498572,,True,,2448.480582787228,2449,False,True,test_sstore_bloated,SSTORE,target_coef
COLD_STORAGE_WRITE,geth,0.13472617715983112,0.001,0.1310601074502009,0.13844611578703334,test_sstore_bloated,SSTORE,target_coef,presets[cold_storage_sstore_write],0.0,0.9157884815319811,0.9156054130135723,,False,,13472.617715983111,13473,False,True,test_sstore_bloated,SSTORE,target_coef
COLD_STORAGE_WRITE,geth,0.09316491804128862,0.001,0.09221598545888479,0.09415152902141348,test_sstore_bloated,SSTORE,target_coef,presets[cold_storage_sstore_write],0.0,0.9862761897156904,0.9862463553455071,,True,,9316.491804128864,9317,False,False,test_sstore_bloated,SSTORE,target_coef
COLD_STORAGE_WRITE,nethermind,0.05546947429871578,0.001,0.05101944180618564,0.05958007019731666,test_sstore_bloated,SSTORE,target_coef,presets[cold_storage_sstore_write],0.0,0.6523071078842984,0.6514246386149691,,False,,5546.947429871578,5547,False,True,test_sstore_bloated,SSTORE,target_coef
COLD_STORAGE_WRITE,nethermind,0.03680908748990609,0.001,0.03556384620931771,0.03816310055991783,test_sstore_bloated,SSTORE,target_coef,presets[cold_storage_sstore_write],0.0,0.8859673782012748,0.8856779553033085,,True,,3680.908748990609,3681,False,False,test_sstore_bloated,SSTORE,target_coef
COLD_STORAGE_WRITE,reth,0.03906502957945506,0.001,0.03800017574903743,0.040064082715409434,test_sstore_bloated,SSTORE,target_coef,presets[cold_storage_sstore_write],0.0,0.8966810226006681,0.8965031930354369,,False,,3906.5029579455063,3907,False,True,test_sstore_bloated,SSTORE,target_coef
COLD_STORAGE_WRITE,reth,0.023612512168475694,0.001,0.023467252896366277,0.023760745728745373,test_sstore_bloated,SSTORE,target_coef,presets[cold_storage_sstore_write],0.0,0.993774013969494,0.9937632979866533,,True,,2361.251216847569,2362,False,False,test_sstore_bloated,SSTORE,target_coef
COLD_ACCOUNT_NOCODE_ACCESS,besu,0.012923257896051945,0.001,0.012456597591042744,0.01340045798951254,test_account_access,BALANCE,target_coef,presets[cold_account_nocode_access],0.0,0.8087626019931794,0.808471967649704,AccountMode.EXISTING_EOA,,BALANCE,1292.3257896051944,1293,False,False,test_account_access,BALANCE,target_coef
COLD_ACCOUNT_NOCODE_ACCESS,besu,0.013411444046142126,0.001,0.012832618185671519,0.013982312005366893,test_account_access,BALANCE,target_coef,presets[cold_account_nocode_access],0.0,0.7566902580975228,0.7563204864532941,AccountMode.NON_EXISTING_ACCOUNT,,BALANCE,1341.1444046142126,1342,False,False,test_account_access,BALANCE,target_coef
COLD_ACCOUNT_NOCODE_ACCESS,besu,0.015468912833315767,0.001,0.014869337829204911,0.01607504186530055,test_account_access,CALL,target_coef,presets[cold_account_nocode_access],0.0,0.8003849325276446,0.8000815661637048,AccountMode.EXISTING_EOA,,CALL,1546.8912833315767,1547,False,False,test_account_access,CALL,target_coef
COLD_ACCOUNT_NOCODE_ACCESS,besu,0.015785058226289922,0.001,0.015200370461173581,0.01639077873817183,test_account_access,CALL,target_coef,presets[cold_account_nocode_access],0.0,0.7811355262377473,0.7808029054569536,AccountMode.NON_EXISTING_ACCOUNT,,CALL,1578.505822628992,1579,False,True,test_account_access,CALL,target_coef
COLD_ACCOUNT_NOCODE_ACCESS,besu,0.014709725011246228,0.001,0.014169219761775655,0.015246841226783152,test_account_access,CALLCODE,target_coef,presets[cold_account_nocode_access],0.0,0.7966023103281904,0.796293195298294,AccountMode.EXISTING_EOA,,CALLCODE,1470.9725011246228,1471,False,False,test_account_access,CALLCODE,target_coef
COLD_ACCOUNT_NOCODE_ACCESS,besu,0.01481314482131853,0.001,0.014276403277328134,0.01537779916988498,test_account_access,CALLCODE,target_coef,presets[cold_account_nocode_access],0.0,0.7974740519640222,0.7971662617694386,AccountMode.NON_EXISTING_ACCOUNT,,CALLCODE,1481.314482131853,1482,False,False,test_account_access,CALLCODE,target_coef
COLD_ACCOUNT_NOCODE_ACCESS,besu,0.014476323360102917,0.001,0.013944078781913522,0.015051460622430596,test_account_access,DELEGATECALL,target_coef,presets[cold_account_nocode_access],0.0,0.7852788011552989,0.7849524771448966,AccountMode.EXISTING_EOA,,DELEGATECALL,1447.6323360102917,1448,False,False,test_account_access,DELEGATECALL,target_coef
COLD_ACCOUNT_NOCODE_ACCESS,besu,0.014887065104576512,0.001,0.014348420993357114,0.015414525695415208,test_account_access,DELEGATECALL,target_coef,presets[cold_account_nocode_access],0.0,0.7997853171552881,0.7994810395217855,AccountMode.NON_EXISTING_ACCOUNT,,DELEGATECALL,1488.7065104576511,1489,False,False,test_account_access,DELEGATECALL,target_coef
COLD_ACCOUNT_NOCODE_ACCESS,besu,0.0004258939681507403,0.001,0.0003530248157282345,0.0004929901763556797,test_account_access,EXTCODECOPY,target_coef,presets[cold_account_nocode_access],0.0,0.17337136948361975,0.17211509496915722,AccountMode.NON_EXISTING_ACCOUNT,,EXTCODECOPY,42.589396815074025,43,True,False,test_account_access,EXTCODECOPY,target_coef
COLD_ACCOUNT_NOCODE_ACCESS,besu,0.013133473205115043,0.001,0.012579693923907382,0.013694741079964861,test_account_access,EXTCODEHASH,target_coef,presets[cold_account_nocode_access],0.0,0.7488674241549889,0.7484857637053763,AccountMode.NON_EXISTING_ACCOUNT,,EXTCODEHASH,1313.3473205115042,1314,False,False,test_account_access,EXTCODEHASH,target_coef
COLD_ACCOUNT_NOCODE_ACCESS,besu,0.013249516451334334,0.001,0.012704152137727104,0.013791141332893933,test_account_access,EXTCODESIZE,target_coef,presets[cold_account_nocode_access],0.0,0.7575779359109948,0.7572095133211938,AccountMode.NON_EXISTING_ACCOUNT,,EXTCODESIZE,1324.9516451334334,1325,False,False,test_account_access,EXTCODESIZE,target_coef
COLD_ACCOUNT_NOCODE_ACCESS,besu,0.01520470262109261,0.001,0.01460030077256998,0.01581133473644898,test_account_access,STATICCALL,target_coef,presets[cold_account_nocode_access],0.0,0.7895273841044937,0.7892075169070842,AccountMode.EXISTING_EOA,,STATICCALL,1520.470262109261,1521,False,False,test_account_access,STATICCALL,target_coef
COLD_ACCOUNT_NOCODE_ACCESS,besu,0.015651690728523637,0.001,0.0150114612137956,0.016290935921189673,test_account_access,STATICCALL,target_coef,presets[cold_account_nocode_access],0.0,0.784304654725303,0.7839768502492016,AccountMode.NON_EXISTING_ACCOUNT,,STATICCALL,1565.1690728523636,1566,False,False,test_account_access,STATICCALL,target_coef
COLD_ACCOUNT_NOCODE_ACCESS,erigon,0.009516667627728731,0.001,0.009348702326423035,0.009692537440434768,test_account_access,BALANCE,target_coef,presets[cold_account_nocode_access],0.0,0.9664473057659956,0.9663483302667802,AccountMode.EXISTING_EOA,,BALANCE,951.6667627728732,952,False,False,test_account_access,BALANCE,target_coef
COLD_ACCOUNT_NOCODE_ACCESS,erigon,0.008495017783551452,0.001,0.008367751877001041,0.008554002624302814,test_account_access,BALANCE,target_coef,presets[cold_account_nocode_access],0.0,0.9692484435089257,0.9691577309529048,AccountMode.NON_EXISTING_ACCOUNT,,BALANCE,849.5017783551451,850,False,False,test_account_access,BALANCE,target_coef
COLD_ACCOUNT_NOCODE_ACCESS,erigon,0.0107772857838198,0.001,0.01055101486430203,0.011003621061082118,test_account_access,CALL,target_coef,presets[cold_account_nocode_access],0.0,0.9690059348487746,0.9689145069279745,AccountMode.EXISTING_EOA,,CALL,1077.72857838198,1078,False,False,test_account_access,CALL,target_coef
COLD_ACCOUNT_NOCODE_ACCESS,erigon,0.009686909232940268,0.001,0.0094890467472309,0.009761234583333944,test_account_access,CALL,target_coef,presets[cold_account_nocode_access],0.0,0.970874190609298,0.9707882737674376,AccountMode.NON_EXISTING_ACCOUNT,,CALL,968.6909232940269,969,False,False,test_account_access,CALL,target_coef
COLD_ACCOUNT_NOCODE_ACCESS,erigon,0.009720619378155979,0.001,0.009546828033729124,0.009911425177970681,test_account_access,CALLCODE,target_coef,presets[cold_account_nocode_access],0.0,0.9705278447944383,0.9704409062835074,AccountMode.EXISTING_EOA,,CALLCODE,972.0619378155978,973,False,False,test_account_access,CALLCODE,target_coef
COLD_ACCOUNT_NOCODE_ACCESS,erigon,0.008995522192498846,0.001,0.008811156236368177,0.009141954670716579,test_account_access,CALLCODE,target_coef,presets[cold_account_nocode_access],0.0,0.9667723756784052,0.9666743590874861,AccountMode.NON_EXISTING_ACCOUNT,,CALLCODE,899.5522192498846,900,False,False,test_account_access,CALLCODE,target_coef
COLD_ACCOUNT_NOCODE_ACCESS,erigon,0.009768714046488837,0.001,0.009583268403796846,0.009938850036634845,test_account_access,DELEGATECALL,target_coef,presets[cold_account_nocode_access],0.0,0.9691101770061258,0.969019056584315,AccountMode.EXISTING_EOA,,DELEGATECALL,976.8714046488836,977,False,False,test_account_access,DELEGATECALL,target_coef
COLD_ACCOUNT_NOCODE_ACCESS,erigon,0.008995239112376593,0.001,0.008803601924889232,0.009133509822510783,test_account_access,DELEGATECALL,target_coef,presets[cold_account_nocode_access],0.0,0.9666841912923494,0.9665859145704979,AccountMode.NON_EXISTING_ACCOUNT,,DELEGATECALL,899.5239112376593,900,False,False,test_account_access,DELEGATECALL,target_coef
COLD_ACCOUNT_NOCODE_ACCESS,erigon,7.564400386439333e-05,0.001,7.214460594564542e-05,7.90064930078292e-05,test_account_access,EXTCODECOPY,target_coef,presets[cold_account_nocode_access],0.0,0.8649549383438038,0.8645565753300687,AccountMode.NON_EXISTING_ACCOUNT,,EXTCODECOPY,7.564400386439333,8,False,False,test_account_access,EXTCODECOPY,target_coef
COLD_ACCOUNT_NOCODE_ACCESS,erigon,0.008176254558098004,0.001,0.008098712140384632,0.008230448403488973,test_account_access,EXTCODEHASH,target_coef,presets[cold_account_nocode_access],0.0,0.9689740553120922,0.968882533351361,AccountMode.NON_EXISTING_ACCOUNT,,EXTCODEHASH,817.6254558098004,818,False,False,test_account_access,EXTCODEHASH,target_coef
COLD_ACCOUNT_NOCODE_ACCESS,erigon,0.008363690936031789,0.001,0.008224855048569605,0.008431207595788127,test_account_access,EXTCODESIZE,target_coef,presets[cold_account_nocode_access],0.0,0.9661968347855378,0.9660971204338726,AccountMode.NON_EXISTING_ACCOUNT,,EXTCODESIZE,836.3690936031788,837,False,False,test_account_access,EXTCODESIZE,target_coef
COLD_ACCOUNT_NOCODE_ACCESS,erigon,0.01003414924000124,0.001,0.009812100471163807,0.010301701695381069,test_account_access,STATICCALL,target_coef,presets[cold_account_nocode_access],0.0,0.9622300867007707,0.9621186710273216,AccountMode.EXISTING_EOA,,STATICCALL,1003.414924000124,1004,False,False,test_account_access,STATICCALL,target_coef
COLD_ACCOUNT_NOCODE_ACCESS,erigon,0.010974376268760274,0.001,0.01084773016689645,0.011056174837876822,test_account_access,STATICCALL,target_coef,presets[cold_account_nocode_access],0.0,0.9622749821431429,0.962163698904627,AccountMode.NON_EXISTING_ACCOUNT,,STATICCALL,1097.4376268760273,1098,False,True,test_account_access,STATICCALL,target_coef
COLD_ACCOUNT_NOCODE_ACCESS,ethrex,0.007218414916267549,0.001,0.007165440631534593,0.007271736894940948,test_account_access,BALANCE,target_coef,presets[cold_account_nocode_access],0.0,0.9937358297658927,0.9937228335620875,AccountMode.EXISTING_EOA,,BALANCE,721.8414916267549,722,False,False,test_account_access,BALANCE,target_coef
COLD_ACCOUNT_NOCODE_ACCESS,ethrex,0.0020010053010041983,0.001,0.0019658864476809045,0.0020334889126384786,test_account_access,BALANCE,target_coef,presets[cold_account_nocode_access],0.0,0.9656681715428287,0.965596943682959,AccountMode.NON_EXISTING_ACCOUNT,,BALANCE,200.10053010041983,201,False,False,test_account_access,BALANCE,target_coef
COLD_ACCOUNT_NOCODE_ACCESS,ethrex,0.007267909903275611,0.001,0.007216074791982981,0.007324601511768141,test_account_access,CALL,target_coef,presets[cold_account_nocode_access],0.0,0.9934210258012202,0.9934073764771563,AccountMode.EXISTING_EOA,,CALL,726.7909903275611,727,False,True,test_account_access,CALL,target_coef
COLD_ACCOUNT_NOCODE_ACCESS,ethrex,0.002058935760963433,0.001,0.002027987465174074,0.0020917475205913093,test_account_access,CALL,target_coef,presets[cold_account_nocode_access],0.0,0.9663205932781808,0.9662507189903762,AccountMode.NON_EXISTING_ACCOUNT,,CALL,205.89357609634328,206,False,False,test_account_access,CALL,target_coef
COLD_ACCOUNT_NOCODE_ACCESS,ethrex,0.007261501179610949,0.001,0.00721184467668932,0.00731069693689717,test_account_access,CALLCODE,target_coef,presets[cold_account_nocode_access],0.0,0.9937256995765046,0.993712682355709,AccountMode.EXISTING_EOA,,CALLCODE,726.1501179610948,727,False,False,test_account_access,CALLCODE,target_coef
COLD_ACCOUNT_NOCODE_ACCESS,ethrex,0.0020386677027069114,0.001,0.0020060822770101012,0.002071828684665741,test_account_access,CALLCODE,target_coef,presets[cold_account_nocode_access],0.0,0.9674255713467391,0.9673579895445539,AccountMode.NON_EXISTING_ACCOUNT,,CALLCODE,203.86677027069115,204,False,False,test_account_access,CALLCODE,target_coef
COLD_ACCOUNT_NOCODE_ACCESS,ethrex,0.007248262217987602,0.001,0.007193000424395578,0.007296482768932701,test_account_access,DELEGATECALL,target_coef,presets[cold_account_nocode_access],0.0,0.9924156207317668,0.9923998855050692,AccountMode.EXISTING_EOA,,DELEGATECALL,724.8262217987602,725,False,False,test_account_access,DELEGATECALL,target_coef
COLD_ACCOUNT_NOCODE_ACCESS,ethrex,0.0020401205510129903,0.001,0.0020081232453437025,0.002071017364451675,test_account_access,DELEGATECALL,target_coef,presets[cold_account_nocode_access],0.0,0.9669400355907566,0.9668714464529781,AccountMode.NON_EXISTING_ACCOUNT,,DELEGATECALL,204.012055101299,205,False,False,test_account_access,DELEGATECALL,target_coef
COLD_ACCOUNT_NOCODE_ACCESS,ethrex,3.208627621346993e-05,0.001,2.7898297733945337e-05,3.616388621548556e-05,test_account_access,EXTCODECOPY,target_coef,presets[cold_account_nocode_access],0.0,0.3042916725772695,0.30284829430460836,AccountMode.NON_EXISTING_ACCOUNT,,EXTCODECOPY,3.208627621346993,4,True,False,test_account_access,EXTCODECOPY,target_coef
COLD_ACCOUNT_NOCODE_ACCESS,ethrex,0.0019963464466494847,0.001,0.0019666079486504507,0.0020262389464652734,test_account_access,EXTCODEHASH,target_coef,presets[cold_account_nocode_access],0.0,0.9647191382390679,0.9646459414304352,AccountMode.NON_EXISTING_ACCOUNT,,EXTCODEHASH,199.6346446649485,200,False,False,test_account_access,EXTCODEHASH,target_coef
COLD_ACCOUNT_NOCODE_ACCESS,ethrex,0.001968792983815414,0.001,0.0019378232617811857,0.0020009405533923073,test_account_access,EXTCODESIZE,target_coef,presets[cold_account_nocode_access],0.0,0.9661473041713983,0.9660770703626252,AccountMode.NON_EXISTING_ACCOUNT,,EXTCODESIZE,196.87929838154142,197,False,False,test_account_access,EXTCODESIZE,target_coef
COLD_ACCOUNT_NOCODE_ACCESS,ethrex,0.007247260786129673,0.001,0.007188267696953,0.007303949833901355,test_account_access,STATICCALL,target_coef,presets[cold_account_nocode_access],0.0,0.992806697282148,0.9927917734175882,AccountMode.EXISTING_EOA,,STATICCALL,724.7260786129673,725,False,False,test_account_access,STATICCALL,target_coef
COLD_ACCOUNT_NOCODE_ACCESS,ethrex,0.002023699662350645,0.001,0.0019888071771885603,0.0020587598947962747,test_account_access,STATICCALL,target_coef,presets[cold_account_nocode_access],0.0,0.9652809331264313,0.9652089018673575,AccountMode.NON_EXISTING_ACCOUNT,,STATICCALL,202.3699662350645,203,False,False,test_account_access,STATICCALL,target_coef
COLD_ACCOUNT_NOCODE_ACCESS,geth,0.010678454644385809,0.001,0.010326426375911128,0.011004200981503768,test_account_access,BALANCE,target_coef,presets[cold_account_nocode_access],0.0,0.9150577632431273,0.9148731062066993,AccountMode.EXISTING_EOA,,BALANCE,1067.8454644385808,1068,False,False,test_account_access,BALANCE,target_coef
COLD_ACCOUNT_NOCODE_ACCESS,geth,0.02158070198848968,0.001,0.020749177940296102,0.0224627914661503,test_account_access,BALANCE,target_coef,presets[cold_account_nocode_access],0.0,0.8588910993643608,0.8585843408847181,AccountMode.NON_EXISTING_ACCOUNT,,BALANCE,2158.0701988489677,2159,False,False,test_account_access,BALANCE,target_coef
COLD_ACCOUNT_NOCODE_ACCESS,geth,0.010870844074770488,0.001,0.010519039035468879,0.01121266577747451,test_account_access,CALL,target_coef,presets[cold_account_nocode_access],0.0,0.9124546626399811,0.9122643466891984,AccountMode.EXISTING_EOA,,CALL,1087.0844074770487,1088,False,False,test_account_access,CALL,target_coef
COLD_ACCOUNT_NOCODE_ACCESS,geth,0.02202500522485042,0.001,0.021169121478082795,0.02292084598773384,test_account_access,CALL,target_coef,presets[cold_account_nocode_access],0.0,0.8627627429685775,0.8624644011054656,AccountMode.NON_EXISTING_ACCOUNT,,CALL,2202.500522485042,2203,False,False,test_account_access,CALL,target_coef
COLD_ACCOUNT_NOCODE_ACCESS,geth,0.011100365988563057,0.001,0.0107456314135464,0.01142918073420883,test_account_access,CALLCODE,target_coef,presets[cold_account_nocode_access],0.0,0.9180309435367385,0.9178527499357314,AccountMode.EXISTING_EOA,,CALLCODE,1110.0365988563058,1111,False,False,test_account_access,CALLCODE,target_coef
COLD_ACCOUNT_NOCODE_ACCESS,geth,0.022573409768483398,0.001,0.021665117064767196,0.023454208741156717,test_account_access,CALLCODE,target_coef,presets[cold_account_nocode_access],0.0,0.8675603505286398,0.8672724382471803,AccountMode.NON_EXISTING_ACCOUNT,,CALLCODE,2257.34097684834,2258,False,False,test_account_access,CALLCODE,target_coef
COLD_ACCOUNT_NOCODE_ACCESS,geth,0.011034514294331535,0.001,0.010685550924484248,0.011373050228202237,test_account_access,DELEGATECALL,target_coef,presets[cold_account_nocode_access],0.0,0.9149740317712849,0.9147891927099181,AccountMode.EXISTING_EOA,,DELEGATECALL,1103.4514294331534,1104,False,False,test_account_access,DELEGATECALL,target_coef
COLD_ACCOUNT_NOCODE_ACCESS,geth,0.022377660893191462,0.001,0.02158024377415644,0.023197430867527513,test_account_access,DELEGATECALL,target_coef,presets[cold_account_nocode_access],0.0,0.8677516435101045,0.8674641470829525,AccountMode.NON_EXISTING_ACCOUNT,,DELEGATECALL,2237.7660893191464,2238,False,False,test_account_access,DELEGATECALL,target_coef
COLD_ACCOUNT_NOCODE_ACCESS,geth,0.0003569805214327739,0.001,0.00034823564045415934,0.0003652369502709664,test_account_access,EXTCODECOPY,target_coef,presets[cold_account_nocode_access],0.0,0.9387988885107544,0.9386658426162126,AccountMode.NON_EXISTING_ACCOUNT,,EXTCODECOPY,35.69805214327739,36,False,False,test_account_access,EXTCODECOPY,target_coef
COLD_ACCOUNT_NOCODE_ACCESS,geth,0.02173547061450969,0.001,0.020904477834507672,0.022555285822289346,test_account_access,EXTCODEHASH,target_coef,presets[cold_account_nocode_access],0.0,0.8641765676630507,0.8638812993318834,AccountMode.NON_EXISTING_ACCOUNT,,EXTCODEHASH,2173.547061450969,2174,False,False,test_account_access,EXTCODEHASH,target_coef
COLD_ACCOUNT_NOCODE_ACCESS,geth,0.021686103479187008,0.001,0.020834901195303058,0.022533830694216106,test_account_access,EXTCODESIZE,target_coef,presets[cold_account_nocode_access],0.0,0.8631892141190717,0.8628917993671567,AccountMode.NON_EXISTING_ACCOUNT,,EXTCODESIZE,2168.610347918701,2169,False,False,test_account_access,EXTCODESIZE,target_coef
COLD_ACCOUNT_NOCODE_ACCESS,geth,0.011080399958880872,0.001,0.010730824294167768,0.011434265387988413,test_account_access,STATICCALL,target_coef,presets[cold_account_nocode_access],0.0,0.915839608450985,0.9156566510780524,AccountMode.EXISTING_EOA,,STATICCALL,1108.039995888087,1109,False,False,test_account_access,STATICCALL,target_coef
COLD_ACCOUNT_NOCODE_ACCESS,geth,0.022674761764496856,0.001,0.021729357712146884,0.023566784621616516,test_account_access,STATICCALL,target_coef,presets[cold_account_nocode_access],0.0,0.8669352232905478,0.8666459520368317,AccountMode.NON_EXISTING_ACCOUNT,,STATICCALL,2267.4761764496857,2268,False,True,test_account_access,STATICCALL,target_coef
COLD_ACCOUNT_NOCODE_ACCESS,nethermind,0.004150806936027707,0.001,0.003946876380254733,0.004340721562008186,test_account_access,BALANCE,target_coef,presets[cold_account_nocode_access],0.0,0.8114486117946671,0.810970054971811,AccountMode.EXISTING_EOA,,BALANCE,415.0806936027707,416,False,False,test_account_access,BALANCE,target_coef
COLD_ACCOUNT_NOCODE_ACCESS,nethermind,0.0038939877140702476,0.001,0.0036967527077769627,0.004082447099031097,test_account_access,BALANCE,target_coef,presets[cold_account_nocode_access],0.0,0.7995860535891292,0.7990773887505229,AccountMode.NON_EXISTING_ACCOUNT,,BALANCE,389.39877140702475,390,False,False,test_account_access,BALANCE,target_coef
COLD_ACCOUNT_NOCODE_ACCESS,nethermind,0.004582556775238155,0.001,0.004378530437968967,0.004803592211294634,test_account_access,CALL,target_coef,presets[cold_account_nocode_access],0.0,0.8126555094647805,0.8121800158339805,AccountMode.EXISTING_EOA,,CALL,458.2556775238155,459,False,True,test_account_access,CALL,target_coef
COLD_ACCOUNT_NOCODE_ACCESS,nethermind,0.004302246021616236,0.001,0.004054303736298025,0.004550105679923704,test_account_access,CALL,target_coef,presets[cold_account_nocode_access],0.0,0.7868666227600812,0.7863256751021119,AccountMode.NON_EXISTING_ACCOUNT,,CALL,430.2246021616236,431,False,False,test_account_access,CALL,target_coef
COLD_ACCOUNT_NOCODE_ACCESS,nethermind,0.004328798875458708,0.001,0.00409842136465018,0.0045668728692170495,test_account_access,CALLCODE,target_coef,presets[cold_account_nocode_access],0.0,0.7814047832169275,0.7808499730220466,AccountMode.EXISTING_EOA,,CALLCODE,432.8798875458708,433,False,False,test_account_access,CALLCODE,target_coef
COLD_ACCOUNT_NOCODE_ACCESS,nethermind,0.004186619595560259,0.001,0.00398917154525726,0.004390149659261654,test_account_access,CALLCODE,target_coef,presets[cold_account_nocode_access],0.0,0.8110397982357778,0.8105602038150563,AccountMode.NON_EXISTING_ACCOUNT,,CALLCODE,418.6619595560259,419,False,False,test_account_access,CALLCODE,target_coef
COLD_ACCOUNT_NOCODE_ACCESS,nethermind,0.004453749293849833,0.001,0.004214748674232811,0.004685125142466833,test_account_access,DELEGATECALL,target_coef,presets[cold_account_nocode_access],0.0,0.7671707500208821,0.766579812838194,AccountMode.EXISTING_EOA,,DELEGATECALL,445.3749293849833,446,False,False,test_account_access,DELEGATECALL,target_coef
COLD_ACCOUNT_NOCODE_ACCESS,nethermind,0.004427545982621995,0.001,0.00419211519592207,0.004660030288096133,test_account_access,DELEGATECALL,target_coef,presets[cold_account_nocode_access],0.0,0.7738815642458419,0.7733076595865673,AccountMode.NON_EXISTING_ACCOUNT,,DELEGATECALL,442.75459826219947,443,False,False,test_account_access,DELEGATECALL,target_coef
COLD_ACCOUNT_NOCODE_ACCESS,nethermind,0.00031632441303062775,0.001,0.00029412642299311126,0.0003392924598912249,test_account_access,EXTCODECOPY,target_coef,presets[cold_account_nocode_access],0.0,0.6807429027247,0.6799326055234935,AccountMode.NON_EXISTING_ACCOUNT,,EXTCODECOPY,31.632441303062777,32,False,False,test_account_access,EXTCODECOPY,target_coef
COLD_ACCOUNT_NOCODE_ACCESS,nethermind,0.0039438534637142,0.001,0.003711410244390679,0.004180538723438906,test_account_access,EXTCODEHASH,target_coef,presets[cold_account_nocode_access],0.0,0.7719986204994553,0.7714199367951393,AccountMode.NON_EXISTING_ACCOUNT,,EXTCODEHASH,394.38534637142,395,False,False,test_account_access,EXTCODEHASH,target_coef
COLD_ACCOUNT_NOCODE_ACCESS,nethermind,0.004065081196769378,0.001,0.00386871285961266,0.00427023385171553,test_account_access,EXTCODESIZE,target_coef,presets[cold_account_nocode_access],0.0,0.7975773351951365,0.7970635720864947,AccountMode.NON_EXISTING_ACCOUNT,,EXTCODESIZE,406.5081196769378,407,False,False,test_account_access,EXTCODESIZE,target_coef
COLD_ACCOUNT_NOCODE_ACCESS,nethermind,0.0044803392926633144,0.001,0.004247880736702522,0.004696878822909855,test_account_access,STATICCALL,target_coef,presets[cold_account_nocode_access],0.0,0.8058239018718205,0.8053310691354546,AccountMode.EXISTING_EOA,,STATICCALL,448.0339292663314,449,False,False,test_account_access,STATICCALL,target_coef
COLD_ACCOUNT_NOCODE_ACCESS,nethermind,0.004352674256995433,0.001,0.004140326541661944,0.004572131927906893,test_account_access,STATICCALL,target_coef,presets[cold_account_nocode_access],0.0,0.8051316279668995,0.8046370381901657,AccountMode.NON_EXISTING_ACCOUNT,,STATICCALL,435.26742569954325,436,False,False,test_account_access,STATICCALL,target_coef
COLD_ACCOUNT_NOCODE_ACCESS,reth,0.0010463194462840763,0.001,0.0010212611015243656,0.001073142532399795,test_account_access,BALANCE,target_coef,presets[cold_account_nocode_access],0.0,0.922829741141137,0.9226969179761476,AccountMode.EXISTING_EOA,,BALANCE,104.63194462840762,105,False,False,test_account_access,BALANCE,target_coef
COLD_ACCOUNT_NOCODE_ACCESS,reth,0.0007126108254081256,0.001,0.0006899362913542995,0.0007364445368157855,test_account_access,BALANCE,target_coef,presets[cold_account_nocode_access],0.0,0.8800342430140022,0.8798277615045599,AccountMode.NON_EXISTING_ACCOUNT,,BALANCE,71.26108254081255,72,False,False,test_account_access,BALANCE,target_coef
COLD_ACCOUNT_NOCODE_ACCESS,reth,0.0010790803702698498,0.001,0.0010511360562614265,0.001105800650197346,test_account_access,CALL,target_coef,presets[cold_account_nocode_access],0.0,0.9220130619995448,0.9218788331905939,AccountMode.EXISTING_EOA,,CALL,107.90803702698499,108,False,False,test_account_access,CALL,target_coef
COLD_ACCOUNT_NOCODE_ACCESS,reth,0.0007521441714200169,0.001,0.0007306774557779865,0.0007770948170392203,test_account_access,CALL,target_coef,presets[cold_account_nocode_access],0.0,0.8785103517470287,0.8783012473610512,AccountMode.NON_EXISTING_ACCOUNT,,CALL,75.2144171420017,76,False,False,test_account_access,CALL,target_coef
COLD_ACCOUNT_NOCODE_ACCESS,reth,0.0010736369380851152,0.001,0.001049543378239014,0.0010983350243316413,test_account_access,CALLCODE,target_coef,presets[cold_account_nocode_access],0.0,0.9257873382025573,0.9256596055660729,AccountMode.EXISTING_EOA,,CALLCODE,107.36369380851153,108,False,False,test_account_access,CALLCODE,target_coef
COLD_ACCOUNT_NOCODE_ACCESS,reth,0.0007477820359402791,0.001,0.0007245356960300989,0.0007714813198728364,test_account_access,CALLCODE,target_coef,presets[cold_account_nocode_access],0.0,0.8725160972470996,0.8722966757277314,AccountMode.NON_EXISTING_ACCOUNT,,CALLCODE,74.7782035940279,75,False,False,test_account_access,CALLCODE,target_coef
COLD_ACCOUNT_NOCODE_ACCESS,reth,0.0010802611498977569,0.001,0.0010553408295673307,0.0011050988799203275,test_account_access,DELEGATECALL,target_coef,presets[cold_account_nocode_access],0.0,0.9260327527207464,0.9259054424844654,AccountMode.EXISTING_EOA,,DELEGATECALL,108.02611498977568,109,False,False,test_account_access,DELEGATECALL,target_coef
COLD_ACCOUNT_NOCODE_ACCESS,reth,0.0007560962422008916,0.001,0.0007335887249449565,0.0007788004364571087,test_account_access,DELEGATECALL,target_coef,presets[cold_account_nocode_access],0.0,0.8665641094432349,0.8663344435386622,AccountMode.NON_EXISTING_ACCOUNT,,DELEGATECALL,75.60962422008916,76,False,False,test_account_access,DELEGATECALL,target_coef
COLD_ACCOUNT_NOCODE_ACCESS,reth,2.30486953868435e-05,0.001,2.109222350835423e-05,2.4890436569291454e-05,test_account_access,EXTCODECOPY,target_coef,presets[cold_account_nocode_access],0.0,0.5099972377589398,0.5091538595106764,AccountMode.NON_EXISTING_ACCOUNT,,EXTCODECOPY,2.30486953868435,3,False,False,test_account_access,EXTCODECOPY,target_coef
COLD_ACCOUNT_NOCODE_ACCESS,reth,0.0007142783159087713,0.001,0.0006919134819533512,0.0007383963166667086,test_account_access,EXTCODEHASH,target_coef,presets[cold_account_nocode_access],0.0,0.8715491271920596,0.871328041352459,AccountMode.NON_EXISTING_ACCOUNT,,EXTCODEHASH,71.42783159087713,72,False,False,test_account_access,EXTCODEHASH,target_coef
COLD_ACCOUNT_NOCODE_ACCESS,reth,0.0006902286928378433,0.001,0.0006699696652227094,0.0007096438948746125,test_account_access,EXTCODESIZE,target_coef,presets[cold_account_nocode_access],0.0,0.8694288799560119,0.8692041448096367,AccountMode.NON_EXISTING_ACCOUNT,,EXTCODESIZE,69.02286928378433,70,False,False,test_account_access,EXTCODESIZE,target_coef
COLD_ACCOUNT_NOCODE_ACCESS,reth,0.001095960936495253,0.001,0.0010705581102861423,0.0011204314526000172,test_account_access,STATICCALL,target_coef,presets[cold_account_nocode_access],0.0,0.9267609319270032,0.9266348750112149,AccountMode.EXISTING_EOA,,STATICCALL,109.59609364952532,110,False,True,test_account_access,STATICCALL,target_coef
COLD_ACCOUNT_NOCODE_ACCESS,reth,0.000766906575158333,0.001,0.0007436366759618337,0.0007909974443030031,test_account_access,STATICCALL,target_coef,presets[cold_account_nocode_access],0.0,0.8843344973469716,0.8841354173079818,AccountMode.NON_EXISTING_ACCOUNT,,STATICCALL,76.6906575158333,77,False,False,test_account_access,STATICCALL,target_coef
COLD_ACCOUNT_CODE_ACCESS,besu,0.02545289688763275,0.001,0.024695463938641266,0.02616029891310302,test_account_access,BALANCE,target_coef,presets[cold_account_code_access],0.0,0.8536441160106777,0.8534216906550708,AccountMode.EXISTING_CONTRACT,,BALANCE,2545.289688763275,2546,False,False,test_account_access,BALANCE,target_coef
COLD_ACCOUNT_CODE_ACCESS,besu,0.013411444046142126,0.001,0.012832618185671519,0.013982312005366893,test_account_access,BALANCE,target_coef,presets[cold_account_code_access],0.0,0.7566902580975228,0.7563204864532941,AccountMode.NON_EXISTING_ACCOUNT,,BALANCE,1341.1444046142126,1342,False,False,test_account_access,BALANCE,target_coef
COLD_ACCOUNT_CODE_ACCESS,besu,0.02772601857133817,0.001,0.02686856519193303,0.02858642154129204,test_account_access,CALL,target_coef,presets[cold_account_code_access],0.0,0.8517941351088595,0.8515688982321252,AccountMode.EXISTING_CONTRACT,,CALL,2772.601857133817,2773,False,True,test_account_access,CALL,target_coef
COLD_ACCOUNT_CODE_ACCESS,besu,0.015785058226289922,0.001,0.015200370461173581,0.01639077873817183,test_account_access,CALL,target_coef,presets[cold_account_code_access],0.0,0.7811355262377473,0.7808029054569536,AccountMode.NON_EXISTING_ACCOUNT,,CALL,1578.505822628992,1579,False,False,test_account_access,CALL,target_coef
COLD_ACCOUNT_CODE_ACCESS,besu,0.02752517233649826,0.001,0.026709927296879397,0.02837003007052059,test_account_access,CALLCODE,target_coef,presets[cold_account_code_access],0.0,0.8533720857953562,0.8531492470199692,AccountMode.EXISTING_CONTRACT,,CALLCODE,2752.5172336498263,2753,False,False,test_account_access,CALLCODE,target_coef
COLD_ACCOUNT_CODE_ACCESS,besu,0.01481314482131853,0.001,0.014276403277328134,0.01537779916988498,test_account_access,CALLCODE,target_coef,presets[cold_account_code_access],0.0,0.7974740519640222,0.7971662617694386,AccountMode.NON_EXISTING_ACCOUNT,,CALLCODE,1481.314482131853,1482,False,False,test_account_access,CALLCODE,target_coef
COLD_ACCOUNT_CODE_ACCESS,besu,0.027253510066973047,0.001,0.02636396649956602,0.02805344098114584,test_account_access,DELEGATECALL,target_coef,presets[cold_account_code_access],0.0,0.8443779931280208,0.8441414855187928,AccountMode.EXISTING_CONTRACT,,DELEGATECALL,2725.3510066973045,2726,False,False,test_account_access,DELEGATECALL,target_coef
COLD_ACCOUNT_CODE_ACCESS,besu,0.014887065104576512,0.001,0.014348420993357114,0.015414525695415208,test_account_access,DELEGATECALL,target_coef,presets[cold_account_code_access],0.0,0.7997853171552881,0.7994810395217855,AccountMode.NON_EXISTING_ACCOUNT,,DELEGATECALL,1488.7065104576511,1489,False,False,test_account_access,DELEGATECALL,target_coef
COLD_ACCOUNT_CODE_ACCESS,besu,0.0018576568599095583,0.001,0.001646904249166565,0.0020580558892561926,test_account_access,EXTCODECOPY,target_coef,presets[cold_account_code_access],0.0,0.30756196280970316,0.30650962536716475,AccountMode.EXISTING_CONTRACT,,EXTCODECOPY,185.76568599095583,186,True,False,test_account_access,EXTCODECOPY,target_coef
COLD_ACCOUNT_CODE_ACCESS,besu,0.0004258939681507403,0.001,0.0003530248157282345,0.0004929901763556797,test_account_access,EXTCODECOPY,target_coef,presets[cold_account_code_access],0.0,0.17337136948361975,0.17211509496915722,AccountMode.NON_EXISTING_ACCOUNT,,EXTCODECOPY,42.589396815074025,43,True,False,test_account_access,EXTCODECOPY,target_coef
COLD_ACCOUNT_CODE_ACCESS,besu,0.025342205986962817,0.001,0.024591406055834857,0.02609391211089694,test_account_access,EXTCODEHASH,target_coef,presets[cold_account_code_access],0.0,0.8526700535703418,0.8524461478766796,AccountMode.EXISTING_CONTRACT,,EXTCODEHASH,2534.2205986962817,2535,False,False,test_account_access,EXTCODEHASH,target_coef
COLD_ACCOUNT_CODE_ACCESS,besu,0.013133473205115043,0.001,0.012579693923907382,0.013694741079964861,test_account_access,EXTCODEHASH,target_coef,presets[cold_account_code_access],0.0,0.7488674241549889,0.7484857637053763,AccountMode.NON_EXISTING_ACCOUNT,,EXTCODEHASH,1313.3473205115042,1314,False,False,test_account_access,EXTCODEHASH,target_coef
COLD_ACCOUNT_CODE_ACCESS,besu,0.025521981485358138,0.001,0.024816711937670162,0.026269494258002245,test_account_access,EXTCODESIZE,target_coef,presets[cold_account_code_access],0.0,0.8514887497345619,0.8512630487463165,AccountMode.EXISTING_CONTRACT,,EXTCODESIZE,2552.1981485358137,2553,False,False,test_account_access,EXTCODESIZE,target_coef
COLD_ACCOUNT_CODE_ACCESS,besu,0.013249516451334334,0.001,0.012704152137727104,0.013791141332893933,test_account_access,EXTCODESIZE,target_coef,presets[cold_account_code_access],0.0,0.7575779359109948,0.7572095133211938,AccountMode.NON_EXISTING_ACCOUNT,,EXTCODESIZE,1324.9516451334334,1325,False,False,test_account_access,EXTCODESIZE,target_coef
COLD_ACCOUNT_CODE_ACCESS,besu,0.027711259614093132,0.001,0.026867168857175473,0.02855321466807664,test_account_access,STATICCALL,target_coef,presets[cold_account_code_access],0.0,0.8516512336869003,0.8514257796347527,AccountMode.EXISTING_CONTRACT,,STATICCALL,2771.1259614093133,2772,False,False,test_account_access,STATICCALL,target_coef
COLD_ACCOUNT_CODE_ACCESS,besu,0.015651690728523637,0.001,0.0150114612137956,0.016290935921189673,test_account_access,STATICCALL,target_coef,presets[cold_account_code_access],0.0,0.784304654725303,0.7839768502492016,AccountMode.NON_EXISTING_ACCOUNT,,STATICCALL,1565.1690728523636,1566,False,False,test_account_access,STATICCALL,target_coef
COLD_ACCOUNT_CODE_ACCESS,erigon,0.02445898722875649,0.001,0.023748293367244013,0.02508414213757386,test_account_access,BALANCE,target_coef,presets[cold_account_code_access],0.0,0.9314796724416119,0.9312775475815577,AccountMode.EXISTING_CONTRACT,,BALANCE,2445.898722875649,2446,False,True,test_account_access,BALANCE,target_coef
COLD_ACCOUNT_CODE_ACCESS,erigon,0.008495017783551452,0.001,0.008367751877001041,0.008554002624302814,test_account_access,BALANCE,target_coef,presets[cold_account_code_access],0.0,0.9692484435089257,0.9691577309529048,AccountMode.NON_EXISTING_ACCOUNT,,BALANCE,849.5017783551451,850,False,False,test_account_access,BALANCE,target_coef
COLD_ACCOUNT_CODE_ACCESS,erigon,0.029092009012077983,0.001,0.025376958816951928,0.03322731846725255,test_account_access,CALL,target_coef,presets[cold_account_code_access],0.0,0.394458704841416,0.39267244733357354,AccountMode.EXISTING_CONTRACT,,CALL,2909.2009012077983,2910,True,False,test_account_access,CALL,target_coef
COLD_ACCOUNT_CODE_ACCESS,erigon,0.009686909232940268,0.001,0.0094890467472309,0.009761234583333944,test_account_access,CALL,target_coef,presets[cold_account_code_access],0.0,0.970874190609298,0.9707882737674376,AccountMode.NON_EXISTING_ACCOUNT,,CALL,968.6909232940269,969,False,False,test_account_access,CALL,target_coef
COLD_ACCOUNT_CODE_ACCESS,erigon,0.02802610024885122,0.001,0.023940976314601823,0.03214274723378614,test_account_access,CALLCODE,target_coef,presets[cold_account_code_access],0.0,0.3672155050574383,0.36534888412840416,AccountMode.EXISTING_CONTRACT,,CALLCODE,2802.6100248851217,2803,True,False,test_account_access,CALLCODE,target_coef
COLD_ACCOUNT_CODE_ACCESS,erigon,0.008995522192498846,0.001,0.008811156236368177,0.009141954670716579,test_account_access,CALLCODE,target_coef,presets[cold_account_code_access],0.0,0.9667723756784052,0.9666743590874861,AccountMode.NON_EXISTING_ACCOUNT,,CALLCODE,899.5522192498846,900,False,False,test_account_access,CALLCODE,target_coef
COLD_ACCOUNT_CODE_ACCESS,erigon,0.028092696500728088,0.001,0.024190321574312366,0.03230563449001135,test_account_access,DELEGATECALL,target_coef,presets[cold_account_code_access],0.0,0.37263963683672574,0.370789016296421,AccountMode.EXISTING_CONTRACT,,DELEGATECALL,2809.269650072809,2810,True,False,test_account_access,DELEGATECALL,target_coef
COLD_ACCOUNT_CODE_ACCESS,erigon,0.008995239112376593,0.001,0.008803601924889232,0.009133509822510783,test_account_access,DELEGATECALL,target_coef,presets[cold_account_code_access],0.0,0.9666841912923494,0.9665859145704979,AccountMode.NON_EXISTING_ACCOUNT,,DELEGATECALL,899.5239112376593,900,False,False,test_account_access,DELEGATECALL,target_coef
COLD_ACCOUNT_CODE_ACCESS,erigon,0.0003256897156885344,0.001,0.00031273545992893735,0.00033839956204451225,test_account_access,EXTCODECOPY,target_coef,presets[cold_account_code_access],0.0,0.8882420265730687,0.8879123570349362,AccountMode.EXISTING_CONTRACT,,EXTCODECOPY,32.56897156885344,33,False,False,test_account_access,EXTCODECOPY,target_coef
COLD_ACCOUNT_CODE_ACCESS,erigon,7.564400386439333e-05,0.001,7.214460594564542e-05,7.90064930078292e-05,test_account_access,EXTCODECOPY,target_coef,presets[cold_account_code_access],0.0,0.8649549383438038,0.8645565753300687,AccountMode.NON_EXISTING_ACCOUNT,,EXTCODECOPY,7.564400386439333,8,False,False,test_account_access,EXTCODECOPY,target_coef
COLD_ACCOUNT_CODE_ACCESS,erigon,0.024067938423213364,0.001,0.023406843324425195,0.02466216783476782,test_account_access,EXTCODEHASH,target_coef,presets[cold_account_code_access],0.0,0.9316210598973622,0.9314193521094488,AccountMode.EXISTING_CONTRACT,,EXTCODEHASH,2406.7938423213363,2407,False,False,test_account_access,EXTCODEHASH,target_coef
COLD_ACCOUNT_CODE_ACCESS,erigon,0.008176254558098004,0.001,0.008098712140384632,0.008230448403488973,test_account_access,EXTCODEHASH,target_coef,presets[cold_account_code_access],0.0,0.9689740553120922,0.968882533351361,AccountMode.NON_EXISTING_ACCOUNT,,EXTCODEHASH,817.6254558098004,818,False,False,test_account_access,EXTCODEHASH,target_coef
COLD_ACCOUNT_CODE_ACCESS,erigon,0.027710314664244548,0.001,0.023792358923042524,0.03171024718610016,test_account_access,EXTCODESIZE,target_coef,presets[cold_account_code_access],0.0,0.3684390615448502,0.36657604992698833,AccountMode.EXISTING_CONTRACT,,EXTCODESIZE,2771.0314664244547,2772,True,False,test_account_access,EXTCODESIZE,target_coef
COLD_ACCOUNT_CODE_ACCESS,erigon,0.008363690936031789,0.001,0.008224855048569605,0.008431207595788127,test_account_access,EXTCODESIZE,target_coef,presets[cold_account_code_access],0.0,0.9661968347855378,0.9660971204338726,AccountMode.NON_EXISTING_ACCOUNT,,EXTCODESIZE,836.3690936031788,837,False,False,test_account_access,EXTCODESIZE,target_coef
COLD_ACCOUNT_CODE_ACCESS,erigon,0.027992011069277987,0.001,0.024396654160424792,0.03198916142044155,test_account_access,STATICCALL,target_coef,presets[cold_account_code_access],0.0,0.37073445067265476,0.368878210114167,AccountMode.EXISTING_CONTRACT,,STATICCALL,2799.2011069277987,2800,True,False,test_account_access,STATICCALL,target_coef
COLD_ACCOUNT_CODE_ACCESS,erigon,0.010974376268760274,0.001,0.01084773016689645,0.011056174837876822,test_account_access,STATICCALL,target_coef,presets[cold_account_code_access],0.0,0.9622749821431429,0.962163698904627,AccountMode.NON_EXISTING_ACCOUNT,,STATICCALL,1097.4376268760273,1098,False,False,test_account_access,STATICCALL,target_coef
COLD_ACCOUNT_CODE_ACCESS,ethrex,0.00770194352572936,0.001,0.007645023738377338,0.007751480286699185,test_account_access,BALANCE,target_coef,presets[cold_account_code_access],0.0,0.992671376835563,0.9926561722231886,AccountMode.EXISTING_CONTRACT,,BALANCE,770.1943525729359,771,False,False,test_account_access,BALANCE,target_coef
COLD_ACCOUNT_CODE_ACCESS,ethrex,0.0020010053010041983,0.001,0.0019658864476809045,0.0020334889126384786,test_account_access,BALANCE,target_coef,presets[cold_account_code_access],0.0,0.9656681715428287,0.965596943682959,AccountMode.NON_EXISTING_ACCOUNT,,BALANCE,200.10053010041983,201,False,False,test_account_access,BALANCE,target_coef
COLD_ACCOUNT_CODE_ACCESS,ethrex,0.007859743087158656,0.001,0.0078067136570955315,0.007912753849476012,test_account_access,CALL,target_coef,presets[cold_account_code_access],0.0,0.9934386796766795,0.9934250669789133,AccountMode.EXISTING_CONTRACT,,CALL,785.9743087158656,786,False,False,test_account_access,CALL,target_coef
COLD_ACCOUNT_CODE_ACCESS,ethrex,0.002058935760963433,0.001,0.002027987465174074,0.0020917475205913093,test_account_access,CALL,target_coef,presets[cold_account_code_access],0.0,0.9663205932781808,0.9662507189903762,AccountMode.NON_EXISTING_ACCOUNT,,CALL,205.89357609634328,206,False,False,test_account_access,CALL,target_coef
COLD_ACCOUNT_CODE_ACCESS,ethrex,0.007869029207102618,0.001,0.007811049067640673,0.007926833224919936,test_account_access,CALLCODE,target_coef,presets[cold_account_code_access],0.0,0.9937769397496686,0.9937640288362862,AccountMode.EXISTING_CONTRACT,,CALLCODE,786.9029207102618,787,False,False,test_account_access,CALLCODE,target_coef
COLD_ACCOUNT_CODE_ACCESS,ethrex,0.0020386677027069114,0.001,0.0020060822770101012,0.002071828684665741,test_account_access,CALLCODE,target_coef,presets[cold_account_code_access],0.0,0.9674255713467391,0.9673579895445539,AccountMode.NON_EXISTING_ACCOUNT,,CALLCODE,203.86677027069115,204,False,False,test_account_access,CALLCODE,target_coef
COLD_ACCOUNT_CODE_ACCESS,ethrex,0.007905701622102981,0.001,0.007845976353695272,0.007965232654279775,test_account_access,DELEGATECALL,target_coef,presets[cold_account_code_access],0.0,0.9921992150974877,0.9921830308964451,AccountMode.EXISTING_CONTRACT,,DELEGATECALL,790.5701622102981,791,False,True,test_account_access,DELEGATECALL,target_coef
COLD_ACCOUNT_CODE_ACCESS,ethrex,0.0020401205510129903,0.001,0.0020081232453437025,0.002071017364451675,test_account_access,DELEGATECALL,target_coef,presets[cold_account_code_access],0.0,0.9669400355907566,0.9668714464529781,AccountMode.NON_EXISTING_ACCOUNT,,DELEGATECALL,204.012055101299,205,False,False,test_account_access,DELEGATECALL,target_coef
COLD_ACCOUNT_CODE_ACCESS,ethrex,0.00021875120153390664,0.001,0.00020759354005940342,0.00022986008727600673,test_account_access,EXTCODECOPY,target_coef,presets[cold_account_code_access],0.0,0.7997277307534734,0.7993122281201818,AccountMode.EXISTING_CONTRACT,,EXTCODECOPY,21.875120153390665,22,False,False,test_account_access,EXTCODECOPY,target_coef
COLD_ACCOUNT_CODE_ACCESS,ethrex,3.208627621346993e-05,0.001,2.7898297733945337e-05,3.616388621548556e-05,test_account_access,EXTCODECOPY,target_coef,presets[cold_account_code_access],0.0,0.3042916725772695,0.30284829430460836,AccountMode.NON_EXISTING_ACCOUNT,,EXTCODECOPY,3.208627621346993,4,True,False,test_account_access,EXTCODECOPY,target_coef
COLD_ACCOUNT_CODE_ACCESS,ethrex,0.007775677422058823,0.001,0.007720779141084682,0.00783227674906125,test_account_access,EXTCODEHASH,target_coef,presets[cold_account_code_access],0.0,0.9934525706249393,0.9934389867465678,AccountMode.EXISTING_CONTRACT,,EXTCODEHASH,777.5677422058824,778,False,False,test_account_access,EXTCODEHASH,target_coef
COLD_ACCOUNT_CODE_ACCESS,ethrex,0.0019963464466494847,0.001,0.0019666079486504507,0.0020262389464652734,test_account_access,EXTCODEHASH,target_coef,presets[cold_account_code_access],0.0,0.9647191382390679,0.9646459414304352,AccountMode.NON_EXISTING_ACCOUNT,,EXTCODEHASH,199.6346446649485,200,False,False,test_account_access,EXTCODEHASH,target_coef
COLD_ACCOUNT_CODE_ACCESS,ethrex,0.007751091717914456,0.001,0.007688217368624971,0.007811761993737998,test_account_access,EXTCODESIZE,target_coef,presets[cold_account_code_access],0.0,0.993148745231324,0.9931345310098122,AccountMode.EXISTING_CONTRACT,,EXTCODESIZE,775.1091717914455,776,False,False,test_account_access,EXTCODESIZE,target_coef
COLD_ACCOUNT_CODE_ACCESS,ethrex,0.001968792983815414,0.001,0.0019378232617811857,0.0020009405533923073,test_account_access,EXTCODESIZE,target_coef,presets[cold_account_code_access],0.0,0.9661473041713983,0.9660770703626252,AccountMode.NON_EXISTING_ACCOUNT,,EXTCODESIZE,196.87929838154142,197,False,False,test_account_access,EXTCODESIZE,target_coef
COLD_ACCOUNT_CODE_ACCESS,ethrex,0.007863686788031793,0.001,0.007806639864767576,0.00792134191791096,test_account_access,STATICCALL,target_coef,presets[cold_account_code_access],0.0,0.991995272027005,0.9919786647075589,AccountMode.EXISTING_CONTRACT,,STATICCALL,786.3686788031793,787,False,False,test_account_access,STATICCALL,target_coef
COLD_ACCOUNT_CODE_ACCESS,ethrex,0.002023699662350645,0.001,0.0019888071771885603,0.0020587598947962747,test_account_access,STATICCALL,target_coef,presets[cold_account_code_access],0.0,0.9652809331264313,0.9652089018673575,AccountMode.NON_EXISTING_ACCOUNT,,STATICCALL,202.3699662350645,203,False,False,test_account_access,STATICCALL,target_coef
COLD_ACCOUNT_CODE_ACCESS,geth,0.02305904736438073,0.001,0.02216000886995911,0.023979581535590277,test_account_access,BALANCE,target_coef,presets[cold_account_code_access],0.0,0.8605903433797756,0.860287278908862,AccountMode.EXISTING_CONTRACT,,BALANCE,2305.9047364380726,2306,False,False,test_account_access,BALANCE,target_coef
COLD_ACCOUNT_CODE_ACCESS,geth,0.02158070198848968,0.001,0.020749177940296102,0.0224627914661503,test_account_access,BALANCE,target_coef,presets[cold_account_code_access],0.0,0.8588910993643608,0.8585843408847181,AccountMode.NON_EXISTING_ACCOUNT,,BALANCE,2158.0701988489677,2159,False,False,test_account_access,BALANCE,target_coef
COLD_ACCOUNT_CODE_ACCESS,geth,0.02356449281911269,0.001,0.02263513130454326,0.024446551346116622,test_account_access,CALL,target_coef,presets[cold_account_code_access],0.0,0.8624167564740889,0.8621176624664239,AccountMode.EXISTING_CONTRACT,,CALL,2356.449281911269,2357,False,False,test_account_access,CALL,target_coef
COLD_ACCOUNT_CODE_ACCESS,geth,0.02202500522485042,0.001,0.021169121478082795,0.02292084598773384,test_account_access,CALL,target_coef,presets[cold_account_code_access],0.0,0.8627627429685775,0.8624644011054656,AccountMode.NON_EXISTING_ACCOUNT,,CALL,2202.500522485042,2203,False,False,test_account_access,CALL,target_coef
COLD_ACCOUNT_CODE_ACCESS,geth,0.02360314945375707,0.001,0.02262913073001036,0.02452448511446515,test_account_access,CALLCODE,target_coef,presets[cold_account_code_access],0.0,0.8618799842623185,0.8615797233585409,AccountMode.EXISTING_CONTRACT,,CALLCODE,2360.314945375707,2361,False,True,test_account_access,CALLCODE,target_coef
COLD_ACCOUNT_CODE_ACCESS,geth,0.022573409768483398,0.001,0.021665117064767196,0.023454208741156717,test_account_access,CALLCODE,target_coef,presets[cold_account_code_access],0.0,0.8675603505286398,0.8672724382471803,AccountMode.NON_EXISTING_ACCOUNT,,CALLCODE,2257.34097684834,2258,False,False,test_account_access,CALLCODE,target_coef
COLD_ACCOUNT_CODE_ACCESS,geth,0.023532415691182362,0.001,0.022618542515658573,0.024482806437072086,test_account_access,DELEGATECALL,target_coef,presets[cold_account_code_access],0.0,0.8612504200529142,0.86094879053129,AccountMode.EXISTING_CONTRACT,,DELEGATECALL,2353.2415691182364,2354,False,False,test_account_access,DELEGATECALL,target_coef
COLD_ACCOUNT_CODE_ACCESS,geth,0.022377660893191462,0.001,0.02158024377415644,0.023197430867527513,test_account_access,DELEGATECALL,target_coef,presets[cold_account_code_access],0.0,0.8677516435101045,0.8674641470829525,AccountMode.NON_EXISTING_ACCOUNT,,DELEGATECALL,2237.7660893191464,2238,False,False,test_account_access,DELEGATECALL,target_coef
COLD_ACCOUNT_CODE_ACCESS,geth,0.0007584724201393062,0.001,0.0007332700627289603,0.0007829609978687584,test_account_access,EXTCODECOPY,target_coef,presets[cold_account_code_access],0.0,0.8884403709942066,0.8881978500615852,AccountMode.EXISTING_CONTRACT,,EXTCODECOPY,75.84724201393063,76,False,False,test_account_access,EXTCODECOPY,target_coef
COLD_ACCOUNT_CODE_ACCESS,geth,0.0003569805214327739,0.001,0.00034823564045415934,0.0003652369502709664,test_account_access,EXTCODECOPY,target_coef,presets[cold_account_code_access],0.0,0.9387988885107544,0.9386658426162126,AccountMode.NON_EXISTING_ACCOUNT,,EXTCODECOPY,35.69805214327739,36,False,False,test_account_access,EXTCODECOPY,target_coef
COLD_ACCOUNT_CODE_ACCESS,geth,0.0231148069033017,0.001,0.022220477624638246,0.02409689692832268,test_account_access,EXTCODEHASH,target_coef,presets[cold_account_code_access],0.0,0.8597046867815971,0.8593996969702526,AccountMode.EXISTING_CONTRACT,,EXTCODEHASH,2311.48069033017,2312,False,False,test_account_access,EXTCODEHASH,target_coef
COLD_ACCOUNT_CODE_ACCESS,geth,0.02173547061450969,0.001,0.020904477834507672,0.022555285822289346,test_account_access,EXTCODEHASH,target_coef,presets[cold_account_code_access],0.0,0.8641765676630507,0.8638812993318834,AccountMode.NON_EXISTING_ACCOUNT,,EXTCODEHASH,2173.547061450969,2174,False,False,test_account_access,EXTCODEHASH,target_coef
COLD_ACCOUNT_CODE_ACCESS,geth,0.02307389472753084,0.001,0.022118202311912888,0.023961622206464705,test_account_access,EXTCODESIZE,target_coef,presets[cold_account_code_access],0.0,0.8614571509868899,0.8611559708803397,AccountMode.EXISTING_CONTRACT,,EXTCODESIZE,2307.3894727530837,2308,False,False,test_account_access,EXTCODESIZE,target_coef
COLD_ACCOUNT_CODE_ACCESS,geth,0.021686103479187008,0.001,0.020834901195303058,0.022533830694216106,test_account_access,EXTCODESIZE,target_coef,presets[cold_account_code_access],0.0,0.8631892141190717,0.8628917993671567,AccountMode.NON_EXISTING_ACCOUNT,,EXTCODESIZE,2168.610347918701,2169,False,False,test_account_access,EXTCODESIZE,target_coef
COLD_ACCOUNT_CODE_ACCESS,geth,0.02350980601256441,0.001,0.022632340275962982,0.024419051060399585,test_account_access,STATICCALL,target_coef,presets[cold_account_code_access],0.0,0.8615715289233244,0.8612705974644621,AccountMode.EXISTING_CONTRACT,,STATICCALL,2350.980601256441,2351,False,False,test_account_access,STATICCALL,target_coef
COLD_ACCOUNT_CODE_ACCESS,geth,0.022674761764496856,0.001,0.021729357712146884,0.023566784621616516,test_account_access,STATICCALL,target_coef,presets[cold_account_code_access],0.0,0.8669352232905478,0.8666459520368317,AccountMode.NON_EXISTING_ACCOUNT,,STATICCALL,2267.4761764496857,2268,False,False,test_account_access,STATICCALL,target_coef
COLD_ACCOUNT_CODE_ACCESS,nethermind,0.01305016798593663,0.001,0.01194799437399152,0.014207819557045406,test_account_access,BALANCE,target_coef,presets[cold_account_code_access],0.0,0.5362637353396191,0.5350867397440344,AccountMode.EXISTING_CONTRACT,,BALANCE,1305.0167985936632,1306,False,False,test_account_access,BALANCE,target_coef
COLD_ACCOUNT_CODE_ACCESS,nethermind,0.0038939877140702476,0.001,0.0036967527077769627,0.004082447099031097,test_account_access,BALANCE,target_coef,presets[cold_account_code_access],0.0,0.7995860535891292,0.7990773887505229,AccountMode.NON_EXISTING_ACCOUNT,,BALANCE,389.39877140702475,390,False,False,test_account_access,BALANCE,target_coef
COLD_ACCOUNT_CODE_ACCESS,nethermind,0.014939990670447599,0.001,0.013763105601108437,0.0162750790965301,test_account_access,CALL,target_coef,presets[cold_account_code_access],0.0,0.5991809724650554,0.5981636652885708,AccountMode.EXISTING_CONTRACT,,CALL,1493.9990670447598,1494,False,True,test_account_access,CALL,target_coef
COLD_ACCOUNT_CODE_ACCESS,nethermind,0.004302246021616236,0.001,0.004054303736298025,0.004550105679923704,test_account_access,CALL,target_coef,presets[cold_account_code_access],0.0,0.7868666227600812,0.7863256751021119,AccountMode.NON_EXISTING_ACCOUNT,,CALL,430.2246021616236,431,False,False,test_account_access,CALL,target_coef
COLD_ACCOUNT_CODE_ACCESS,nethermind,0.014711620883891465,0.001,0.01345749242339903,0.016005621063779528,test_account_access,CALLCODE,target_coef,presets[cold_account_code_access],0.0,0.6135887559964179,0.6126080167984393,AccountMode.EXISTING_CONTRACT,,CALLCODE,1471.1620883891467,1472,False,False,test_account_access,CALLCODE,target_coef
COLD_ACCOUNT_CODE_ACCESS,nethermind,0.004186619595560259,0.001,0.00398917154525726,0.004390149659261654,test_account_access,CALLCODE,target_coef,presets[cold_account_code_access],0.0,0.8110397982357778,0.8105602038150563,AccountMode.NON_EXISTING_ACCOUNT,,CALLCODE,418.6619595560259,419,False,False,test_account_access,CALLCODE,target_coef
COLD_ACCOUNT_CODE_ACCESS,nethermind,0.013638854699058667,0.001,0.012528338724264012,0.014836573975785082,test_account_access,DELEGATECALL,target_coef,presets[cold_account_code_access],0.0,0.5928676222433045,0.5918342913352925,AccountMode.EXISTING_CONTRACT,,DELEGATECALL,1363.8854699058668,1364,False,False,test_account_access,DELEGATECALL,target_coef
COLD_ACCOUNT_CODE_ACCESS,nethermind,0.004427545982621995,0.001,0.00419211519592207,0.004660030288096133,test_account_access,DELEGATECALL,target_coef,presets[cold_account_code_access],0.0,0.7738815642458419,0.7733076595865673,AccountMode.NON_EXISTING_ACCOUNT,,DELEGATECALL,442.75459826219947,443,False,False,test_account_access,DELEGATECALL,target_coef
COLD_ACCOUNT_CODE_ACCESS,nethermind,0.0013091909503462795,0.001,0.0012419469832890494,0.0013744194913524943,test_account_access,EXTCODECOPY,target_coef,presets[cold_account_code_access],0.0,0.7942418340937211,0.7937196052462432,AccountMode.EXISTING_CONTRACT,,EXTCODECOPY,130.91909503462796,131,False,False,test_account_access,EXTCODECOPY,target_coef
COLD_ACCOUNT_CODE_ACCESS,nethermind,0.00031632441303062775,0.001,0.00029412642299311126,0.0003392924598912249,test_account_access,EXTCODECOPY,target_coef,presets[cold_account_code_access],0.0,0.6807429027247,0.6799326055234935,AccountMode.NON_EXISTING_ACCOUNT,,EXTCODECOPY,31.632441303062777,32,False,False,test_account_access,EXTCODECOPY,target_coef
COLD_ACCOUNT_CODE_ACCESS,nethermind,0.013691041089734264,0.001,0.01233854066951163,0.015105632540568192,test_account_access,EXTCODEHASH,target_coef,presets[cold_account_code_access],0.0,0.5452332720080626,0.5440790417339714,AccountMode.EXISTING_CONTRACT,,EXTCODEHASH,1369.1041089734265,1370,False,False,test_account_access,EXTCODEHASH,target_coef
COLD_ACCOUNT_CODE_ACCESS,nethermind,0.0039438534637142,0.001,0.003711410244390679,0.004180538723438906,test_account_access,EXTCODEHASH,target_coef,presets[cold_account_code_access],0.0,0.7719986204994553,0.7714199367951393,AccountMode.NON_EXISTING_ACCOUNT,,EXTCODEHASH,394.38534637142,395,False,False,test_account_access,EXTCODEHASH,target_coef
COLD_ACCOUNT_CODE_ACCESS,nethermind,0.013677703625873602,0.001,0.012317221778644461,0.014965027584053188,test_account_access,EXTCODESIZE,target_coef,presets[cold_account_code_access],0.0,0.5646085776393326,0.5635035232678588,AccountMode.EXISTING_CONTRACT,,EXTCODESIZE,1367.7703625873603,1368,False,False,test_account_access,EXTCODESIZE,target_coef
COLD_ACCOUNT_CODE_ACCESS,nethermind,0.004065081196769378,0.001,0.00386871285961266,0.00427023385171553,test_account_access,EXTCODESIZE,target_coef,presets[cold_account_code_access],0.0,0.7975773351951365,0.7970635720864947,AccountMode.NON_EXISTING_ACCOUNT,,EXTCODESIZE,406.5081196769378,407,False,False,test_account_access,EXTCODESIZE,target_coef
COLD_ACCOUNT_CODE_ACCESS,nethermind,0.0147016608290867,0.001,0.013386515091025447,0.01599428638127095,test_account_access,STATICCALL,target_coef,presets[cold_account_code_access],0.0,0.5790527858451127,0.5779843919005572,AccountMode.EXISTING_CONTRACT,,STATICCALL,1470.16608290867,1471,False,False,test_account_access,STATICCALL,target_coef
COLD_ACCOUNT_CODE_ACCESS,nethermind,0.004352674256995433,0.001,0.004140326541661944,0.004572131927906893,test_account_access,STATICCALL,target_coef,presets[cold_account_code_access],0.0,0.8051316279668995,0.8046370381901657,AccountMode.NON_EXISTING_ACCOUNT,,STATICCALL,435.26742569954325,436,False,False,test_account_access,STATICCALL,target_coef
COLD_ACCOUNT_CODE_ACCESS,reth,0.00398665040759796,0.001,0.003928880386981926,0.004041117252500235,test_account_access,BALANCE,target_coef,presets[cold_account_code_access],0.0,0.9730537887016164,0.9730074096804487,AccountMode.EXISTING_CONTRACT,,BALANCE,398.66504075979606,399,False,False,test_account_access,BALANCE,target_coef
COLD_ACCOUNT_CODE_ACCESS,reth,0.0007126108254081256,0.001,0.0006899362913542995,0.0007364445368157855,test_account_access,BALANCE,target_coef,presets[cold_account_code_access],0.0,0.8800342430140022,0.8798277615045599,AccountMode.NON_EXISTING_ACCOUNT,,BALANCE,71.26108254081255,72,False,False,test_account_access,BALANCE,target_coef
COLD_ACCOUNT_CODE_ACCESS,reth,0.004065748990083832,0.001,0.004004498892009952,0.004122670680596498,test_account_access,CALL,target_coef,presets[cold_account_code_access],0.0,0.9717205884036646,0.9716719147176124,AccountMode.EXISTING_CONTRACT,,CALL,406.57489900838317,407,False,False,test_account_access,CALL,target_coef
COLD_ACCOUNT_CODE_ACCESS,reth,0.0007521441714200169,0.001,0.0007306774557779865,0.0007770948170392203,test_account_access,CALL,target_coef,presets[cold_account_code_access],0.0,0.8785103517470287,0.8783012473610512,AccountMode.NON_EXISTING_ACCOUNT,,CALL,75.2144171420017,76,False,False,test_account_access,CALL,target_coef
COLD_ACCOUNT_CODE_ACCESS,reth,0.004044214569347492,0.001,0.00399432171179399,0.0040959511426544755,test_account_access,CALLCODE,target_coef,presets[cold_account_code_access],0.0,0.976557054191835,0.9765167048875181,AccountMode.EXISTING_CONTRACT,,CALLCODE,404.4214569347492,405,False,False,test_account_access,CALLCODE,target_coef
COLD_ACCOUNT_CODE_ACCESS,reth,0.0007477820359402791,0.001,0.0007245356960300989,0.0007714813198728364,test_account_access,CALLCODE,target_coef,presets[cold_account_code_access],0.0,0.8725160972470996,0.8722966757277314,AccountMode.NON_EXISTING_ACCOUNT,,CALLCODE,74.7782035940279,75,False,False,test_account_access,CALLCODE,target_coef
COLD_ACCOUNT_CODE_ACCESS,reth,0.0040747277607398845,0.001,0.004008322649813197,0.004140113590252481,test_account_access,DELEGATECALL,target_coef,presets[cold_account_code_access],0.0,0.969415950318264,0.969363309957366,AccountMode.EXISTING_CONTRACT,,DELEGATECALL,407.4727760739885,408,False,False,test_account_access,DELEGATECALL,target_coef
COLD_ACCOUNT_CODE_ACCESS,reth,0.0007560962422008916,0.001,0.0007335887249449565,0.0007788004364571087,test_account_access,DELEGATECALL,target_coef,presets[cold_account_code_access],0.0,0.8665641094432349,0.8663344435386622,AccountMode.NON_EXISTING_ACCOUNT,,DELEGATECALL,75.60962422008916,76,False,False,test_account_access,DELEGATECALL,target_coef
COLD_ACCOUNT_CODE_ACCESS,reth,0.00010510588488054105,0.001,9.846426702801547e-05,0.00011090883311631921,test_account_access,EXTCODECOPY,target_coef,presets[cold_account_code_access],0.0,0.6535363031523436,0.652939980094086,AccountMode.EXISTING_CONTRACT,,EXTCODECOPY,10.510588488054106,11,False,False,test_account_access,EXTCODECOPY,target_coef
COLD_ACCOUNT_CODE_ACCESS,reth,2.30486953868435e-05,0.001,2.109222350835423e-05,2.4890436569291454e-05,test_account_access,EXTCODECOPY,target_coef,presets[cold_account_code_access],0.0,0.5099972377589398,0.5091538595106764,AccountMode.NON_EXISTING_ACCOUNT,,EXTCODECOPY,2.30486953868435,3,False,False,test_account_access,EXTCODECOPY,target_coef
COLD_ACCOUNT_CODE_ACCESS,reth,0.004037850829679698,0.001,0.003983294056013652,0.004093758628411835,test_account_access,EXTCODEHASH,target_coef,presets[cold_account_code_access],0.0,0.9752286128148521,0.9751859770365644,AccountMode.EXISTING_CONTRACT,,EXTCODEHASH,403.7850829679698,404,False,False,test_account_access,EXTCODEHASH,target_coef
COLD_ACCOUNT_CODE_ACCESS,reth,0.0007142783159087713,0.001,0.0006919134819533512,0.0007383963166667086,test_account_access,EXTCODEHASH,target_coef,presets[cold_account_code_access],0.0,0.8715491271920596,0.871328041352459,AccountMode.NON_EXISTING_ACCOUNT,,EXTCODEHASH,71.42783159087713,72,False,False,test_account_access,EXTCODEHASH,target_coef
COLD_ACCOUNT_CODE_ACCESS,reth,0.003970785722126354,0.001,0.003922961794442828,0.004021981961350282,test_account_access,EXTCODESIZE,target_coef,presets[cold_account_code_access],0.0,0.9727763990378271,0.972729542581782,AccountMode.EXISTING_CONTRACT,,EXTCODESIZE,397.0785722126354,398,False,False,test_account_access,EXTCODESIZE,target_coef
COLD_ACCOUNT_CODE_ACCESS,reth,0.0006902286928378433,0.001,0.0006699696652227094,0.0007096438948746125,test_account_access,EXTCODESIZE,target_coef,presets[cold_account_code_access],0.0,0.8694288799560119,0.8692041448096367,AccountMode.NON_EXISTING_ACCOUNT,,EXTCODESIZE,69.02286928378433,70,False,False,test_account_access,EXTCODESIZE,target_coef
COLD_ACCOUNT_CODE_ACCESS,reth,0.004123979781988956,0.001,0.004066452757280932,0.004183465207970591,test_account_access,STATICCALL,target_coef,presets[cold_account_code_access],0.0,0.9719223108860306,0.9718739843987433,AccountMode.EXISTING_CONTRACT,,STATICCALL,412.3979781988956,413,False,True,test_account_access,STATICCALL,target_coef
COLD_ACCOUNT_CODE_ACCESS,reth,0.000766906575158333,0.001,0.0007436366759618337,0.0007909974443030031,test_account_access,STATICCALL,target_coef,presets[cold_account_code_access],0.0,0.8843344973469716,0.8841354173079818,AccountMode.NON_EXISTING_ACCOUNT,,STATICCALL,76.6906575158333,77,False,False,test_account_access,STATICCALL,target_coef
COLD_ACCOUNT_NOCODE_WRITE,besu,0.07035956118562417,0.001,0.06840758301642427,0.07239832289739412,test_account_access,CALL,target_coef,presets[cold_account_nocode_write],0.0,0.8921294789983291,0.8919655420363204,AccountMode.EXISTING_EOA,,CALL,7035.956118562417,7036,False,True,test_account_access,CALL,target_coef
COLD_ACCOUNT_NOCODE_WRITE,besu,0.159775040432393,0.001,0.1280860607688084,0.18884922219867672,test_account_access,CALL,target_coef,presets[cold_account_nocode_write],0.0,0.13407098006899243,0.13275497851894535,AccountMode.NON_EXISTING_ACCOUNT,,CALL,15977.5040432393,15978,True,False,test_account_access,CALL,target_coef
COLD_ACCOUNT_NOCODE_WRITE,besu,0.02564630814499447,0.001,0.024808429467007134,0.026473891752531495,test_account_access,CALLCODE,target_coef,presets[cold_account_nocode_write],0.0,0.8529018569141854,0.8526783035052404,AccountMode.EXISTING_EOA,,CALLCODE,2564.6308144994473,2565,False,False,test_account_access,CALLCODE,target_coef
COLD_ACCOUNT_NOCODE_WRITE,besu,0.005449247494432099,0.001,0.004488487240863683,0.006392205378800878,test_account_access,CALLCODE,target_coef,presets[cold_account_nocode_write],0.0,0.15524720232975098,0.15396338348830685,AccountMode.NON_EXISTING_ACCOUNT,,CALLCODE,544.92474944321,545,True,False,test_account_access,CALLCODE,target_coef
COLD_ACCOUNT_NOCODE_WRITE,erigon,0.06123451484058293,0.001,0.059182415842422106,0.06338899177195889,test_account_access,CALL,target_coef,presets[cold_account_nocode_write],0.0,0.9184522027838918,0.918211648809803,AccountMode.EXISTING_EOA,,CALL,6123.451484058293,6124,False,False,test_account_access,CALL,target_coef
COLD_ACCOUNT_NOCODE_WRITE,erigon,0.19613414184230216,0.001,0.18635689294147273,0.20680915117220303,test_account_access,CALL,target_coef,presets[cold_account_nocode_write],0.0,0.8257027218652009,0.8251885706022664,AccountMode.NON_EXISTING_ACCOUNT,,CALL,19613.414184230216,19614,False,True,test_account_access,CALL,target_coef
COLD_ACCOUNT_NOCODE_WRITE,erigon,0.007664321623329912,0.001,0.007470624217283123,0.007853118972673106,test_account_access,CALLCODE,target_coef,presets[cold_account_nocode_write],0.0,0.9471519157491467,0.9469960216953094,AccountMode.EXISTING_EOA,,CALLCODE,766.4321623329913,767,False,False,test_account_access,CALLCODE,target_coef
COLD_ACCOUNT_NOCODE_WRITE,erigon,0.0016233772982345825,0.001,0.0015336100365129597,0.0017193765378374856,test_account_access,CALLCODE,target_coef,presets[cold_account_nocode_write],0.0,0.8041502022926034,0.8035724742757674,AccountMode.NON_EXISTING_ACCOUNT,,CALLCODE,162.33772982345823,163,False,False,test_account_access,CALLCODE,target_coef
COLD_ACCOUNT_NOCODE_WRITE,ethrex,0.02211929939886519,0.001,0.02189013914115082,0.02234034470791492,test_account_access,CALL,target_coef,presets[cold_account_nocode_write],0.0,0.9837107709227579,0.9836769758416848,AccountMode.EXISTING_EOA,,CALL,2211.9299398865187,2212,False,True,test_account_access,CALL,target_coef
COLD_ACCOUNT_NOCODE_WRITE,ethrex,0.012336533294492377,0.001,0.008727617089813991,0.016119042598651726,test_account_access,CALL,target_coef,presets[cold_account_nocode_write],0.0,0.09107733442384902,0.08919160275252913,AccountMode.NON_EXISTING_ACCOUNT,,CALL,1233.6533294492378,1234,True,False,test_account_access,CALL,target_coef
COLD_ACCOUNT_NOCODE_WRITE,ethrex,0.0,1.0,0.0,0.0,test_account_access,CALLCODE,target_coef,presets[cold_account_nocode_write],0.0,-2.220446049250313e-16,-0.0020746887966807126,AccountMode.EXISTING_EOA,,CALLCODE,0.0,0,True,False,test_account_access,CALLCODE,target_coef
COLD_ACCOUNT_NOCODE_WRITE,ethrex,0.00027582042454424326,0.001,5.621802289117883e-05,0.00046868436687894,test_account_access,CALLCODE,target_coef,presets[cold_account_nocode_write],0.0,0.015308442240556719,0.013265513697487297,AccountMode.NON_EXISTING_ACCOUNT,,CALLCODE,27.582042454424325,28,True,False,test_account_access,CALLCODE,target_coef
COLD_ACCOUNT_NOCODE_WRITE,geth,0.059529583492851514,0.001,0.05864943154020117,0.06037121164868544,test_account_access,CALL,target_coef,presets[cold_account_nocode_write],0.0,0.9715592488883054,0.9714974211684974,AccountMode.EXISTING_EOA,,CALL,5952.958349285152,5953,False,False,test_account_access,CALL,target_coef
COLD_ACCOUNT_NOCODE_WRITE,geth,0.09918596794592162,0.001,0.0958755596513464,0.10233114386418925,test_account_access,CALL,target_coef,presets[cold_account_nocode_write],0.0,0.8864926382493987,0.8862458831151583,AccountMode.NON_EXISTING_ACCOUNT,,CALL,9918.596794592162,9919,False,True,test_account_access,CALL,target_coef
COLD_ACCOUNT_NOCODE_WRITE,geth,0.013795864549090193,0.001,0.013285189247651149,0.014245539414080324,test_account_access,CALLCODE,target_coef,presets[cold_account_nocode_write],0.0,0.8915695816231236,0.8913338633223044,AccountMode.EXISTING_EOA,,CALLCODE,1379.5864549090195,1380,False,False,test_account_access,CALLCODE,target_coef
COLD_ACCOUNT_NOCODE_WRITE,geth,0.010418625670197933,0.001,0.0101982823374219,0.010621656295020238,test_account_access,CALLCODE,target_coef,presets[cold_account_nocode_write],0.0,0.9577333836306923,0.9576414996820634,AccountMode.NON_EXISTING_ACCOUNT,,CALLCODE,1041.8625670197932,1042,False,False,test_account_access,CALLCODE,target_coef
COLD_ACCOUNT_NOCODE_WRITE,nethermind,0.028579465574094447,0.001,0.027025877176896394,0.03010258004574853,test_account_access,CALL,target_coef,presets[cold_account_nocode_write],0.0,0.7632139402756124,0.7626129604285962,AccountMode.EXISTING_EOA,,CALL,2857.9465574094447,2858,False,False,test_account_access,CALL,target_coef
COLD_ACCOUNT_NOCODE_WRITE,nethermind,0.047265324566095925,0.001,0.04469258738737938,0.04985855171638614,test_account_access,CALL,target_coef,presets[cold_account_nocode_write],0.0,0.7359075054136757,0.735237219894421,AccountMode.NON_EXISTING_ACCOUNT,,CALL,4726.532456609592,4727,False,True,test_account_access,CALL,target_coef
COLD_ACCOUNT_NOCODE_WRITE,nethermind,0.004458152196414864,0.001,0.004141386159105014,0.0047685298719037225,test_account_access,CALLCODE,target_coef,presets[cold_account_nocode_write],0.0,0.6856861312207356,0.6848883802847476,AccountMode.EXISTING_EOA,,CALLCODE,445.8152196414864,446,False,False,test_account_access,CALLCODE,target_coef
COLD_ACCOUNT_NOCODE_WRITE,nethermind,0.0017230361706983826,0.001,0.0015545246219298972,0.0018782108578805341,test_account_access,CALLCODE,target_coef,presets[cold_account_nocode_write],0.0,0.5306684398794363,0.5294772430263385,AccountMode.NON_EXISTING_ACCOUNT,,CALLCODE,172.30361706983825,173,False,False,test_account_access,CALLCODE,target_coef
COLD_ACCOUNT_NOCODE_WRITE,reth,0.022978611346315073,0.001,0.02277479287992284,0.023203893995381773,test_account_access,CALL,target_coef,presets[cold_account_nocode_write],0.0,0.9870978038956242,0.9870755970176476,AccountMode.EXISTING_EOA,,CALL,2297.8611346315074,2298,False,False,test_account_access,CALL,target_coef
COLD_ACCOUNT_NOCODE_WRITE,reth,0.025161535038419332,0.001,0.02373478366162561,0.026668168927024737,test_account_access,CALL,target_coef,presets[cold_account_nocode_write],0.0,0.6456066879603283,0.6449967166831516,AccountMode.NON_EXISTING_ACCOUNT,,CALL,2516.1535038419333,2517,False,True,test_account_access,CALL,target_coef
COLD_ACCOUNT_NOCODE_WRITE,reth,0.0015750781246556985,0.001,0.0015168323994606886,0.0016346275537188096,test_account_access,CALLCODE,target_coef,presets[cold_account_nocode_write],0.0,0.8032949057221974,0.8029563427372098,AccountMode.EXISTING_EOA,,CALLCODE,157.50781246556986,158,False,False,test_account_access,CALLCODE,target_coef
COLD_ACCOUNT_NOCODE_WRITE,reth,0.00032360919592391667,0.001,0.00028301826354258777,0.00037272377374963553,test_account_access,CALLCODE,target_coef,presets[cold_account_nocode_write],0.0,0.3262369967610226,0.3250773358260157,AccountMode.NON_EXISTING_ACCOUNT,,CALLCODE,32.36091959239167,33,True,False,test_account_access,CALLCODE,target_coef
COLD_ACCOUNT_CODE_WRITE,besu,0.08844472285872786,0.001,0.08631474784835826,0.09060392808208205,test_account_access,CALL,target_coef,presets[cold_account_code_write],0.0,0.9183494921361649,0.9182254032184387,AccountMode.EXISTING_CONTRACT,,CALL,8844.472285872786,8845,False,True,test_account_access,CALL,target_coef
COLD_ACCOUNT_CODE_WRITE,besu,0.159775040432393,0.001,0.1280860607688084,0.18884922219867672,test_account_access,CALL,target_coef,presets[cold_account_code_write],0.0,0.13407098006899243,0.13275497851894535,AccountMode.NON_EXISTING_ACCOUNT,,CALL,15977.5040432393,15978,True,False,test_account_access,CALL,target_coef
COLD_ACCOUNT_CODE_WRITE,besu,0.031380111365661496,0.001,0.029841466170120384,0.033029515100406505,test_account_access,CALLCODE,target_coef,presets[cold_account_code_write],0.0,0.7172406864156133,0.7168109610150292,AccountMode.EXISTING_CONTRACT,,CALLCODE,3138.0111365661496,3139,False,False,test_account_access,CALLCODE,target_coef
COLD_ACCOUNT_CODE_WRITE,besu,0.005449247494432099,0.001,0.004488487240863683,0.006392205378800878,test_account_access,CALLCODE,target_coef,presets[cold_account_code_write],0.0,0.15524720232975098,0.15396338348830685,AccountMode.NON_EXISTING_ACCOUNT,,CALLCODE,544.92474944321,545,True,False,test_account_access,CALLCODE,target_coef
COLD_ACCOUNT_CODE_WRITE,erigon,0.18079115422417483,0.001,0.16361255406608083,0.1996849565684976,test_account_access,CALL,target_coef,presets[cold_account_code_write],0.0,0.5381106893623158,0.5367481840212016,AccountMode.EXISTING_CONTRACT,,CALL,18079.115422417482,18080,False,False,test_account_access,CALL,target_coef
COLD_ACCOUNT_CODE_WRITE,erigon,0.19613414184230216,0.001,0.18635689294147273,0.20680915117220303,test_account_access,CALL,target_coef,presets[cold_account_code_write],0.0,0.8257027218652009,0.8251885706022664,AccountMode.NON_EXISTING_ACCOUNT,,CALL,19613.414184230216,19614,False,True,test_account_access,CALL,target_coef
COLD_ACCOUNT_CODE_WRITE,erigon,0.02377407844651188,0.001,0.019508459550136175,0.02783135020042051,test_account_access,CALLCODE,target_coef,presets[cold_account_code_write],0.0,0.2673227746558011,0.26516148490552316,AccountMode.EXISTING_CONTRACT,,CALLCODE,2377.407844651188,2378,True,False,test_account_access,CALLCODE,target_coef
COLD_ACCOUNT_CODE_WRITE,erigon,0.0016233772982345825,0.001,0.0015336100365129597,0.0017193765378374856,test_account_access,CALLCODE,target_coef,presets[cold_account_code_write],0.0,0.8041502022926034,0.8035724742757674,AccountMode.NON_EXISTING_ACCOUNT,,CALLCODE,162.33772982345823,163,False,False,test_account_access,CALLCODE,target_coef
COLD_ACCOUNT_CODE_WRITE,ethrex,0.023037923552779636,0.001,0.022799251514178855,0.02328933280716687,test_account_access,CALL,target_coef,presets[cold_account_code_write],0.0,0.9841085254599738,0.984075555595783,AccountMode.EXISTING_CONTRACT,,CALL,2303.7923552779635,2304,False,True,test_account_access,CALL,target_coef
COLD_ACCOUNT_CODE_WRITE,ethrex,0.012336533294492377,0.001,0.008727617089813991,0.016119042598651726,test_account_access,CALL,target_coef,presets[cold_account_code_write],0.0,0.09107733442384902,0.08919160275252913,AccountMode.NON_EXISTING_ACCOUNT,,CALL,1233.6533294492378,1234,True,False,test_account_access,CALL,target_coef
COLD_ACCOUNT_CODE_WRITE,ethrex,0.0,1.0,0.0,0.0,test_account_access,CALLCODE,target_coef,presets[cold_account_code_write],0.0,0.0,-0.0020746887966804906,AccountMode.EXISTING_CONTRACT,,CALLCODE,0.0,0,True,False,test_account_access,CALLCODE,target_coef
COLD_ACCOUNT_CODE_WRITE,ethrex,0.00027582042454424326,0.001,5.621802289117883e-05,0.00046868436687894,test_account_access,CALLCODE,target_coef,presets[cold_account_code_write],0.0,0.015308442240556719,0.013265513697487297,AccountMode.NON_EXISTING_ACCOUNT,,CALLCODE,27.582042454424325,28,True,False,test_account_access,CALLCODE,target_coef
COLD_ACCOUNT_CODE_WRITE,geth,0.09795073787706868,0.001,0.09660068993134435,0.09954137598672391,test_account_access,CALL,target_coef,presets[cold_account_code_write],0.0,0.9772144922739358,0.9771649585614878,AccountMode.EXISTING_CONTRACT,,CALL,9795.073787706868,9796,False,False,test_account_access,CALL,target_coef
COLD_ACCOUNT_CODE_WRITE,geth,0.09918596794592162,0.001,0.0958755596513464,0.10233114386418925,test_account_access,CALL,target_coef,presets[cold_account_code_write],0.0,0.8864926382493987,0.8862458831151583,AccountMode.NON_EXISTING_ACCOUNT,,CALL,9918.596794592162,9919,False,True,test_account_access,CALL,target_coef
COLD_ACCOUNT_CODE_WRITE,geth,0.025238138105901965,0.001,0.024210968077405186,0.026187827708276705,test_account_access,CALLCODE,target_coef,presets[cold_account_code_write],0.0,0.8569690487849451,0.8566581119344776,AccountMode.EXISTING_CONTRACT,,CALLCODE,2523.813810590196,2524,False,False,test_account_access,CALLCODE,target_coef
COLD_ACCOUNT_CODE_WRITE,geth,0.010418625670197933,0.001,0.0101982823374219,0.010621656295020238,test_account_access,CALLCODE,target_coef,presets[cold_account_code_write],0.0,0.9577333836306923,0.9576414996820634,AccountMode.NON_EXISTING_ACCOUNT,,CALLCODE,1041.8625670197932,1042,False,False,test_account_access,CALLCODE,target_coef
COLD_ACCOUNT_CODE_WRITE,nethermind,0.043469442212584856,0.001,0.041603149670904505,0.045198386564444526,test_account_access,CALL,target_coef,presets[cold_account_code_write],0.0,0.8317029076265032,0.8312757576458598,AccountMode.EXISTING_CONTRACT,,CALL,4346.944221258485,4347,False,False,test_account_access,CALL,target_coef
COLD_ACCOUNT_CODE_WRITE,nethermind,0.047265324566095925,0.001,0.04469258738737938,0.04985855171638614,test_account_access,CALL,target_coef,presets[cold_account_code_write],0.0,0.7359075054136757,0.735237219894421,AccountMode.NON_EXISTING_ACCOUNT,,CALL,4726.532456609592,4727,False,True,test_account_access,CALL,target_coef
COLD_ACCOUNT_CODE_WRITE,nethermind,0.01566353409692062,0.001,0.014329557175329868,0.017122857893674955,test_account_access,CALLCODE,target_coef,presets[cold_account_code_write],0.0,0.5316197385314863,0.5304309561419722,AccountMode.EXISTING_CONTRACT,,CALLCODE,1566.353409692062,1567,False,False,test_account_access,CALLCODE,target_coef
COLD_ACCOUNT_CODE_WRITE,nethermind,0.0017230361706983826,0.001,0.0015545246219298972,0.0018782108578805341,test_account_access,CALLCODE,target_coef,presets[cold_account_code_write],0.0,0.5306684398794363,0.5294772430263385,AccountMode.NON_EXISTING_ACCOUNT,,CALLCODE,172.30361706983825,173,False,False,test_account_access,CALLCODE,target_coef
COLD_ACCOUNT_CODE_WRITE,reth,0.027751175641063136,0.001,0.02747076820530487,0.028019201558025546,test_account_access,CALL,target_coef,presets[cold_account_code_write],0.0,0.9844502588239681,0.9844234950697924,AccountMode.EXISTING_CONTRACT,,CALL,2775.1175641063137,2776,False,True,test_account_access,CALL,target_coef
COLD_ACCOUNT_CODE_WRITE,reth,0.025161535038419332,0.001,0.02373478366162561,0.026668168927024737,test_account_access,CALL,target_coef,presets[cold_account_code_write],0.0,0.6456066879603283,0.6449967166831516,AccountMode.NON_EXISTING_ACCOUNT,,CALL,2516.1535038419333,2517,False,False,test_account_access,CALL,target_coef
COLD_ACCOUNT_CODE_WRITE,reth,0.004967162597870246,0.001,0.0048757097308571905,0.00506093465137772,test_account_access,CALLCODE,target_coef,presets[cold_account_code_write],0.0,0.9512464290218137,0.9511625158187531,AccountMode.EXISTING_CONTRACT,,CALLCODE,496.7162597870246,497,False,False,test_account_access,CALLCODE,target_coef
COLD_ACCOUNT_CODE_WRITE,reth,0.00032360919592391667,0.001,0.00028301826354258777,0.00037272377374963553,test_account_access,CALLCODE,target_coef,presets[cold_account_code_write],0.0,0.3262369967610226,0.3250773358260157,AccountMode.NON_EXISTING_ACCOUNT,,CALLCODE,32.36091959239167,33,True,False,test_account_access,CALLCODE,target_coef
WARM_ACCESS,besu,0.0001673426782846253,0.001,0.0001328357983519653,0.00020200946000629617,test_ext_account_query_warm,BALANCE,target_coef,presets[warm_account_access],0.0,0.12006343993825808,0.11872615033330114,,,BALANCE,16.73426782846253,17,True,False,test_ext_account_query_warm,BALANCE,target_coef
WARM_ACCESS,besu,0.0004848274292091446,0.001,0.0004588842011666942,0.0005126055155742277,test_ext_account_query_warm,CALL,target_coef,presets[warm_account_access],0.0,0.659041398952221,0.6585232247864949,,,CALL,48.48274292091446,49,False,True,test_ext_account_query_warm,CALL,target_coef
WARM_ACCESS,besu,0.0005803113033337334,0.001,0.0005208663902096039,0.0006355278498241001,test_ext_account_query_warm,CALLCODE,target_coef,presets[warm_account_access],0.0,0.37212207649846163,0.3711678547302222,,,CALLCODE,58.03113033337334,59,True,False,test_ext_account_query_warm,CALLCODE,target_coef
WARM_ACCESS,besu,0.0005386093550250296,0.001,0.0004858951966929661,0.0005859591238623666,test_ext_account_query_warm,DELEGATECALL,target_coef,presets[warm_account_access],0.0,0.3812635932538121,0.38032326436817965,,,DELEGATECALL,53.86093550250296,54,True,False,test_ext_account_query_warm,DELEGATECALL,target_coef
WARM_ACCESS,besu,0.00016027586274345237,0.001,0.00012750001415001995,0.00019483197742066022,test_ext_account_query_warm,EXTCODEHASH,target_coef,presets[warm_account_access],0.0,0.10802395571813861,0.10666836902470112,,,EXTCODEHASH,16.027586274345236,17,True,False,test_ext_account_query_warm,EXTCODEHASH,target_coef
WARM_ACCESS,besu,0.0001628195038491397,0.001,0.00012887025103661918,0.00019670602453491387,test_ext_account_query_warm,EXTCODESIZE,target_coef,presets[warm_account_access],0.0,0.11586469954748024,0.11452102887809956,,,EXTCODESIZE,16.28195038491397,17,True,False,test_ext_account_query_warm,EXTCODESIZE,target_coef
WARM_ACCESS,besu,0.0004421387784323728,0.001,0.0004145733053532951,0.0004690670723431045,test_ext_account_query_warm,STATICCALL,target_coef,presets[warm_account_access],0.0,0.6240579784879753,0.6234866380297504,,,STATICCALL,44.21387784323728,45,False,False,test_ext_account_query_warm,STATICCALL,target_coef
WARM_ACCESS,besu,0.00019246588519340635,0.001,0.0001652884218015604,0.0002187404240667919,test_storage_sload_same_key_benchmark,SLOAD,target_coef,presets[warm_storage_access_sload],0.0,0.13272428762678057,0.13206626356579942,,,,19.246588519340637,20,True,False,test_storage_sload_same_key_benchmark,SLOAD,target_coef
WARM_ACCESS,erigon,5.445661690678606e-05,0.001,5.181505275804928e-05,5.722505171243785e-05,test_ext_account_query_warm,BALANCE,target_coef,presets[warm_account_access],0.0,0.8279829595891327,0.8274755346911655,,,BALANCE,5.445661690678606,6,False,False,test_ext_account_query_warm,BALANCE,target_coef
WARM_ACCESS,erigon,0.00048113704472827173,0.001,0.0004665170490357279,0.0004959576428572963,test_ext_account_query_warm,CALL,target_coef,presets[warm_account_access],0.0,0.9181473362116211,0.9179058829261098,,,CALL,48.11370447282717,49,False,True,test_ext_account_query_warm,CALL,target_coef
WARM_ACCESS,erigon,0.00027451366339585577,0.001,0.0002601887105677969,0.0002931956544636221,test_ext_account_query_warm,CALLCODE,target_coef,presets[warm_account_access],0.0,0.7991572848345678,0.7985648284476492,,,CALLCODE,27.451366339585576,28,False,False,test_ext_account_query_warm,CALLCODE,target_coef
WARM_ACCESS,erigon,0.00025833651461835483,0.001,0.00024955528878414416,0.00026761327680572763,test_ext_account_query_warm,DELEGATECALL,target_coef,presets[warm_account_access],0.0,0.8976688627369518,0.8973670009751139,,,DELEGATECALL,25.833651461835483,26,False,False,test_ext_account_query_warm,DELEGATECALL,target_coef
WARM_ACCESS,erigon,0.00029393576292430657,0.001,0.00028372354412057346,0.0003044464857581244,test_ext_account_query_warm,EXTCODEHASH,target_coef,presets[warm_account_access],0.0,0.9141256916333198,0.9138723750894653,,,EXTCODEHASH,29.39357629243066,30,False,False,test_ext_account_query_warm,EXTCODEHASH,target_coef
WARM_ACCESS,erigon,4.786020878159074e-05,0.001,4.518358374305711e-05,5.064879995364306e-05,test_ext_account_query_warm,EXTCODESIZE,target_coef,presets[warm_account_access],0.0,0.7797297177737471,0.7790799529294219,,,EXTCODESIZE,4.786020878159075,5,False,False,test_ext_account_query_warm,EXTCODESIZE,target_coef
WARM_ACCESS,erigon,0.00044979981068664213,0.001,0.0004334390284958761,0.00046407766640289025,test_ext_account_query_warm,STATICCALL,target_coef,presets[warm_account_access],0.0,0.89217181079223,0.8918537335379297,,,STATICCALL,44.979981068664216,45,False,False,test_ext_account_query_warm,STATICCALL,target_coef
WARM_ACCESS,erigon,4.685142061536204e-05,0.001,4.564403526485177e-05,4.8066189788664924e-05,test_storage_sload_same_key_benchmark,SLOAD,target_coef,presets[warm_storage_access_sload],0.0,0.8884075653863693,0.8882434588648787,,,,4.685142061536204,5,False,False,test_storage_sload_same_key_benchmark,SLOAD,target_coef
WARM_ACCESS,ethrex,1.3138789362840695e-05,0.001,1.1100223904424361e-05,1.4897112972933317e-05,test_ext_account_query_warm,BALANCE,target_coef,presets[warm_account_access],0.0,0.25964279268111,0.2581067818775439,,,BALANCE,1.3138789362840695,2,True,False,test_ext_account_query_warm,BALANCE,target_coef
WARM_ACCESS,ethrex,0.00010636066908501705,0.001,0.00010395921716259764,0.00010879567166633597,test_ext_account_query_warm,CALL,target_coef,presets[warm_account_access],0.0,0.9420692527764334,0.9419490645041854,,,CALL,10.636066908501705,11,False,True,test_ext_account_query_warm,CALL,target_coef
WARM_ACCESS,ethrex,0.00010560150408769655,0.001,0.00010311744046140507,0.00010793383468524254,test_ext_account_query_warm,CALLCODE,target_coef,presets[warm_account_access],0.0,0.9384640560752601,0.9383363881418063,,,CALLCODE,10.560150408769655,11,False,False,test_ext_account_query_warm,CALLCODE,target_coef
WARM_ACCESS,ethrex,0.00010248501579316714,0.001,0.00010029111557793431,0.00010476164697498995,test_ext_account_query_warm,DELEGATECALL,target_coef,presets[warm_account_access],0.0,0.9415559532130867,0.9414347000039852,,,DELEGATECALL,10.248501579316715,11,False,False,test_ext_account_query_warm,DELEGATECALL,target_coef
WARM_ACCESS,ethrex,1.392130207107086e-05,0.001,1.1844384545920538e-05,1.5917164138638567e-05,test_ext_account_query_warm,EXTCODEHASH,target_coef,presets[warm_account_access],0.0,0.26451690046558507,0.2629910019188332,,,EXTCODEHASH,1.392130207107086,2,True,False,test_ext_account_query_warm,EXTCODEHASH,target_coef
WARM_ACCESS,ethrex,1.4511598660613999e-05,0.001,1.2426789750419691e-05,1.647165498427094e-05,test_ext_account_query_warm,EXTCODESIZE,target_coef,presets[warm_account_access],0.0,0.26692605444263207,0.2654051541406458,,,EXTCODESIZE,1.4511598660614,2,True,False,test_ext_account_query_warm,EXTCODESIZE,target_coef
WARM_ACCESS,ethrex,0.00010132933387843612,0.001,9.920835049203077e-05,0.00010364374636775705,test_ext_account_query_warm,STATICCALL,target_coef,presets[warm_account_access],0.0,0.9437080278004487,0.9435912394763832,,,STATICCALL,10.132933387843611,11,False,False,test_ext_account_query_warm,STATICCALL,target_coef
WARM_ACCESS,ethrex,2.149670879436128e-05,0.001,2.0364045821271565e-05,2.2588712166528946e-05,test_storage_sload_same_key_benchmark,SLOAD,target_coef,presets[warm_storage_access_sload],0.0,0.6730621832400816,0.6727237382951956,,,,2.149670879436128,3,False,False,test_storage_sload_same_key_benchmark,SLOAD,target_coef
WARM_ACCESS,geth,2.968825375825149e-05,0.001,2.812877277119105e-05,3.114567824967609e-05,test_ext_account_query_warm,BALANCE,target_coef,presets[warm_account_access],0.0,0.7940566225489186,0.7936089195544598,,,BALANCE,2.968825375825149,3,False,False,test_ext_account_query_warm,BALANCE,target_coef
WARM_ACCESS,geth,0.0001354602655642295,0.001,0.00013023154118814458,0.0001404025097412662,test_ext_account_query_warm,CALL,target_coef,presets[warm_account_access],0.0,0.8675289268805133,0.8672409462867753,,,CALL,13.54602655642295,14,False,False,test_ext_account_query_warm,CALL,target_coef
WARM_ACCESS,geth,0.00018874388267436262,0.001,0.00018316348951146882,0.00019447069791699527,test_ext_account_query_warm,CALLCODE,target_coef,presets[warm_account_access],0.0,0.902557653874271,0.9023458226870411,,,CALLCODE,18.87438826743626,19,False,True,test_ext_account_query_warm,CALLCODE,target_coef
WARM_ACCESS,geth,0.00016325670086408828,0.001,0.00015777754732405026,0.00016847968300579629,test_ext_account_query_warm,DELEGATECALL,target_coef,presets[warm_account_access],0.0,0.9015351469981037,0.9013210929698386,,,DELEGATECALL,16.325670086408827,17,False,False,test_ext_account_query_warm,DELEGATECALL,target_coef
WARM_ACCESS,geth,4.078635410708509e-05,0.001,3.912968246051968e-05,4.2394566444819734e-05,test_ext_account_query_warm,EXTCODEHASH,target_coef,presets[warm_account_access],0.0,0.8408103767835755,0.840464312385279,,,EXTCODEHASH,4.078635410708509,5,False,False,test_ext_account_query_warm,EXTCODEHASH,target_coef
WARM_ACCESS,geth,2.9756174747754303e-05,0.001,2.8262903287915997e-05,3.121502035228035e-05,test_ext_account_query_warm,EXTCODESIZE,target_coef,presets[warm_account_access],0.0,0.769830856353662,0.769330488650083,,,EXTCODESIZE,2.9756174747754303,3,False,False,test_ext_account_query_warm,EXTCODESIZE,target_coef
WARM_ACCESS,geth,0.00018603245571201227,0.001,0.00018030817088801864,0.0001925430333057498,test_ext_account_query_warm,STATICCALL,target_coef,presets[warm_account_access],0.0,0.892712143346482,0.8924789088754961,,,STATICCALL,18.603245571201228,19,False,False,test_ext_account_query_warm,STATICCALL,target_coef
WARM_ACCESS,geth,4.4326272295438756e-05,0.001,4.3018733324816636e-05,4.551046683754163e-05,test_storage_sload_same_key_benchmark,SLOAD,target_coef,presets[warm_storage_access_sload],0.0,0.8453532361129821,0.8451855064341458,,,,4.432627229543876,5,False,False,test_storage_sload_same_key_benchmark,SLOAD,target_coef
WARM_ACCESS,nethermind,0.00013738539877633564,0.001,0.00012796182486732178,0.00014579650540121338,test_ext_account_query_warm,BALANCE,target_coef,presets[warm_account_access],0.0,0.6934158642542836,0.6926377319300558,,,BALANCE,13.738539877633563,14,False,False,test_ext_account_query_warm,BALANCE,target_coef
WARM_ACCESS,nethermind,0.00036553612979136577,0.001,0.00033747185731862163,0.0003933903757782023,test_ext_account_query_warm,CALL,target_coef,presets[warm_account_access],0.0,0.6524939305095694,0.6516119354093399,,,CALL,36.553612979136574,37,False,False,test_ext_account_query_warm,CALL,target_coef
WARM_ACCESS,nethermind,0.00023317182264166974,0.001,0.00021946358407555242,0.0002468931192941021,test_ext_account_query_warm,CALLCODE,target_coef,presets[warm_account_access],0.0,0.7480824236861441,0.7474430389746876,,,CALLCODE,23.317182264166973,24,False,False,test_ext_account_query_warm,CALLCODE,target_coef
WARM_ACCESS,nethermind,0.00038044789026092575,0.001,0.0003469641003027462,0.0004114222829935014,test_ext_account_query_warm,DELEGATECALL,target_coef,presets[warm_account_access],0.0,0.606047672155135,0.6050477931504527,,,DELEGATECALL,38.04478902609258,39,False,True,test_ext_account_query_warm,DELEGATECALL,target_coef
WARM_ACCESS,nethermind,0.00023260165460124808,0.001,0.00021233508457907133,0.00025324146403227975,test_ext_account_query_warm,EXTCODEHASH,target_coef,presets[warm_account_access],0.0,0.5529947206776438,0.5518601895118509,,,EXTCODEHASH,23.26016546012481,24,False,False,test_ext_account_query_warm,EXTCODEHASH,target_coef
WARM_ACCESS,nethermind,0.0001820397999930951,0.001,0.00017175501069371647,0.00019301515894266854,test_ext_account_query_warm,EXTCODESIZE,target_coef,presets[warm_account_access],0.0,0.78598772143715,0.7854445430651631,,,EXTCODESIZE,18.20397999930951,19,False,False,test_ext_account_query_warm,EXTCODESIZE,target_coef
WARM_ACCESS,nethermind,0.00035461497805217457,0.001,0.00032803533718939464,0.00038244900951972576,test_ext_account_query_warm,STATICCALL,target_coef,presets[warm_account_access],0.0,0.6228354634936382,0.6218781930964139,,,STATICCALL,35.461497805217455,36,False,False,test_ext_account_query_warm,STATICCALL,target_coef
WARM_ACCESS,nethermind,0.00015451989660533424,0.001,0.0001485497197714531,0.00016064957868531322,test_storage_sload_same_key_benchmark,SLOAD,target_coef,presets[warm_storage_access_sload],0.0,0.774033635005134,0.7737476016317228,,,,15.451989660533423,16,False,False,test_storage_sload_same_key_benchmark,SLOAD,target_coef
WARM_ACCESS,reth,1.3021747067505065e-05,0.001,1.2216214376292722e-05,1.3786444194615228e-05,test_ext_account_query_warm,BALANCE,target_coef,presets[warm_account_access],0.0,0.6275397266152563,0.626898659019069,,,BALANCE,1.3021747067505065,2,False,False,test_ext_account_query_warm,BALANCE,target_coef
WARM_ACCESS,reth,5.8288049590483516e-05,0.001,5.704636812466054e-05,5.951078039556395e-05,test_ext_account_query_warm,CALL,target_coef,presets[warm_account_access],0.0,0.9254617393732135,0.9253334463256631,,,CALL,5.828804959048352,6,False,True,test_ext_account_query_warm,CALL,target_coef
WARM_ACCESS,reth,5.56152397339584e-05,0.001,5.430322927031098e-05,5.699235304983816e-05,test_ext_account_query_warm,CALLCODE,target_coef,presets[warm_account_access],0.0,0.9137767196867899,0.9136283147292801,,,CALLCODE,5.561523973395841,6,False,False,test_ext_account_query_warm,CALLCODE,target_coef
WARM_ACCESS,reth,5.4998756146937515e-05,0.001,5.363387848962071e-05,5.6452743527404455e-05,test_ext_account_query_warm,DELEGATECALL,target_coef,presets[warm_account_access],0.0,0.9245574139594821,0.9244275644138014,,,DELEGATECALL,5.499875614693751,6,False,False,test_ext_account_query_warm,DELEGATECALL,target_coef
WARM_ACCESS,reth,1.3001330553411515e-05,0.001,1.2078525963064374e-05,1.3947458384593976e-05,test_ext_account_query_warm,EXTCODEHASH,target_coef,presets[warm_account_access],0.0,0.5514967203437187,0.550724769776324,,,EXTCODEHASH,1.3001330553411514,2,False,False,test_ext_account_query_warm,EXTCODEHASH,target_coef
WARM_ACCESS,reth,8.622896461603697e-06,0.001,8.038289883266056e-06,9.241832641177706e-06,test_ext_account_query_warm,EXTCODESIZE,target_coef,presets[warm_account_access],0.0,0.5800030659046658,0.5792801796153451,,,EXTCODESIZE,0.8622896461603696,1,False,False,test_ext_account_query_warm,EXTCODESIZE,target_coef
WARM_ACCESS,reth,5.5908182735590623e-05,0.001,5.4470509492941846e-05,5.721992315737143e-05,test_ext_account_query_warm,STATICCALL,target_coef,presets[warm_account_access],0.0,0.9142046128233061,0.9140569443427955,,,STATICCALL,5.590818273559063,6,False,False,test_ext_account_query_warm,STATICCALL,target_coef
WARM_ACCESS,reth,7.805218779753766e-06,0.001,7.409562815085243e-06,8.220184312474255e-06,test_storage_sload_same_key_benchmark,SLOAD,target_coef,presets[warm_storage_access_sload],0.0,0.5288959145796048,0.5284911859838828,,,,0.7805218779753765,1,False,False,test_storage_sload_same_key_benchmark,SLOAD,target_coef
STORAGE_WRITE,,,,,,<derived>,<derived>,<derived>,<derived>,0.0,,,,,,11045.0,11045,False,False,,,
ACCOUNT_WRITE,,,,,,<derived>,<derived>,<derived>,<derived>,0.0,,,,,,17346.0,17346,False,False,,,
REFUND_STORAGE_CLEAR,,,,,,<derived>,<derived>,<derived>,<derived>,0.0,,,,,,12934.08,12935,False,False,,,
TX_ACCESS_LIST_STORAGE_KEY,,,,,,<derived>,<derived>,<derived>,<derived>,0.0,,,,,,2428.0,2428,False,False,,,
TX_ACCESS_LIST_ADDRESS,,,,,,<derived>,<derived>,<derived>,<derived>,0.0,,,,,,2773.0,2773,False,False,,,
